price,spread,inventory,pnl
100.0,2.0,0,0.0
100.0,2.0,0,0.0
100.0,2.0,0,0.0
100.0,2.0,-9,9.0
100.045,1.9099999999999966,-9,8.595000000000027
100.07,1.8599999999999994,-19,17.670000000000073
100.13,1.7399999999999949,-19,16.5300000000002
100.16,1.6800000000000068,-19,15.960000000000036
100.175,1.6500000000000057,-16,18.15000000000009
100.175,1.6500000000000057,-16,18.15000000000009
100.175,1.6500000000000057,-16,18.15000000000009
100.175,1.6500000000000057,-16,18.15000000000009
100.175,1.6500000000000057,-16,18.15000000000009
100.175,1.6500000000000057,-16,18.15000000000009
100.175,1.6500000000000057,-16,18.15000000000009
100.175,1.6500000000000057,-23,23.924999999999727
100.205,1.5900000000000034,-23,23.234999999999673
100.22,1.5600000000000023,-23,22.889999999999873
100.225,1.5499999999999972,-23,22.77500000000009
100.225,1.5499999999999972,-23,22.77500000000009
100.225,1.5499999999999972,-13,30.524999999999864
100.225,1.5499999999999972,-13,30.524999999999864
100.225,1.5499999999999972,-13,30.524999999999864
100.225,1.5499999999999972,-14,31.299999999999955
100.225,1.5499999999999972,-14,31.299999999999955
100.225,1.5499999999999972,-14,31.299999999999955
100.225,1.5499999999999972,-14,31.299999999999955
100.225,1.5499999999999972,-14,31.299999999999955
100.225,1.5499999999999972,-10,34.399999999999864
100.225,1.5499999999999972,-9,35.17499999999984
100.225,1.5499999999999972,-8,35.94999999999982
100.225,1.5499999999999972,-8,35.94999999999982
100.225,1.5499999999999972,-8,35.94999999999982
100.225,1.5499999999999972,-8,35.94999999999982
100.225,1.5499999999999972,-8,35.94999999999982
100.225,1.5499999999999972,-11,38.274999999999864
100.225,1.5499999999999972,-11,38.274999999999864
100.225,1.5499999999999972,-11,38.274999999999864
100.225,1.5499999999999972,-11,38.274999999999864
100.225,1.5499999999999972,-10,39.04999999999973
100.225,1.5499999999999972,-19,46.024999999999864
100.225,1.5499999999999972,-18,46.79999999999973
100.225,1.5499999999999972,-18,46.79999999999973
100.225,1.5499999999999972,-18,46.79999999999973
100.27000000000001,1.6400000000000006,-19,46.71999999999957
100.275,1.6300000000000097,-19,46.624999999999545
100.28,1.6200000000000045,-19,46.529999999999745
100.28,1.6200000000000045,-19,46.529999999999745
100.28,1.6200000000000045,-19,46.529999999999745
100.28,1.6200000000000045,-19,46.529999999999745
100.28,1.6200000000000045,-19,46.529999999999745
100.28,1.6200000000000045,-19,46.529999999999745
100.28,1.6200000000000045,-21,48.149999999999636
100.28999999999999,1.6000000000000085,-21,47.940000000000055
100.295,1.5900000000000034,-18,50.2199999999998
100.295,1.5900000000000034,-17,51.014999999999645
100.295,1.5900000000000034,-17,51.014999999999645
100.295,1.5900000000000034,-17,51.014999999999645
100.295,1.5900000000000034,-17,51.014999999999645
100.295,1.5900000000000034,-17,51.014999999999645
100.295,1.5900000000000034,-17,51.014999999999645
100.295,1.5900000000000034,-17,51.014999999999645
100.295,1.5900000000000034,-17,51.014999999999645
100.295,1.5900000000000034,-17,51.014999999999645
100.295,1.5900000000000034,-17,51.014999999999645
100.295,1.5900000000000034,-17,51.014999999999645
100.295,1.5900000000000034,-23,55.784999999999854
100.28999999999999,1.6000000000000085,-5,69.8399999999998
100.28999999999999,1.6000000000000085,-5,69.8399999999998
100.28999999999999,1.6000000000000085,-5,69.8399999999998
100.28999999999999,1.6000000000000085,-5,69.8399999999998
100.28999999999999,1.6000000000000085,-5,69.8399999999998
100.28999999999999,1.6000000000000085,-5,69.8399999999998
100.31,1.6400000000000006,-11,74.5799999999997
100.3325,1.6850000000000023,-42,100.00999999999931
100.4625,1.4249999999999972,-42,94.54999999999927
100.5275,1.2950000000000017,-42,91.81999999999971
100.5625,1.2249999999999943,-42,90.34999999999945
100.5625,1.2249999999999943,-28,98.62499999999909
100.5625,1.2249999999999943,-28,98.62499999999909
100.5275,1.2950000000000017,-22,103.06999999999925
100.5275,1.2950000000000017,-22,103.06999999999925
100.5275,1.2950000000000017,-22,103.06999999999925
100.5275,1.2950000000000017,-22,103.06999999999925
100.5275,1.2950000000000017,-22,103.06999999999925
100.5275,1.2950000000000017,-22,103.06999999999925
100.5275,1.2950000000000017,-22,103.06999999999925
100.5275,1.2950000000000017,-22,103.06999999999925
100.5275,1.2950000000000017,-22,103.06999999999925
100.5275,1.2950000000000017,-33,110.1924999999992
100.5275,1.2950000000000017,-33,110.1924999999992
100.5275,1.2950000000000017,-34,110.83999999999969
100.5275,1.2950000000000017,-36,112.13499999999931
100.5325,1.2849999999999966,-35,112.59749999999985
100.5325,1.2849999999999966,-35,112.59749999999985
100.5325,1.2849999999999966,-35,112.59749999999985
100.5325,1.2849999999999966,-42,117.09500000000025
100.5625,1.2249999999999943,-42,115.83500000000004
100.5775,1.1949999999999932,-42,115.20499999999993
100.5875,1.1749999999999972,-42,114.78499999999985
100.5925,1.164999999999992,-41,115.15749999999935
100.5925,1.164999999999992,-41,115.15749999999935
100.5925,1.164999999999992,-41,115.15749999999935
100.5925,1.164999999999992,-41,115.15749999999935
100.5925,1.164999999999992,-42,115.73999999999978
100.5925,1.164999999999992,-41,116.32249999999931
100.5925,1.164999999999992,-41,116.32249999999931
100.5925,1.164999999999992,-41,116.32249999999931
100.5925,1.164999999999992,-41,116.32249999999931
100.5925,1.164999999999992,-41,116.32249999999931
100.5925,1.164999999999992,-45,118.65249999999924
100.6075,1.134999999999991,-45,117.97749999999996
100.6175,1.1149999999999949,-45,117.52749999999924
100.6225,1.105000000000004,-40,120.06499999999915
100.63749999999999,1.1350000000000051,-47,123.34749999999894
100.6575,1.0949999999999989,-47,122.40749999999844
100.66749999999999,1.0750000000000028,-47,121.93749999999909
100.6725,1.0649999999999977,-47,121.70249999999851
100.6725,1.0649999999999977,-47,121.70249999999851
100.6725,1.0649999999999977,-43,123.83249999999862
100.6725,1.0649999999999977,-45,124.89749999999822
100.6725,1.0649999999999977,-42,126.49499999999807
100.6825,1.0849999999999937,-49,129.7724999999973
100.69749999999999,1.0549999999999926,-49,129.03749999999764
100.7075,1.0349999999999966,-49,128.54749999999785
100.7125,1.0249999999999915,-49,128.30249999999705
100.7125,1.0249999999999915,-49,128.30249999999705
100.7125,1.0249999999999915,-53,130.35249999999633
100.73249999999999,0.9849999999999994,-53,129.29249999999774
100.7425,0.9649999999999892,-53,128.7624999999971
100.7475,0.9549999999999983,-53,128.49749999999676
100.7525,0.9449999999999932,-53,128.23249999999734
100.7525,0.9449999999999932,-53,128.23249999999734
100.7525,0.9449999999999932,-49,130.12249999999767
100.7525,0.9449999999999932,-44,132.48499999999785
100.7525,0.9449999999999932,-44,132.48499999999785
100.7525,0.9449999999999932,-48,134.37499999999727
100.7525,0.9449999999999932,-48,134.37499999999727
100.7525,0.9449999999999932,-48,134.37499999999727
100.7525,0.9449999999999932,-44,136.2649999999976
100.7525,0.9449999999999932,-44,136.2649999999976
100.7525,0.9449999999999932,-44,136.2649999999976
100.7525,0.9449999999999932,-36,140.04499999999734
100.7525,0.9449999999999932,-35,140.5174999999972
100.7525,0.9449999999999932,-35,140.5174999999972
100.7525,0.9449999999999932,-42,143.824999999998
100.7525,0.9449999999999932,-42,143.824999999998
100.7525,0.9449999999999932,-42,143.824999999998
100.7525,0.9449999999999932,-42,143.824999999998
100.7525,0.9449999999999932,-42,143.824999999998
100.7525,0.9449999999999932,-42,143.824999999998
100.7525,0.9449999999999932,-41,144.29749999999785
100.7525,0.9449999999999932,-41,144.29749999999785
100.7525,0.9449999999999932,-41,144.29749999999785
100.7525,0.9449999999999932,-41,144.29749999999785
100.7525,0.9449999999999932,-41,144.29749999999785
100.7525,0.9449999999999932,-42,144.76999999999862
100.7525,0.9449999999999932,-42,144.76999999999862
100.7525,0.9449999999999932,-42,144.76999999999862
100.7525,0.9449999999999932,-42,144.76999999999862
100.7525,0.9449999999999932,-42,144.76999999999862
100.7525,0.9449999999999932,-42,144.76999999999862
100.7525,0.9449999999999932,-43,145.24249999999847
100.7525,0.9449999999999932,-43,145.24249999999847
100.7525,0.9449999999999932,-41,146.18749999999818
100.7525,0.9449999999999932,-41,146.18749999999818
100.7525,0.9449999999999932,-39,147.13249999999834
100.7525,0.9449999999999932,-39,147.13249999999834
100.7525,0.9449999999999932,-39,147.13249999999834
100.7525,0.9449999999999932,-42,148.54999999999836
100.7525,0.9449999999999932,-42,148.54999999999836
100.7425,0.9649999999999892,-24,157.49499999999762
100.7425,0.9649999999999892,-24,157.49499999999762
100.7425,0.9649999999999892,-23,157.97749999999724
100.7425,0.9649999999999892,-20,159.42499999999723
100.7425,0.9649999999999892,-21,159.90749999999707
100.73249999999999,0.9849999999999994,-20,160.58999999999742
100.73249999999999,0.9849999999999994,-20,160.58999999999742
100.73249999999999,0.9849999999999994,-19,161.08249999999748
100.73249999999999,0.9849999999999994,-18,161.57499999999754
100.73249999999999,0.9849999999999994,-17,162.06749999999738
100.73249999999999,0.9849999999999994,-17,162.06749999999738
100.73249999999999,0.9849999999999994,-17,162.06749999999738
100.73249999999999,0.9849999999999994,-19,163.05249999999728
100.73249999999999,0.9849999999999994,-16,164.52999999999724
100.73249999999999,0.9849999999999994,-8,168.46999999999719
100.73249999999999,0.9849999999999994,-8,168.46999999999719
100.73249999999999,0.9849999999999994,-8,168.46999999999719
100.73249999999999,0.9849999999999994,-8,168.46999999999719
100.73249999999999,0.9849999999999994,-9,168.96249999999725
100.73249999999999,0.9849999999999994,-9,168.96249999999725
100.73249999999999,0.9849999999999994,-10,169.4549999999972
100.73249999999999,0.9849999999999994,-7,170.93249999999705
100.73249999999999,0.9849999999999994,-7,170.93249999999705
100.73249999999999,0.9849999999999994,-7,170.93249999999705
100.73249999999999,0.9849999999999994,-7,170.93249999999705
100.73249999999999,0.9849999999999994,-7,170.93249999999705
100.72749999999999,0.9949999999999903,-4,172.429999999997
100.72749999999999,0.9949999999999903,-3,172.92749999999694
100.72749999999999,0.9949999999999903,-3,172.92749999999694
100.72749999999999,0.9949999999999903,-3,172.92749999999694
100.72749999999999,0.9949999999999903,-3,172.92749999999694
100.72749999999999,0.9949999999999903,-11,176.90749999999707
100.72749999999999,0.9949999999999903,-11,176.90749999999707
100.72749999999999,0.9949999999999903,-11,176.90749999999707
100.72749999999999,0.9949999999999903,-16,179.39499999999703
100.72749999999999,0.9949999999999903,-16,179.39499999999703
100.72749999999999,0.9949999999999903,-16,179.39499999999703
100.72749999999999,0.9949999999999903,-16,179.39499999999703
100.72749999999999,0.9949999999999903,-21,181.88249999999744
100.72749999999999,0.9949999999999903,-21,181.88249999999744
100.72749999999999,0.9949999999999903,-20,182.37999999999738
100.72749999999999,0.9949999999999903,-26,185.36499999999705
100.72749999999999,0.9949999999999903,-26,185.36499999999705
100.72749999999999,0.9949999999999903,-24,186.35999999999694
100.72749999999999,0.9949999999999903,-24,186.35999999999694
100.72749999999999,0.9949999999999903,-23,186.85749999999734
100.72749999999999,0.9949999999999903,-24,187.35499999999683
100.72749999999999,0.9949999999999903,-23,187.85249999999724
100.72749999999999,0.9949999999999903,-23,187.85249999999724
100.72749999999999,0.9949999999999903,-16,191.33499999999685
100.72749999999999,0.9949999999999903,-16,191.33499999999685
100.72749999999999,0.9949999999999903,-14,192.32999999999674
100.72749999999999,0.9949999999999903,-14,192.32999999999674
100.72749999999999,0.9949999999999903,-14,192.32999999999674
100.72749999999999,0.9949999999999903,-14,192.32999999999674
100.72749999999999,0.9949999999999903,-14,192.32999999999674
100.72749999999999,0.9949999999999903,-14,192.32999999999674
100.72749999999999,0.9949999999999903,-15,192.8274999999967
100.72749999999999,0.9949999999999903,-15,192.8274999999967
100.72749999999999,0.9949999999999903,-15,192.8274999999967
100.72749999999999,0.9949999999999903,-15,192.8274999999967
100.72749999999999,0.9949999999999903,-20,195.31499999999687
100.72749999999999,0.9949999999999903,-20,195.31499999999687
100.72749999999999,0.9949999999999903,-21,195.81249999999682
100.72749999999999,0.9949999999999903,-22,196.30999999999676
100.72749999999999,0.9949999999999903,-31,200.78749999999673
100.72749999999999,0.9949999999999903,-36,203.2749999999969
100.72749999999999,0.9949999999999903,-36,203.2749999999969
100.72749999999999,0.9949999999999903,-32,205.2649999999967
100.72749999999999,0.9949999999999903,-28,207.25499999999647
100.72749999999999,0.9949999999999903,-28,207.25499999999647
100.72749999999999,0.9949999999999903,-28,207.25499999999647
100.72749999999999,0.9949999999999903,-28,207.25499999999647
100.72749999999999,0.9949999999999903,-28,207.25499999999647
100.72749999999999,0.9949999999999903,-28,207.25499999999647
100.72749999999999,0.9949999999999903,-28,207.25499999999647
100.72749999999999,0.9949999999999903,-28,207.25499999999647
100.72749999999999,0.9949999999999903,-28,207.25499999999647
100.72749999999999,0.9949999999999903,-28,207.25499999999647
100.72749999999999,0.9949999999999903,-28,207.25499999999647
100.72749999999999,0.9949999999999903,-28,207.25499999999647
100.72749999999999,0.9949999999999903,-24,209.24499999999625
100.72749999999999,0.9949999999999903,-24,209.24499999999625
100.72749999999999,0.9949999999999903,-24,209.24499999999625
100.72749999999999,0.9949999999999903,-24,209.24499999999625
100.72749999999999,0.9949999999999903,-24,209.24499999999625
100.72749999999999,0.9949999999999903,-24,209.24499999999625
100.72749999999999,0.9949999999999903,-23,209.74249999999665
100.72749999999999,0.9949999999999903,-23,209.74249999999665
100.72749999999999,0.9949999999999903,-24,210.23999999999614
100.72749999999999,0.9949999999999903,-24,210.23999999999614
100.72749999999999,0.9949999999999903,-25,210.7374999999961
100.72749999999999,0.9949999999999903,-25,210.7374999999961
100.72749999999999,0.9949999999999903,-24,211.23499999999603
100.72749999999999,0.9949999999999903,-24,211.23499999999603
100.72749999999999,0.9949999999999903,-24,211.23499999999603
100.72749999999999,0.9949999999999903,-24,211.23499999999603
100.72749999999999,0.9949999999999903,-24,211.23499999999603
100.72749999999999,0.9949999999999903,-24,211.23499999999603
100.72749999999999,0.9949999999999903,-29,213.72249999999622
100.72749999999999,0.9949999999999903,-29,213.72249999999622
100.7125,1.0249999999999915,-16,220.78999999999587
100.7125,1.0249999999999915,-16,220.78999999999587
100.7125,1.0249999999999915,-20,222.83999999999605
100.7125,1.0249999999999915,-20,222.83999999999605
100.7125,1.0249999999999915,-12,226.93999999999596
100.7125,1.0249999999999915,-12,226.93999999999596
100.7125,1.0249999999999915,-12,226.93999999999596
100.7125,1.0249999999999915,-12,226.93999999999596
100.7125,1.0249999999999915,-12,226.93999999999596
100.7125,1.0249999999999915,-12,226.93999999999596
100.7125,1.0249999999999915,-12,226.93999999999596
100.7125,1.0249999999999915,-12,226.93999999999596
100.7125,1.0249999999999915,-13,227.452499999996
100.7125,1.0249999999999915,-12,227.96499999999583
100.7125,1.0249999999999915,-12,227.96499999999583
100.7125,1.0249999999999915,-14,228.98999999999592
100.7125,1.0249999999999915,-14,228.98999999999592
100.7125,1.0249999999999915,-14,228.98999999999592
100.7125,1.0249999999999915,-23,233.60249999999587
100.7125,1.0249999999999915,-22,234.11499999999614
100.7125,1.0249999999999915,-22,234.11499999999614
100.7125,1.0249999999999915,-22,234.11499999999614
100.7125,1.0249999999999915,-22,234.11499999999614
100.7125,1.0249999999999915,-22,234.11499999999614
100.7125,1.0249999999999915,-22,234.11499999999614
100.7125,1.0249999999999915,-23,234.62749999999596
100.7125,1.0249999999999915,-23,234.62749999999596
100.7125,1.0249999999999915,-23,234.62749999999596
100.7125,1.0249999999999915,-29,237.70249999999578
100.7125,1.0249999999999915,-29,237.70249999999578
100.7125,1.0249999999999915,-29,237.70249999999578
100.7125,1.0249999999999915,-28,238.21499999999605
100.7125,1.0249999999999915,-42,245.38999999999578
100.7125,1.0249999999999915,-42,245.38999999999578
100.7125,1.0249999999999915,-42,245.38999999999578
100.7125,1.0249999999999915,-36,248.46499999999605
100.7125,1.0249999999999915,-36,248.46499999999605
100.7075,1.0349999999999966,-34,249.66999999999643
100.7075,1.0349999999999966,-34,249.66999999999643
100.7075,1.0349999999999966,-34,249.66999999999643
100.7075,1.0349999999999966,-34,249.66999999999643
100.7075,1.0349999999999966,-34,249.66999999999643
100.7075,1.0349999999999966,-32,250.7049999999963
100.7075,1.0349999999999966,-30,251.73999999999614
100.7075,1.0349999999999966,-30,251.73999999999614
100.7075,1.0349999999999966,-30,251.73999999999614
100.7075,1.0349999999999966,-30,251.73999999999614
100.7075,1.0349999999999966,-30,251.73999999999614
100.7075,1.0349999999999966,-29,252.25749999999607
100.7075,1.0349999999999966,-29,252.25749999999607
100.725,1.0700000000000074,-36,255.45999999999594
100.725,1.0700000000000074,-36,255.45999999999594
100.725,1.0700000000000074,-36,255.45999999999594
100.725,1.0700000000000074,-36,255.45999999999594
100.725,1.0700000000000074,-26,260.80999999999585
100.725,1.0700000000000074,-26,260.80999999999585
100.725,1.0700000000000074,-26,260.80999999999585
100.725,1.0700000000000074,-26,260.80999999999585
100.725,1.0700000000000074,-26,260.80999999999585
100.725,1.0700000000000074,-24,261.879999999996
100.725,1.0700000000000074,-25,262.41499999999587
100.725,1.0700000000000074,-24,262.9499999999962
100.725,1.0700000000000074,-24,262.9499999999962
100.725,1.0700000000000074,-24,262.9499999999962
100.725,1.0700000000000074,-24,262.9499999999962
100.725,1.0700000000000074,-26,264.0199999999959
100.725,1.0700000000000074,-21,266.69499999999607
100.735,1.0900000000000034,-23,267.5549999999962
100.735,1.0900000000000034,-23,267.5549999999962
100.735,1.0900000000000034,-23,267.5549999999962
100.735,1.0900000000000034,-23,267.5549999999962
100.735,1.0900000000000034,-23,267.5549999999962
100.735,1.0900000000000034,-21,268.64499999999634
100.735,1.0900000000000034,-21,268.64499999999634
100.735,1.0900000000000034,-11,274.09499999999616
100.735,1.0900000000000034,-12,274.63999999999623
100.735,1.0900000000000034,-12,274.63999999999623
100.735,1.0900000000000034,-12,274.63999999999623
100.735,1.0900000000000034,-11,275.1849999999961
100.735,1.0900000000000034,-11,275.1849999999961
100.735,1.0900000000000034,-12,275.72999999999615
100.74,1.0999999999999943,-24,282.21999999999616
100.74,1.0999999999999943,-24,282.21999999999616
100.74,1.0999999999999943,-22,283.31999999999607
100.74,1.0999999999999943,-21,283.8699999999958
100.74,1.0999999999999943,-21,283.8699999999958
100.74,1.0999999999999943,-21,283.8699999999958
100.74,1.0999999999999943,-21,283.8699999999958
100.74,1.0999999999999943,-9,290.4699999999958
100.735,1.1099999999999852,8,299.8699999999957
100.735,1.1099999999999852,13,302.64499999999566
100.735,1.1099999999999852,10,304.3099999999956
100.735,1.1099999999999852,10,304.3099999999956
100.72999999999999,1.1199999999999903,17,308.11999999999534
100.72999999999999,1.1199999999999903,26,313.1599999999953
100.72999999999999,1.1199999999999903,26,313.1599999999953
100.72999999999999,1.1199999999999903,26,313.1599999999953
100.72999999999999,1.1199999999999903,20,316.51999999999566
100.72999999999999,1.1199999999999903,1,327.15999999999553
100.72999999999999,1.1199999999999903,3,328.2799999999954
100.72999999999999,1.1199999999999903,3,328.2799999999954
100.72999999999999,1.1199999999999903,3,328.2799999999954
100.72999999999999,1.1199999999999903,-3,331.63999999999555
100.72999999999999,1.1199999999999903,-3,331.63999999999555
100.72999999999999,1.1199999999999903,-3,331.63999999999555
100.72999999999999,1.1199999999999903,1,333.87999999999545
100.72999999999999,1.1199999999999903,11,339.47999999999547
100.72999999999999,1.1199999999999903,11,339.47999999999547
100.72999999999999,1.1199999999999903,11,339.47999999999547
100.72999999999999,1.1199999999999903,11,339.47999999999547
100.72999999999999,1.1199999999999903,11,339.47999999999547
100.72999999999999,1.1199999999999903,11,339.47999999999547
100.72999999999999,1.1199999999999903,12,340.0399999999953
100.72999999999999,1.1199999999999903,12,340.0399999999953
100.72999999999999,1.1199999999999903,14,341.1599999999953
100.72999999999999,1.1199999999999903,24,346.75999999999476
100.72999999999999,1.1199999999999903,30,350.1199999999949
100.72999999999999,1.1199999999999903,30,350.1199999999949
100.72999999999999,1.1199999999999903,30,350.1199999999949
100.72999999999999,1.1199999999999903,30,350.1199999999949
100.72999999999999,1.1199999999999903,30,350.1199999999949
100.72999999999999,1.1199999999999903,30,350.1199999999949
100.72999999999999,1.1199999999999903,30,350.1199999999949
100.72999999999999,1.1199999999999903,30,350.1199999999949
100.7325,1.125,29,350.75249999999505
100.7325,1.125,33,353.0024999999955
100.7325,1.125,33,353.0024999999955
100.7325,1.125,44,359.18999999999596
100.73,1.1200000000000045,46,360.19999999999527
100.72,1.0999999999999943,46,359.73999999999523
100.72,1.0999999999999943,35,365.68999999999505
100.72,1.0999999999999943,35,365.68999999999505
100.72,1.0999999999999943,35,365.68999999999505
100.72,1.0999999999999943,35,365.68999999999505
100.72,1.0999999999999943,38,367.33999999999514
100.72,1.0999999999999943,38,367.33999999999514
100.72,1.0999999999999943,39,367.88999999999487
100.72,1.0999999999999943,39,367.88999999999487
100.72,1.0999999999999943,39,367.88999999999487
100.72,1.0999999999999943,39,367.88999999999487
100.72,1.0999999999999943,39,367.88999999999487
100.72,1.0999999999999943,39,367.88999999999487
100.72,1.0999999999999943,33,371.1899999999946
100.72,1.0999999999999943,34,371.7399999999948
100.72,1.0999999999999943,49,379.9899999999943
100.7,1.0600000000000023,49,379.00999999999476
100.69,1.039999999999992,49,378.51999999999407
100.685,1.0300000000000011,45,380.3349999999946
100.685,1.0300000000000011,45,380.3349999999946
100.685,1.0300000000000011,45,380.3349999999946
100.685,1.0300000000000011,45,380.3349999999946
100.685,1.0300000000000011,48,381.87999999999465
100.685,1.0300000000000011,48,381.87999999999465
100.685,1.0300000000000011,47,382.39499999999407
100.685,1.0300000000000011,44,383.9399999999946
100.685,1.0300000000000011,44,383.9399999999946
100.685,1.0300000000000011,38,387.02999999999474
100.685,1.0300000000000011,38,387.02999999999474
100.685,1.0300000000000011,38,387.02999999999474
100.685,1.0300000000000011,35,388.57499999999436
100.685,1.0300000000000011,35,388.57499999999436
100.685,1.0300000000000011,35,388.57499999999436
100.685,1.0300000000000011,35,388.57499999999436
100.685,1.0300000000000011,36,389.08999999999423
100.685,1.0300000000000011,36,389.08999999999423
100.685,1.0300000000000011,36,389.08999999999423
100.685,1.0300000000000011,36,389.08999999999423
100.685,1.0300000000000011,36,389.08999999999423
100.685,1.0300000000000011,40,391.14999999999463
100.685,1.0300000000000011,40,391.14999999999463
100.685,1.0300000000000011,40,391.14999999999463
100.685,1.0300000000000011,40,391.14999999999463
100.685,1.0300000000000011,28,397.3299999999949
100.685,1.0300000000000011,28,397.3299999999949
100.685,1.0300000000000011,28,397.3299999999949
100.685,1.0300000000000011,28,397.3299999999949
100.685,1.0300000000000011,28,397.3299999999949
100.685,1.0300000000000011,29,397.8449999999948
100.685,1.0300000000000011,29,397.8449999999948
100.685,1.0300000000000011,29,397.8449999999948
100.685,1.0300000000000011,46,406.5999999999949
100.69,1.039999999999992,42,408.8999999999942
100.69,1.039999999999992,42,408.8999999999942
100.69,1.039999999999992,50,413.05999999999494
100.68,1.019999999999996,50,412.55999999999494
100.67500000000001,1.0100000000000051,51,412.81499999999505
100.67,1.0,51,412.55999999999494
100.66499999999999,0.9899999999999949,51,412.30499999999483
100.66,0.980000000000004,51,412.0499999999947
100.66,0.980000000000004,43,415.9699999999948
100.66,0.980000000000004,37,418.90999999999485
100.66,0.980000000000004,37,418.90999999999485
100.66,0.980000000000004,37,418.90999999999485
100.66,0.980000000000004,36,419.39999999999463
100.66,0.980000000000004,35,419.88999999999487
100.66,0.980000000000004,35,419.88999999999487
100.66,0.980000000000004,35,419.88999999999487
100.66,0.980000000000004,35,419.88999999999487
100.66,0.980000000000004,38,421.3599999999951
100.66,0.980000000000004,39,421.8499999999949
100.66,0.980000000000004,39,421.8499999999949
100.66,0.980000000000004,39,421.8499999999949
100.66,0.980000000000004,39,421.8499999999949
100.66,0.980000000000004,44,424.2999999999952
100.66,0.980000000000004,44,424.2999999999952
100.66,0.980000000000004,44,424.2999999999952
100.66,0.980000000000004,45,424.7899999999954
100.66,0.980000000000004,50,427.23999999999523
100.66,0.980000000000004,51,427.729999999995
100.66,0.980000000000004,62,433.11999999999534
100.605,0.8700000000000045,62,429.7099999999955
100.575,0.8100000000000023,67,429.87499999999545
100.53999999999999,0.7399999999999949,67,427.5299999999943
100.52000000000001,0.7000000000000028,67,426.18999999999596
100.505,0.6899999999999977,74,427.5899999999947
100.465,0.6099999999999994,77,425.5449999999946
100.43,0.5400000000000063,77,422.8499999999949
100.41,0.5,77,421.30999999999403
100.4,0.480000000000004,77,420.5399999999945
100.395,0.46999999999999886,77,420.1549999999943
100.39,0.46000000000000796,77,419.76999999999407
100.39,0.46000000000000796,77,419.76999999999407
100.39,0.46000000000000796,77,419.76999999999407
100.39,0.46000000000000796,70,421.37999999999465
100.39,0.46000000000000796,70,421.37999999999465
100.39,0.46000000000000796,70,421.37999999999465
100.39,0.46000000000000796,70,421.37999999999465
100.39,0.46000000000000796,69,421.6099999999942
100.39,0.46000000000000796,69,421.6099999999942
100.39,0.46000000000000796,69,421.6099999999942
100.39,0.46000000000000796,69,421.6099999999942
100.39,0.46000000000000796,69,421.6099999999942
100.39,0.46000000000000796,67,422.06999999999425
100.39,0.46000000000000796,67,422.06999999999425
100.39,0.46000000000000796,74,423.6799999999939
100.39,0.46000000000000796,73,423.9099999999944
100.39,0.46000000000000796,72,424.13999999999396
100.39,0.46000000000000796,71,424.3699999999935
100.39,0.46000000000000796,71,424.3699999999935
100.39,0.46000000000000796,71,424.3699999999935
100.39,0.46000000000000796,67,425.2899999999945
100.39,0.46000000000000796,80,428.2799999999943
100.375,0.4300000000000068,93,429.87499999999454
100.3,0.28000000000000114,115,425.9799999999941
100.155,-0.009999999999990905,115,409.30499999999483
100.08,-0.1599999999999966,115,400.679999999993
100.045,-0.22999999999998977,114,396.5399999999954
100.035,-0.25,114,395.3999999999942
100.025,-0.269999999999996,114,394.25999999999476
100.025,-0.269999999999996,114,394.25999999999476
100.025,-0.269999999999996,111,393.8549999999959
100.025,-0.269999999999996,111,393.8549999999959
100.025,-0.269999999999996,111,393.8549999999959
100.025,-0.269999999999996,113,393.5849999999955
100.025,-0.269999999999996,113,393.5849999999955
100.025,-0.269999999999996,110,393.17999999999483
100.025,-0.269999999999996,110,393.17999999999483
100.025,-0.269999999999996,90,390.4799999999941
100.025,-0.269999999999996,90,390.4799999999941
100.025,-0.269999999999996,90,390.4799999999941
100.025,-0.269999999999996,90,390.4799999999941
100.025,-0.269999999999996,92,390.2099999999955
100.025,-0.269999999999996,92,390.2099999999955
100.025,-0.269999999999996,92,390.2099999999955
100.015,-0.25,94,388.99999999999454
100.015,-0.25,94,388.99999999999454
100.015,-0.25,94,388.99999999999454
100.015,-0.25,105,387.62499999999636
100.015,-0.25,107,387.37499999999454
100.015,-0.25,107,387.37499999999454
100.015,-0.25,108,387.24999999999636
100.015,-0.25,108,387.24999999999636
100.015,-0.25,108,387.24999999999636
100.015,-0.25,106,386.99999999999636
100.015,-0.25,107,386.87499999999636
100.015,-0.25,107,386.87499999999636
100.015,-0.25,107,386.87499999999636
100.015,-0.25,107,386.87499999999636
100.015,-0.25,106,386.74999999999636
100.015,-0.25,106,386.74999999999636
100.015,-0.25,106,386.74999999999636
100.015,-0.25,106,386.74999999999636
100.015,-0.25,107,386.62499999999636
100.015,-0.25,107,386.62499999999636
100.02000000000001,-0.23999999999999488,105,386.9099999999962
100.02000000000001,-0.23999999999999488,105,386.9099999999962
100.02000000000001,-0.23999999999999488,105,386.9099999999962
100.02000000000001,-0.23999999999999488,105,386.9099999999962
100.02000000000001,-0.23999999999999488,105,386.9099999999962
100.02000000000001,-0.23999999999999488,105,386.9099999999962
100.02000000000001,-0.23999999999999488,105,386.9099999999962
100.02000000000001,-0.23999999999999488,100,386.3099999999977
100.02000000000001,-0.23999999999999488,112,384.86999999999716
100.02000000000001,-0.23999999999999488,111,384.74999999999636
100.02000000000001,-0.23999999999999488,111,384.74999999999636
100.02000000000001,-0.23999999999999488,111,384.74999999999636
100.02000000000001,-0.23999999999999488,109,384.50999999999476
100.02000000000001,-0.23999999999999488,109,384.50999999999476
100.02000000000001,-0.23999999999999488,109,384.50999999999476
100.02000000000001,-0.23999999999999488,105,384.0299999999952
100.02000000000001,-0.23999999999999488,107,383.7899999999954
100.02000000000001,-0.23999999999999488,107,383.7899999999954
100.02000000000001,-0.23999999999999488,107,383.7899999999954
100.02000000000001,-0.23999999999999488,107,383.7899999999954
100.02000000000001,-0.23999999999999488,107,383.7899999999954
100.02000000000001,-0.23999999999999488,93,382.1099999999951
100.02000000000001,-0.23999999999999488,93,382.1099999999951
100.02000000000001,-0.23999999999999488,93,382.1099999999951
100.02000000000001,-0.23999999999999488,92,381.9899999999943
100.02000000000001,-0.23999999999999488,92,381.9899999999943
100.02000000000001,-0.23999999999999488,92,381.9899999999943
100.02000000000001,-0.23999999999999488,92,381.9899999999943
100.02000000000001,-0.23999999999999488,92,381.9899999999943
100.02000000000001,-0.23999999999999488,92,381.9899999999943
100.02000000000001,-0.23999999999999488,101,380.9099999999944
100.02000000000001,-0.23999999999999488,101,380.9099999999944
100.02000000000001,-0.23999999999999488,101,380.9099999999944
100.02000000000001,-0.23999999999999488,100,380.7899999999954
100.025,-0.23000000000000398,95,380.70499999999265
100.025,-0.23000000000000398,83,379.32499999999345
100.025,-0.23000000000000398,83,379.32499999999345
100.025,-0.23000000000000398,83,379.32499999999345
100.025,-0.23000000000000398,83,379.32499999999345
100.03,-0.21999999999999886,58,376.7499999999927
100.03,-0.21999999999999886,58,376.7499999999927
100.03,-0.21999999999999886,58,376.7499999999927
100.03,-0.21999999999999886,58,376.7499999999927
100.03,-0.21999999999999886,58,376.7499999999927
100.03,-0.21999999999999886,58,376.7499999999927
100.03,-0.21999999999999886,58,376.7499999999927
100.03,-0.21999999999999886,56,376.5299999999934
100.03,-0.21999999999999886,53,376.19999999999345
100.03,-0.21999999999999886,58,375.64999999999327
100.03,-0.21999999999999886,58,375.64999999999327
100.03,-0.21999999999999886,58,375.64999999999327
100.03,-0.21999999999999886,43,373.99999999999363
100.03,-0.21999999999999886,44,373.8899999999935
100.03,-0.21999999999999886,44,373.8899999999935
100.03,-0.21999999999999886,47,373.55999999999403
100.03,-0.21999999999999886,47,373.55999999999403
100.03,-0.21999999999999886,47,373.55999999999403
100.03,-0.21999999999999886,42,373.0099999999943
100.03,-0.21999999999999886,42,373.0099999999943
100.03,-0.21999999999999886,41,372.89999999999463
100.03,-0.21999999999999886,41,372.89999999999463
100.03,-0.21999999999999886,41,372.89999999999463
100.03,-0.21999999999999886,41,372.89999999999463
100.03,-0.21999999999999886,41,372.89999999999463
100.03,-0.21999999999999886,39,372.6799999999944
100.03,-0.21999999999999886,39,372.6799999999944
100.03,-0.21999999999999886,39,372.6799999999944
100.03,-0.21999999999999886,41,372.4599999999946
100.03,-0.21999999999999886,41,372.4599999999946
100.025,-0.20999999999999375,49,371.38499999999476
100.03,-0.19999999999998863,42,370.9199999999946
100.03,-0.19999999999998863,44,370.7199999999939
100.03,-0.19999999999998863,44,370.7199999999939
100.03,-0.19999999999998863,45,370.61999999999443
100.03,-0.19999999999998863,41,370.2199999999948
100.03,-0.19999999999998863,40,370.119999999994
100.03,-0.19999999999998863,40,370.119999999994
100.03,-0.19999999999998863,40,370.119999999994
100.03,-0.19999999999998863,38,369.91999999999416
100.03,-0.19999999999998863,50,368.7199999999939
100.03,-0.19999999999998863,50,368.7199999999939
100.03,-0.19999999999998863,45,368.2199999999939
100.03,-0.19999999999998863,45,368.2199999999939
100.03,-0.19999999999998863,45,368.2199999999939
100.03,-0.19999999999998863,45,368.2199999999939
100.03,-0.19999999999998863,45,368.2199999999939
100.03,-0.19999999999998863,45,368.2199999999939
100.03,-0.19999999999998863,45,368.2199999999939
100.03,-0.19999999999998863,45,368.2199999999939
100.03,-0.19999999999998863,45,368.2199999999939
100.03,-0.19999999999998863,45,368.2199999999939
100.03,-0.19999999999998863,44,368.11999999999307
100.03,-0.19999999999998863,44,368.11999999999307
100.03,-0.19999999999998863,43,368.01999999999316
100.03,-0.19999999999998863,39,367.6199999999935
100.03,-0.19999999999998863,39,367.6199999999935
100.03,-0.19999999999998863,39,367.6199999999935
100.03,-0.19999999999998863,41,367.4199999999937
100.03,-0.19999999999998863,30,366.31999999999334
100.03,-0.19999999999998863,23,365.6199999999933
100.03,-0.19999999999998863,23,365.6199999999933
100.03,-0.19999999999998863,36,364.31999999999334
100.03,-0.19999999999998863,36,364.31999999999334
100.03,-0.19999999999998863,35,364.21999999999343
100.035,-0.18999999999999773,14,362.2399999999934
100.035,-0.18999999999999773,14,362.2399999999934
100.035,-0.18999999999999773,14,362.2399999999934
100.035,-0.18999999999999773,9,361.7649999999934
100.035,-0.18999999999999773,9,361.7649999999934
100.035,-0.18999999999999773,9,361.7649999999934
100.035,-0.18999999999999773,9,361.7649999999934
100.035,-0.18999999999999773,9,361.7649999999934
100.035,-0.18999999999999773,10,361.66999999999337
100.035,-0.18999999999999773,10,361.66999999999337
100.035,-0.18999999999999773,10,361.66999999999337
100.03,-0.18000000000000682,23,360.4099999999935
100.025,-0.1700000000000017,30,359.6899999999937
100.025,-0.1700000000000017,30,359.6899999999937
100.025,-0.1700000000000017,30,359.6899999999937
100.025,-0.1700000000000017,30,359.6899999999937
100.025,-0.1700000000000017,33,359.43499999999403
100.025,-0.1700000000000017,33,359.43499999999403
100.025,-0.1700000000000017,29,359.0949999999939
100.025,-0.1700000000000017,29,359.0949999999939
100.025,-0.1700000000000017,30,359.0099999999934
100.025,-0.1700000000000017,30,359.0099999999934
100.025,-0.1700000000000017,31,358.92499999999336
100.025,-0.1700000000000017,25,358.41499999999314
100.025,-0.1700000000000017,25,358.41499999999314
100.025,-0.1700000000000017,25,358.41499999999314
100.025,-0.1700000000000017,26,358.3299999999931
100.03,-0.1599999999999966,11,357.15999999999303
100.03,-0.1599999999999966,7,356.83999999999315
100.03,-0.1599999999999966,7,356.83999999999315
100.03,-0.1599999999999966,7,356.83999999999315
100.03,-0.1599999999999966,7,356.83999999999315
100.03,-0.1599999999999966,0,356.2799999999931
100.03,-0.1599999999999966,-8,355.63999999999305
100.03,-0.1599999999999966,-8,355.63999999999305
100.03,-0.1599999999999966,-8,355.63999999999305
100.03,-0.1599999999999966,-8,355.63999999999305
100.03,-0.1599999999999966,-8,355.63999999999305
100.03,-0.1599999999999966,-7,355.5599999999931
100.03,-0.1599999999999966,-13,355.0799999999931
100.03,-0.1599999999999966,-13,355.0799999999931
100.03,-0.1599999999999966,-13,355.0799999999931
100.03,-0.1599999999999966,-14,354.9999999999932
100.03,-0.1599999999999966,-14,354.9999999999932
100.03,-0.1599999999999966,-14,354.9999999999932
100.03,-0.1599999999999966,-14,354.9999999999932
100.03,-0.1599999999999966,-20,354.5199999999936
100.03,-0.1599999999999966,-22,354.35999999999376
100.03,-0.1599999999999966,-22,354.35999999999376
100.03,-0.1599999999999966,-17,353.95999999999344
100.025,-0.14999999999999147,-9,353.4249999999935
100.025,-0.14999999999999147,-9,353.4249999999935
100.025,-0.14999999999999147,-9,353.4249999999935
100.025,-0.14999999999999147,-10,353.34999999999354
100.025,-0.14999999999999147,-10,353.34999999999354
100.025,-0.14999999999999147,-10,353.34999999999354
100.025,-0.14999999999999147,-10,353.34999999999354
100.025,-0.14999999999999147,-2,352.7499999999936
100.025,-0.14999999999999147,-1,352.6749999999936
100.025,-0.14999999999999147,-1,352.6749999999936
100.025,-0.14999999999999147,-1,352.6749999999936
100.025,-0.14999999999999147,-2,352.5999999999936
100.025,-0.14999999999999147,-3,352.5249999999936
100.025,-0.14999999999999147,-15,351.62499999999363
100.025,-0.14999999999999147,-16,351.5499999999936
100.025,-0.14999999999999147,-16,351.5499999999936
100.025,-0.14999999999999147,-15,351.47499999999377
100.025,-0.14999999999999147,-27,350.57499999999345
100.025,-0.14999999999999147,-19,349.9749999999933
100.025,-0.14999999999999147,-19,349.9749999999933
100.025,-0.14999999999999147,-19,349.9749999999933
100.025,-0.14999999999999147,-22,349.7499999999932
100.025,-0.14999999999999147,-22,349.7499999999932
100.025,-0.14999999999999147,-22,349.7499999999932
100.025,-0.14999999999999147,-22,349.7499999999932
100.025,-0.14999999999999147,-22,349.7499999999932
100.025,-0.14999999999999147,-22,349.7499999999932
100.025,-0.14999999999999147,-22,349.7499999999932
100.025,-0.14999999999999147,-22,349.7499999999932
100.025,-0.14999999999999147,-22,349.7499999999932
100.025,-0.14999999999999147,-22,349.7499999999932
100.025,-0.14999999999999147,-22,349.7499999999932
100.025,-0.14999999999999147,-22,349.7499999999932
100.025,-0.14999999999999147,-26,349.44999999999345
100.025,-0.14999999999999147,-26,349.44999999999345
100.025,-0.14999999999999147,-26,349.44999999999345
100.025,-0.14999999999999147,-26,349.44999999999345
100.025,-0.14999999999999147,-26,349.44999999999345
100.025,-0.14999999999999147,-27,349.3749999999932
100.025,-0.14999999999999147,-27,349.3749999999932
100.025,-0.14999999999999147,-27,349.3749999999932
100.02000000000001,-0.14000000000000057,-20,348.9599999999932
100.02000000000001,-0.14000000000000057,-20,348.9599999999932
100.02000000000001,-0.14000000000000057,-20,348.9599999999932
100.02000000000001,-0.14000000000000057,-20,348.9599999999932
100.02000000000001,-0.14000000000000057,-20,348.9599999999932
100.02000000000001,-0.14000000000000057,-20,348.9599999999932
100.02000000000001,-0.14000000000000057,-20,348.9599999999932
100.02000000000001,-0.14000000000000057,-20,348.9599999999932
100.02000000000001,-0.14000000000000057,-20,348.9599999999932
100.02000000000001,-0.14000000000000057,-16,348.679999999993
100.02000000000001,-0.14000000000000057,-16,348.679999999993
100.02000000000001,-0.14000000000000057,-16,348.679999999993
100.02000000000001,-0.14000000000000057,-11,348.3299999999931
100.02000000000001,-0.14000000000000057,-11,348.3299999999931
100.02000000000001,-0.14000000000000057,-11,348.3299999999931
100.02000000000001,-0.14000000000000057,-11,348.3299999999931
100.02000000000001,-0.14000000000000057,-11,348.3299999999931
100.02000000000001,-0.14000000000000057,-4,347.8399999999931
100.02000000000001,-0.14000000000000057,-4,347.8399999999931
100.02000000000001,-0.14000000000000057,0,347.5599999999931
100.02000000000001,-0.14000000000000057,0,347.5599999999931
100.02000000000001,-0.14000000000000057,0,347.5599999999931
100.02000000000001,-0.14000000000000057,0,347.5599999999931
100.02000000000001,-0.14000000000000057,7,347.06999999999323
100.02000000000001,-0.14000000000000057,7,347.06999999999323
100.02000000000001,-0.14000000000000057,7,347.06999999999323
100.02000000000001,-0.14000000000000057,7,347.06999999999323
100.02000000000001,-0.14000000000000057,8,346.9999999999932
100.02000000000001,-0.14000000000000057,8,346.9999999999932
100.02000000000001,-0.14000000000000057,2,346.57999999999316
100.02000000000001,-0.14000000000000057,2,346.57999999999316
100.02000000000001,-0.14000000000000057,2,346.57999999999316
100.02000000000001,-0.14000000000000057,2,346.57999999999316
100.02000000000001,-0.14000000000000057,2,346.57999999999316
100.02000000000001,-0.14000000000000057,2,346.57999999999316
100.02000000000001,-0.14000000000000057,2,346.57999999999316
100.015,-0.12999999999999545,3,346.4949999999932
100.015,-0.12999999999999545,3,346.4949999999932
100.015,-0.12999999999999545,4,346.42999999999313
100.015,-0.12999999999999545,28,344.86999999999307
100.015,-0.12999999999999545,28,344.86999999999307
100.015,-0.12999999999999545,27,344.804999999993
100.015,-0.12999999999999545,27,344.804999999993
100.015,-0.12999999999999545,27,344.804999999993
100.015,-0.12999999999999545,27,344.804999999993
100.015,-0.12999999999999545,24,344.60999999999285
100.015,-0.12999999999999545,24,344.60999999999285
100.015,-0.12999999999999545,23,344.54499999999257
100.015,-0.12999999999999545,24,344.47999999999274
100.015,-0.12999999999999545,24,344.47999999999274
100.015,-0.12999999999999545,31,344.0249999999928
100.00999999999999,-0.11999999999999034,43,343.0799999999922
100.00999999999999,-0.11999999999999034,43,343.0799999999922
100.00999999999999,-0.11999999999999034,46,342.89999999999236
100.00999999999999,-0.11999999999999034,59,342.1199999999926
100.00999999999999,-0.11999999999999034,59,342.1199999999926
100.00999999999999,-0.11999999999999034,54,341.81999999999243
100.00999999999999,-0.11999999999999034,46,341.33999999999287
100.00999999999999,-0.11999999999999034,46,341.33999999999287
100.00999999999999,-0.11999999999999034,46,341.33999999999287
100.00999999999999,-0.11999999999999034,43,341.15999999999303
100.00999999999999,-0.11999999999999034,43,341.15999999999303
100.00999999999999,-0.11999999999999034,42,341.09999999999354
100.00999999999999,-0.11999999999999034,43,341.0399999999927
100.00999999999999,-0.11999999999999034,44,340.97999999999274
100.00999999999999,-0.11999999999999034,44,340.97999999999274
100.00999999999999,-0.11999999999999034,44,340.97999999999274
100.00999999999999,-0.11999999999999034,45,340.9199999999928
100.00999999999999,-0.11999999999999034,45,340.9199999999928
100.00999999999999,-0.11999999999999034,45,340.9199999999928
100.00999999999999,-0.11999999999999034,45,340.9199999999928
100.00999999999999,-0.11999999999999034,45,340.9199999999928
100.00999999999999,-0.11999999999999034,42,340.73999999999296
100.0,-0.09999999999999432,53,339.64999999999236
100.0,-0.09999999999999432,53,339.64999999999236
100.0,-0.09999999999999432,53,339.64999999999236
100.0,-0.09999999999999432,53,339.64999999999236
100.0,-0.09999999999999432,53,339.64999999999236
100.0,-0.09999999999999432,53,339.64999999999236
100.0,-0.09999999999999432,53,339.64999999999236
100.0,-0.09999999999999432,58,339.39999999999236
100.0,-0.09999999999999432,58,339.39999999999236
100.0,-0.09999999999999432,58,339.39999999999236
100.0,-0.09999999999999432,58,339.39999999999236
100.0,-0.09999999999999432,58,339.39999999999236
100.0,-0.09999999999999432,58,339.39999999999236
100.0,-0.09999999999999432,58,339.39999999999236
100.0,-0.09999999999999432,58,339.39999999999236
100.0,-0.09999999999999432,60,339.299999999992
100.0,-0.09999999999999432,63,339.14999999999236
100.0,-0.09999999999999432,62,339.0999999999922
100.0,-0.09999999999999432,63,339.049999999992
100.0,-0.09999999999999432,62,338.9999999999918
100.0,-0.09999999999999432,62,338.9999999999918
100.0,-0.09999999999999432,63,338.94999999999163
100.0,-0.09999999999999432,63,338.94999999999163
100.0,-0.09999999999999432,72,338.4999999999918
100.0,-0.09999999999999432,72,338.4999999999918
100.0,-0.09999999999999432,78,338.19999999999163
100.0,-0.09999999999999432,77,338.14999999999145
100.0,-0.09999999999999432,77,338.14999999999145
100.0,-0.09999999999999432,80,337.9999999999918
100.0,-0.09999999999999432,79,337.94999999999163
100.0,-0.09999999999999432,79,337.94999999999163
100.0,-0.09999999999999432,79,337.94999999999163
100.0,-0.09999999999999432,79,337.94999999999163
100.0,-0.09999999999999432,79,337.94999999999163
100.0,-0.09999999999999432,79,337.94999999999163
100.0,-0.09999999999999432,79,337.94999999999163
100.0,-0.09999999999999432,79,337.94999999999163
100.0,-0.09999999999999432,76,337.799999999992
100.0,-0.09999999999999432,76,337.799999999992
100.0,-0.09999999999999432,76,337.799999999992
100.0,-0.09999999999999432,86,337.299999999992
100.0,-0.09999999999999432,86,337.299999999992
100.0,-0.09999999999999432,86,337.299999999992
100.0,-0.09999999999999432,75,336.7499999999918
100.0,-0.09999999999999432,75,336.7499999999918
100.0,-0.09999999999999432,67,336.3499999999922
100.0,-0.09999999999999432,67,336.3499999999922
100.0,-0.09999999999999432,67,336.3499999999922
100.0,-0.09999999999999432,66,336.299999999992
100.0,-0.09999999999999432,66,336.299999999992
100.0,-0.09999999999999432,66,336.299999999992
100.0,-0.09999999999999432,66,336.299999999992
100.0,-0.09999999999999432,66,336.299999999992
100.0,-0.09999999999999432,66,336.299999999992
100.0,-0.09999999999999432,59,335.94999999999163
100.0,-0.09999999999999432,59,335.94999999999163
100.0,-0.09999999999999432,59,335.94999999999163
100.0,-0.09999999999999432,59,335.94999999999163
100.0,-0.09999999999999432,59,335.94999999999163
100.0,-0.09999999999999432,59,335.94999999999163
100.0,-0.09999999999999432,59,335.94999999999163
100.0,-0.09999999999999432,60,335.89999999999145
100.0,-0.09999999999999432,65,335.64999999999145
100.0,-0.09999999999999432,65,335.64999999999145
100.0,-0.09999999999999432,67,335.5499999999911
100.0,-0.09999999999999432,67,335.5499999999911
100.0,-0.09999999999999432,67,335.5499999999911
100.0,-0.09999999999999432,66,335.4999999999909
100.0,-0.09999999999999432,66,335.4999999999909
100.0,-0.09999999999999432,66,335.4999999999909
100.0,-0.09999999999999432,66,335.4999999999909
100.0,-0.09999999999999432,66,335.4999999999909
100.0,-0.09999999999999432,66,335.4999999999909
100.0,-0.09999999999999432,66,335.4999999999909
100.0,-0.09999999999999432,67,335.4499999999907
100.0,-0.09999999999999432,69,335.34999999999036
100.0,-0.09999999999999432,69,335.34999999999036
100.0,-0.09999999999999432,70,335.2999999999902
100.0,-0.09999999999999432,74,335.09999999999036
100.0,-0.09999999999999432,74,335.09999999999036
100.0,-0.09999999999999432,74,335.09999999999036
100.0,-0.09999999999999432,74,335.09999999999036
99.995,-0.09000000000000341,83,334.28499999999167
99.995,-0.09000000000000341,82,334.2399999999907
99.995,-0.09000000000000341,82,334.2399999999907
99.995,-0.09000000000000341,82,334.2399999999907
99.995,-0.09000000000000341,81,334.1949999999906
99.995,-0.09000000000000341,81,334.1949999999906
99.995,-0.09000000000000341,81,334.1949999999906
99.995,-0.09000000000000341,81,334.1949999999906
99.995,-0.09000000000000341,81,334.1949999999906
99.995,-0.09000000000000341,86,333.96999999999025
99.995,-0.09000000000000341,87,333.9249999999902
99.995,-0.09000000000000341,87,333.9249999999902
99.995,-0.09000000000000341,83,333.7449999999908
99.995,-0.09000000000000341,79,333.5649999999905
99.995,-0.09000000000000341,79,333.5649999999905
99.995,-0.09000000000000341,78,333.51999999999043
99.995,-0.09000000000000341,85,333.20499999999083
99.995,-0.09000000000000341,85,333.20499999999083
99.995,-0.09000000000000341,85,333.20499999999083
99.995,-0.09000000000000341,85,333.20499999999083
99.995,-0.09000000000000341,72,332.6199999999908
99.995,-0.09000000000000341,73,332.5749999999907
99.99000000000001,-0.0799999999999983,77,332.03999999999087
99.99000000000001,-0.0799999999999983,77,332.03999999999087
99.99000000000001,-0.0799999999999983,77,332.03999999999087
99.99000000000001,-0.0799999999999983,77,332.03999999999087
99.99000000000001,-0.0799999999999983,77,332.03999999999087
99.99000000000001,-0.0799999999999983,77,332.03999999999087
99.99000000000001,-0.0799999999999983,77,332.03999999999087
99.99000000000001,-0.0799999999999983,72,331.83999999999105
99.99000000000001,-0.0799999999999983,72,331.83999999999105
99.99000000000001,-0.0799999999999983,72,331.83999999999105
99.99000000000001,-0.0799999999999983,73,331.7999999999911
99.99000000000001,-0.0799999999999983,74,331.7599999999911
99.99000000000001,-0.0799999999999983,74,331.7599999999911
99.99000000000001,-0.0799999999999983,74,331.7599999999911
99.99000000000001,-0.0799999999999983,74,331.7599999999911
99.99000000000001,-0.0799999999999983,74,331.7599999999911
99.99000000000001,-0.0799999999999983,67,331.4799999999914
99.99000000000001,-0.0799999999999983,67,331.4799999999914
99.985,-0.06999999999999318,75,330.8149999999905
99.985,-0.06999999999999318,84,330.49999999999
99.985,-0.06999999999999318,83,330.46499999998923
99.985,-0.06999999999999318,92,330.14999999999054
99.985,-0.06999999999999318,92,330.14999999999054
99.985,-0.06999999999999318,93,330.11499999998887
99.985,-0.06999999999999318,93,330.11499999998887
99.985,-0.06999999999999318,93,330.11499999998887
99.985,-0.06999999999999318,93,330.11499999998887
99.985,-0.06999999999999318,93,330.11499999998887
99.985,-0.06999999999999318,93,330.11499999998887
99.985,-0.06999999999999318,93,330.11499999998887
99.985,-0.06999999999999318,93,330.11499999998887
99.985,-0.06999999999999318,93,330.11499999998887
99.985,-0.06999999999999318,93,330.11499999998887
99.985,-0.06999999999999318,93,330.11499999998887
99.995,-0.04999999999999716,87,330.85499999998865
99.995,-0.04999999999999716,87,330.85499999998865
99.995,-0.04999999999999716,87,330.85499999998865
99.995,-0.04999999999999716,87,330.85499999998865
99.995,-0.04999999999999716,87,330.85499999998865
99.995,-0.04999999999999716,82,330.72999999998865
99.995,-0.04999999999999716,82,330.72999999998865
99.995,-0.04999999999999716,82,330.72999999998865
99.995,-0.04999999999999716,82,330.72999999998865
99.995,-0.04999999999999716,82,330.72999999998865
99.995,-0.04999999999999716,82,330.72999999998865
99.995,-0.04999999999999716,82,330.72999999998865
99.995,-0.04999999999999716,82,330.72999999998865
99.995,-0.04999999999999716,83,330.704999999989
99.995,-0.04999999999999716,83,330.704999999989
99.995,-0.04999999999999716,82,330.67999999998847
99.995,-0.04999999999999716,82,330.67999999998847
99.995,-0.04999999999999716,76,330.52999999998883
99.995,-0.04999999999999716,76,330.52999999998883
99.995,-0.04999999999999716,73,330.4549999999881
99.995,-0.04999999999999716,74,330.42999999998756
99.995,-0.04999999999999716,74,330.42999999998756
99.995,-0.04999999999999716,65,330.2049999999881
99.995,-0.04999999999999716,65,330.2049999999881
99.995,-0.04999999999999716,65,330.2049999999881
99.995,-0.04999999999999716,65,330.2049999999881
99.995,-0.04999999999999716,64,330.17999999998847
99.995,-0.04999999999999716,64,330.17999999998847
99.995,-0.04999999999999716,64,330.17999999998847
99.995,-0.04999999999999716,65,330.1549999999879
99.995,-0.04999999999999716,65,330.1549999999879
99.995,-0.04999999999999716,61,330.05499999998847
99.995,-0.04999999999999716,59,330.0049999999874
99.995,-0.04999999999999716,59,330.0049999999874
99.995,-0.04999999999999716,55,329.9049999999879
99.995,-0.04999999999999716,55,329.9049999999879
99.995,-0.04999999999999716,55,329.9049999999879
99.995,-0.04999999999999716,55,329.9049999999879
99.995,-0.04999999999999716,55,329.9049999999879
99.995,-0.04999999999999716,50,329.7799999999879
99.995,-0.04999999999999716,49,329.7549999999883
99.995,-0.04999999999999716,49,329.7549999999883
99.995,-0.04999999999999716,49,329.7549999999883
99.995,-0.04999999999999716,48,329.72999999998865
99.995,-0.04999999999999716,48,329.72999999998865
99.995,-0.04999999999999716,48,329.72999999998865
99.995,-0.04999999999999716,40,329.52999999998883
99.995,-0.04999999999999716,40,329.52999999998883
99.995,-0.04999999999999716,39,329.50499999998874
99.995,-0.04999999999999716,39,329.50499999998874
99.995,-0.04999999999999716,39,329.50499999998874
99.995,-0.04999999999999716,39,329.50499999998874
99.995,-0.04999999999999716,39,329.50499999998874
99.995,-0.04999999999999716,39,329.50499999998874
99.995,-0.04999999999999716,39,329.50499999998874
99.995,-0.04999999999999716,39,329.50499999998874
99.995,-0.04999999999999716,36,329.42999999998847
99.995,-0.04999999999999716,36,329.42999999998847
99.995,-0.04999999999999716,37,329.4049999999884
99.995,-0.04999999999999716,36,329.3799999999883
99.995,-0.04999999999999716,36,329.3799999999883
99.995,-0.04999999999999716,36,329.3799999999883
99.995,-0.04999999999999716,36,329.3799999999883
99.995,-0.04999999999999716,36,329.3799999999883
99.995,-0.04999999999999716,36,329.3799999999883
99.995,-0.04999999999999716,36,329.3799999999883
99.995,-0.04999999999999716,34,329.3299999999881
99.995,-0.04999999999999716,34,329.3299999999881
99.995,-0.04999999999999716,34,329.3299999999881
99.995,-0.04999999999999716,24,329.0799999999881
99.995,-0.04999999999999716,23,329.05499999998824
99.995,-0.04999999999999716,23,329.05499999998824
99.995,-0.04999999999999716,20,328.9799999999882
99.995,-0.04999999999999716,20,328.9799999999882
99.995,-0.04999999999999716,20,328.9799999999882
99.995,-0.04999999999999716,20,328.9799999999882
99.995,-0.04999999999999716,21,328.9549999999881
99.99000000000001,-0.04000000000000625,34,328.5599999999886
99.99000000000001,-0.04000000000000625,38,328.47999999998865
99.99000000000001,-0.04000000000000625,38,328.47999999998865
99.99000000000001,-0.04000000000000625,43,328.37999999998874
99.99000000000001,-0.04000000000000625,43,328.37999999998874
99.99000000000001,-0.04000000000000625,46,328.3199999999888
99.99000000000001,-0.04000000000000625,46,328.3199999999888
99.99000000000001,-0.04000000000000625,46,328.3199999999888
99.99000000000001,-0.04000000000000625,47,328.29999999998836
99.99000000000001,-0.04000000000000625,47,328.29999999998836
99.99000000000001,-0.04000000000000625,47,328.29999999998836
99.99000000000001,-0.04000000000000625,47,328.29999999998836
99.99000000000001,-0.04000000000000625,49,328.2599999999875
99.99000000000001,-0.04000000000000625,49,328.2599999999875
99.99000000000001,-0.04000000000000625,49,328.2599999999875
99.99000000000001,-0.04000000000000625,49,328.2599999999875
99.99000000000001,-0.04000000000000625,50,328.23999999998705
99.99000000000001,-0.04000000000000625,50,328.23999999998705
99.99000000000001,-0.04000000000000625,50,328.23999999998705
99.99000000000001,-0.04000000000000625,50,328.23999999998705
99.99000000000001,-0.04000000000000625,50,328.23999999998705
99.99000000000001,-0.04000000000000625,41,328.0599999999872
99.99000000000001,-0.04000000000000625,41,328.0599999999872
99.99000000000001,-0.04000000000000625,41,328.0599999999872
99.99000000000001,-0.04000000000000625,41,328.0599999999872
99.99000000000001,-0.04000000000000625,41,328.0599999999872
99.99000000000001,-0.04000000000000625,41,328.0599999999872
100.005,-0.010000000000005116,33,328.4549999999872
100.005,-0.010000000000005116,34,328.4499999999871
100.005,-0.010000000000005116,34,328.4499999999871
100.005,-0.010000000000005116,34,328.4499999999871
100.005,-0.010000000000005116,34,328.4499999999871
100.005,-0.010000000000005116,34,328.4499999999871
100.005,-0.010000000000005116,44,328.39999999998645
100.005,-0.010000000000005116,44,328.39999999998645
100.005,-0.010000000000005116,44,328.39999999998645
100.005,-0.010000000000005116,44,328.39999999998645
100.005,-0.010000000000005116,41,328.38499999998703
100.01,0.0,16,328.53999999998723
100.01,0.0,16,328.53999999998723
100.01,0.0,16,328.53999999998723
100.01,0.0,11,328.53999999998723
100.01,0.0,11,328.53999999998723
100.01,0.0,11,328.53999999998723
100.01,0.0,12,328.53999999998723
100.01,0.0,21,328.53999999998723
100.01,0.0,21,328.53999999998723
100.01,0.0,22,328.53999999998746
100.01,0.0,22,328.53999999998746
100.01,0.0,19,328.53999999998723
100.01,0.0,24,328.53999999998723
100.01,0.0,24,328.53999999998723
100.015,0.009999999999990905,21,328.654999999987
100.015,0.009999999999990905,21,328.654999999987
100.015,0.009999999999990905,14,328.68999999998687
100.015,0.009999999999990905,14,328.68999999998687
100.015,0.009999999999990905,14,328.68999999998687
100.015,0.009999999999990905,14,328.68999999998687
100.015,0.009999999999990905,14,328.68999999998687
100.015,0.009999999999990905,14,328.68999999998687
100.015,0.009999999999990905,14,328.68999999998687
100.015,0.009999999999990905,30,328.7699999999868
100.015,0.009999999999990905,30,328.7699999999868
100.015,0.009999999999990905,36,328.799999999987
100.015,0.009999999999990905,36,328.799999999987
100.015,0.009999999999990905,36,328.799999999987
100.015,0.009999999999990905,36,328.799999999987
100.015,0.009999999999990905,36,328.799999999987
100.015,0.009999999999990905,36,328.799999999987
100.015,0.009999999999990905,36,328.799999999987
100.015,0.009999999999990905,41,328.82499999998663
100.015,0.009999999999990905,40,328.82999999998674
100.015,0.009999999999990905,39,328.83499999998685
100.015,0.009999999999990905,41,328.8449999999866
100.015,0.009999999999990905,41,328.8449999999866
100.015,0.009999999999990905,41,328.8449999999866
100.015,0.009999999999990905,42,328.8499999999867
100.015,0.009999999999990905,42,328.8499999999867
100.015,0.009999999999990905,41,328.8549999999864
100.015,0.009999999999990905,38,328.8699999999867
100.015,0.009999999999990905,38,328.8699999999867
100.015,0.009999999999990905,38,328.8699999999867
100.015,0.009999999999990905,38,328.8699999999867
100.015,0.009999999999990905,37,328.87499999998636
100.015,0.009999999999990905,37,328.87499999998636
100.015,0.009999999999990905,37,328.87499999998636
100.015,0.009999999999990905,37,328.87499999998636
100.015,0.009999999999990905,36,328.87999999998647
100.015,0.009999999999990905,54,328.9699999999866
100.015,0.009999999999990905,54,328.9699999999866
100.03,0.03999999999999204,47,329.79999999998563
100.03,0.03999999999999204,49,329.8399999999856
100.03,0.03999999999999204,55,329.9599999999846
100.03,0.03999999999999204,55,329.9599999999846
100.03,0.03999999999999204,55,329.9599999999846
100.03,0.03999999999999204,52,330.019999999985
100.03,0.03999999999999204,52,330.019999999985
100.03,0.03999999999999204,52,330.019999999985
100.03,0.03999999999999204,52,330.019999999985
100.03,0.03999999999999204,52,330.019999999985
100.03,0.03999999999999204,52,330.019999999985
100.03,0.03999999999999204,51,330.0399999999845
100.03,0.03999999999999204,51,330.0399999999845
100.03,0.03999999999999204,50,330.05999999998494
100.03,0.03999999999999204,50,330.05999999998494
100.03,0.03999999999999204,43,330.1999999999848
100.03,0.03999999999999204,43,330.1999999999848
100.03,0.03999999999999204,43,330.1999999999848
100.03,0.03999999999999204,43,330.1999999999848
100.03,0.03999999999999204,34,330.37999999998465
100.03,0.03999999999999204,34,330.37999999998465
100.03,0.03999999999999204,33,330.3999999999851
100.03,0.03999999999999204,33,330.3999999999851
100.03,0.03999999999999204,33,330.3999999999851
100.03,0.03999999999999204,33,330.3999999999851
100.03,0.03999999999999204,23,330.5999999999849
100.03,0.03999999999999204,23,330.5999999999849
100.03,0.03999999999999204,23,330.5999999999849
100.03,0.03999999999999204,23,330.5999999999849
100.03,0.03999999999999204,23,330.5999999999849
100.03,0.03999999999999204,23,330.5999999999849
100.03,0.03999999999999204,23,330.5999999999849
100.03,0.03999999999999204,23,330.5999999999849
100.03,0.03999999999999204,23,330.5999999999849
100.03,0.03999999999999204,23,330.5999999999849
100.03,0.03999999999999204,22,330.61999999998466
100.03,0.03999999999999204,22,330.61999999998466
100.03,0.03999999999999204,23,330.63999999998487
100.03,0.03999999999999204,23,330.63999999998487
100.03,0.03999999999999204,23,330.63999999998487
100.03,0.03999999999999204,23,330.63999999998487
100.03,0.03999999999999204,22,330.6599999999846
100.03,0.03999999999999204,23,330.67999999998483
100.03,0.03999999999999204,23,330.67999999998483
100.03,0.03999999999999204,23,330.67999999998483
100.03,0.03999999999999204,23,330.67999999998483
100.03,0.03999999999999204,23,330.67999999998483
100.03,0.03999999999999204,23,330.67999999998483
100.03,0.03999999999999204,23,330.67999999998483
100.03,0.03999999999999204,14,330.85999999998467
100.03,0.03999999999999204,14,330.85999999998467
100.03,0.03999999999999204,14,330.85999999998467
100.03,0.03999999999999204,3,331.0799999999846
100.03,0.03999999999999204,-10,331.33999999998446
100.03,0.03999999999999204,-10,331.33999999998446
100.03,0.03999999999999204,-11,331.35999999998444
100.03,0.03999999999999204,-11,331.35999999998444
100.03,0.03999999999999204,-11,331.35999999998444
100.03,0.03999999999999204,-8,331.4199999999844
100.03,0.03999999999999204,-8,331.4199999999844
100.03,0.03999999999999204,-2,331.53999999998433
100.03,0.03999999999999204,0,331.57999999998435
100.03,0.03999999999999204,0,331.57999999998435
100.03,0.03999999999999204,-6,331.69999999998424
100.03,0.03999999999999204,-7,331.71999999998434
100.03,0.03999999999999204,-7,331.71999999998434
100.03,0.03999999999999204,-7,331.71999999998434
100.03,0.03999999999999204,-6,331.7399999999843
100.03,0.03999999999999204,-14,331.8999999999842
100.03,0.03999999999999204,-14,331.8999999999842
100.03,0.03999999999999204,-14,331.8999999999842
100.03,0.03999999999999204,-14,331.8999999999842
100.03,0.03999999999999204,-16,331.93999999998414
100.03,0.03999999999999204,-18,331.9799999999841
100.03,0.03999999999999204,-17,331.9999999999841
100.03,0.03999999999999204,-17,331.9999999999841
100.03,0.03999999999999204,-17,331.9999999999841
100.03,0.03999999999999204,-17,331.9999999999841
100.03,0.03999999999999204,-22,332.099999999984
100.03,0.03999999999999204,-22,332.099999999984
100.03,0.03999999999999204,-22,332.099999999984
100.03,0.03999999999999204,-20,332.13999999998396
100.03,0.03999999999999204,-22,332.1799999999839
100.03,0.03999999999999204,-22,332.1799999999839
100.03,0.03999999999999204,-22,332.1799999999839
100.03,0.03999999999999204,-22,332.1799999999839
100.03,0.03999999999999204,-22,332.1799999999839
100.03,0.03999999999999204,-23,332.1999999999839
100.03,0.03999999999999204,-23,332.1999999999839
100.03,0.03999999999999204,-23,332.1999999999839
100.03,0.03999999999999204,-26,332.25999999998385
100.03,0.03999999999999204,-26,332.25999999998385
100.03,0.03999999999999204,-26,332.25999999998385
100.03,0.03999999999999204,-26,332.25999999998385
100.03,0.03999999999999204,-26,332.25999999998385
100.03,0.03999999999999204,-34,332.41999999998416
100.03,0.03999999999999204,-34,332.41999999998416
100.03,0.03999999999999204,-34,332.41999999998416
100.03,0.03999999999999204,-29,332.51999999998407
100.03,0.03999999999999204,-29,332.51999999998407
100.03,0.03999999999999204,-28,332.5399999999836
100.03,0.03999999999999204,-24,332.6199999999835
100.035,0.04999999999999716,-25,332.51499999998396
100.035,0.04999999999999716,-25,332.51499999998396
100.035,0.04999999999999716,-23,332.56499999998414
100.045,0.06999999999999318,-58,333.1599999999844
100.045,0.06999999999999318,-58,333.1599999999844
100.045,0.06999999999999318,-58,333.1599999999844
100.045,0.06999999999999318,-58,333.1599999999844
100.045,0.06999999999999318,-58,333.1599999999844
100.045,0.06999999999999318,-58,333.1599999999844
100.045,0.06999999999999318,-58,333.1599999999844
100.045,0.06999999999999318,-58,333.1599999999844
100.045,0.06999999999999318,-57,333.19499999998334
100.045,0.06999999999999318,-57,333.19499999998334
100.045,0.06999999999999318,-57,333.19499999998334
100.045,0.06999999999999318,-57,333.19499999998334
100.045,0.06999999999999318,-57,333.19499999998334
100.045,0.06999999999999318,-58,333.2299999999841
100.045,0.06999999999999318,-58,333.2299999999841
100.045,0.06999999999999318,-57,333.26499999998305
100.045,0.06999999999999318,-57,333.26499999998305
100.045,0.06999999999999318,-57,333.26499999998305
100.045,0.06999999999999318,-35,334.03499999998303
100.045,0.06999999999999318,-30,334.2099999999832
100.045,0.06999999999999318,-30,334.2099999999832
100.045,0.06999999999999318,-31,334.24499999998307
100.045,0.06999999999999318,-41,334.594999999983
100.045,0.06999999999999318,-42,334.62999999998283
100.045,0.06999999999999318,-33,334.9449999999829
100.045,0.06999999999999318,-33,334.9449999999829
100.045,0.06999999999999318,-35,335.0149999999826
100.05000000000001,0.0799999999999983,-50,335.33999999998196
100.05000000000001,0.0799999999999983,-50,335.33999999998196
100.05000000000001,0.0799999999999983,-50,335.33999999998196
100.05000000000001,0.0799999999999983,-50,335.33999999998196
100.05000000000001,0.0799999999999983,-51,335.37999999998283
100.05000000000001,0.0799999999999983,-51,335.37999999998283
100.05000000000001,0.0799999999999983,-44,335.6599999999826
100.05000000000001,0.0799999999999983,-44,335.6599999999826
100.05000000000001,0.0799999999999983,-44,335.6599999999826
100.05000000000001,0.0799999999999983,-44,335.6599999999826
100.05000000000001,0.0799999999999983,-44,335.6599999999826
100.05000000000001,0.0799999999999983,-44,335.6599999999826
100.05000000000001,0.0799999999999983,-44,335.6599999999826
100.05000000000001,0.0799999999999983,-49,335.8599999999824
100.05000000000001,0.0799999999999983,-49,335.8599999999824
100.05000000000001,0.0799999999999983,-45,336.01999999998225
100.05000000000001,0.0799999999999983,-45,336.01999999998225
100.05000000000001,0.0799999999999983,-45,336.01999999998225
100.05000000000001,0.0799999999999983,-45,336.01999999998225
100.045,0.09000000000000341,-44,336.27999999998246
100.045,0.09000000000000341,-44,336.27999999998246
100.045,0.09000000000000341,-44,336.27999999998246
100.045,0.09000000000000341,-44,336.27999999998246
100.045,0.09000000000000341,-44,336.27999999998246
100.045,0.09000000000000341,-44,336.27999999998246
100.045,0.09000000000000341,-44,336.27999999998246
100.045,0.09000000000000341,-44,336.27999999998246
100.045,0.09000000000000341,-53,336.6849999999831
100.045,0.09000000000000341,-53,336.6849999999831
100.045,0.09000000000000341,-53,336.6849999999831
100.045,0.09000000000000341,-53,336.6849999999831
100.045,0.09000000000000341,-53,336.6849999999831
100.045,0.09000000000000341,-53,336.6849999999831
100.045,0.09000000000000341,-53,336.6849999999831
100.045,0.09000000000000341,-53,336.6849999999831
100.045,0.09000000000000341,-53,336.6849999999831
100.045,0.09000000000000341,-53,336.6849999999831
100.05,0.09999999999999432,-68,337.06999999998334
100.05,0.09999999999999432,-68,337.06999999998334
100.05,0.09999999999999432,-68,337.06999999998334
100.05,0.09999999999999432,-68,337.06999999998334
100.05,0.09999999999999432,-68,337.06999999998334
100.05,0.09999999999999432,-75,337.4199999999828
100.05,0.09999999999999432,-72,337.56999999998334
100.05,0.09999999999999432,-73,337.6199999999835
100.05,0.09999999999999432,-73,337.6199999999835
100.05,0.09999999999999432,-73,337.6199999999835
100.05,0.09999999999999432,-73,337.6199999999835
100.05,0.09999999999999432,-77,337.81999999998334
100.05,0.09999999999999432,-76,337.8699999999826
100.05,0.09999999999999432,-101,339.11999999998443
100.08,0.03999999999999204,-101,336.0899999999838
100.095,0.009999999999990905,-101,334.57499999998436
100.10499999999999,-0.010000000000005116,-101,333.56499999998414
100.10499999999999,-0.010000000000005116,-92,333.51999999998407
100.10499999999999,-0.010000000000005116,-89,333.50499999998465
100.10499999999999,-0.010000000000005116,-89,333.50499999998465
100.10499999999999,-0.010000000000005116,-89,333.50499999998465
100.10499999999999,-0.010000000000005116,-89,333.50499999998465
100.10499999999999,-0.010000000000005116,-89,333.50499999998465
100.10499999999999,-0.010000000000005116,-89,333.50499999998465
100.10499999999999,-0.010000000000005116,-89,333.50499999998465
100.10499999999999,-0.010000000000005116,-89,333.50499999998465
100.10499999999999,-0.010000000000005116,-89,333.50499999998465
100.10499999999999,-0.010000000000005116,-88,333.49999999998363
100.10499999999999,-0.010000000000005116,-88,333.49999999998363
100.10499999999999,-0.010000000000005116,-94,333.4699999999848
100.10499999999999,-0.010000000000005116,-89,333.44499999998516
100.10499999999999,-0.010000000000005116,-92,333.4299999999839
100.095,0.009999999999990905,-85,334.344999999983
100.095,0.009999999999990905,-85,334.344999999983
100.095,0.009999999999990905,-83,334.3549999999832
100.095,0.009999999999990905,-83,334.3549999999832
100.095,0.009999999999990905,-83,334.3549999999832
100.095,0.009999999999990905,-83,334.3549999999832
100.095,0.009999999999990905,-83,334.3549999999832
100.08,0.03999999999999204,-72,335.7299999999832
100.08,0.03999999999999204,-72,335.7299999999832
100.08,0.03999999999999204,-72,335.7299999999832
100.08,0.03999999999999204,-72,335.7299999999832
100.08,0.03999999999999204,-72,335.7299999999832
100.08,0.03999999999999204,-74,335.76999999998316
100.08500000000001,0.04999999999999716,-83,335.5549999999821
100.08500000000001,0.04999999999999716,-82,335.57999999998174
100.08500000000001,0.04999999999999716,-82,335.57999999998174
100.08500000000001,0.04999999999999716,-82,335.57999999998174
100.08500000000001,0.04999999999999716,-82,335.57999999998174
100.08500000000001,0.04999999999999716,-85,335.65499999998246
100.08500000000001,0.04999999999999716,-85,335.65499999998246
100.08500000000001,0.04999999999999716,-85,335.65499999998246
100.08500000000001,0.04999999999999716,-85,335.65499999998246
100.075,0.06999999999999318,-84,336.51999999998225
100.075,0.06999999999999318,-84,336.51999999998225
100.065,0.09000000000000341,-72,337.69999999998345
100.065,0.09000000000000341,-73,337.7449999999835
100.065,0.09000000000000341,-72,337.7899999999827
100.065,0.09000000000000341,-72,337.7899999999827
100.065,0.09000000000000341,-72,337.7899999999827
100.065,0.09000000000000341,-72,337.7899999999827
100.065,0.09000000000000341,-72,337.7899999999827
100.065,0.09000000000000341,-72,337.7899999999827
100.065,0.09000000000000341,-72,337.7899999999827
100.065,0.09000000000000341,-72,337.7899999999827
100.065,0.09000000000000341,-72,337.7899999999827
100.065,0.09000000000000341,-72,337.7899999999827
100.065,0.09000000000000341,-72,337.7899999999827
100.065,0.09000000000000341,-72,337.7899999999827
100.065,0.09000000000000341,-72,337.7899999999827
100.065,0.09000000000000341,-72,337.7899999999827
100.065,0.09000000000000341,-68,337.969999999983
100.065,0.09000000000000341,-68,337.969999999983
100.065,0.09000000000000341,-68,337.969999999983
100.065,0.09000000000000341,-68,337.969999999983
100.065,0.09000000000000341,-68,337.969999999983
100.065,0.09000000000000341,-68,337.969999999983
100.065,0.09000000000000341,-68,337.969999999983
100.065,0.09000000000000341,-67,338.01499999998305
100.065,0.09000000000000341,-68,338.0599999999822
100.065,0.09000000000000341,-68,338.0599999999822
100.065,0.09000000000000341,-69,338.1049999999823
100.065,0.09000000000000341,-69,338.1049999999823
100.065,0.09000000000000341,-68,338.14999999998145
100.065,0.09000000000000341,-68,338.14999999998145
100.065,0.09000000000000341,-67,338.1949999999815
100.065,0.09000000000000341,-67,338.1949999999815
100.065,0.09000000000000341,-67,338.1949999999815
100.065,0.09000000000000341,-67,338.1949999999815
100.065,0.09000000000000341,-67,338.1949999999815
100.065,0.09000000000000341,-67,338.1949999999815
100.065,0.09000000000000341,-67,338.1949999999815
100.065,0.09000000000000341,-67,338.1949999999815
100.065,0.09000000000000341,-60,338.5099999999811
100.065,0.09000000000000341,-60,338.5099999999811
100.065,0.09000000000000341,-60,338.5099999999811
100.065,0.09000000000000341,-60,338.5099999999811
100.065,0.09000000000000341,-60,338.5099999999811
100.065,0.09000000000000341,-60,338.5099999999811
100.065,0.09000000000000341,-60,338.5099999999811
100.055,0.10999999999999943,-55,339.3249999999798
100.055,0.10999999999999943,-55,339.3249999999798
100.055,0.10999999999999943,-55,339.3249999999798
100.055,0.10999999999999943,-55,339.3249999999798
100.055,0.10999999999999943,-55,339.3249999999798
100.055,0.10999999999999943,-55,339.3249999999798
100.055,0.10999999999999943,-55,339.3249999999798
100.055,0.10999999999999943,-55,339.3249999999798
100.055,0.10999999999999943,-55,339.3249999999798
100.055,0.10999999999999943,-38,340.2599999999802
100.055,0.10999999999999943,-42,340.47999999997955
100.055,0.10999999999999943,-42,340.47999999997955
100.055,0.10999999999999943,-47,340.7549999999801
100.055,0.10999999999999943,-47,340.7549999999801
100.055,0.10999999999999943,-48,340.8099999999795
100.055,0.10999999999999943,-41,341.1949999999797
100.055,0.10999999999999943,-41,341.1949999999797
100.055,0.10999999999999943,-41,341.1949999999797
100.055,0.10999999999999943,-41,341.1949999999797
100.055,0.10999999999999943,-40,341.24999999997954
100.055,0.10999999999999943,-40,341.24999999997954
100.055,0.10999999999999943,-40,341.24999999997954
100.055,0.10999999999999943,-34,341.57999999997946
100.055,0.10999999999999943,-34,341.57999999997946
100.055,0.10999999999999943,-34,341.57999999997946
100.055,0.10999999999999943,-34,341.57999999997946
100.055,0.10999999999999943,-34,341.57999999997946
100.055,0.10999999999999943,-22,342.2399999999798
100.055,0.10999999999999943,-22,342.2399999999798
100.055,0.10999999999999943,-16,342.5699999999797
100.055,0.10999999999999943,-16,342.5699999999797
100.055,0.10999999999999943,-16,342.5699999999797
100.055,0.10999999999999943,-12,342.7899999999797
100.055,0.10999999999999943,-12,342.7899999999797
100.055,0.10999999999999943,-12,342.7899999999797
100.055,0.10999999999999943,-12,342.7899999999797
100.055,0.10999999999999943,-12,342.7899999999797
100.055,0.10999999999999943,-12,342.7899999999797
100.055,0.10999999999999943,-6,343.11999999997977
100.055,0.10999999999999943,1,343.5049999999798
100.055,0.10999999999999943,1,343.5049999999798
100.055,0.10999999999999943,1,343.5049999999798
100.055,0.10999999999999943,2,343.5599999999798
100.055,0.10999999999999943,2,343.5599999999798
100.055,0.10999999999999943,-7,344.0549999999798
100.055,0.10999999999999943,-7,344.0549999999798
100.055,0.10999999999999943,-6,344.1099999999798
100.055,0.10999999999999943,-6,344.1099999999798
100.055,0.10999999999999943,-6,344.1099999999798
100.055,0.10999999999999943,-6,344.1099999999798
100.055,0.10999999999999943,2,344.54999999997983
100.055,0.10999999999999943,2,344.54999999997983
100.055,0.10999999999999943,2,344.54999999997983
100.055,0.10999999999999943,2,344.54999999997983
100.055,0.10999999999999943,4,344.65999999997985
100.055,0.10999999999999943,4,344.65999999997985
100.06,0.12000000000000455,-2,345.00999999997987
100.06,0.12000000000000455,-2,345.00999999997987
100.06,0.12000000000000455,-4,345.1299999999799
100.06,0.12000000000000455,-21,346.1499999999796
100.06,0.12000000000000455,-21,346.1499999999796
100.06,0.12000000000000455,-21,346.1499999999796
100.06,0.12000000000000455,-21,346.1499999999796
100.06,0.12000000000000455,-21,346.1499999999796
100.06,0.12000000000000455,-33,346.8699999999799
100.06,0.12000000000000455,-33,346.8699999999799
100.06,0.12000000000000455,-33,346.8699999999799
100.06,0.12000000000000455,-33,346.8699999999799
100.06,0.12000000000000455,-37,347.10999999997966
100.06,0.12000000000000455,-37,347.10999999997966
100.06,0.12000000000000455,-37,347.10999999997966
100.06,0.12000000000000455,-37,347.10999999997966
100.06,0.12000000000000455,-37,347.10999999997966
100.06,0.12000000000000455,-37,347.10999999997966
100.06,0.12000000000000455,-37,347.10999999997966
100.06,0.12000000000000455,-37,347.10999999997966
100.06,0.12000000000000455,-37,347.10999999997966
100.06,0.12000000000000455,-37,347.10999999997966
100.06,0.12000000000000455,-37,347.10999999997966
100.06,0.12000000000000455,-37,347.10999999997966
100.06,0.12000000000000455,-42,347.40999999997985
100.06,0.12000000000000455,-42,347.40999999997985
100.06,0.12000000000000455,-49,347.8299999999799
100.06,0.12000000000000455,-49,347.8299999999799
100.06,0.12000000000000455,-49,347.8299999999799
100.06,0.12000000000000455,-49,347.8299999999799
100.06,0.12000000000000455,-49,347.8299999999799
100.06,0.12000000000000455,-66,348.84999999998035
100.06,0.12000000000000455,-66,348.84999999998035
100.06,0.12000000000000455,-69,349.02999999997974
100.06,0.12000000000000455,-69,349.02999999997974
100.06,0.12000000000000455,-69,349.02999999997974
100.06,0.12000000000000455,-68,349.08999999998014
100.06,0.12000000000000455,-68,349.08999999998014
100.06,0.12000000000000455,-68,349.08999999998014
100.06,0.12000000000000455,-68,349.08999999998014
100.06,0.12000000000000455,-68,349.08999999998014
100.06,0.12000000000000455,-68,349.08999999998014
100.06,0.12000000000000455,-68,349.08999999998014
100.06,0.12000000000000455,-68,349.08999999998014
100.06,0.12000000000000455,-69,349.1499999999796
100.06,0.12000000000000455,-69,349.1499999999796
100.06,0.12000000000000455,-69,349.1499999999796
100.06,0.12000000000000455,-54,350.0499999999802
100.06,0.12000000000000455,-54,350.0499999999802
100.06,0.12000000000000455,-53,350.10999999997966
100.06,0.12000000000000455,-53,350.10999999997966
100.06,0.12000000000000455,-53,350.10999999997966
100.06,0.12000000000000455,-53,350.10999999997966
100.06,0.12000000000000455,-53,350.10999999997966
100.06,0.12000000000000455,-55,350.22999999997955
100.06,0.12000000000000455,-43,350.9499999999798
100.06,0.12000000000000455,-43,350.9499999999798
100.06,0.12000000000000455,-44,351.0099999999793
100.06,0.12000000000000455,-44,351.0099999999793
100.06,0.12000000000000455,-44,351.0099999999793
100.06,0.12000000000000455,-44,351.0099999999793
100.06,0.12000000000000455,-60,351.96999999997934
100.06,0.12000000000000455,-44,352.9299999999794
100.06,0.12000000000000455,-44,352.9299999999794
100.06,0.12000000000000455,-43,352.9899999999798
100.06,0.12000000000000455,-44,353.04999999997926
100.06,0.12000000000000455,-44,353.04999999997926
100.06,0.12000000000000455,-46,353.16999999997915
100.06,0.12000000000000455,-57,353.8299999999799
100.06,0.12000000000000455,-57,353.8299999999799
100.06,0.12000000000000455,-56,353.8899999999794
100.06,0.12000000000000455,-56,353.8899999999794
100.06,0.12000000000000455,-56,353.8899999999794
100.06,0.12000000000000455,-56,353.8899999999794
100.06,0.12000000000000455,-53,354.0699999999797
100.06,0.12000000000000455,-42,354.72999999997955
100.06,0.12000000000000455,-42,354.72999999997955
100.06,0.12000000000000455,-39,354.90999999997985
100.06,0.12000000000000455,-39,354.90999999997985
100.06,0.12000000000000455,-39,354.90999999997985
100.06,0.12000000000000455,-39,354.90999999997985
100.06,0.12000000000000455,-43,355.1499999999796
100.055,0.13000000000000966,-41,355.47499999997945
100.055,0.13000000000000966,-41,355.47499999997945
100.055,0.13000000000000966,-41,355.47499999997945
100.055,0.13000000000000966,-40,355.5399999999795
100.055,0.13000000000000966,-39,355.60499999997955
100.055,0.13000000000000966,-39,355.60499999997955
100.055,0.13000000000000966,-39,355.60499999997955
100.055,0.13000000000000966,-39,355.60499999997955
100.055,0.13000000000000966,-39,355.60499999997955
100.065,0.15000000000000568,-55,356.37499999998
100.065,0.15000000000000568,-55,356.37499999998
100.065,0.15000000000000568,-55,356.37499999998
100.065,0.15000000000000568,-55,356.37499999998
100.065,0.15000000000000568,-55,356.37499999998
100.065,0.15000000000000568,-55,356.37499999998
100.065,0.15000000000000568,-56,356.4499999999807
100.065,0.15000000000000568,-56,356.4499999999807
100.065,0.15000000000000568,-56,356.4499999999807
100.065,0.15000000000000568,-55,356.52499999998054
100.065,0.15000000000000568,-56,356.59999999998126
100.065,0.15000000000000568,-54,356.7499999999809
100.065,0.15000000000000568,-56,356.89999999998145
100.065,0.15000000000000568,-56,356.89999999998145
100.065,0.15000000000000568,-56,356.89999999998145
100.065,0.15000000000000568,-39,358.1749999999811
100.065,0.15000000000000568,-39,358.1749999999811
100.065,0.15000000000000568,-39,358.1749999999811
100.065,0.15000000000000568,-39,358.1749999999811
100.065,0.15000000000000568,-38,358.24999999998136
100.065,0.15000000000000568,-39,358.3249999999816
100.065,0.15000000000000568,-39,358.3249999999816
100.065,0.15000000000000568,-36,358.54999999998154
100.065,0.15000000000000568,-36,358.54999999998154
100.065,0.15000000000000568,-36,358.54999999998154
100.065,0.15000000000000568,-37,358.6249999999818
100.065,0.15000000000000568,-37,358.6249999999818
100.065,0.15000000000000568,-37,358.6249999999818
100.065,0.15000000000000568,-30,359.1499999999819
100.065,0.15000000000000568,-30,359.1499999999819
100.065,0.15000000000000568,-30,359.1499999999819
100.065,0.15000000000000568,-30,359.1499999999819
100.065,0.15000000000000568,-30,359.1499999999819
100.065,0.15000000000000568,-30,359.1499999999819
100.065,0.15000000000000568,-30,359.1499999999819
100.065,0.15000000000000568,-30,359.1499999999819
100.065,0.15000000000000568,-30,359.1499999999819
100.065,0.15000000000000568,-31,359.2249999999817
100.065,0.15000000000000568,-24,359.7499999999818
100.065,0.15000000000000568,-24,359.7499999999818
100.065,0.15000000000000568,-24,359.7499999999818
100.065,0.15000000000000568,-35,360.5749999999816
100.065,0.15000000000000568,-35,360.5749999999816
100.065,0.15000000000000568,-36,360.64999999998145
100.065,0.15000000000000568,-36,360.64999999998145
100.065,0.15000000000000568,-43,361.1749999999811
100.065,0.15000000000000568,-43,361.1749999999811
100.065,0.15000000000000568,-42,361.2499999999818
100.065,0.15000000000000568,-42,361.2499999999818
100.065,0.15000000000000568,-42,361.2499999999818
100.065,0.15000000000000568,-42,361.2499999999818
100.065,0.15000000000000568,-42,361.2499999999818
100.065,0.15000000000000568,-36,361.6999999999812
100.065,0.15000000000000568,-36,361.6999999999812
100.065,0.15000000000000568,-25,362.52499999998145
100.065,0.15000000000000568,-25,362.52499999998145
100.065,0.15000000000000568,-25,362.52499999998145
100.065,0.15000000000000568,-25,362.52499999998145
100.065,0.15000000000000568,-25,362.52499999998145
100.065,0.15000000000000568,-25,362.52499999998145
100.065,0.15000000000000568,-25,362.52499999998145
100.065,0.15000000000000568,-25,362.52499999998145
100.065,0.15000000000000568,-28,362.7499999999818
100.065,0.15000000000000568,-30,362.8999999999819
100.065,0.15000000000000568,-30,362.8999999999819
100.065,0.15000000000000568,-33,363.1249999999818
100.065,0.15000000000000568,-33,363.1249999999818
100.065,0.15000000000000568,-33,363.1249999999818
100.065,0.15000000000000568,-33,363.1249999999818
100.065,0.15000000000000568,-33,363.1249999999818
100.065,0.15000000000000568,-32,363.1999999999821
100.065,0.15000000000000568,-31,363.27499999998236
100.065,0.15000000000000568,-19,364.1749999999827
100.065,0.15000000000000568,-19,364.1749999999827
100.065,0.15000000000000568,-19,364.1749999999827
100.065,0.15000000000000568,-19,364.1749999999827
100.065,0.15000000000000568,-19,364.1749999999827
100.065,0.15000000000000568,-19,364.1749999999827
100.065,0.15000000000000568,-19,364.1749999999827
100.065,0.15000000000000568,-19,364.1749999999827
100.065,0.15000000000000568,-19,364.1749999999827
100.065,0.15000000000000568,-19,364.1749999999827
100.07,0.1600000000000108,-30,364.9399999999828
100.07,0.1600000000000108,-31,365.01999999998316
100.07,0.1600000000000108,-31,365.01999999998316
100.07,0.1600000000000108,-18,366.0599999999831
100.07,0.1600000000000108,-18,366.0599999999831
100.07,0.1600000000000108,-18,366.0599999999831
100.07,0.1600000000000108,-18,366.0599999999831
100.07,0.1600000000000108,-22,366.37999999998283
100.07,0.1600000000000108,-38,367.6599999999835
100.07,0.1600000000000108,-38,367.6599999999835
100.07,0.1600000000000108,-49,368.5399999999836
100.07,0.1600000000000108,-49,368.5399999999836
100.07,0.1600000000000108,-49,368.5399999999836
100.07,0.1600000000000108,-49,368.5399999999836
100.07,0.1600000000000108,-48,368.6199999999835
100.07,0.1600000000000108,-48,368.6199999999835
100.07,0.1600000000000108,-48,368.6199999999835
100.07,0.1600000000000108,-48,368.6199999999835
100.07,0.1600000000000108,-49,368.69999999998345
100.07,0.1600000000000108,-49,368.69999999998345
100.07,0.1600000000000108,-48,368.7799999999834
100.07,0.1600000000000108,-50,368.93999999998323
100.07,0.1600000000000108,-50,368.93999999998323
100.07,0.1600000000000108,-50,368.93999999998323
100.07,0.1600000000000108,-50,368.93999999998323
100.07,0.1600000000000108,-36,370.05999999998403
100.07,0.1600000000000108,-36,370.05999999998403
100.07,0.1600000000000108,-36,370.05999999998403
100.07,0.1600000000000108,-25,370.9399999999837
100.07,0.1600000000000108,-25,370.9399999999837
100.07,0.1600000000000108,-30,371.3399999999838
100.07499999999999,0.1700000000000017,-35,371.6049999999841
100.07499999999999,0.1700000000000017,-35,371.6049999999841
100.07499999999999,0.1700000000000017,-35,371.6049999999841
100.07499999999999,0.1700000000000017,-35,371.6049999999841
100.07499999999999,0.1700000000000017,-35,371.6049999999841
100.07499999999999,0.1700000000000017,-29,372.11499999998387
100.07499999999999,0.1700000000000017,-28,372.19999999998436
100.07499999999999,0.1700000000000017,-28,372.19999999998436
100.08,0.18000000000000682,-41,373.1699999999846
100.08,0.18000000000000682,-38,373.43999999998414
100.08,0.18000000000000682,-35,373.7099999999846
100.08,0.18000000000000682,-35,373.7099999999846
100.08,0.18000000000000682,-39,374.06999999998425
100.08,0.18000000000000682,-39,374.06999999998425
100.08,0.18000000000000682,-39,374.06999999998425
100.075,0.18999999999999773,-25,375.54499999998416
100.075,0.18999999999999773,-25,375.54499999998416
100.075,0.18999999999999773,-25,375.54499999998416
100.075,0.18999999999999773,-25,375.54499999998416
100.075,0.18999999999999773,-20,376.01999999998407
100.075,0.18999999999999773,-20,376.01999999998407
100.075,0.18999999999999773,-20,376.01999999998407
100.075,0.18999999999999773,-20,376.01999999998407
100.075,0.18999999999999773,-18,376.2099999999839
100.075,0.18999999999999773,-18,376.2099999999839
100.075,0.18999999999999773,-18,376.2099999999839
100.075,0.18999999999999773,-18,376.2099999999839
100.075,0.18999999999999773,-18,376.2099999999839
100.075,0.18999999999999773,-18,376.2099999999839
100.075,0.18999999999999773,-18,376.2099999999839
100.075,0.18999999999999773,-18,376.2099999999839
100.075,0.18999999999999773,-18,376.2099999999839
100.075,0.18999999999999773,-18,376.2099999999839
100.075,0.18999999999999773,-20,376.3999999999842
100.08000000000001,0.20000000000000284,-49,378.929999999983
100.08000000000001,0.20000000000000284,-49,378.929999999983
100.08000000000001,0.20000000000000284,-56,379.62999999998374
100.08000000000001,0.20000000000000284,-47,380.5299999999843
100.08000000000001,0.20000000000000284,-44,380.82999999998447
100.08000000000001,0.20000000000000284,-44,380.82999999998447
100.08000000000001,0.20000000000000284,-44,380.82999999998447
100.08000000000001,0.20000000000000284,-44,380.82999999998447
100.08000000000001,0.20000000000000284,-44,380.82999999998447
100.08000000000001,0.20000000000000284,-44,380.82999999998447
100.08000000000001,0.20000000000000284,-44,380.82999999998447
100.08000000000001,0.20000000000000284,-45,380.92999999998483
100.08000000000001,0.20000000000000284,-45,380.92999999998483
100.08000000000001,0.20000000000000284,-45,380.92999999998483
100.08000000000001,0.20000000000000284,-45,380.92999999998483
100.08000000000001,0.20000000000000284,-45,380.92999999998483
100.08000000000001,0.20000000000000284,-44,381.0299999999852
100.08000000000001,0.20000000000000284,-44,381.0299999999852
100.08000000000001,0.20000000000000284,-43,381.12999999998556
100.08000000000001,0.20000000000000284,-43,381.12999999998556
100.08000000000001,0.20000000000000284,-43,381.12999999998556
100.08000000000001,0.20000000000000284,-42,381.2299999999859
100.08000000000001,0.20000000000000284,-41,381.3299999999863
100.08000000000001,0.20000000000000284,-31,382.3299999999863
100.08000000000001,0.20000000000000284,-31,382.3299999999863
100.08000000000001,0.20000000000000284,-31,382.3299999999863
100.08000000000001,0.20000000000000284,-35,382.7299999999864
100.08000000000001,0.20000000000000284,-32,383.02999999998656
100.08000000000001,0.20000000000000284,-40,383.8299999999863
100.08000000000001,0.20000000000000284,-40,383.8299999999863
100.08000000000001,0.20000000000000284,-40,383.8299999999863
100.08000000000001,0.20000000000000284,-44,384.22999999998683
100.08000000000001,0.20000000000000284,-44,384.22999999998683
100.08000000000001,0.20000000000000284,-44,384.22999999998683
100.08000000000001,0.20000000000000284,-44,384.22999999998683
100.08000000000001,0.20000000000000284,-44,384.22999999998683
100.08000000000001,0.20000000000000284,-44,384.22999999998683
100.08000000000001,0.20000000000000284,-44,384.22999999998683
100.08000000000001,0.20000000000000284,-38,384.82999999998674
100.08000000000001,0.20000000000000284,-42,385.22999999998683
100.08000000000001,0.20000000000000284,-42,385.22999999998683
100.08000000000001,0.20000000000000284,-42,385.22999999998683
100.08000000000001,0.20000000000000284,-42,385.22999999998683
100.08000000000001,0.20000000000000284,-43,385.3299999999872
100.08000000000001,0.20000000000000284,-43,385.3299999999872
100.08000000000001,0.20000000000000284,-48,385.8299999999872
100.08000000000001,0.20000000000000284,-47,385.92999999998756
100.08000000000001,0.20000000000000284,-51,386.3299999999872
100.08000000000001,0.20000000000000284,-51,386.3299999999872
100.08000000000001,0.20000000000000284,-45,386.92999999998756
100.08000000000001,0.20000000000000284,-50,387.42999999998665
100.08000000000001,0.20000000000000284,-50,387.42999999998665
100.08000000000001,0.20000000000000284,-50,387.42999999998665
100.08000000000001,0.20000000000000284,-50,387.42999999998665
100.08000000000001,0.20000000000000284,-50,387.42999999998665
100.08000000000001,0.20000000000000284,-50,387.42999999998665
100.08000000000001,0.20000000000000284,-50,387.42999999998665
100.08000000000001,0.20000000000000284,-50,387.42999999998665
100.08000000000001,0.20000000000000284,-57,388.1299999999874
100.08000000000001,0.20000000000000284,-57,388.1299999999874
100.08000000000001,0.20000000000000284,-57,388.1299999999874
100.08000000000001,0.20000000000000284,-57,388.1299999999874
100.08000000000001,0.20000000000000284,-56,388.22999999998774
100.08000000000001,0.20000000000000284,-56,388.22999999998774
100.08000000000001,0.20000000000000284,-59,388.529999999987
100.08000000000001,0.20000000000000284,-59,388.529999999987
100.08000000000001,0.20000000000000284,-59,388.529999999987
100.08000000000001,0.20000000000000284,-72,389.8299999999872
100.08000000000001,0.20000000000000284,-72,389.8299999999872
100.08000000000001,0.20000000000000284,-91,391.72999999998683
100.08500000000001,0.19000000000001194,-91,391.2749999999869
100.09,0.18000000000000682,-91,390.819999999987
100.09,0.18000000000000682,-91,390.819999999987
100.09,0.18000000000000682,-91,390.819999999987
100.09,0.18000000000000682,-91,390.819999999987
100.09,0.18000000000000682,-91,390.819999999987
100.09,0.18000000000000682,-92,390.9099999999871
100.095,0.1700000000000017,-92,390.449999999988
100.1,0.1600000000000108,-87,390.3899999999885
100.1,0.1600000000000108,-87,390.3899999999885
100.1,0.1600000000000108,-86,390.4699999999866
100.1,0.1600000000000108,-83,390.7099999999882
100.1,0.1600000000000108,-83,390.7099999999882
100.1,0.1600000000000108,-83,390.7099999999882
100.1,0.1600000000000108,-83,390.7099999999882
100.1,0.1600000000000108,-83,390.7099999999882
100.1,0.1600000000000108,-83,390.7099999999882
100.09,0.18000000000000682,-72,392.4099999999862
100.09,0.18000000000000682,-72,392.4099999999862
100.09,0.18000000000000682,-72,392.4099999999862
100.09,0.18000000000000682,-67,392.85999999998603
100.09,0.18000000000000682,-68,392.9499999999871
100.09,0.18000000000000682,-63,393.3999999999869
100.09,0.18000000000000682,-64,393.48999999998705
100.09,0.18000000000000682,-65,393.5799999999872
100.09,0.18000000000000682,-66,393.66999999998734
100.09,0.18000000000000682,-66,393.66999999998734
100.09,0.18000000000000682,-66,393.66999999998734
100.09,0.18000000000000682,-65,393.7599999999875
100.09,0.18000000000000682,-65,393.7599999999875
100.09,0.18000000000000682,-65,393.7599999999875
100.09,0.18000000000000682,-66,393.84999999998763
100.09,0.18000000000000682,-66,393.84999999998763
100.09,0.18000000000000682,-66,393.84999999998763
100.09,0.18000000000000682,-66,393.84999999998763
100.09,0.18000000000000682,-66,393.84999999998763
100.09,0.18000000000000682,-58,394.5699999999879
100.09,0.18000000000000682,-61,394.8399999999883
100.09,0.18000000000000682,-61,394.8399999999883
100.09,0.18000000000000682,-61,394.8399999999883
100.09,0.18000000000000682,-61,394.8399999999883
100.09,0.18000000000000682,-54,395.4699999999875
100.09,0.18000000000000682,-54,395.4699999999875
100.09,0.18000000000000682,-54,395.4699999999875
100.09,0.18000000000000682,-54,395.4699999999875
100.09,0.18000000000000682,-54,395.4699999999875
100.09,0.18000000000000682,-54,395.4699999999875
100.09,0.18000000000000682,-54,395.4699999999875
100.09,0.18000000000000682,-54,395.4699999999875
100.09,0.18000000000000682,-54,395.4699999999875
100.09,0.18000000000000682,-50,395.8299999999881
100.09,0.18000000000000682,-50,395.8299999999881
100.09,0.18000000000000682,-50,395.8299999999881
100.09,0.18000000000000682,-54,396.1899999999878
100.09,0.18000000000000682,-54,396.1899999999878
100.09,0.18000000000000682,-63,396.9999999999882
100.09,0.18000000000000682,-61,397.17999999998847
100.09,0.18000000000000682,-67,397.7199999999875
100.09,0.18000000000000682,-67,397.7199999999875
100.09,0.18000000000000682,-69,397.8999999999878
100.09,0.18000000000000682,-70,397.98999999998796
100.09,0.18000000000000682,-70,397.98999999998796
100.09,0.18000000000000682,-70,397.98999999998796
100.09,0.18000000000000682,-71,398.0799999999881
100.09,0.18000000000000682,-71,398.0799999999881
100.09,0.18000000000000682,-71,398.0799999999881
100.09,0.18000000000000682,-78,398.7099999999882
100.09,0.18000000000000682,-78,398.7099999999882
100.09,0.18000000000000682,-78,398.7099999999882
100.09,0.18000000000000682,-78,398.7099999999882
100.09,0.18000000000000682,-78,398.7099999999882
100.09,0.18000000000000682,-72,399.2499999999882
100.09,0.18000000000000682,-72,399.2499999999882
100.095,0.18999999999999773,-79,399.5149999999894
100.095,0.18999999999999773,-76,399.79999999998927
100.095,0.18999999999999773,-77,399.8949999999895
100.095,0.18999999999999773,-71,400.46499999998923
100.095,0.18999999999999773,-69,400.65499999998883
100.095,0.18999999999999773,-64,401.1299999999892
100.095,0.18999999999999773,-62,401.3199999999888
100.095,0.18999999999999773,-73,402.3649999999898
100.095,0.18999999999999773,-73,402.3649999999898
100.095,0.18999999999999773,-76,402.6499999999887
100.095,0.18999999999999773,-77,402.744999999989
100.095,0.18999999999999773,-76,402.8399999999883
100.095,0.18999999999999773,-76,402.8399999999883
100.095,0.18999999999999773,-76,402.8399999999883
100.095,0.18999999999999773,-76,402.8399999999883
100.095,0.18999999999999773,-76,402.8399999999883
100.09,0.20000000000000284,-66,404.1899999999878
100.09,0.20000000000000284,-66,404.1899999999878
100.09,0.20000000000000284,-66,404.1899999999878
100.09,0.20000000000000284,-66,404.1899999999878
100.09,0.20000000000000284,-66,404.1899999999878
100.09,0.20000000000000284,-66,404.1899999999878
100.09,0.20000000000000284,-66,404.1899999999878
100.09,0.20000000000000284,-66,404.1899999999878
100.09,0.20000000000000284,-66,404.1899999999878
100.09,0.20000000000000284,-65,404.28999999998814
100.09,0.20000000000000284,-64,404.3899999999885
100.09,0.20000000000000284,-64,404.3899999999885
100.09,0.20000000000000284,-64,404.3899999999885
100.09,0.20000000000000284,-69,404.8899999999885
100.09,0.20000000000000284,-74,405.3899999999885
100.09,0.20000000000000284,-74,405.3899999999885
100.09,0.20000000000000284,-74,405.3899999999885
100.09,0.20000000000000284,-74,405.3899999999885
100.09,0.20000000000000284,-74,405.3899999999885
100.09,0.20000000000000284,-74,405.3899999999885
100.09,0.20000000000000284,-74,405.3899999999885
100.09,0.20000000000000284,-74,405.3899999999885
100.09,0.20000000000000284,-74,405.3899999999885
100.08500000000001,0.20999999999999375,-69,406.2749999999878
100.08500000000001,0.20999999999999375,-69,406.2749999999878
100.08500000000001,0.20999999999999375,-69,406.2749999999878
100.08500000000001,0.20999999999999375,-71,406.48499999998785
100.08500000000001,0.20999999999999375,-71,406.48499999998785
100.08500000000001,0.20999999999999375,-72,406.5899999999874
100.08500000000001,0.20999999999999375,-72,406.5899999999874
100.08500000000001,0.20999999999999375,-72,406.5899999999874
100.08500000000001,0.20999999999999375,-76,407.0099999999875
100.08500000000001,0.20999999999999375,-85,407.954999999989
100.08500000000001,0.20999999999999375,-80,408.47999999998865
100.08500000000001,0.20999999999999375,-80,408.47999999998865
100.08500000000001,0.20999999999999375,-80,408.47999999998865
100.08500000000001,0.20999999999999375,-80,408.47999999998865
100.08500000000001,0.20999999999999375,-80,408.47999999998865
100.08500000000001,0.20999999999999375,-80,408.47999999998865
100.08500000000001,0.20999999999999375,-80,408.47999999998865
100.08500000000001,0.20999999999999375,-80,408.47999999998865
100.08500000000001,0.20999999999999375,-79,408.5849999999891
100.08500000000001,0.20999999999999375,-79,408.5849999999891
100.08500000000001,0.20999999999999375,-79,408.5849999999891
100.08500000000001,0.20999999999999375,-79,408.5849999999891
100.09,0.21999999999999886,-86,408.90999999999076
100.09,0.21999999999999886,-95,409.8999999999887
100.12,0.1599999999999966,-95,407.0499999999902
100.13499999999999,0.13000000000000966,-96,405.6899999999914
100.14500000000001,0.10999999999999943,-96,404.72999999998865
100.155,0.09000000000000341,-95,403.8149999999896
100.155,0.09000000000000341,-95,403.8149999999896
100.155,0.09000000000000341,-95,403.8149999999896
100.155,0.09000000000000341,-95,403.8149999999896
100.155,0.09000000000000341,-91,403.9949999999899
100.155,0.09000000000000341,-92,404.03999999998996
100.155,0.09000000000000341,-92,404.03999999998996
100.155,0.09000000000000341,-92,404.03999999998996
100.155,0.09000000000000341,-92,404.03999999998996
100.155,0.09000000000000341,-92,404.03999999998996
100.155,0.09000000000000341,-92,404.03999999998996
100.155,0.09000000000000341,-92,404.03999999998996
100.155,0.09000000000000341,-92,404.03999999998996
100.155,0.09000000000000341,-92,404.03999999998996
100.155,0.09000000000000341,-92,404.03999999998996
100.155,0.09000000000000341,-94,404.1299999999901
100.155,0.09000000000000341,-90,404.3099999999886
100.155,0.09000000000000341,-90,404.3099999999886
100.155,0.09000000000000341,-90,404.3099999999886
100.155,0.09000000000000341,-90,404.3099999999886
100.155,0.09000000000000341,-85,404.53499999999076
100.155,0.09000000000000341,-86,404.57999999999083
100.155,0.09000000000000341,-88,404.669999999991
100.155,0.09000000000000341,-87,404.71499999998923
100.155,0.09000000000000341,-88,404.7599999999911
100.155,0.09000000000000341,-88,404.7599999999911
100.155,0.09000000000000341,-88,404.7599999999911
100.155,0.09000000000000341,-90,404.84999999998945
100.155,0.09000000000000341,-90,404.84999999998945
100.155,0.09000000000000341,-90,404.84999999998945
100.155,0.09000000000000341,-89,404.8949999999895
100.155,0.09000000000000341,-81,405.2549999999901
100.155,0.09000000000000341,-81,405.2549999999901
100.155,0.09000000000000341,-81,405.2549999999901
100.155,0.09000000000000341,-81,405.2549999999901
100.155,0.09000000000000341,-81,405.2549999999901
100.155,0.09000000000000341,-81,405.2549999999901
100.155,0.09000000000000341,-81,405.2549999999901
100.155,0.09000000000000341,-81,405.2549999999901
100.155,0.09000000000000341,-77,405.4349999999904
100.155,0.09000000000000341,-77,405.4349999999904
100.155,0.09000000000000341,-93,406.15499999998974
100.155,0.09000000000000341,-93,406.15499999998974
100.155,0.09000000000000341,-93,406.15499999998974
100.155,0.09000000000000341,-93,406.15499999998974
100.155,0.09000000000000341,-93,406.15499999998974
100.155,0.09000000000000341,-93,406.15499999998974
100.155,0.09000000000000341,-95,406.2449999999899
100.155,0.09000000000000341,-91,406.4249999999902
100.155,0.09000000000000341,-91,406.4249999999902
100.155,0.09000000000000341,-100,406.829999999989
100.18,0.04000000000000625,-97,404.3899999999885
100.18,0.04000000000000625,-97,404.3899999999885
100.18,0.04000000000000625,-91,404.5099999999875
100.17500000000001,0.04999999999999716,-83,405.1549999999879
100.17500000000001,0.04999999999999716,-83,405.1549999999879
100.17500000000001,0.04999999999999716,-84,405.1799999999894
100.17500000000001,0.04999999999999716,-85,405.204999999989
100.17500000000001,0.04999999999999716,-85,405.204999999989
100.17500000000001,0.04999999999999716,-85,405.204999999989
100.17500000000001,0.04999999999999716,-85,405.204999999989
100.17500000000001,0.04999999999999716,-85,405.204999999989
100.17500000000001,0.04999999999999716,-84,405.22999999999047
100.17500000000001,0.04999999999999716,-84,405.22999999999047
100.17500000000001,0.04999999999999716,-83,405.2549999999901
100.17500000000001,0.04999999999999716,-83,405.2549999999901
100.17500000000001,0.04999999999999716,-93,405.5049999999901
100.17500000000001,0.04999999999999716,-93,405.5049999999901
100.17500000000001,0.04999999999999716,-93,405.5049999999901
100.17500000000001,0.04999999999999716,-93,405.5049999999901
100.17500000000001,0.04999999999999716,-93,405.5049999999901
100.17500000000001,0.04999999999999716,-97,405.60499999999047
100.17500000000001,0.04999999999999716,-97,405.60499999999047
100.17500000000001,0.04999999999999716,-93,405.704999999989
100.17500000000001,0.04999999999999716,-79,406.0549999999894
100.17500000000001,0.04999999999999716,-79,406.0549999999894
100.17500000000001,0.04999999999999716,-79,406.0549999999894
100.17500000000001,0.04999999999999716,-79,406.0549999999894
100.17500000000001,0.04999999999999716,-79,406.0549999999894
100.17500000000001,0.04999999999999716,-79,406.0549999999894
100.17500000000001,0.04999999999999716,-79,406.0549999999894
100.17500000000001,0.04999999999999716,-79,406.0549999999894
100.17500000000001,0.04999999999999716,-79,406.0549999999894
100.17500000000001,0.04999999999999716,-79,406.0549999999894
100.17500000000001,0.04999999999999716,-79,406.0549999999894
100.17500000000001,0.04999999999999716,-79,406.0549999999894
100.17500000000001,0.04999999999999716,-79,406.0549999999894
100.17500000000001,0.04999999999999716,-80,406.0799999999899
100.17500000000001,0.04999999999999716,-79,406.10499999999047
100.17500000000001,0.04999999999999716,-79,406.10499999999047
100.18,0.05999999999998806,-91,406.0199999999895
100.18,0.05999999999998806,-91,406.0199999999895
100.18,0.05999999999998806,-91,406.0199999999895
100.18,0.05999999999998806,-91,406.0199999999895
100.18,0.05999999999998806,-91,406.0199999999895
100.18,0.05999999999998806,-90,406.0499999999902
100.18,0.05999999999998806,-90,406.0499999999902
100.18,0.05999999999998806,-90,406.0499999999902
100.18,0.05999999999998806,-90,406.0499999999902
100.18,0.05999999999998806,-90,406.0499999999902
100.18,0.05999999999998806,-90,406.0499999999902
100.18,0.05999999999998806,-90,406.0499999999902
100.18,0.05999999999998806,-90,406.0499999999902
100.18,0.05999999999998806,-81,406.3199999999897
100.16,0.09999999999999432,-78,408.0099999999911
100.16,0.09999999999999432,-78,408.0099999999911
100.16,0.09999999999999432,-84,408.3099999999904
100.16,0.09999999999999432,-84,408.3099999999904
100.16,0.09999999999999432,-89,408.5599999999904
100.16,0.09999999999999432,-87,408.65999999999076
100.16,0.09999999999999432,-87,408.65999999999076
100.16,0.09999999999999432,-86,408.70999999999003
100.16,0.09999999999999432,-86,408.70999999999003
100.16,0.09999999999999432,-85,408.7599999999893
100.16,0.09999999999999432,-86,408.8099999999886
100.16,0.09999999999999432,-86,408.8099999999886
100.16,0.09999999999999432,-72,409.5099999999893
100.16,0.09999999999999432,-72,409.5099999999893
100.16,0.09999999999999432,-73,409.5599999999895
100.16,0.09999999999999432,-73,409.5599999999895
100.16,0.09999999999999432,-73,409.5599999999895
100.16,0.09999999999999432,-73,409.5599999999895
100.16,0.09999999999999432,-73,409.5599999999895
100.16,0.09999999999999432,-73,409.5599999999895
100.16,0.09999999999999432,-73,409.5599999999895
100.16,0.09999999999999432,-79,409.85999999998967
100.16,0.09999999999999432,-79,409.85999999998967
100.16,0.09999999999999432,-79,409.85999999998967
100.16,0.09999999999999432,-74,410.10999999998876
100.16,0.09999999999999432,-74,410.10999999998876
100.16,0.09999999999999432,-74,410.10999999998876
100.16,0.09999999999999432,-74,410.10999999998876
100.16,0.09999999999999432,-68,410.40999999998894
100.16,0.09999999999999432,-87,411.35999999998785
100.16,0.09999999999999432,-87,411.35999999998785
100.16,0.09999999999999432,-86,411.4099999999871
100.16,0.09999999999999432,-86,411.4099999999871
100.16,0.09999999999999432,-86,411.4099999999871
100.16,0.09999999999999432,-88,411.5099999999875
100.16,0.09999999999999432,-88,411.5099999999875
100.16,0.09999999999999432,-88,411.5099999999875
100.16,0.09999999999999432,-94,411.8099999999886
100.16,0.09999999999999432,-94,411.8099999999886
100.16,0.09999999999999432,-94,411.8099999999886
100.16,0.09999999999999432,-94,411.8099999999886
100.16,0.09999999999999432,-94,411.8099999999886
100.16,0.09999999999999432,-94,411.8099999999886
100.16,0.09999999999999432,-90,412.0099999999875
100.16,0.09999999999999432,-90,412.0099999999875
100.16,0.09999999999999432,-90,412.0099999999875
100.16,0.09999999999999432,-90,412.0099999999875
100.16,0.09999999999999432,-90,412.0099999999875
100.16,0.09999999999999432,-88,412.10999999998785
100.16,0.09999999999999432,-88,412.10999999998785
100.16,0.09999999999999432,-87,412.1599999999871
100.16,0.09999999999999432,-87,412.1599999999871
100.16,0.09999999999999432,-87,412.1599999999871
100.16,0.09999999999999432,-87,412.1599999999871
100.16,0.09999999999999432,-89,412.2599999999875
100.16,0.09999999999999432,-92,412.4099999999871
100.16,0.09999999999999432,-92,412.4099999999871
100.16,0.09999999999999432,-95,412.55999999998676
100.16,0.09999999999999432,-104,413.00999999998567
100.205,0.009999999999990905,-104,408.3299999999854
100.235,-0.030000000000001137,-119,404.88499999998567
100.32,-0.20000000000000284,-119,394.7699999999859
100.36500000000001,-0.29000000000000625,-119,389.4149999999845
100.39,-0.3400000000000034,-125,385.4199999999855
100.43,-0.4200000000000017,-126,380.2099999999846
100.455,-0.46999999999999886,-128,376.5899999999856
100.475,-0.5100000000000051,-131,373.2649999999867
100.5,-0.5600000000000023,-131,369.98999999998523
100.515,-0.5900000000000034,-131,368.0249999999851
100.525,-0.6099999999999994,-125,364.88499999998567
100.525,-0.6099999999999994,-122,363.9699999999848
100.525,-0.6099999999999994,-122,363.9699999999848
100.525,-0.6099999999999994,-124,363.35999999998603
100.525,-0.6099999999999994,-124,363.35999999998603
100.525,-0.6099999999999994,-124,363.35999999998603
100.525,-0.6099999999999994,-124,363.35999999998603
100.525,-0.6099999999999994,-124,363.35999999998603
100.515,-0.5900000000000034,-123,364.2849999999871
100.515,-0.5900000000000034,-123,364.2849999999871
100.515,-0.5900000000000034,-123,364.2849999999871
100.515,-0.5900000000000034,-122,363.98999999998705
100.515,-0.5900000000000034,-122,363.98999999998705
100.515,-0.5900000000000034,-121,363.694999999987
100.515,-0.5900000000000034,-121,363.694999999987
100.515,-0.5900000000000034,-121,363.694999999987
100.515,-0.5900000000000034,-121,363.694999999987
100.515,-0.5900000000000034,-120,363.3999999999887
100.515,-0.5900000000000034,-120,363.3999999999887
100.515,-0.5900000000000034,-120,363.3999999999887
100.515,-0.5900000000000034,-120,363.3999999999887
100.515,-0.5900000000000034,-120,363.3999999999887
100.515,-0.5900000000000034,-121,363.10499999998683
100.515,-0.5900000000000034,-120,362.8099999999886
100.515,-0.5900000000000034,-120,362.8099999999886
100.515,-0.5900000000000034,-120,362.8099999999886
100.515,-0.5900000000000034,-120,362.8099999999886
100.515,-0.5900000000000034,-120,362.8099999999886
100.515,-0.5900000000000034,-119,362.5149999999885
100.515,-0.5900000000000034,-119,362.5149999999885
100.515,-0.5900000000000034,-115,361.3349999999882
100.515,-0.5900000000000034,-115,361.3349999999882
100.515,-0.5900000000000034,-115,361.3349999999882
100.515,-0.5900000000000034,-115,361.3349999999882
100.5,-0.5600000000000023,-109,361.34999999998945
100.5,-0.5600000000000023,-109,361.34999999998945
100.5,-0.5600000000000023,-109,361.34999999998945
100.495,-0.5499999999999972,-91,356.79499999998916
100.495,-0.5499999999999972,-91,356.79499999998916
100.495,-0.5499999999999972,-90,356.5199999999877
100.495,-0.5499999999999972,-90,356.5199999999877
100.495,-0.5499999999999972,-90,356.5199999999877
100.495,-0.5499999999999972,-97,354.59499999998843
100.495,-0.5499999999999972,-97,354.59499999998843
100.495,-0.5499999999999972,-97,354.59499999998843
100.495,-0.5499999999999972,-97,354.59499999998843
100.495,-0.5499999999999972,-100,353.7699999999895
100.495,-0.5499999999999972,-112,350.46999999998843
100.495,-0.5499999999999972,-118,348.8199999999888
100.495,-0.5499999999999972,-120,348.2699999999877
100.495,-0.5499999999999972,-118,347.71999999998843
100.495,-0.5499999999999972,-118,347.71999999998843
100.495,-0.5499999999999972,-117,347.444999999987
100.495,-0.5499999999999972,-117,347.444999999987
100.495,-0.5499999999999972,-117,347.444999999987
100.495,-0.5499999999999972,-117,347.444999999987
100.495,-0.5499999999999972,-117,347.444999999987
100.495,-0.5499999999999972,-118,347.16999999998734
100.495,-0.5499999999999972,-118,347.16999999998734
100.495,-0.5499999999999972,-114,346.069999999987
100.495,-0.5499999999999972,-102,342.7699999999877
100.495,-0.5499999999999972,-102,342.7699999999877
100.495,-0.5499999999999972,-102,342.7699999999877
100.495,-0.5499999999999972,-102,342.7699999999877
100.495,-0.5499999999999972,-103,342.49499999998625
100.495,-0.5499999999999972,-103,342.49499999998625
100.495,-0.5499999999999972,-103,342.49499999998625
100.495,-0.5499999999999972,-103,342.49499999998625
100.495,-0.5499999999999972,-100,341.66999999998734
100.495,-0.5499999999999972,-100,341.66999999998734
100.495,-0.5499999999999972,-100,341.66999999998734
100.495,-0.5499999999999972,-99,341.3949999999859
100.495,-0.5499999999999972,-103,340.2949999999855
100.495,-0.5499999999999972,-96,338.36999999998625
100.495,-0.5499999999999972,-96,338.36999999998625
100.495,-0.5499999999999972,-96,338.36999999998625
100.495,-0.5499999999999972,-96,338.36999999998625
100.495,-0.5499999999999972,-96,338.36999999998625
100.495,-0.5499999999999972,-96,338.36999999998625
100.495,-0.5499999999999972,-96,338.36999999998625
100.495,-0.5499999999999972,-96,338.36999999998625
100.495,-0.5499999999999972,-96,338.36999999998625
100.495,-0.5499999999999972,-96,338.36999999998625
100.495,-0.5499999999999972,-96,338.36999999998625
100.495,-0.5499999999999972,-96,338.36999999998625
100.495,-0.5499999999999972,-96,338.36999999998625
100.495,-0.5499999999999972,-96,338.36999999998625
100.495,-0.5499999999999972,-96,338.36999999998625
100.495,-0.5499999999999972,-96,338.36999999998625
100.495,-0.5499999999999972,-94,337.81999999998516
100.495,-0.5499999999999972,-94,337.81999999998516
100.495,-0.5499999999999972,-94,337.81999999998516
100.495,-0.5499999999999972,-94,337.81999999998516
100.495,-0.5499999999999972,-94,337.81999999998516
100.495,-0.5499999999999972,-92,337.26999999998407
100.495,-0.5499999999999972,-92,337.26999999998407
100.495,-0.5499999999999972,-86,335.61999999998443
100.495,-0.5499999999999972,-89,334.7949999999837
100.495,-0.5499999999999972,-92,333.969999999983
100.485,-0.5300000000000011,-82,332.1199999999826
100.485,-0.5300000000000011,-87,330.7949999999837
100.485,-0.5300000000000011,-87,330.7949999999837
100.485,-0.5300000000000011,-88,330.52999999998246
100.485,-0.5300000000000011,-88,330.52999999998246
100.485,-0.5300000000000011,-87,330.26499999998305
100.485,-0.5300000000000011,-90,329.469999999983
100.485,-0.5300000000000011,-90,329.469999999983
100.485,-0.5300000000000011,-89,329.20499999998356
100.485,-0.5300000000000011,-83,327.6149999999834
100.485,-0.5300000000000011,-83,327.6149999999834
100.485,-0.5300000000000011,-83,327.6149999999834
100.485,-0.5300000000000011,-83,327.6149999999834
100.485,-0.5300000000000011,-76,325.75999999998294
100.485,-0.5300000000000011,-76,325.75999999998294
100.485,-0.5300000000000011,-76,325.75999999998294
100.485,-0.5300000000000011,-67,323.3749999999827
100.485,-0.5300000000000011,-69,322.84499999998206
100.485,-0.5300000000000011,-69,322.84499999998206
100.485,-0.5300000000000011,-72,322.049999999982
100.485,-0.5300000000000011,-72,322.049999999982
100.485,-0.5300000000000011,-70,321.51999999998225
100.485,-0.5300000000000011,-70,321.51999999998225
100.485,-0.5300000000000011,-70,321.51999999998225
100.485,-0.5300000000000011,-70,321.51999999998225
100.485,-0.5300000000000011,-70,321.51999999998225
100.485,-0.5300000000000011,-70,321.51999999998225
100.485,-0.5300000000000011,-70,321.51999999998225
100.485,-0.5300000000000011,-52,316.7499999999818
100.485,-0.5300000000000011,-52,316.7499999999818
100.485,-0.5300000000000011,-51,316.4849999999824
100.485,-0.5300000000000011,-51,316.4849999999824
100.485,-0.5300000000000011,-60,314.0999999999822
100.485,-0.5300000000000011,-60,314.0999999999822
100.475,-0.5100000000000051,-54,313.14999999998327
100.475,-0.5100000000000051,-54,313.14999999998327
100.475,-0.5100000000000051,-51,312.38499999998385
100.475,-0.5100000000000051,-51,312.38499999998385
100.475,-0.5100000000000051,-44,310.599999999984
100.48,-0.5,-49,309.07999999998356
100.48,-0.5,-51,308.57999999998356
100.48,-0.5,-51,308.57999999998356
100.48,-0.5,-51,308.57999999998356
100.48,-0.5,-51,308.57999999998356
100.48,-0.5,-50,308.32999999998447
100.48,-0.5,-50,308.32999999998447
100.48,-0.5,-50,308.32999999998447
100.48,-0.5,-50,308.32999999998447
100.48,-0.5,-50,308.32999999998447
100.48,-0.5,-50,308.32999999998447
100.48,-0.5,-52,307.82999999998447
100.48,-0.5,-52,307.82999999998447
100.48,-0.5,-52,307.82999999998447
100.48,-0.5,-52,307.82999999998447
100.48,-0.5,-52,307.82999999998447
100.48,-0.5,-50,307.32999999998447
100.48,-0.5,-50,307.32999999998447
100.48,-0.5,-50,307.32999999998447
100.48,-0.5,-60,304.82999999998447
100.48,-0.5,-60,304.82999999998447
100.48,-0.5,-59,304.57999999998447
100.48,-0.5,-59,304.57999999998447
100.48,-0.5,-59,304.57999999998447
100.48,-0.5,-59,304.57999999998447
100.48,-0.5,-59,304.57999999998447
100.48,-0.5,-59,304.57999999998447
100.48,-0.5,-58,304.3299999999854
100.48,-0.5,-61,303.57999999998447
100.48,-0.5,-70,301.32999999998447
100.48,-0.5,-70,301.32999999998447
100.48,-0.5,-70,301.32999999998447
100.48,-0.5,-70,301.32999999998447
100.48,-0.5,-69,301.0799999999854
100.48,-0.5,-69,301.0799999999854
100.48,-0.5,-69,301.0799999999854
100.48,-0.5,-70,300.82999999998447
100.48,-0.5,-70,300.82999999998447
100.48,-0.5,-68,300.32999999998447
100.48,-0.5,-71,299.57999999998447
100.48,-0.5,-71,299.57999999998447
100.48,-0.5,-72,299.32999999998356
100.48,-0.5,-72,299.32999999998356
100.48,-0.5,-72,299.32999999998356
100.48,-0.5,-71,299.07999999998447
100.48,-0.5,-71,299.07999999998447
100.48,-0.5,-71,299.07999999998447
100.475,-0.4899999999999949,-61,296.9249999999847
100.475,-0.4899999999999949,-61,296.9249999999847
100.475,-0.4899999999999949,-64,296.18999999998414
100.475,-0.4899999999999949,-53,293.49499999998443
100.475,-0.4899999999999949,-61,291.5349999999844
100.475,-0.4899999999999949,-61,291.5349999999844
100.475,-0.4899999999999949,-60,291.2899999999836
100.475,-0.4899999999999949,-60,291.2899999999836
100.475,-0.4899999999999949,-57,290.5549999999839
100.475,-0.4899999999999949,-57,290.5549999999839
100.475,-0.4899999999999949,-51,289.0849999999846
100.475,-0.4899999999999949,-55,288.1049999999841
100.475,-0.4899999999999949,-55,288.1049999999841
100.475,-0.4899999999999949,-56,287.8599999999842
100.47999999999999,-0.480000000000004,-62,286.1099999999842
100.47999999999999,-0.480000000000004,-62,286.1099999999842
100.47999999999999,-0.480000000000004,-62,286.1099999999842
100.47999999999999,-0.480000000000004,-62,286.1099999999842
100.47999999999999,-0.480000000000004,-72,283.70999999998367
100.47999999999999,-0.480000000000004,-72,283.70999999998367
100.47999999999999,-0.480000000000004,-72,283.70999999998367
100.47999999999999,-0.480000000000004,-72,283.70999999998367
100.47999999999999,-0.480000000000004,-72,283.70999999998367
100.47999999999999,-0.480000000000004,-73,283.4699999999839
100.47999999999999,-0.480000000000004,-73,283.4699999999839
100.47999999999999,-0.480000000000004,-73,283.4699999999839
100.47999999999999,-0.480000000000004,-73,283.4699999999839
100.47999999999999,-0.480000000000004,-71,282.9899999999843
100.47999999999999,-0.480000000000004,-72,282.74999999998363
100.47999999999999,-0.480000000000004,-72,282.74999999998363
100.47999999999999,-0.480000000000004,-72,282.74999999998363
100.47999999999999,-0.480000000000004,-72,282.74999999998363
100.47999999999999,-0.480000000000004,-72,282.74999999998363
100.47999999999999,-0.480000000000004,-69,282.0299999999843
100.47999999999999,-0.480000000000004,-69,282.0299999999843
100.47999999999999,-0.480000000000004,-69,282.0299999999843
100.47999999999999,-0.480000000000004,-62,280.349999999984
100.47999999999999,-0.480000000000004,-47,276.74999999998363
100.47999999999999,-0.480000000000004,-43,275.7899999999836
100.47999999999999,-0.480000000000004,-43,275.7899999999836
100.47999999999999,-0.480000000000004,-43,275.7899999999836
100.47999999999999,-0.480000000000004,-43,275.7899999999836
100.47999999999999,-0.480000000000004,-42,275.5499999999829
100.47999999999999,-0.480000000000004,-40,275.06999999998334
100.47999999999999,-0.480000000000004,-42,274.58999999998287
100.47999999999999,-0.480000000000004,-40,274.1099999999833
100.47999999999999,-0.480000000000004,-40,274.1099999999833
100.47999999999999,-0.480000000000004,-38,273.6299999999833
100.47999999999999,-0.480000000000004,-38,273.6299999999833
100.47999999999999,-0.480000000000004,-38,273.6299999999833
100.47999999999999,-0.480000000000004,-38,273.6299999999833
100.47999999999999,-0.480000000000004,-38,273.6299999999833
100.47999999999999,-0.480000000000004,-38,273.6299999999833
100.47999999999999,-0.480000000000004,-42,272.6699999999828
100.47999999999999,-0.480000000000004,-38,271.70999999998276
100.47999999999999,-0.480000000000004,-31,270.0299999999829
100.47999999999999,-0.480000000000004,-31,270.0299999999829
100.47999999999999,-0.480000000000004,-31,270.0299999999829
100.47999999999999,-0.480000000000004,-31,270.0299999999829
100.47999999999999,-0.480000000000004,-31,270.0299999999829
100.47999999999999,-0.480000000000004,-31,270.0299999999829
100.47999999999999,-0.480000000000004,-31,270.0299999999829
100.47999999999999,-0.480000000000004,-31,270.0299999999829
100.47999999999999,-0.480000000000004,-31,270.0299999999829
100.485,-0.46999999999999886,-41,267.4349999999822
100.485,-0.46999999999999886,-41,267.4349999999822
100.485,-0.46999999999999886,-41,267.4349999999822
100.485,-0.46999999999999886,-45,266.4949999999826
100.485,-0.46999999999999886,-50,265.31999999998243
100.485,-0.46999999999999886,-50,265.31999999998243
100.485,-0.46999999999999886,-50,265.31999999998243
100.485,-0.46999999999999886,-50,265.31999999998243
100.485,-0.46999999999999886,-50,265.31999999998243
100.485,-0.46999999999999886,-50,265.31999999998243
100.485,-0.46999999999999886,-50,265.31999999998243
100.485,-0.46999999999999886,-50,265.31999999998243
100.485,-0.46999999999999886,-51,265.08499999998276
100.485,-0.46999999999999886,-51,265.08499999998276
100.485,-0.46999999999999886,-51,265.08499999998276
100.485,-0.46999999999999886,-51,265.08499999998276
100.485,-0.46999999999999886,-51,265.08499999998276
100.485,-0.46999999999999886,-56,263.9099999999826
100.485,-0.46999999999999886,-56,263.9099999999826
100.485,-0.46999999999999886,-56,263.9099999999826
100.485,-0.46999999999999886,-55,263.674999999982
100.485,-0.46999999999999886,-55,263.674999999982
100.485,-0.46999999999999886,-54,263.4399999999823
100.485,-0.46999999999999886,-55,263.20499999998174
100.485,-0.46999999999999886,-55,263.20499999998174
100.485,-0.46999999999999886,-55,263.20499999998174
100.485,-0.46999999999999886,-54,262.96999999998206
100.485,-0.46999999999999886,-51,262.26499999998214
100.485,-0.46999999999999886,-55,261.3249999999816
100.485,-0.46999999999999886,-51,260.384999999982
100.485,-0.46999999999999886,-51,260.384999999982
100.485,-0.46999999999999886,-51,260.384999999982
100.485,-0.46999999999999886,-51,260.384999999982
100.485,-0.46999999999999886,-47,259.4449999999815
100.485,-0.46999999999999886,-47,259.4449999999815
100.485,-0.46999999999999886,-47,259.4449999999815
100.485,-0.46999999999999886,-47,259.4449999999815
100.485,-0.46999999999999886,-47,259.4449999999815
100.485,-0.46999999999999886,-32,255.91999999998143
100.485,-0.46999999999999886,-20,253.0999999999815
100.485,-0.46999999999999886,-20,253.0999999999815
100.485,-0.46999999999999886,-20,253.0999999999815
100.485,-0.46999999999999886,-20,253.0999999999815
100.485,-0.46999999999999886,-20,253.0999999999815
100.485,-0.46999999999999886,-28,251.2199999999816
100.485,-0.46999999999999886,-28,251.2199999999816
100.485,-0.46999999999999886,-30,250.74999999998136
100.485,-0.46999999999999886,-30,250.74999999998136
100.485,-0.46999999999999886,-31,250.51499999998168
100.485,-0.46999999999999886,-31,250.51499999998168
100.485,-0.46999999999999886,-31,250.51499999998168
100.485,-0.46999999999999886,-31,250.51499999998168
100.485,-0.46999999999999886,-31,250.51499999998168
100.485,-0.46999999999999886,-45,247.22499999998126
100.485,-0.46999999999999886,-50,246.04999999998108
100.485,-0.46999999999999886,-50,246.04999999998108
100.485,-0.46999999999999886,-50,246.04999999998108
100.485,-0.46999999999999886,-50,246.04999999998108
100.485,-0.46999999999999886,-50,246.04999999998108
100.485,-0.46999999999999886,-50,246.04999999998108
100.485,-0.46999999999999886,-49,245.8149999999805
100.485,-0.46999999999999886,-48,245.57999999998083
100.485,-0.46999999999999886,-44,244.63999999998032
100.485,-0.46999999999999886,-44,244.63999999998032
100.485,-0.46999999999999886,-44,244.63999999998032
100.485,-0.46999999999999886,-44,244.63999999998032
100.485,-0.46999999999999886,-45,244.40499999998065
100.485,-0.46999999999999886,-45,244.40499999998065
100.485,-0.46999999999999886,-45,244.40499999998065
100.485,-0.46999999999999886,-45,244.40499999998065
100.485,-0.46999999999999886,-44,244.16999999998006
100.485,-0.46999999999999886,-44,244.16999999998006
100.485,-0.46999999999999886,-44,244.16999999998006
100.485,-0.46999999999999886,-44,244.16999999998006
100.485,-0.46999999999999886,-44,244.16999999998006
100.485,-0.46999999999999886,-44,244.16999999998006
100.485,-0.46999999999999886,-44,244.16999999998006
100.485,-0.46999999999999886,-44,244.16999999998006
100.485,-0.46999999999999886,-43,243.9349999999804
100.485,-0.46999999999999886,-43,243.9349999999804
100.485,-0.46999999999999886,-43,243.9349999999804
100.485,-0.46999999999999886,-45,243.46499999998014
100.485,-0.46999999999999886,-45,243.46499999998014
100.485,-0.46999999999999886,-45,243.46499999998014
100.485,-0.46999999999999886,-45,243.46499999998014
100.485,-0.46999999999999886,-43,242.9949999999808
100.485,-0.46999999999999886,-43,242.9949999999808
100.485,-0.46999999999999886,-43,242.9949999999808
100.485,-0.46999999999999886,-43,242.9949999999808
100.485,-0.46999999999999886,-42,242.7599999999802
100.485,-0.46999999999999886,-42,242.7599999999802
100.485,-0.46999999999999886,-38,241.81999999998015
100.485,-0.46999999999999886,-32,240.4099999999803
100.485,-0.46999999999999886,-31,240.17499999998063
100.485,-0.46999999999999886,-29,239.70499999998037
100.485,-0.46999999999999886,-29,239.70499999998037
100.485,-0.46999999999999886,-29,239.70499999998037
100.485,-0.46999999999999886,-29,239.70499999998037
100.485,-0.46999999999999886,-29,239.70499999998037
100.475,-0.45000000000000284,-13,236.1749999999804
100.475,-0.45000000000000284,-13,236.1749999999804
100.48,-0.4399999999999977,-29,232.42999999998028
100.48,-0.4399999999999977,-9,228.0299999999803
100.48,-0.4399999999999977,-9,228.0299999999803
100.48,-0.4399999999999977,-9,228.0299999999803
100.48,-0.4399999999999977,-10,227.80999999998028
100.48,-0.4399999999999977,-10,227.80999999998028
100.48,-0.4399999999999977,-10,227.80999999998028
100.48,-0.4399999999999977,-10,227.80999999998028
100.475,-0.4299999999999926,-4,226.5199999999803
100.475,-0.4299999999999926,-9,225.44499999998027
100.475,-0.4299999999999926,-9,225.44499999998027
100.475,-0.4299999999999926,-11,225.01499999998032
100.475,-0.4299999999999926,-11,225.01499999998032
100.475,-0.4299999999999926,-11,225.01499999998032
100.475,-0.4299999999999926,-10,224.79999999998017
100.475,-0.4299999999999926,-10,224.79999999998017
100.475,-0.4299999999999926,-17,223.29499999998052
100.475,-0.4299999999999926,-11,222.00499999998056
100.475,-0.4299999999999926,-11,222.00499999998056
100.475,-0.4299999999999926,-11,222.00499999998056
100.475,-0.4299999999999926,-15,221.14499999998043
100.475,-0.4299999999999926,-15,221.14499999998043
100.475,-0.4299999999999926,-15,221.14499999998043
100.475,-0.4299999999999926,-14,220.9299999999805
100.47,-0.4200000000000017,-13,220.77999999998042
100.47,-0.4200000000000017,-14,220.56999999998038
100.47,-0.4200000000000017,-16,220.1499999999803
100.47,-0.4200000000000017,-16,220.1499999999803
100.47,-0.4200000000000017,-17,219.93999999998027
100.47,-0.4200000000000017,-17,219.93999999998027
100.47,-0.4200000000000017,-17,219.93999999998027
100.47,-0.4200000000000017,-3,216.99999999998033
100.47,-0.4200000000000017,-2,216.7899999999803
100.47,-0.4200000000000017,-2,216.7899999999803
100.47,-0.4200000000000017,-2,216.7899999999803
100.47,-0.4200000000000017,-1,216.5799999999803
100.47,-0.4200000000000017,-1,216.5799999999803
100.47,-0.4200000000000017,-1,216.5799999999803
100.47,-0.4200000000000017,1,216.15999999998027
100.47,-0.4200000000000017,1,216.15999999998027
100.47,-0.4200000000000017,1,216.15999999998027
100.47,-0.4200000000000017,1,216.15999999998027
100.47,-0.4200000000000017,1,216.15999999998027
100.47,-0.4200000000000017,1,216.15999999998027
100.47,-0.4200000000000017,5,215.31999999998027
100.47,-0.4200000000000017,6,215.10999999998018
100.47,-0.4200000000000017,6,215.10999999998018
100.47,-0.4200000000000017,6,215.10999999998018
100.47,-0.4200000000000017,6,215.10999999998018
100.47,-0.4200000000000017,6,215.10999999998018
100.47,-0.4200000000000017,17,212.79999999998017
100.47,-0.4200000000000017,17,212.79999999998017
100.47,-0.4200000000000017,17,212.79999999998017
100.47,-0.4200000000000017,17,212.79999999998017
100.47,-0.4200000000000017,18,212.58999999998014
100.47,-0.4200000000000017,19,212.3799999999801
100.47,-0.4200000000000017,19,212.3799999999801
100.47,-0.4200000000000017,19,212.3799999999801
100.47,-0.4200000000000017,19,212.3799999999801
100.47,-0.4200000000000017,20,212.16999999998006
100.47,-0.4200000000000017,21,211.9599999999798
100.47,-0.4200000000000017,21,211.9599999999798
100.47,-0.4200000000000017,14,210.48999999997977
100.47,-0.4200000000000017,17,209.8599999999799
100.47,-0.4200000000000017,17,209.8599999999799
100.47,-0.4200000000000017,20,209.22999999998
100.47,-0.4200000000000017,25,208.17999999997983
100.47,-0.4200000000000017,17,206.49999999997976
100.47,-0.4200000000000017,17,206.49999999997976
100.47,-0.4200000000000017,17,206.49999999997976
100.47,-0.4200000000000017,17,206.49999999997976
100.47,-0.4200000000000017,17,206.49999999997976
100.47,-0.4200000000000017,15,206.0799999999797
100.465,-0.4099999999999966,20,204.9699999999798
100.465,-0.4099999999999966,20,204.9699999999798
100.465,-0.4099999999999966,20,204.9699999999798
100.465,-0.4099999999999966,20,204.9699999999798
100.465,-0.4099999999999966,23,204.35499999998
100.465,-0.4099999999999966,23,204.35499999998
100.465,-0.4099999999999966,20,203.73999999998
100.465,-0.4099999999999966,15,202.7149999999799
100.465,-0.4099999999999966,14,202.50999999997975
100.465,-0.4099999999999966,21,201.07499999997958
100.465,-0.4099999999999966,21,201.07499999997958
100.465,-0.4099999999999966,21,201.07499999997958
100.465,-0.4099999999999966,21,201.07499999997958
100.465,-0.4099999999999966,6,197.99999999997976
100.465,-0.4099999999999966,6,197.99999999997976
100.465,-0.4099999999999966,6,197.99999999997976
100.465,-0.4099999999999966,6,197.99999999997976
100.465,-0.4099999999999966,3,197.3849999999798
100.465,-0.4099999999999966,8,196.3599999999799
100.465,-0.4099999999999966,7,196.15499999997985
100.465,-0.4099999999999966,7,196.15499999997985
100.465,-0.4099999999999966,7,196.15499999997985
100.465,-0.4099999999999966,6,195.9499999999798
100.465,-0.4099999999999966,6,195.9499999999798
100.465,-0.4099999999999966,6,195.9499999999798
100.465,-0.4099999999999966,6,195.9499999999798
100.465,-0.4099999999999966,6,195.9499999999798
100.465,-0.4099999999999966,6,195.9499999999798
100.47,-0.4000000000000057,4,195.5699999999798
100.47,-0.4000000000000057,7,194.9699999999798
100.47,-0.4000000000000057,16,193.16999999997984
100.47,-0.4000000000000057,16,193.16999999997984
100.47,-0.4000000000000057,16,193.16999999997984
100.47,-0.4000000000000057,16,193.16999999997984
100.47,-0.4000000000000057,16,193.16999999997984
100.47,-0.4000000000000057,20,192.36999999997988
100.47,-0.4000000000000057,20,192.36999999997988
100.47,-0.4000000000000057,20,192.36999999997988
100.47,-0.4000000000000057,20,192.36999999997988
100.47,-0.4000000000000057,20,192.36999999997988
100.47,-0.4000000000000057,2,188.7699999999797
100.47,-0.4000000000000057,2,188.7699999999797
100.47,-0.4000000000000057,2,188.7699999999797
100.47,-0.4000000000000057,2,188.7699999999797
100.47,-0.4000000000000057,2,188.7699999999797
100.47,-0.4000000000000057,14,186.36999999997965
100.47,-0.4000000000000057,12,185.96999999997956
100.47,-0.4000000000000057,12,185.96999999997956
100.47,-0.4000000000000057,12,185.96999999997956
100.47,-0.4000000000000057,12,185.96999999997956
100.47,-0.4000000000000057,12,185.96999999997956
100.47,-0.4000000000000057,12,185.96999999997956
100.47,-0.4000000000000057,18,184.76999999997975
100.47,-0.4000000000000057,19,184.5699999999797
100.47,-0.4000000000000057,19,184.5699999999797
100.47,-0.4000000000000057,18,184.36999999997965
100.47,-0.4000000000000057,18,184.36999999997965
100.47,-0.4000000000000057,18,184.36999999997965
100.47,-0.4000000000000057,18,184.36999999997965
100.47,-0.4000000000000057,19,184.1699999999796
100.47,-0.4000000000000057,19,184.1699999999796
100.47,-0.4000000000000057,19,184.1699999999796
100.47,-0.4000000000000057,19,184.1699999999796
100.47,-0.4000000000000057,22,183.5699999999797
100.47,-0.4000000000000057,22,183.5699999999797
100.47,-0.4000000000000057,22,183.5699999999797
100.47,-0.4000000000000057,22,183.5699999999797
100.47,-0.4000000000000057,22,183.5699999999797
100.47,-0.4000000000000057,23,183.36999999997943
100.47,-0.4000000000000057,23,183.36999999997943
100.47,-0.4000000000000057,23,183.36999999997943
100.47,-0.4000000000000057,21,182.96999999997934
100.47,-0.4000000000000057,21,182.96999999997934
100.47,-0.4000000000000057,21,182.96999999997934
100.47,-0.4000000000000057,31,180.9699999999798
100.47,-0.4000000000000057,31,180.9699999999798
100.47,-0.4000000000000057,30,180.76999999997952
100.47,-0.4000000000000057,30,180.76999999997952
100.47,-0.4000000000000057,30,180.76999999997952
100.47,-0.4000000000000057,30,180.76999999997952
100.47,-0.4000000000000057,30,180.76999999997952
100.47,-0.4000000000000057,32,180.36999999997943
100.47,-0.4000000000000057,32,180.36999999997943
100.47,-0.4000000000000057,32,180.36999999997943
100.47,-0.4000000000000057,32,180.36999999997943
100.47,-0.4000000000000057,33,180.16999999997915
100.47,-0.4000000000000057,33,180.16999999997915
100.47,-0.4000000000000057,26,178.76999999997906
100.47,-0.4000000000000057,26,178.76999999997906
100.47,-0.4000000000000057,26,178.76999999997906
100.47,-0.4000000000000057,26,178.76999999997906
100.47,-0.4000000000000057,26,178.76999999997906
100.47,-0.4000000000000057,24,178.36999999997897
100.47,-0.4000000000000057,24,178.36999999997897
100.47,-0.4000000000000057,24,178.36999999997897
100.47,-0.4000000000000057,25,178.16999999997915
100.47,-0.4000000000000057,24,177.96999999997888
100.47,-0.4000000000000057,24,177.96999999997888
100.47,-0.4000000000000057,24,177.96999999997888
100.47,-0.4000000000000057,24,177.96999999997888
100.47,-0.4000000000000057,24,177.96999999997888
100.47,-0.4000000000000057,24,177.96999999997888
100.47,-0.4000000000000057,24,177.96999999997888
100.47,-0.4000000000000057,24,177.96999999997888
100.47,-0.4000000000000057,24,177.96999999997888
100.47,-0.4000000000000057,24,177.96999999997888
100.47,-0.4000000000000057,25,177.76999999997906
100.47,-0.4000000000000057,26,177.5699999999788
100.47,-0.4000000000000057,26,177.5699999999788
100.47,-0.4000000000000057,22,176.76999999997906
100.47,-0.4000000000000057,23,176.5699999999788
100.47,-0.4000000000000057,24,176.36999999997852
100.47,-0.4000000000000057,24,176.36999999997852
100.47,-0.4000000000000057,24,176.36999999997852
100.47,-0.4000000000000057,24,176.36999999997852
100.47,-0.4000000000000057,25,176.1699999999787
100.47,-0.4000000000000057,25,176.1699999999787
100.47,-0.4000000000000057,25,176.1699999999787
100.47,-0.4000000000000057,25,176.1699999999787
100.47,-0.4000000000000057,28,175.5699999999788
100.47,-0.4000000000000057,28,175.5699999999788
100.47,-0.4000000000000057,28,175.5699999999788
100.47,-0.4000000000000057,29,175.36999999997897
100.47,-0.4000000000000057,29,175.36999999997897
100.47,-0.4000000000000057,29,175.36999999997897
100.47,-0.4000000000000057,24,174.36999999997852
100.47,-0.4000000000000057,23,174.1699999999787
100.47,-0.4000000000000057,23,174.1699999999787
100.47,-0.4000000000000057,23,174.1699999999787
100.47,-0.4000000000000057,23,174.1699999999787
100.47,-0.4000000000000057,22,173.96999999997888
100.47,-0.4000000000000057,22,173.96999999997888
100.47,-0.4000000000000057,22,173.96999999997888
100.47,-0.4000000000000057,22,173.96999999997888
100.47,-0.4000000000000057,27,172.96999999997888
100.47,-0.4000000000000057,27,172.96999999997888
100.47,-0.4000000000000057,27,172.96999999997888
100.475,-0.39000000000000057,21,171.8949999999786
100.475,-0.39000000000000057,21,171.8949999999786
100.475,-0.39000000000000057,21,171.8949999999786
100.475,-0.39000000000000057,0,167.7999999999788
100.475,-0.39000000000000057,0,167.7999999999788
100.475,-0.39000000000000057,0,167.7999999999788
100.475,-0.39000000000000057,1,167.60499999997882
100.475,-0.39000000000000057,1,167.60499999997882
100.475,-0.39000000000000057,1,167.60499999997882
100.475,-0.39000000000000057,1,167.60499999997882
100.475,-0.39000000000000057,1,167.60499999997882
100.475,-0.39000000000000057,1,167.60499999997882
100.46000000000001,-0.35999999999999943,6,166.6299999999788
100.46000000000001,-0.35999999999999943,6,166.6299999999788
100.46000000000001,-0.35999999999999943,6,166.6299999999788
100.46000000000001,-0.35999999999999943,6,166.6299999999788
100.46000000000001,-0.35999999999999943,6,166.6299999999788
100.46000000000001,-0.35999999999999943,7,166.4499999999788
100.46000000000001,-0.35999999999999943,7,166.4499999999788
100.46000000000001,-0.35999999999999943,7,166.4499999999788
100.46000000000001,-0.35999999999999943,6,166.26999999997872
100.45,-0.3400000000000034,26,162.48999999997886
100.45,-0.3400000000000034,26,162.48999999997886
100.45,-0.3400000000000034,26,162.48999999997886
100.45,-0.3400000000000034,25,162.3199999999788
100.45,-0.3400000000000034,25,162.3199999999788
100.46000000000001,-0.3200000000000074,20,161.66999999997915
100.46000000000001,-0.3200000000000074,18,161.349999999979
100.46000000000001,-0.3200000000000074,17,161.1899999999789
100.46000000000001,-0.3200000000000074,17,161.1899999999789
100.46000000000001,-0.3200000000000074,16,161.02999999997883
100.46000000000001,-0.3200000000000074,16,161.02999999997883
100.46000000000001,-0.3200000000000074,14,160.70999999997866
100.46000000000001,-0.3200000000000074,14,160.70999999997866
100.46000000000001,-0.3200000000000074,14,160.70999999997866
100.46000000000001,-0.3200000000000074,14,160.70999999997866
100.46000000000001,-0.3200000000000074,14,160.70999999997866
100.46000000000001,-0.3200000000000074,15,160.5499999999788
100.46000000000001,-0.3200000000000074,12,160.0699999999788
100.46000000000001,-0.3200000000000074,12,160.0699999999788
100.46000000000001,-0.3200000000000074,16,159.42999999997892
100.46000000000001,-0.3200000000000074,16,159.42999999997892
100.46000000000001,-0.3200000000000074,16,159.42999999997892
100.465,-0.3100000000000023,10,158.5699999999788
100.465,-0.3100000000000023,6,157.94999999997867
100.465,-0.3100000000000023,5,157.79499999997876
100.45,-0.28000000000000114,8,157.26999999997872
100.45,-0.28000000000000114,8,157.26999999997872
100.45,-0.28000000000000114,8,157.26999999997872
100.45,-0.28000000000000114,8,157.26999999997872
100.45,-0.28000000000000114,8,157.26999999997872
100.45,-0.28000000000000114,22,155.30999999997903
100.45,-0.28000000000000114,22,155.30999999997903
100.45,-0.28000000000000114,22,155.30999999997903
100.45,-0.28000000000000114,25,154.88999999997895
100.45,-0.28000000000000114,25,154.88999999997895
100.45,-0.28000000000000114,25,154.88999999997895
100.45,-0.28000000000000114,25,154.88999999997895
100.435,-0.25,37,152.68499999997903
100.435,-0.25,32,152.05999999997903
100.435,-0.25,32,152.05999999997903
100.435,-0.25,32,152.05999999997903
100.435,-0.25,32,152.05999999997903
100.435,-0.25,33,151.93499999997903
100.435,-0.25,30,151.55999999997903
100.435,-0.25,30,151.55999999997903
100.435,-0.25,30,151.55999999997903
100.435,-0.25,30,151.55999999997903
100.435,-0.25,30,151.55999999997903
100.435,-0.25,30,151.55999999997903
100.435,-0.25,36,150.80999999997857
100.435,-0.25,36,150.80999999997857
100.42,-0.21999999999999886,45,149.21999999997843
100.42,-0.21999999999999886,46,149.10999999997875
100.42,-0.21999999999999886,46,149.10999999997875
100.42,-0.21999999999999886,46,149.10999999997875
100.42,-0.21999999999999886,47,148.99999999997908
100.42,-0.21999999999999886,47,148.99999999997908
100.425,-0.21000000000000796,45,149.0049999999792
100.425,-0.21000000000000796,36,148.05999999997903
100.425,-0.21000000000000796,36,148.05999999997903
100.425,-0.21000000000000796,36,148.05999999997903
100.425,-0.21000000000000796,36,148.05999999997903
100.425,-0.21000000000000796,35,147.95499999997946
100.425,-0.21000000000000796,31,147.5349999999794
100.425,-0.21000000000000796,39,146.6949999999797
100.425,-0.21000000000000796,39,146.6949999999797
100.425,-0.21000000000000796,39,146.6949999999797
100.425,-0.21000000000000796,37,146.48499999997966
100.425,-0.21000000000000796,40,146.1699999999796
100.425,-0.21000000000000796,40,146.1699999999796
100.425,-0.21000000000000796,40,146.1699999999796
100.425,-0.21000000000000796,40,146.1699999999796
100.425,-0.21000000000000796,40,146.1699999999796
100.425,-0.21000000000000796,41,146.0649999999796
100.425,-0.21000000000000796,41,146.0649999999796
100.425,-0.21000000000000796,41,146.0649999999796
100.425,-0.21000000000000796,41,146.0649999999796
100.425,-0.21000000000000796,41,146.0649999999796
100.425,-0.21000000000000796,41,146.0649999999796
100.425,-0.21000000000000796,41,146.0649999999796
100.425,-0.21000000000000796,41,146.0649999999796
100.425,-0.21000000000000796,41,146.0649999999796
100.425,-0.21000000000000796,41,146.0649999999796
100.425,-0.21000000000000796,42,145.95999999997866
100.425,-0.21000000000000796,45,145.64499999997952
100.425,-0.21000000000000796,45,145.64499999997952
100.425,-0.21000000000000796,45,145.64499999997952
100.43,-0.20000000000000284,39,145.22999999997955
100.43,-0.20000000000000284,39,145.22999999997955
100.43,-0.20000000000000284,39,145.22999999997955
100.43,-0.20000000000000284,39,145.22999999997955
100.43,-0.20000000000000284,38,145.1299999999792
100.43,-0.20000000000000284,29,144.22999999997955
100.43,-0.20000000000000284,30,144.1299999999792
100.43,-0.20000000000000284,30,144.1299999999792
100.43,-0.20000000000000284,29,144.02999999997928
100.43,-0.20000000000000284,30,143.92999999997892
100.43,-0.20000000000000284,29,143.829999999979
100.43,-0.20000000000000284,29,143.829999999979
100.43,-0.20000000000000284,23,143.2299999999791
100.43,-0.20000000000000284,23,143.2299999999791
100.43,-0.20000000000000284,23,143.2299999999791
100.43,-0.20000000000000284,24,143.12999999997874
100.43,-0.20000000000000284,24,143.12999999997874
100.43,-0.20000000000000284,24,143.12999999997874
100.43,-0.20000000000000284,24,143.12999999997874
100.43,-0.20000000000000284,21,142.82999999997878
100.43,-0.20000000000000284,20,142.72999999997865
100.43,-0.20000000000000284,21,142.62999999997874
100.43,-0.20000000000000284,21,142.62999999997874
100.43,-0.20000000000000284,21,142.62999999997874
100.43,-0.20000000000000284,16,142.12999999997874
100.43,-0.20000000000000284,10,141.5299999999787
100.43,-0.20000000000000284,6,141.12999999997868
100.43,-0.20000000000000284,6,141.12999999997868
100.43,-0.20000000000000284,6,141.12999999997868
100.43,-0.20000000000000284,-12,139.32999999997855
100.43,-0.20000000000000284,-12,139.32999999997855
100.43,-0.20000000000000284,-12,139.32999999997855
100.43,-0.20000000000000284,-13,139.22999999997842
100.43,-0.20000000000000284,-13,139.22999999997842
100.43,-0.20000000000000284,-13,139.22999999997842
100.43,-0.20000000000000284,-9,138.82999999997833
100.435,-0.18999999999999773,-27,136.95499999997855
100.435,-0.18999999999999773,-27,136.95499999997855
100.435,-0.18999999999999773,-25,136.7649999999785
100.435,-0.18999999999999773,-25,136.7649999999785
100.435,-0.18999999999999773,-25,136.7649999999785
100.435,-0.18999999999999773,-25,136.7649999999785
100.435,-0.18999999999999773,-25,136.7649999999785
100.435,-0.18999999999999773,-26,136.6699999999787
100.435,-0.18999999999999773,-26,136.6699999999787
100.435,-0.18999999999999773,-26,136.6699999999787
100.435,-0.18999999999999773,-26,136.6699999999787
100.435,-0.18999999999999773,-26,136.6699999999787
100.435,-0.18999999999999773,-29,136.3849999999784
100.435,-0.18999999999999773,-18,135.33999999997877
100.435,-0.18999999999999773,-18,135.33999999997877
100.435,-0.18999999999999773,-19,135.24499999997852
100.435,-0.18999999999999773,-29,134.2949999999787
100.435,-0.18999999999999773,-29,134.2949999999787
100.435,-0.18999999999999773,-29,134.2949999999787
100.435,-0.18999999999999773,-29,134.2949999999787
100.435,-0.18999999999999773,-29,134.2949999999787
100.435,-0.18999999999999773,-28,134.19999999997844
100.435,-0.18999999999999773,-35,133.53499999997894
100.435,-0.18999999999999773,-45,132.58499999997912
100.435,-0.18999999999999773,-45,132.58499999997912
100.43,-0.1799999999999926,-41,132.41999999997824
100.43,-0.1799999999999926,-41,132.41999999997824
100.43,-0.1799999999999926,-41,132.41999999997824
100.43,-0.1799999999999926,-25,130.97999999997865
100.43,-0.1799999999999926,-25,130.97999999997865
100.43,-0.1799999999999926,-19,130.43999999997868
100.43,-0.1799999999999926,-19,130.43999999997868
100.43,-0.1799999999999926,-19,130.43999999997868
100.43,-0.1799999999999926,-20,130.34999999997876
100.43,-0.1799999999999926,-18,130.1699999999787
100.43,-0.1799999999999926,-18,130.1699999999787
100.43,-0.1799999999999926,-18,130.1699999999787
100.43,-0.1799999999999926,-16,129.98999999997886
100.43,-0.1799999999999926,-13,129.71999999997888
100.43,-0.1799999999999926,-12,129.62999999997896
100.43,-0.1799999999999926,-12,129.62999999997896
100.43,-0.1799999999999926,-14,129.44999999997913
100.43,-0.1799999999999926,-14,129.44999999997913
100.43,-0.1799999999999926,-12,129.26999999997906
100.42500000000001,-0.1700000000000017,-5,128.6649999999791
100.42500000000001,-0.1700000000000017,-5,128.6649999999791
100.42500000000001,-0.1700000000000017,-5,128.6649999999791
100.42500000000001,-0.1700000000000017,0,128.23999999997915
100.42500000000001,-0.1700000000000017,-1,128.15499999997914
100.42500000000001,-0.1700000000000017,0,128.06999999997913
100.42500000000001,-0.1700000000000017,2,127.89999999997914
100.42,-0.1599999999999966,6,127.5499999999791
100.42,-0.1599999999999966,8,127.38999999997907
100.42,-0.1599999999999966,8,127.38999999997907
100.42,-0.1599999999999966,3,126.98999999997909
100.42,-0.1599999999999966,-1,126.66999999997911
100.42,-0.1599999999999966,-1,126.66999999997911
100.42,-0.1599999999999966,-1,126.66999999997911
100.42,-0.1599999999999966,-1,126.66999999997911
100.42,-0.1599999999999966,2,126.42999999997912
100.42,-0.1599999999999966,2,126.42999999997912
100.42,-0.1599999999999966,2,126.42999999997912
100.42,-0.1599999999999966,2,126.42999999997912
100.42,-0.1599999999999966,2,126.42999999997912
100.42,-0.1599999999999966,2,126.42999999997912
100.42,-0.1599999999999966,2,126.42999999997912
100.42,-0.1599999999999966,5,126.18999999997914
100.42,-0.1599999999999966,5,126.18999999997914
100.42,-0.1599999999999966,5,126.18999999997914
100.42,-0.1599999999999966,5,126.18999999997914
100.42,-0.1599999999999966,5,126.18999999997914
100.42,-0.1599999999999966,5,126.18999999997914
100.42,-0.1599999999999966,9,125.86999999997909
100.42,-0.1599999999999966,8,125.78999999997916
100.42,-0.1599999999999966,8,125.78999999997916
100.42,-0.1599999999999966,8,125.78999999997916
100.42,-0.1599999999999966,12,125.46999999997911
100.42,-0.1599999999999966,12,125.46999999997911
100.42,-0.1599999999999966,9,125.2299999999791
100.42,-0.1599999999999966,9,125.2299999999791
100.42,-0.1599999999999966,9,125.2299999999791
100.42,-0.1599999999999966,9,125.2299999999791
100.42,-0.1599999999999966,13,124.90999999997916
100.42,-0.1599999999999966,14,124.82999999997924
100.42,-0.1599999999999966,6,124.18999999997914
100.42,-0.1599999999999966,6,124.18999999997914
100.42,-0.1599999999999966,7,124.10999999997921
100.42,-0.1599999999999966,7,124.10999999997921
100.42,-0.1599999999999966,7,124.10999999997921
100.42,-0.1599999999999966,11,123.78999999997927
100.42,-0.1599999999999966,5,123.30999999997914
100.42,-0.1599999999999966,5,123.30999999997914
100.42,-0.1599999999999966,5,123.30999999997914
100.42,-0.1599999999999966,-2,122.74999999997911
100.42,-0.1599999999999966,-2,122.74999999997911
100.42,-0.1599999999999966,-2,122.74999999997911
100.42,-0.1599999999999966,0,122.58999999997911
100.42,-0.1599999999999966,0,122.58999999997911
100.42,-0.1599999999999966,-2,122.42999999997912
100.42,-0.1599999999999966,-2,122.42999999997912
100.42,-0.1599999999999966,-2,122.42999999997912
100.42,-0.1599999999999966,-2,122.42999999997912
100.42,-0.1599999999999966,-2,122.42999999997912
100.42,-0.1599999999999966,-2,122.42999999997912
100.42,-0.1599999999999966,-2,122.42999999997912
100.42,-0.1599999999999966,-2,122.42999999997912
100.42,-0.1599999999999966,-2,122.42999999997912
100.42,-0.1599999999999966,6,121.7899999999791
100.42,-0.1599999999999966,6,121.7899999999791
100.42,-0.1599999999999966,6,121.7899999999791
100.42,-0.1599999999999966,6,121.7899999999791
100.41,-0.14000000000000057,15,121.0599999999788
100.41,-0.14000000000000057,15,121.0599999999788
100.41,-0.14000000000000057,15,121.0599999999788
100.41,-0.14000000000000057,15,121.0599999999788
100.405,-0.12999999999999545,22,120.49999999997863
100.405,-0.12999999999999545,22,120.49999999997863
100.405,-0.12999999999999545,22,120.49999999997863
100.405,-0.12999999999999545,22,120.49999999997863
100.405,-0.12999999999999545,22,120.49999999997863
100.405,-0.12999999999999545,22,120.49999999997863
100.405,-0.12999999999999545,22,120.49999999997863
100.405,-0.12999999999999545,22,120.49999999997863
100.405,-0.12999999999999545,23,120.43499999997903
100.405,-0.12999999999999545,23,120.43499999997903
100.405,-0.12999999999999545,29,120.04499999997915
100.405,-0.12999999999999545,15,119.1349999999793
100.405,-0.12999999999999545,15,119.1349999999793
100.405,-0.12999999999999545,12,118.93999999997936
100.405,-0.12999999999999545,12,118.93999999997936
100.405,-0.12999999999999545,12,118.93999999997936
100.405,-0.12999999999999545,12,118.93999999997936
100.405,-0.12999999999999545,12,118.93999999997936
100.405,-0.12999999999999545,12,118.93999999997936
100.405,-0.12999999999999545,15,118.7449999999792
100.405,-0.12999999999999545,15,118.7449999999792
100.405,-0.12999999999999545,15,118.7449999999792
100.405,-0.12999999999999545,15,118.7449999999792
100.405,-0.12999999999999545,15,118.7449999999792
100.405,-0.12999999999999545,15,118.7449999999792
100.405,-0.12999999999999545,16,118.67999999997915
100.405,-0.12999999999999545,16,118.67999999997915
100.405,-0.12999999999999545,16,118.67999999997915
100.405,-0.12999999999999545,16,118.67999999997915
100.405,-0.12999999999999545,23,118.22499999997899
100.405,-0.12999999999999545,23,118.22499999997899
100.405,-0.12999999999999545,24,118.15999999997939
100.405,-0.12999999999999545,23,118.09499999997934
100.405,-0.12999999999999545,23,118.09499999997934
100.405,-0.12999999999999545,21,117.96499999997945
100.405,-0.12999999999999545,21,117.96499999997945
100.405,-0.12999999999999545,21,117.96499999997945
100.405,-0.12999999999999545,19,117.83499999997935
100.405,-0.12999999999999545,19,117.83499999997935
100.405,-0.12999999999999545,19,117.83499999997935
100.405,-0.12999999999999545,19,117.83499999997935
100.405,-0.12999999999999545,19,117.83499999997935
100.405,-0.12999999999999545,19,117.83499999997935
100.405,-0.12999999999999545,19,117.83499999997935
100.405,-0.12999999999999545,19,117.83499999997935
100.405,-0.12999999999999545,19,117.83499999997935
100.405,-0.12999999999999545,20,117.76999999997929
100.405,-0.12999999999999545,20,117.76999999997929
100.405,-0.12999999999999545,22,117.63999999997941
100.405,-0.12999999999999545,22,117.63999999997941
100.405,-0.12999999999999545,22,117.63999999997941
100.405,-0.12999999999999545,22,117.63999999997941
100.405,-0.12999999999999545,22,117.63999999997941
100.405,-0.12999999999999545,22,117.63999999997941
100.405,-0.12999999999999545,21,117.57499999997958
100.405,-0.12999999999999545,21,117.57499999997958
100.405,-0.12999999999999545,21,117.57499999997958
100.405,-0.12999999999999545,16,117.24999999997954
100.405,-0.12999999999999545,16,117.24999999997954
100.405,-0.12999999999999545,26,116.5999999999799
100.39500000000001,-0.10999999999999943,30,116.03999999997995
100.39500000000001,-0.10999999999999943,30,116.03999999997995
100.39500000000001,-0.10999999999999943,37,115.65499999997974
100.39500000000001,-0.10999999999999943,37,115.65499999997974
100.39500000000001,-0.10999999999999943,37,115.65499999997974
100.39500000000001,-0.10999999999999943,37,115.65499999997974
100.39500000000001,-0.10999999999999943,37,115.65499999997974
100.39500000000001,-0.10999999999999943,37,115.65499999997974
100.39500000000001,-0.10999999999999943,37,115.65499999997974
100.39500000000001,-0.10999999999999943,22,114.82999999997946
100.39500000000001,-0.10999999999999943,13,114.33499999997957
100.39500000000001,-0.10999999999999943,15,114.22499999997945
100.39500000000001,-0.10999999999999943,15,114.22499999997945
100.39500000000001,-0.10999999999999943,16,114.16999999997938
100.39500000000001,-0.10999999999999943,16,114.16999999997938
100.39500000000001,-0.10999999999999943,16,114.16999999997938
100.39500000000001,-0.10999999999999943,14,114.05999999997948
100.39500000000001,-0.10999999999999943,14,114.05999999997948
100.39500000000001,-0.10999999999999943,14,114.05999999997948
100.39500000000001,-0.10999999999999943,14,114.05999999997948
100.39500000000001,-0.10999999999999943,14,114.05999999997948
100.39500000000001,-0.10999999999999943,13,114.00499999997942
100.39500000000001,-0.10999999999999943,13,114.00499999997942
100.39500000000001,-0.10999999999999943,14,113.94999999997935
100.39500000000001,-0.10999999999999943,14,113.94999999997935
100.39500000000001,-0.10999999999999943,14,113.94999999997935
100.39500000000001,-0.10999999999999943,14,113.94999999997935
100.39500000000001,-0.10999999999999943,16,113.83999999997923
100.39500000000001,-0.10999999999999943,16,113.83999999997923
100.39500000000001,-0.10999999999999943,16,113.83999999997923
100.39500000000001,-0.10999999999999943,16,113.83999999997923
100.39500000000001,-0.10999999999999943,16,113.83999999997923
100.39500000000001,-0.10999999999999943,16,113.83999999997923
100.39500000000001,-0.10999999999999943,16,113.83999999997923
100.39500000000001,-0.10999999999999943,16,113.83999999997923
100.39500000000001,-0.10999999999999943,16,113.83999999997923
100.39500000000001,-0.10999999999999943,16,113.83999999997923
100.39500000000001,-0.10999999999999943,17,113.78499999997916
100.39500000000001,-0.10999999999999943,16,113.7299999999791
100.39500000000001,-0.10999999999999943,32,112.84999999997945
100.39500000000001,-0.10999999999999943,32,112.84999999997945
100.39500000000001,-0.10999999999999943,32,112.84999999997945
100.39500000000001,-0.10999999999999943,32,112.84999999997945
100.39500000000001,-0.10999999999999943,40,112.40999999997939
100.39500000000001,-0.10999999999999943,39,112.35499999997955
100.39500000000001,-0.10999999999999943,39,112.35499999997955
100.39500000000001,-0.10999999999999943,39,112.35499999997955
100.39500000000001,-0.10999999999999943,39,112.35499999997955
100.39500000000001,-0.10999999999999943,35,112.13499999997975
100.39500000000001,-0.10999999999999943,35,112.13499999997975
100.39500000000001,-0.10999999999999943,37,112.02499999997963
100.39500000000001,-0.10999999999999943,39,111.9149999999795
100.39500000000001,-0.10999999999999943,39,111.9149999999795
100.39500000000001,-0.10999999999999943,39,111.9149999999795
100.39500000000001,-0.10999999999999943,26,111.19999999997981
100.39500000000001,-0.10999999999999943,26,111.19999999997981
100.39500000000001,-0.10999999999999943,26,111.19999999997981
100.39500000000001,-0.10999999999999943,26,111.19999999997981
100.39500000000001,-0.10999999999999943,20,110.86999999997943
100.39500000000001,-0.10999999999999943,20,110.86999999997943
100.39500000000001,-0.10999999999999943,20,110.86999999997943
100.39500000000001,-0.10999999999999943,20,110.86999999997943
100.39500000000001,-0.10999999999999943,20,110.86999999997943
100.39500000000001,-0.10999999999999943,20,110.86999999997943
100.39500000000001,-0.10999999999999943,21,110.81499999997936
100.39500000000001,-0.10999999999999943,34,110.09999999997945
100.39500000000001,-0.10999999999999943,34,110.09999999997945
100.39500000000001,-0.10999999999999943,32,109.98999999997932
100.39500000000001,-0.10999999999999943,32,109.98999999997932
100.39500000000001,-0.10999999999999943,32,109.98999999997932
100.39500000000001,-0.10999999999999943,33,109.93499999997948
100.39500000000001,-0.10999999999999943,33,109.93499999997948
100.39500000000001,-0.10999999999999943,38,109.65999999997939
100.39500000000001,-0.10999999999999943,38,109.65999999997939
100.39500000000001,-0.10999999999999943,38,109.65999999997939
100.39500000000001,-0.10999999999999943,38,109.65999999997939
100.39500000000001,-0.10999999999999943,38,109.65999999997939
100.39500000000001,-0.10999999999999943,38,109.65999999997939
100.39500000000001,-0.10999999999999943,38,109.65999999997939
100.39500000000001,-0.10999999999999943,38,109.65999999997939
100.39500000000001,-0.10999999999999943,38,109.65999999997939
100.39500000000001,-0.10999999999999943,44,109.32999999997901
100.39500000000001,-0.10999999999999943,44,109.32999999997901
100.39500000000001,-0.10999999999999943,44,109.32999999997901
100.39500000000001,-0.10999999999999943,46,109.21999999997934
100.39500000000001,-0.10999999999999943,45,109.16499999997995
100.39500000000001,-0.10999999999999943,45,109.16499999997995
100.39500000000001,-0.10999999999999943,45,109.16499999997995
100.39500000000001,-0.10999999999999943,45,109.16499999997995
100.39500000000001,-0.10999999999999943,46,109.10999999997966
100.39500000000001,-0.10999999999999943,46,109.10999999997966
100.39500000000001,-0.10999999999999943,46,109.10999999997966
100.39500000000001,-0.10999999999999943,46,109.10999999997966
100.39500000000001,-0.10999999999999943,46,109.10999999997966
100.39500000000001,-0.10999999999999943,48,108.9999999999809
100.39500000000001,-0.10999999999999943,48,108.9999999999809
100.39500000000001,-0.10999999999999943,48,108.9999999999809
100.39500000000001,-0.10999999999999943,45,108.83499999998003
100.39500000000001,-0.10999999999999943,41,108.61499999998023
100.39500000000001,-0.10999999999999943,41,108.61499999998023
100.39500000000001,-0.10999999999999943,41,108.61499999998023
100.39500000000001,-0.10999999999999943,41,108.61499999998023
100.39500000000001,-0.10999999999999943,41,108.61499999998023
100.39500000000001,-0.10999999999999943,51,108.0649999999805
100.39500000000001,-0.10999999999999943,51,108.0649999999805
100.39500000000001,-0.10999999999999943,51,108.0649999999805
100.39500000000001,-0.10999999999999943,51,108.0649999999805
100.39500000000001,-0.10999999999999943,52,108.00999999998112
100.39500000000001,-0.10999999999999943,52,108.00999999998112
100.39500000000001,-0.10999999999999943,52,108.00999999998112
100.39500000000001,-0.10999999999999943,52,108.00999999998112
100.39500000000001,-0.10999999999999943,52,108.00999999998112
100.39500000000001,-0.10999999999999943,52,108.00999999998112
100.39500000000001,-0.10999999999999943,59,107.6249999999809
100.39500000000001,-0.10999999999999943,60,107.56999999998152
100.39500000000001,-0.10999999999999943,56,107.34999999998126
100.39500000000001,-0.10999999999999943,51,107.07499999998072
100.39500000000001,-0.10999999999999943,60,106.57999999998083
100.39500000000001,-0.10999999999999943,60,106.57999999998083
100.39500000000001,-0.10999999999999943,60,106.57999999998083
100.39500000000001,-0.10999999999999943,60,106.57999999998083
100.39500000000001,-0.10999999999999943,56,106.35999999998057
100.39500000000001,-0.10999999999999943,56,106.35999999998057
100.39500000000001,-0.10999999999999943,56,106.35999999998057
100.39500000000001,-0.10999999999999943,56,106.35999999998057
100.39500000000001,-0.10999999999999943,54,106.2499999999809
100.39500000000001,-0.10999999999999943,54,106.2499999999809
100.39500000000001,-0.10999999999999943,54,106.2499999999809
100.39500000000001,-0.10999999999999943,54,106.2499999999809
100.39500000000001,-0.10999999999999943,54,106.2499999999809
100.39500000000001,-0.10999999999999943,63,105.7549999999801
100.39500000000001,-0.10999999999999943,68,105.47999999998046
100.39500000000001,-0.10999999999999943,68,105.47999999998046
100.39500000000001,-0.10999999999999943,72,105.25999999998021
100.39500000000001,-0.10999999999999943,72,105.25999999998021
100.39500000000001,-0.10999999999999943,68,105.03999999997995
100.39500000000001,-0.10999999999999943,68,105.03999999997995
100.4,-0.10000000000000853,65,105.1999999999789
100.4,-0.10000000000000853,65,105.1999999999789
100.4,-0.10000000000000853,59,104.89999999997963
100.4,-0.10000000000000853,61,104.79999999998017
100.4,-0.10000000000000853,60,104.74999999997999
100.4,-0.10000000000000853,60,104.74999999997999
100.4,-0.10000000000000853,60,104.74999999997999
100.4,-0.10000000000000853,60,104.74999999997999
100.4,-0.10000000000000853,60,104.74999999997999
100.4,-0.10000000000000853,60,104.74999999997999
100.4,-0.10000000000000853,63,104.59999999998035
100.4,-0.10000000000000853,63,104.59999999998035
100.4,-0.10000000000000853,63,104.59999999998035
100.4,-0.10000000000000853,63,104.59999999998035
100.4,-0.10000000000000853,64,104.54999999998017
100.4,-0.10000000000000853,64,104.54999999998017
100.4,-0.10000000000000853,64,104.54999999998017
100.4,-0.10000000000000853,64,104.54999999998017
100.4,-0.10000000000000853,64,104.54999999998017
100.4,-0.10000000000000853,64,104.54999999998017
100.4,-0.10000000000000853,64,104.54999999998017
100.4,-0.10000000000000853,64,104.54999999998017
100.4,-0.10000000000000853,79,103.79999999998017
100.4,-0.10000000000000853,79,103.79999999998017
100.4,-0.10000000000000853,79,103.79999999998017
100.4,-0.10000000000000853,79,103.79999999998017
100.4,-0.10000000000000853,79,103.79999999998017
100.4,-0.10000000000000853,81,103.69999999998072
100.4,-0.10000000000000853,76,103.44999999998072
100.4,-0.10000000000000853,71,103.19999999998072
100.4,-0.10000000000000853,71,103.19999999998072
100.4,-0.10000000000000853,71,103.19999999998072
100.4,-0.10000000000000853,71,103.19999999998072
100.4,-0.10000000000000853,71,103.19999999998072
100.4,-0.10000000000000853,72,103.14999999998054
100.4,-0.10000000000000853,70,103.04999999998017
100.4,-0.10000000000000853,70,103.04999999998017
100.4,-0.10000000000000853,70,103.04999999998017
100.4,-0.10000000000000853,70,103.04999999998017
100.4,-0.10000000000000853,72,102.94999999998072
100.4,-0.10000000000000853,72,102.94999999998072
100.4,-0.10000000000000853,73,102.89999999998145
100.4,-0.10000000000000853,73,102.89999999998145
100.4,-0.10000000000000853,73,102.89999999998145
100.4,-0.10000000000000853,75,102.79999999998108
100.4,-0.10000000000000853,75,102.79999999998108
100.405,-0.09000000000000341,73,103.07499999998163
100.405,-0.09000000000000341,74,103.02999999998156
100.405,-0.09000000000000341,73,102.98499999998148
100.405,-0.09000000000000341,73,102.98499999998148
100.405,-0.09000000000000341,73,102.98499999998148
100.405,-0.09000000000000341,73,102.98499999998148
100.405,-0.09000000000000341,74,102.93999999998141
100.405,-0.09000000000000341,74,102.93999999998141
100.405,-0.09000000000000341,77,102.80499999998119
100.4,-0.0799999999999983,100,101.4299999999821
100.4,-0.0799999999999983,103,101.30999999998312
100.4,-0.0799999999999983,103,101.30999999998312
100.4,-0.0799999999999983,102,101.26999999998407
100.4,-0.0799999999999983,101,101.22999999998501
100.4,-0.0799999999999983,101,101.22999999998501
100.4,-0.0799999999999983,104,101.10999999998421
100.4,-0.0799999999999983,104,101.10999999998421
100.4,-0.0799999999999983,111,100.82999999998538
100.36500000000001,-0.14999999999999147,118,96.41999999998552
100.315,-0.25,118,90.51999999998407
100.285,-0.3100000000000023,118,86.97999999998319
100.27,-0.3400000000000034,118,85.20999999998276
100.265,-0.3499999999999943,118,84.61999999998443
100.25999999999999,-0.35999999999999943,118,84.02999999998246
100.25999999999999,-0.35999999999999943,118,84.02999999998246
100.25999999999999,-0.35999999999999943,118,84.02999999998246
100.25999999999999,-0.35999999999999943,124,82.94999999998254
100.22999999999999,-0.4200000000000017,124,79.22999999998319
100.215,-0.45000000000000284,127,76.69499999998516
100.195,-0.4899999999999949,127,74.15499999998428
100.18,-0.519999999999996,127,72.24999999998545
100.175,-0.5300000000000011,124,70.81999999998334
100.175,-0.5300000000000011,124,70.81999999998334
100.175,-0.5300000000000011,124,70.81999999998334
100.175,-0.5300000000000011,125,70.55499999998392
100.175,-0.5300000000000011,127,70.02499999998508
100.16499999999999,-0.5100000000000051,130,67.94999999998436
100.14,-0.5600000000000023,130,64.69999999998618
100.13,-0.5799999999999983,130,63.399999999985084
100.125,-0.5900000000000034,130,62.74999999998545
100.125,-0.5900000000000034,130,62.74999999998545
100.125,-0.5900000000000034,130,62.74999999998545
100.125,-0.5900000000000034,130,62.74999999998545
100.125,-0.5900000000000034,130,62.74999999998545
100.125,-0.5900000000000034,130,62.74999999998545
100.125,-0.5900000000000034,130,62.74999999998545
100.125,-0.5900000000000034,131,62.454999999985375
100.11500000000001,-0.6099999999999994,131,61.144999999985885
100.11500000000001,-0.6099999999999994,132,60.839999999985594
100.11,-0.6200000000000045,132,60.17999999998574
100.105,-0.6299999999999955,132,59.519999999985885
100.105,-0.6299999999999955,132,59.519999999985885
100.105,-0.6299999999999955,129,58.574999999986176
100.105,-0.6299999999999955,129,58.574999999986176
100.105,-0.6299999999999955,129,58.574999999986176
100.105,-0.6299999999999955,130,58.259999999985666
100.105,-0.6299999999999955,148,52.58999999998741
100.02000000000001,-0.7999999999999972,152,38.40999999998712
99.96000000000001,-0.9200000000000017,152,29.28999999998814
99.93,-0.980000000000004,153,24.23999999998705
99.91,-1.019999999999996,153,21.17999999998574
99.9,-1.0400000000000063,154,19.129999999986467
99.89,-1.0600000000000023,156,16.529999999986103
99.875,-1.0900000000000034,156,14.189999999985957
99.86500000000001,-1.1099999999999994,156,12.629999999988286
99.86500000000001,-1.1099999999999994,150,9.299999999988358
99.86500000000001,-1.1099999999999994,150,9.299999999988358
99.86500000000001,-1.1099999999999994,150,9.299999999988358
99.86500000000001,-1.1099999999999994,150,9.299999999988358
99.86500000000001,-1.1099999999999994,158,4.859999999987849
99.855,-1.1299999999999955,158,3.279999999986103
99.85,-1.1400000000000006,159,1.9199999999855208
99.84,-1.1599999999999966,159,0.3299999999871943
99.83,-1.1599999999999966,160,-1.8500000000149157
99.82,-1.1799999999999926,167,-7.580000000016298
99.78,-1.259999999999991,167,-14.26000000001659
99.75999999999999,-1.2999999999999972,167,-17.600000000016735
99.75,-1.3199999999999932,167,-19.27000000001499
99.745,-1.3299999999999983,161,-24.095000000013897
99.745,-1.3299999999999983,160,-24.76000000001477
99.745,-1.3299999999999983,160,-24.76000000001477
99.745,-1.3299999999999983,161,-25.425000000013824
99.745,-1.3299999999999983,161,-25.425000000013824
99.745,-1.3299999999999983,161,-25.425000000013824
99.745,-1.3299999999999983,161,-25.425000000013824
99.745,-1.3299999999999983,161,-25.425000000013824
99.745,-1.3299999999999983,160,-26.090000000014697
99.745,-1.3299999999999983,162,-27.420000000014625
99.75,-1.3199999999999932,158,-29.27000000001499
99.745,-1.3100000000000023,169,-37.365000000012515
99.73,-1.3400000000000034,162,-44.5900000000147
99.73,-1.3400000000000034,162,-44.5900000000147
99.73,-1.3400000000000034,162,-44.5900000000147
99.73,-1.3400000000000034,162,-44.5900000000147
99.73,-1.3400000000000034,162,-44.5900000000147
99.73,-1.3400000000000034,162,-44.5900000000147
99.73,-1.3400000000000034,162,-44.5900000000147
99.73,-1.3400000000000034,162,-44.5900000000147
99.73,-1.3400000000000034,162,-44.5900000000147
99.73,-1.3400000000000034,161,-45.26000000001477
99.73,-1.3400000000000034,161,-45.26000000001477
99.73,-1.3400000000000034,161,-45.26000000001477
99.73,-1.3400000000000034,162,-45.93000000001484
99.73,-1.3400000000000034,162,-45.93000000001484
99.73,-1.3400000000000034,174,-53.970000000015716
99.695,-1.4100000000000108,175,-60.76500000001761
99.67,-1.460000000000008,175,-65.14000000001761
99.66,-1.480000000000004,175,-66.89000000001761
99.655,-1.490000000000009,171,-70.74500000001717
99.655,-1.490000000000009,171,-70.74500000001717
99.655,-1.490000000000009,170,-71.49000000001979
99.655,-1.490000000000009,171,-72.23500000001877
99.655,-1.490000000000009,171,-72.23500000001877
99.655,-1.490000000000009,171,-72.23500000001877
99.66,-1.480000000000004,163,-77.35000000002037
99.66,-1.480000000000004,163,-77.35000000002037
99.66,-1.480000000000004,164,-78.09000000002015
99.66,-1.480000000000004,164,-78.09000000002015
99.66,-1.480000000000004,164,-78.09000000002015
99.66,-1.480000000000004,164,-78.09000000002015
99.66,-1.480000000000004,163,-78.83000000001994
99.66,-1.480000000000004,161,-80.3100000000195
99.66,-1.480000000000004,161,-80.3100000000195
99.66,-1.480000000000004,160,-81.0500000000211
99.66,-1.480000000000004,160,-81.0500000000211
99.66,-1.480000000000004,160,-81.0500000000211
99.66,-1.480000000000004,160,-81.0500000000211
99.66,-1.480000000000004,162,-82.53000000001884
99.66,-1.480000000000004,162,-82.53000000001884
99.66,-1.480000000000004,162,-82.53000000001884
99.66,-1.480000000000004,171,-89.19000000001688
99.67,-1.460000000000008,167,-90.46000000002095
99.67,-1.460000000000008,167,-90.46000000002095
99.67,-1.460000000000008,167,-90.46000000002095
99.66499999999999,-1.4500000000000028,174,-96.39000000002125
99.655,-1.4699999999999989,177,-100.33500000001732
99.64,-1.5,177,-102.99000000001979
99.63,-1.519999999999996,176,-105.52000000002226
99.63,-1.519999999999996,176,-105.52000000002226
99.63,-1.519999999999996,176,-105.52000000002226
99.63,-1.519999999999996,176,-105.52000000002226
99.63,-1.519999999999996,176,-105.52000000002226
99.63,-1.519999999999996,176,-105.52000000002226
99.63,-1.519999999999996,181,-109.32000000002154
99.60499999999999,-1.5700000000000074,181,-113.84500000002299
99.59,-1.5999999999999943,177,-119.76000000002023
99.59,-1.5999999999999943,178,-120.5600000000195
99.59,-1.5999999999999943,178,-120.5600000000195
99.59,-1.5999999999999943,178,-120.5600000000195
99.59,-1.5999999999999943,178,-120.5600000000195
99.59,-1.5999999999999943,174,-123.76000000002023
99.59,-1.5999999999999943,175,-124.5600000000195
99.59,-1.5999999999999943,175,-124.5600000000195
99.59,-1.5999999999999943,183,-130.96000000001732
99.575,-1.6299999999999955,183,-133.7050000000163
99.57,-1.6400000000000006,178,-138.72000000001935
99.57,-1.6400000000000006,181,-141.18000000001848
99.57,-1.6400000000000006,181,-141.18000000001848
99.57,-1.6400000000000006,178,-143.6400000000176
99.575,-1.6299999999999955,174,-146.03000000001703
99.575,-1.6299999999999955,174,-146.03000000001703
99.575,-1.6299999999999955,176,-147.6600000000144
99.575,-1.6299999999999955,176,-147.6600000000144
99.575,-1.6299999999999955,176,-147.6600000000144
99.575,-1.6299999999999955,176,-147.6600000000144
99.575,-1.6299999999999955,176,-147.6600000000144
99.57,-1.6199999999999903,184,-155.04000000001543
99.545,-1.6299999999999955,196,-169.50000000001455
99.475,-1.769999999999996,196,-183.22000000001572
99.44,-1.8400000000000034,200,-193.76000000001295
99.4,-1.9200000000000017,200,-201.76000000001295
99.38,-1.9599999999999937,200,-205.76000000001295
99.37,-1.980000000000004,200,-207.76000000001295
99.36500000000001,-1.9899999999999949,200,-208.76000000001295
99.36500000000001,-1.9899999999999949,200,-208.76000000001295
99.36500000000001,-1.9899999999999949,199,-209.75500000001193
99.36500000000001,-1.9899999999999949,199,-209.75500000001193
99.36500000000001,-1.9899999999999949,199,-209.75500000001193
99.36500000000001,-1.9899999999999949,198,-210.75000000001455
99.36500000000001,-1.9899999999999949,197,-211.74500000001353
99.36500000000001,-1.9899999999999949,212,-226.67000000001644
99.305,-2.1099999999999994,212,-239.3900000000176
99.275,-2.1700000000000017,212,-245.75000000001455
99.25999999999999,-2.200000000000003,212,-248.93000000001848
99.25,-2.219999999999999,212,-251.05000000001746
99.245,-2.230000000000004,212,-252.11000000001513
99.24000000000001,-2.239999999999995,212,-253.17000000001644
99.24000000000001,-2.239999999999995,212,-253.17000000001644
99.24000000000001,-2.239999999999995,212,-253.17000000001644
99.24000000000001,-2.239999999999995,212,-253.17000000001644
99.24000000000001,-2.239999999999995,212,-253.17000000001644
99.24000000000001,-2.239999999999995,208,-257.650000000016
99.24000000000001,-2.239999999999995,207,-258.7700000000186
99.24000000000001,-2.239999999999995,216,-268.85000000001673
99.22,-2.280000000000001,210,-280.0100000000202
99.22,-2.280000000000001,218,-289.13000000002285
99.2,-2.319999999999993,217,-294.65000000001965
99.195,-2.3299999999999983,217,-295.7350000000224
99.19,-2.3400000000000034,217,-296.82000000002154
99.19,-2.3400000000000034,217,-296.82000000002154
99.19,-2.3400000000000034,217,-296.82000000002154
99.19,-2.3400000000000034,216,-297.9900000000198
99.19,-2.3400000000000034,215,-299.1600000000217
99.19,-2.3400000000000034,215,-299.1600000000217
99.19,-2.3400000000000034,215,-299.1600000000217
99.19,-2.3400000000000034,215,-299.1600000000217
99.19,-2.3400000000000034,215,-299.1600000000217
99.19,-2.3400000000000034,215,-299.1600000000217
99.19,-2.3400000000000034,214,-300.33000000001994
99.19,-2.3400000000000034,213,-301.5000000000182
99.19,-2.3400000000000034,213,-301.5000000000182
99.19,-2.3400000000000034,213,-301.5000000000182
99.19,-2.3400000000000034,213,-301.5000000000182
99.19,-2.3400000000000034,213,-301.5000000000182
99.19,-2.3400000000000034,217,-306.1800000000185
99.19,-2.3400000000000034,218,-307.3500000000204
99.16,-2.299999999999997,229,-327.09000000001834
99.09,-2.4399999999999977,229,-343.12000000001717
99.055,-2.510000000000005,229,-351.1350000000166
99.03999999999999,-2.5400000000000063,229,-354.5700000000179
99.03,-2.5600000000000023,229,-356.8600000000188
99.025,-2.5700000000000074,229,-358.00500000001557
99.02000000000001,-2.5799999999999983,232,-363.020000000015
99.005,-2.6099999999999994,232,-366.5000000000182
99.0,-2.6200000000000045,232,-367.66000000001804
98.995,-2.6299999999999955,232,-368.8200000000179
98.995,-2.6299999999999955,232,-368.8200000000179
98.995,-2.6299999999999955,232,-368.8200000000179
98.995,-2.6299999999999955,232,-368.8200000000179
98.995,-2.6299999999999955,232,-368.8200000000179
98.995,-2.6299999999999955,232,-368.8200000000179
98.995,-2.6299999999999955,232,-368.8200000000179
98.995,-2.6299999999999955,232,-368.8200000000179
98.995,-2.6299999999999955,232,-368.8200000000179
98.995,-2.6299999999999955,232,-368.8200000000179
98.995,-2.6299999999999955,232,-368.8200000000179
98.995,-2.6299999999999955,232,-368.8200000000179
98.995,-2.6299999999999955,233,-370.1350000000166
98.99000000000001,-2.6400000000000006,230,-375.2600000000202
98.995,-2.6299999999999955,221,-386.01500000002125
98.995,-2.6299999999999955,221,-386.01500000002125
98.995,-2.6299999999999955,221,-386.01500000002125
98.995,-2.6299999999999955,221,-386.01500000002125
98.995,-2.6299999999999955,221,-386.01500000002125
98.995,-2.6299999999999955,222,-387.3300000000236
98.995,-2.6299999999999955,223,-388.64500000002226
98.995,-2.6299999999999955,223,-388.64500000002226
98.995,-2.6299999999999955,222,-389.9600000000246
98.995,-2.6299999999999955,221,-391.2750000000233
98.995,-2.6299999999999955,221,-391.2750000000233
98.995,-2.6299999999999955,221,-391.2750000000233
98.995,-2.6299999999999955,222,-392.5900000000256
98.995,-2.6299999999999955,208,-411.00000000002547
98.995,-2.6299999999999955,208,-411.00000000002547
98.995,-2.6299999999999955,212,-416.26000000002387
98.99000000000001,-2.6199999999999903,250,-467.3900000000249
98.895,-2.8100000000000023,250,-491.1400000000285
98.82,-2.8599999999999994,254,-515.660000000029
98.765,-2.969999999999999,254,-529.6300000000265
98.735,-3.030000000000001,253,-538.7650000000285
98.725,-3.049999999999997,253,-541.2950000000274
98.72,-3.0600000000000023,250,-547.1500000000269
98.72,-3.0600000000000023,250,-547.1500000000269
98.72,-3.0600000000000023,250,-547.1500000000269
98.72,-3.0600000000000023,256,-556.3300000000272
98.705,-3.0900000000000034,256,-560.1700000000274
98.695,-3.1099999999999994,256,-562.7300000000287
98.69,-3.1200000000000045,256,-564.0100000000275
98.69,-3.1200000000000045,256,-564.0100000000275
98.69,-3.1200000000000045,255,-565.5700000000252
98.69,-3.1200000000000045,255,-565.5700000000252
98.69,-3.1200000000000045,255,-565.5700000000252
98.69,-3.1200000000000045,255,-565.5700000000252
98.69,-3.1200000000000045,255,-565.5700000000252
98.69,-3.1200000000000045,255,-565.5700000000252
98.69,-3.1200000000000045,253,-568.6900000000278
98.69,-3.1200000000000045,253,-568.6900000000278
98.69,-3.1200000000000045,253,-568.6900000000278
98.69,-3.1200000000000045,253,-568.6900000000278
98.69,-3.1200000000000045,253,-568.6900000000278
98.69,-3.1200000000000045,253,-568.6900000000278
98.69,-3.1200000000000045,253,-568.6900000000278
98.69,-3.1200000000000045,253,-568.6900000000278
98.69,-3.1200000000000045,253,-568.6900000000278
98.69,-3.1200000000000045,253,-568.6900000000278
98.69,-3.1200000000000045,239,-590.5300000000279
98.69,-3.1200000000000045,239,-590.5300000000279
98.69,-3.1200000000000045,241,-593.6500000000269
98.69,-3.1200000000000045,242,-595.2100000000282
98.69,-3.1200000000000045,243,-596.7700000000295
98.69,-3.1200000000000045,243,-596.7700000000295
98.69,-3.1200000000000045,243,-596.7700000000295
98.69,-3.1200000000000045,235,-609.2500000000291
98.69,-3.1200000000000045,240,-617.0500000000284
98.69,-3.1200000000000045,240,-617.0500000000284
98.69,-3.1200000000000045,251,-634.2100000000282
98.69,-3.1200000000000045,254,-638.8900000000285
98.69,-3.1200000000000045,258,-645.1300000000265
98.68,-3.1400000000000006,258,-647.7100000000246
98.675,-3.1500000000000057,258,-649.0000000000291
98.67,-3.1599999999999966,258,-650.2900000000263
98.67,-3.1599999999999966,258,-650.2900000000263
98.67,-3.1599999999999966,257,-651.8700000000281
98.67,-3.1599999999999966,253,-658.1900000000242
98.65,-3.1199999999999903,263,-679.0100000000239
98.615,-3.1899999999999977,261,-691.4050000000243
98.60499999999999,-3.2099999999999937,261,-694.0150000000249
98.6,-3.219999999999999,261,-695.3200000000252
98.6,-3.219999999999999,270,-709.8100000000231
98.555,-3.309999999999988,270,-721.960000000021
98.535,-3.3499999999999943,266,-734.0600000000268
98.535,-3.3499999999999943,266,-734.0600000000268
98.535,-3.3499999999999943,266,-734.0600000000268
98.535,-3.3499999999999943,266,-734.0600000000268
98.535,-3.3499999999999943,267,-735.735000000026
98.535,-3.3499999999999943,267,-735.735000000026
98.535,-3.3499999999999943,264,-740.7600000000239
98.535,-3.3499999999999943,264,-740.7600000000239
98.535,-3.3499999999999943,264,-740.7600000000239
98.535,-3.3499999999999943,264,-740.7600000000239
98.535,-3.3499999999999943,264,-740.7600000000239
98.535,-3.3499999999999943,264,-740.7600000000239
98.535,-3.3499999999999943,264,-740.7600000000239
98.535,-3.3499999999999943,264,-740.7600000000239
98.535,-3.3499999999999943,264,-740.7600000000239
98.535,-3.3499999999999943,264,-740.7600000000239
98.535,-3.3499999999999943,264,-740.7600000000239
98.535,-3.3499999999999943,264,-740.7600000000239
98.535,-3.3499999999999943,264,-740.7600000000239
98.535,-3.3499999999999943,264,-740.7600000000239
98.535,-3.3499999999999943,264,-740.7600000000239
98.535,-3.3499999999999943,264,-740.7600000000239
98.535,-3.3499999999999943,264,-740.7600000000239
98.535,-3.3499999999999943,264,-740.7600000000239
98.535,-3.3499999999999943,264,-740.7600000000239
98.535,-3.3499999999999943,263,-742.4350000000231
98.535,-3.3499999999999943,263,-742.4350000000231
98.535,-3.3499999999999943,263,-742.4350000000231
98.535,-3.3499999999999943,263,-742.4350000000231
98.535,-3.3499999999999943,263,-742.4350000000231
98.535,-3.3499999999999943,264,-744.1100000000224
98.535,-3.3499999999999943,264,-744.1100000000224
98.535,-3.3499999999999943,267,-749.1350000000239
98.535,-3.3499999999999943,267,-749.1350000000239
98.535,-3.3499999999999943,267,-749.1350000000239
98.535,-3.3499999999999943,267,-749.1350000000239
98.535,-3.3499999999999943,262,-757.5100000000239
98.535,-3.3499999999999943,262,-757.5100000000239
98.535,-3.3499999999999943,262,-757.5100000000239
98.535,-3.3499999999999943,262,-757.5100000000239
98.535,-3.3499999999999943,262,-757.5100000000239
98.535,-3.3499999999999943,262,-757.5100000000239
98.535,-3.3499999999999943,262,-757.5100000000239
98.535,-3.3499999999999943,260,-760.8600000000224
98.535,-3.3499999999999943,261,-762.5350000000217
98.535,-3.3499999999999943,261,-762.5350000000217
98.535,-3.3499999999999943,260,-764.210000000021
98.535,-3.3499999999999943,260,-764.210000000021
98.535,-3.3499999999999943,260,-764.210000000021
98.535,-3.3499999999999943,260,-764.210000000021
98.535,-3.3499999999999943,252,-777.6100000000188
98.535,-3.3499999999999943,243,-792.6850000000195
98.535,-3.3499999999999943,243,-792.6850000000195
98.535,-3.3499999999999943,243,-792.6850000000195
98.535,-3.3499999999999943,243,-792.6850000000195
98.535,-3.3499999999999943,243,-792.6850000000195
98.535,-3.3499999999999943,242,-794.3600000000188
98.535,-3.3499999999999943,229,-816.1350000000166
98.535,-3.3499999999999943,230,-817.8100000000159
98.535,-3.3499999999999943,230,-817.8100000000159
98.535,-3.3499999999999943,228,-821.1600000000144
98.535,-3.3499999999999943,228,-821.1600000000144
98.535,-3.3499999999999943,227,-822.8350000000137
98.535,-3.3499999999999943,226,-824.510000000013
98.535,-3.3499999999999943,226,-824.510000000013
98.535,-3.3499999999999943,226,-824.510000000013
98.535,-3.3499999999999943,226,-824.510000000013
98.535,-3.3499999999999943,226,-824.510000000013
98.535,-3.3499999999999943,226,-824.510000000013
98.535,-3.3499999999999943,226,-824.510000000013
98.535,-3.3499999999999943,226,-824.510000000013
98.535,-3.3499999999999943,226,-824.510000000013
98.535,-3.3499999999999943,226,-824.510000000013
98.535,-3.3499999999999943,216,-841.2600000000166
98.535,-3.3499999999999943,216,-841.2600000000166
98.535,-3.3499999999999943,217,-842.9350000000159
98.535,-3.3499999999999943,217,-842.9350000000159
98.535,-3.3499999999999943,214,-847.9600000000137
98.535,-3.3499999999999943,214,-847.9600000000137
98.535,-3.3499999999999943,214,-847.9600000000137
98.535,-3.3499999999999943,218,-854.6600000000108
98.535,-3.3499999999999943,218,-854.6600000000108
98.535,-3.3499999999999943,223,-863.0350000000108
98.535,-3.3499999999999943,223,-863.0350000000108
98.535,-3.3499999999999943,223,-863.0350000000108
98.535,-3.3499999999999943,223,-863.0350000000108
98.535,-3.3499999999999943,224,-864.71000000001
98.535,-3.3499999999999943,224,-864.71000000001
98.535,-3.3499999999999943,224,-864.71000000001
98.535,-3.3499999999999943,224,-864.71000000001
98.535,-3.3499999999999943,225,-866.3850000000093
98.535,-3.3499999999999943,230,-874.7600000000093
98.535,-3.3499999999999943,230,-874.7600000000093
98.535,-3.3499999999999943,229,-876.4350000000086
98.535,-3.3499999999999943,229,-876.4350000000086
98.535,-3.3499999999999943,229,-876.4350000000086
98.535,-3.3499999999999943,229,-876.4350000000086
98.53,-3.3400000000000034,233,-884.2700000000041
98.53,-3.3400000000000034,233,-884.2700000000041
98.53,-3.3400000000000034,233,-884.2700000000041
98.53,-3.3400000000000034,233,-884.2700000000041
98.53,-3.3400000000000034,233,-884.2700000000041
98.53,-3.3400000000000034,233,-884.2700000000041
98.53,-3.3400000000000034,233,-884.2700000000041
98.53,-3.3400000000000034,233,-884.2700000000041
98.53,-3.3400000000000034,233,-884.2700000000041
98.53,-3.3400000000000034,231,-887.6100000000042
98.53,-3.3400000000000034,231,-887.6100000000042
98.53,-3.3400000000000034,231,-887.6100000000042
98.53,-3.3400000000000034,231,-887.6100000000042
98.53,-3.3400000000000034,231,-887.6100000000042
98.53,-3.3400000000000034,249,-917.6700000000019
98.53,-3.3400000000000034,249,-917.6700000000019
98.53999999999999,-3.3200000000000074,246,-920.2200000000048
98.53999999999999,-3.3200000000000074,246,-920.2200000000048
98.53999999999999,-3.3200000000000074,246,-920.2200000000048
98.53999999999999,-3.3200000000000074,246,-920.2200000000048
98.53999999999999,-3.3200000000000074,246,-920.2200000000048
98.53999999999999,-3.3200000000000074,247,-921.8800000000047
98.53999999999999,-3.3200000000000074,247,-921.8800000000047
98.53999999999999,-3.3200000000000074,248,-923.5400000000045
98.53999999999999,-3.3200000000000074,248,-923.5400000000045
98.53999999999999,-3.3200000000000074,248,-923.5400000000045
98.53999999999999,-3.3200000000000074,248,-923.5400000000045
98.53999999999999,-3.3200000000000074,246,-926.8600000000079
98.53999999999999,-3.3200000000000074,241,-935.1600000000035
98.53999999999999,-3.3200000000000074,241,-935.1600000000035
98.53999999999999,-3.3200000000000074,242,-936.820000000007
98.53999999999999,-3.3200000000000074,260,-966.7000000000044
98.53999999999999,-3.3200000000000074,261,-968.3600000000042
98.53999999999999,-3.3200000000000074,260,-970.0200000000041
98.53999999999999,-3.3200000000000074,260,-970.0200000000041
98.53999999999999,-3.3200000000000074,260,-970.0200000000041
98.53999999999999,-3.3200000000000074,260,-970.0200000000041
98.53999999999999,-3.3200000000000074,260,-970.0200000000041
98.53999999999999,-3.3200000000000074,260,-970.0200000000041
98.53999999999999,-3.3200000000000074,261,-971.6800000000039
98.53999999999999,-3.3200000000000074,261,-971.6800000000039
98.53999999999999,-3.3200000000000074,265,-978.3200000000033
98.53999999999999,-3.3200000000000074,272,-989.940000000006
98.50999999999999,-3.3800000000000097,272,-998.1000000000058
98.495,-3.4099999999999966,272,-1002.1800000000039
98.49000000000001,-3.4200000000000017,270,-1006.9599999999991
98.49000000000001,-3.4200000000000017,279,-1022.3499999999985
98.45,-3.5,279,-1033.510000000002
98.43,-3.5400000000000063,278,-1040.8600000000006
98.42500000000001,-3.549999999999997,278,-1042.25
98.42500000000001,-3.549999999999997,279,-1044.0249999999978
98.42,-3.5600000000000023,279,-1045.420000000002
98.41499999999999,-3.5700000000000074,279,-1046.815000000006
98.41,-3.5799999999999983,280,-1050.0000000000036
98.405,-3.5900000000000034,280,-1051.4000000000015
98.405,-3.5900000000000034,280,-1051.4000000000015
98.405,-3.5900000000000034,280,-1051.4000000000015
98.405,-3.5900000000000034,274,-1062.170000000002
98.405,-3.5900000000000034,274,-1062.170000000002
98.405,-3.5900000000000034,274,-1062.170000000002
98.405,-3.5900000000000034,274,-1062.170000000002
98.405,-3.5900000000000034,280,-1072.9400000000023
98.405,-3.5900000000000034,280,-1072.9400000000023
98.405,-3.5900000000000034,280,-1072.9400000000023
98.405,-3.5900000000000034,285,-1081.9150000000045
98.38,-3.6400000000000006,278,-1101.780000000006
98.38,-3.6400000000000006,278,-1101.780000000006
98.4,-3.6000000000000085,266,-1117.9400000000023
98.4,-3.6000000000000085,266,-1117.9400000000023
98.4,-3.6000000000000085,261,-1126.9400000000023
98.4,-3.6000000000000085,260,-1128.7400000000052
98.4,-3.6000000000000085,261,-1130.5400000000045
98.4,-3.6000000000000085,261,-1130.5400000000045
98.4,-3.6000000000000085,270,-1146.7400000000052
98.4,-3.6000000000000085,270,-1146.7400000000052
98.4,-3.6000000000000085,270,-1146.7400000000052
98.4,-3.6000000000000085,270,-1146.7400000000052
98.4,-3.6000000000000085,270,-1146.7400000000052
98.4,-3.6000000000000085,270,-1146.7400000000052
98.405,-3.5900000000000034,257,-1168.775000000005
98.405,-3.5900000000000034,257,-1168.775000000005
98.405,-3.5900000000000034,257,-1168.775000000005
98.405,-3.5900000000000034,261,-1175.9550000000017
98.405,-3.5900000000000034,261,-1175.9550000000017
98.405,-3.5900000000000034,267,-1186.7250000000022
98.405,-3.5900000000000034,267,-1186.7250000000022
98.405,-3.5900000000000034,267,-1186.7250000000022
98.405,-3.5900000000000034,267,-1186.7250000000022
98.405,-3.5900000000000034,267,-1186.7250000000022
98.405,-3.5900000000000034,244,-1228.0100000000057
98.405,-3.5900000000000034,244,-1228.0100000000057
98.405,-3.5900000000000034,244,-1228.0100000000057
98.405,-3.5900000000000034,244,-1228.0100000000057
98.405,-3.5900000000000034,244,-1228.0100000000057
98.405,-3.5900000000000034,242,-1231.6000000000022
98.405,-3.5900000000000034,236,-1242.3700000000026
98.405,-3.5900000000000034,237,-1244.1650000000045
98.405,-3.5900000000000034,237,-1244.1650000000045
98.405,-3.5900000000000034,241,-1251.3450000000048
98.405,-3.5900000000000034,241,-1251.3450000000048
98.405,-3.5900000000000034,241,-1251.3450000000048
98.405,-3.5900000000000034,240,-1253.140000000003
98.405,-3.5900000000000034,240,-1253.140000000003
98.405,-3.5900000000000034,240,-1253.140000000003
98.405,-3.5900000000000034,240,-1253.140000000003
98.405,-3.5900000000000034,248,-1267.5000000000036
98.405,-3.5900000000000034,251,-1272.885000000002
98.405,-3.5900000000000034,252,-1274.6800000000003
98.405,-3.5900000000000034,252,-1274.6800000000003
98.405,-3.5900000000000034,250,-1278.2700000000004
98.405,-3.5900000000000034,250,-1278.2700000000004
98.405,-3.5900000000000034,248,-1281.8600000000006
98.405,-3.5900000000000034,249,-1283.6549999999988
98.405,-3.5900000000000034,248,-1285.4500000000007
98.405,-3.5900000000000034,246,-1289.0399999999972
98.405,-3.5900000000000034,246,-1289.0399999999972
98.405,-3.5900000000000034,247,-1290.8349999999991
98.405,-3.5900000000000034,247,-1290.8349999999991
98.405,-3.5900000000000034,247,-1290.8349999999991
98.405,-3.5900000000000034,247,-1290.8349999999991
98.405,-3.5900000000000034,247,-1290.8349999999991
98.405,-3.5900000000000034,266,-1324.9399999999987
98.405,-3.5900000000000034,266,-1324.9399999999987
98.405,-3.5900000000000034,266,-1324.9399999999987
98.405,-3.5900000000000034,266,-1324.9399999999987
98.405,-3.5900000000000034,266,-1324.9399999999987
98.405,-3.5900000000000034,267,-1326.734999999997
98.405,-3.5900000000000034,259,-1341.0949999999975
98.405,-3.5900000000000034,259,-1341.0949999999975
98.405,-3.5900000000000034,251,-1355.454999999998
98.41,-3.5799999999999983,250,-1355.9999999999964
98.41,-3.5799999999999983,249,-1357.7899999999972
98.41,-3.5799999999999983,249,-1357.7899999999972
98.41,-3.5799999999999983,249,-1357.7899999999972
98.41,-3.5799999999999983,249,-1357.7899999999972
98.41,-3.5799999999999983,248,-1359.579999999998
98.41,-3.5799999999999983,243,-1368.5300000000025
98.41,-3.5799999999999983,243,-1368.5300000000025
98.41,-3.5799999999999983,243,-1368.5300000000025
98.41,-3.5799999999999983,249,-1379.2700000000004
98.41,-3.5799999999999983,248,-1381.0600000000013
98.41499999999999,-3.5700000000000074,246,-1383.4100000000035
98.41499999999999,-3.5700000000000074,246,-1383.4100000000035
98.41499999999999,-3.5700000000000074,246,-1383.4100000000035
98.41499999999999,-3.5700000000000074,246,-1383.4100000000035
98.41499999999999,-3.5700000000000074,248,-1386.9800000000032
98.41499999999999,-3.5700000000000074,248,-1386.9800000000032
98.41499999999999,-3.5700000000000074,248,-1386.9800000000032
98.41499999999999,-3.5700000000000074,248,-1386.9800000000032
98.41499999999999,-3.5700000000000074,249,-1388.765000000003
98.41499999999999,-3.5700000000000074,249,-1388.765000000003
98.41499999999999,-3.5700000000000074,249,-1388.765000000003
98.41499999999999,-3.5700000000000074,249,-1388.765000000003
98.41499999999999,-3.5700000000000074,249,-1388.765000000003
98.41499999999999,-3.5700000000000074,249,-1388.765000000003
98.41499999999999,-3.5700000000000074,249,-1388.765000000003
98.41499999999999,-3.5700000000000074,247,-1392.3350000000064
98.41499999999999,-3.5700000000000074,247,-1392.3350000000064
98.42500000000001,-3.549999999999997,229,-1422.074999999997
98.42500000000001,-3.549999999999997,229,-1422.074999999997
98.42500000000001,-3.549999999999997,229,-1422.074999999997
98.42500000000001,-3.549999999999997,229,-1422.074999999997
98.42500000000001,-3.549999999999997,237,-1436.2749999999978
98.42500000000001,-3.549999999999997,237,-1436.2749999999978
98.42500000000001,-3.549999999999997,237,-1436.2749999999978
98.42500000000001,-3.549999999999997,237,-1436.2749999999978
98.42500000000001,-3.549999999999997,237,-1436.2749999999978
98.42500000000001,-3.549999999999997,233,-1443.375
98.42500000000001,-3.549999999999997,233,-1443.375
98.42500000000001,-3.549999999999997,233,-1443.375
98.42500000000001,-3.549999999999997,238,-1452.25
98.42500000000001,-3.549999999999997,238,-1452.25
98.42500000000001,-3.549999999999997,238,-1452.25
98.42500000000001,-3.549999999999997,238,-1452.25
98.42,-3.539999999999992,245,-1465.8500000000022
98.42,-3.539999999999992,245,-1465.8500000000022
98.42,-3.539999999999992,240,-1474.7000000000044
98.42,-3.539999999999992,239,-1476.4700000000012
98.42,-3.539999999999992,238,-1478.2400000000016
98.42,-3.539999999999992,238,-1478.2400000000016
98.42,-3.539999999999992,238,-1478.2400000000016
98.42,-3.539999999999992,242,-1485.3199999999997
98.42,-3.539999999999992,243,-1487.0899999999965
98.42,-3.539999999999992,243,-1487.0899999999965
98.42,-3.539999999999992,240,-1492.3999999999978
98.42,-3.539999999999992,239,-1494.1699999999946
98.42,-3.539999999999992,238,-1495.939999999995
98.42,-3.539999999999992,238,-1495.939999999995
98.42,-3.539999999999992,238,-1495.939999999995
98.42,-3.539999999999992,244,-1506.559999999994
98.42,-3.539999999999992,243,-1508.3299999999908
98.42,-3.539999999999992,246,-1513.6399999999921
98.42,-3.539999999999992,246,-1513.6399999999921
98.42,-3.539999999999992,249,-1518.9499999999898
98.42,-3.539999999999992,249,-1518.9499999999898
98.42,-3.539999999999992,248,-1520.7199999999903
98.42,-3.539999999999992,248,-1520.7199999999903
98.42,-3.539999999999992,248,-1520.7199999999903
98.42,-3.539999999999992,249,-1522.489999999987
98.42,-3.539999999999992,260,-1541.9599999999882
98.425,-3.530000000000001,250,-1558.3299999999908
98.43,-3.519999999999996,248,-1560.6099999999897
98.43,-3.519999999999996,249,-1562.369999999988
98.43,-3.519999999999996,247,-1565.8899999999885
98.43,-3.519999999999996,256,-1581.7299999999886
98.43,-3.519999999999996,255,-1583.4899999999907
98.43,-3.519999999999996,255,-1583.4899999999907
98.43,-3.519999999999996,255,-1583.4899999999907
98.43,-3.519999999999996,254,-1585.2499999999927
98.43,-3.519999999999996,254,-1585.2499999999927
98.43,-3.519999999999996,254,-1585.2499999999927
98.43,-3.519999999999996,254,-1585.2499999999927
98.43,-3.519999999999996,254,-1585.2499999999927
98.43,-3.519999999999996,254,-1585.2499999999927
98.43,-3.519999999999996,254,-1585.2499999999927
98.43,-3.519999999999996,254,-1585.2499999999927
98.43,-3.519999999999996,254,-1585.2499999999927
98.43,-3.519999999999996,254,-1585.2499999999927
98.43,-3.519999999999996,261,-1597.5699999999924
98.43,-3.519999999999996,261,-1597.5699999999924
98.43,-3.519999999999996,261,-1597.5699999999924
98.43,-3.519999999999996,254,-1609.8899999999958
98.43,-3.519999999999996,250,-1616.9299999999967
98.43,-3.519999999999996,266,-1645.0899999999965
98.43,-3.519999999999996,276,-1662.6899999999987
98.43,-3.519999999999996,276,-1662.6899999999987
98.43,-3.519999999999996,276,-1662.6899999999987
98.43,-3.519999999999996,278,-1666.2099999999991
98.42,-3.539999999999992,278,-1668.989999999998
98.41499999999999,-3.549999999999997,278,-1670.380000000001
98.41,-3.5600000000000023,278,-1671.7700000000004
98.41,-3.5600000000000023,278,-1671.7700000000004
98.41,-3.5600000000000023,284,-1682.4500000000007
98.38,-3.6200000000000045,284,-1690.9700000000012
98.36500000000001,-3.6499999999999915,289,-1704.354999999996
98.33500000000001,-3.7099999999999937,289,-1713.0249999999978
98.32,-3.739999999999995,290,-1719.2299999999996
98.305,-3.769999999999996,291,-1725.4649999999965
98.295,-3.789999999999992,283,-1743.5349999999962
98.295,-3.789999999999992,285,-1747.324999999997
98.295,-3.789999999999992,285,-1747.324999999997
98.295,-3.789999999999992,284,-1749.2199999999975
98.295,-3.789999999999992,286,-1753.0099999999984
98.295,-3.789999999999992,286,-1753.0099999999984
98.295,-3.789999999999992,287,-1754.9049999999952
98.305,-3.769999999999996,279,-1767.1349999999948
98.305,-3.769999999999996,279,-1767.1349999999948
98.305,-3.769999999999996,280,-1769.0199999999932
98.305,-3.769999999999996,280,-1769.0199999999932
98.305,-3.769999999999996,280,-1769.0199999999932
98.305,-3.769999999999996,280,-1769.0199999999932
98.305,-3.769999999999996,280,-1769.0199999999932
98.305,-3.769999999999996,282,-1772.7899999999936
98.305,-3.769999999999996,278,-1780.3299999999945
98.305,-3.769999999999996,274,-1787.8699999999917
98.305,-3.769999999999996,274,-1787.8699999999917
98.305,-3.769999999999996,274,-1787.8699999999917
98.305,-3.769999999999996,274,-1787.8699999999917
98.305,-3.769999999999996,272,-1791.6399999999921
98.305,-3.769999999999996,278,-1802.9499999999935
98.305,-3.769999999999996,278,-1802.9499999999935
98.305,-3.769999999999996,278,-1802.9499999999935
98.305,-3.769999999999996,278,-1802.9499999999935
98.305,-3.769999999999996,278,-1802.9499999999935
98.305,-3.769999999999996,278,-1802.9499999999935
98.305,-3.769999999999996,278,-1802.9499999999935
98.315,-3.75,271,-1813.3549999999996
98.315,-3.75,271,-1813.3549999999996
98.315,-3.75,273,-1817.1049999999996
98.315,-3.75,273,-1817.1049999999996
98.315,-3.75,273,-1817.1049999999996
98.315,-3.75,273,-1817.1049999999996
98.315,-3.75,273,-1817.1049999999996
98.315,-3.75,273,-1817.1049999999996
98.315,-3.75,279,-1828.3549999999996
98.315,-3.75,279,-1828.3549999999996
98.315,-3.75,279,-1828.3549999999996
98.315,-3.75,279,-1828.3549999999996
98.315,-3.75,279,-1828.3549999999996
98.315,-3.75,277,-1832.104999999996
98.315,-3.75,286,-1848.979999999996
98.315,-3.75,286,-1848.979999999996
98.315,-3.75,286,-1848.979999999996
98.315,-3.75,286,-1848.979999999996
98.315,-3.75,286,-1848.979999999996
98.315,-3.75,285,-1850.8549999999996
98.315,-3.75,287,-1854.6049999999996
98.315,-3.75,287,-1854.6049999999996
98.315,-3.75,283,-1862.1049999999996
98.315,-3.75,283,-1862.1049999999996
98.315,-3.75,283,-1862.1049999999996
98.315,-3.75,285,-1865.8550000000032
98.315,-3.75,285,-1865.8550000000032
98.315,-3.75,285,-1865.8550000000032
98.315,-3.75,285,-1865.8550000000032
98.315,-3.75,285,-1865.8550000000032
98.31,-3.740000000000009,289,-1874.7900000000009
98.30000000000001,-3.760000000000005,289,-1877.6799999999967
98.295,-3.7700000000000102,289,-1879.125
98.295,-3.7700000000000102,288,-1881.010000000002
98.295,-3.7700000000000102,288,-1881.010000000002
98.295,-3.7700000000000102,288,-1881.010000000002
98.295,-3.7700000000000102,288,-1881.010000000002
98.295,-3.7700000000000102,289,-1882.8950000000004
98.295,-3.7700000000000102,288,-1884.7800000000025
98.295,-3.7700000000000102,280,-1899.8600000000006
98.295,-3.7700000000000102,280,-1899.8600000000006
98.295,-3.7700000000000102,280,-1899.8600000000006
98.295,-3.7700000000000102,281,-1901.7450000000026
98.295,-3.7700000000000102,281,-1901.7450000000026
98.295,-3.7700000000000102,289,-1916.8250000000007
98.295,-3.7700000000000102,289,-1916.8250000000007
98.295,-3.7700000000000102,289,-1916.8250000000007
98.295,-3.7700000000000102,289,-1916.8250000000007
98.295,-3.7700000000000102,290,-1918.7100000000028
98.285,-3.7900000000000063,290,-1921.6100000000042
98.28,-3.8000000000000114,290,-1923.0600000000013
98.28,-3.8000000000000114,290,-1923.0600000000013
98.28,-3.8000000000000114,290,-1923.0600000000013
98.28,-3.8000000000000114,294,-1930.6600000000035
98.26,-3.8400000000000034,294,-1936.5400000000009
98.25,-3.8600000000000136,294,-1939.4800000000032
98.245,-3.8700000000000045,288,-1952.5600000000013
98.245,-3.8700000000000045,288,-1952.5600000000013
98.245,-3.8700000000000045,288,-1952.5600000000013
98.245,-3.8700000000000045,288,-1952.5600000000013
98.245,-3.8700000000000045,288,-1952.5600000000013
98.245,-3.8700000000000045,308,-1991.2599999999984
98.17500000000001,-4.010000000000005,308,-2012.819999999996
98.14,-4.0800000000000125,308,-2023.6000000000022
98.12,-4.1200000000000045,308,-2029.7599999999984
98.11000000000001,-4.140000000000001,309,-2034.9099999999962
98.1,-4.160000000000011,309,-2038.0000000000036
98.095,-4.170000000000002,309,-2039.545000000002
98.09,-4.180000000000007,308,-2043.1800000000003
98.09,-4.180000000000007,308,-2043.1800000000003
98.09,-4.180000000000007,308,-2043.1800000000003
98.09,-4.180000000000007,303,-2053.630000000001
98.095,-4.170000000000002,298,-2062.5800000000017
98.095,-4.170000000000002,299,-2064.6650000000045
98.095,-4.170000000000002,299,-2064.6650000000045
98.095,-4.170000000000002,295,-2073.005000000001
98.095,-4.170000000000002,296,-2075.090000000004
98.095,-4.170000000000002,296,-2075.090000000004
98.095,-4.170000000000002,296,-2075.090000000004
98.095,-4.170000000000002,296,-2075.090000000004
98.095,-4.170000000000002,295,-2077.175000000003
98.095,-4.170000000000002,295,-2077.175000000003
98.095,-4.170000000000002,295,-2077.175000000003
98.095,-4.170000000000002,295,-2077.175000000003
98.095,-4.170000000000002,294,-2079.2600000000057
98.095,-4.170000000000002,293,-2081.3450000000084
98.095,-4.170000000000002,294,-2083.4300000000076
98.095,-4.170000000000002,294,-2083.4300000000076
98.095,-4.170000000000002,296,-2087.6000000000095
98.095,-4.170000000000002,308,-2112.62000000001
98.095,-4.170000000000002,308,-2112.62000000001
98.095,-4.170000000000002,308,-2112.62000000001
98.095,-4.170000000000002,301,-2127.2150000000074
98.095,-4.170000000000002,301,-2127.2150000000074
98.095,-4.170000000000002,301,-2127.2150000000074
98.095,-4.170000000000002,301,-2127.2150000000074
98.095,-4.170000000000002,301,-2127.2150000000074
98.095,-4.170000000000002,290,-2150.1500000000087
98.095,-4.170000000000002,290,-2150.1500000000087
98.095,-4.170000000000002,290,-2150.1500000000087
98.095,-4.170000000000002,289,-2152.2350000000115
98.095,-4.170000000000002,289,-2152.2350000000115
98.095,-4.170000000000002,289,-2152.2350000000115
98.095,-4.170000000000002,287,-2156.4050000000097
98.095,-4.170000000000002,287,-2156.4050000000097
98.095,-4.170000000000002,287,-2156.4050000000097
98.095,-4.170000000000002,287,-2156.4050000000097
98.095,-4.170000000000002,288,-2158.490000000009
98.095,-4.170000000000002,288,-2158.490000000009
98.095,-4.170000000000002,288,-2158.490000000009
98.095,-4.170000000000002,288,-2158.490000000009
98.095,-4.170000000000002,288,-2158.490000000009
98.095,-4.170000000000002,288,-2158.490000000009
98.095,-4.170000000000002,283,-2168.915000000012
98.095,-4.170000000000002,283,-2168.915000000012
98.095,-4.170000000000002,283,-2168.915000000012
98.095,-4.170000000000002,283,-2168.915000000012
98.095,-4.170000000000002,283,-2168.915000000012
98.1,-4.160000000000011,272,-2190.4400000000132
98.1,-4.160000000000011,272,-2190.4400000000132
98.1,-4.160000000000011,272,-2190.4400000000132
98.1,-4.160000000000011,272,-2190.4400000000132
98.1,-4.160000000000011,272,-2190.4400000000132
98.1,-4.160000000000011,272,-2190.4400000000132
98.1,-4.160000000000011,271,-2192.5200000000114
98.1,-4.160000000000011,269,-2196.680000000011
98.1,-4.160000000000011,269,-2196.680000000011
98.1,-4.160000000000011,269,-2196.680000000011
98.1,-4.160000000000011,261,-2213.3200000000106
98.1,-4.160000000000011,261,-2213.3200000000106
98.1,-4.160000000000011,261,-2213.3200000000106
98.1,-4.160000000000011,261,-2213.3200000000106
98.1,-4.160000000000011,260,-2215.4000000000087
98.1,-4.160000000000011,262,-2219.560000000012
98.1,-4.160000000000011,262,-2219.560000000012
98.1,-4.160000000000011,262,-2219.560000000012
98.1,-4.160000000000011,262,-2219.560000000012
98.1,-4.160000000000011,262,-2219.560000000012
98.1,-4.160000000000011,262,-2219.560000000012
98.1,-4.160000000000011,262,-2219.560000000012
98.1,-4.160000000000011,262,-2219.560000000012
98.1,-4.160000000000011,262,-2219.560000000012
98.1,-4.160000000000011,262,-2219.560000000012
98.1,-4.160000000000011,262,-2219.560000000012
98.1,-4.160000000000011,258,-2227.8800000000083
98.1,-4.160000000000011,258,-2227.8800000000083
98.1,-4.160000000000011,253,-2238.2800000000097
98.1,-4.160000000000011,252,-2240.3600000000115
98.1,-4.160000000000011,252,-2240.3600000000115
98.1,-4.160000000000011,252,-2240.3600000000115
98.1,-4.160000000000011,253,-2242.4400000000096
98.1,-4.160000000000011,253,-2242.4400000000096
98.1,-4.160000000000011,253,-2242.4400000000096
98.1,-4.160000000000011,244,-2261.1600000000108
98.1,-4.160000000000011,243,-2263.240000000009
98.11000000000001,-4.140000000000001,240,-2267.0800000000054
98.11000000000001,-4.140000000000001,240,-2267.0800000000054
98.105,-4.1299999999999955,243,-2274.4950000000063
98.105,-4.1299999999999955,243,-2274.4950000000063
98.105,-4.1299999999999955,243,-2274.4950000000063
98.105,-4.1299999999999955,253,-2295.145000000004
98.105,-4.1299999999999955,253,-2295.145000000004
98.105,-4.1299999999999955,253,-2295.145000000004
98.105,-4.1299999999999955,253,-2295.145000000004
98.105,-4.1299999999999955,253,-2295.145000000004
98.105,-4.1299999999999955,253,-2295.145000000004
98.105,-4.1299999999999955,258,-2305.470000000005
98.105,-4.1299999999999955,257,-2307.5350000000035
98.105,-4.1299999999999955,257,-2307.5350000000035
98.105,-4.1299999999999955,257,-2307.5350000000035
98.11500000000001,-4.109999999999999,239,-2342.135000000002
98.11500000000001,-4.109999999999999,239,-2342.135000000002
98.11500000000001,-4.109999999999999,243,-2350.3549999999996
98.11500000000001,-4.109999999999999,243,-2350.3549999999996
98.11500000000001,-4.109999999999999,243,-2350.3549999999996
98.11500000000001,-4.109999999999999,243,-2350.3549999999996
98.11500000000001,-4.109999999999999,237,-2362.6850000000013
98.11500000000001,-4.109999999999999,238,-2364.739999999998
98.125,-4.090000000000003,230,-2378.8199999999997
98.125,-4.090000000000003,223,-2393.1349999999984
98.125,-4.090000000000003,223,-2393.1349999999984
98.125,-4.090000000000003,223,-2393.1349999999984
98.125,-4.090000000000003,223,-2393.1349999999984
98.125,-4.090000000000003,223,-2393.1349999999984
98.125,-4.090000000000003,221,-2397.2249999999985
98.125,-4.090000000000003,214,-2411.5399999999972
98.125,-4.090000000000003,214,-2411.5399999999972
98.125,-4.090000000000003,214,-2411.5399999999972
98.125,-4.090000000000003,222,-2427.899999999998
98.125,-4.090000000000003,222,-2427.899999999998
98.125,-4.090000000000003,223,-2429.944999999996
98.125,-4.090000000000003,224,-2431.9899999999943
98.125,-4.090000000000003,224,-2431.9899999999943
98.125,-4.090000000000003,224,-2431.9899999999943
98.125,-4.090000000000003,224,-2431.9899999999943
98.125,-4.090000000000003,224,-2431.9899999999943
98.125,-4.090000000000003,236,-2456.529999999995
98.125,-4.090000000000003,231,-2466.7549999999937
98.125,-4.090000000000003,225,-2479.024999999994
98.125,-4.090000000000003,225,-2479.024999999994
98.125,-4.090000000000003,226,-2481.0699999999924
98.125,-4.090000000000003,222,-2489.2499999999927
98.125,-4.090000000000003,222,-2489.2499999999927
98.125,-4.090000000000003,222,-2489.2499999999927
98.125,-4.090000000000003,222,-2489.2499999999927
98.125,-4.090000000000003,222,-2489.2499999999927
98.125,-4.090000000000003,222,-2489.2499999999927
98.125,-4.090000000000003,222,-2489.2499999999927
98.125,-4.090000000000003,222,-2489.2499999999927
98.125,-4.090000000000003,222,-2489.2499999999927
98.125,-4.090000000000003,222,-2489.2499999999927
98.125,-4.090000000000003,220,-2493.339999999993
98.125,-4.090000000000003,223,-2499.4749999999913
98.125,-4.090000000000003,223,-2499.4749999999913
98.125,-4.090000000000003,224,-2501.5199999999895
98.125,-4.090000000000003,224,-2501.5199999999895
98.125,-4.090000000000003,224,-2501.5199999999895
98.125,-4.090000000000003,225,-2503.564999999988
98.125,-4.090000000000003,225,-2503.564999999988
98.125,-4.090000000000003,225,-2503.564999999988
98.125,-4.090000000000003,225,-2503.564999999988
98.13499999999999,-4.070000000000007,209,-2534.1549999999916
98.13499999999999,-4.070000000000007,205,-2542.2949999999873
98.14,-4.060000000000002,194,-2563.639999999985
98.14,-4.060000000000002,195,-2565.6699999999837
98.14,-4.060000000000002,196,-2567.6999999999825
98.14,-4.060000000000002,198,-2571.75999999998
98.14,-4.060000000000002,198,-2571.75999999998
98.14,-4.060000000000002,198,-2571.75999999998
98.14,-4.060000000000002,198,-2571.75999999998
98.14,-4.060000000000002,194,-2579.879999999983
98.14,-4.060000000000002,188,-2592.059999999983
98.14,-4.060000000000002,188,-2592.059999999983
98.14,-4.060000000000002,188,-2592.059999999983
98.14,-4.060000000000002,191,-2598.1499999999796
98.14,-4.060000000000002,191,-2598.1499999999796
98.14,-4.060000000000002,198,-2612.3599999999788
98.14,-4.060000000000002,199,-2614.3899999999776
98.14,-4.060000000000002,199,-2614.3899999999776
98.14,-4.060000000000002,199,-2614.3899999999776
98.14,-4.060000000000002,198,-2616.4199999999764
98.14,-4.060000000000002,198,-2616.4199999999764
98.14,-4.060000000000002,197,-2618.4499999999753
98.14,-4.060000000000002,197,-2618.4499999999753
98.14,-4.060000000000002,198,-2620.479999999974
98.14,-4.060000000000002,212,-2648.899999999976
98.14,-4.060000000000002,212,-2648.899999999976
98.14,-4.060000000000002,212,-2648.899999999976
98.14,-4.060000000000002,202,-2669.199999999979
98.14,-4.060000000000002,202,-2669.199999999979
98.14,-4.060000000000002,202,-2669.199999999979
98.14,-4.060000000000002,202,-2669.199999999979
98.14,-4.060000000000002,202,-2669.199999999979
98.13499999999999,-4.049999999999997,208,-2682.369999999977
98.13499999999999,-4.049999999999997,208,-2682.369999999977
98.13499999999999,-4.049999999999997,208,-2682.369999999977
98.13499999999999,-4.049999999999997,208,-2682.369999999977
98.13499999999999,-4.049999999999997,208,-2682.369999999977
98.13499999999999,-4.049999999999997,208,-2682.369999999977
98.13499999999999,-4.049999999999997,208,-2682.369999999977
98.13499999999999,-4.049999999999997,214,-2694.519999999975
98.13499999999999,-4.049999999999997,220,-2706.6699999999764
98.13499999999999,-4.049999999999997,220,-2706.6699999999764
98.13499999999999,-4.049999999999997,220,-2706.6699999999764
98.11,-4.0,225,-2722.3199999999742
98.125,-3.969999999999999,224,-2720.9599999999737
98.125,-3.969999999999999,224,-2720.9599999999737
98.125,-3.969999999999999,212,-2744.7799999999734
98.125,-3.969999999999999,212,-2744.7799999999734
98.125,-3.969999999999999,211,-2746.764999999974
98.125,-3.969999999999999,212,-2748.7499999999745
98.125,-3.969999999999999,212,-2748.7499999999745
98.125,-3.969999999999999,212,-2748.7499999999745
98.125,-3.969999999999999,212,-2748.7499999999745
98.125,-3.969999999999999,212,-2748.7499999999745
98.125,-3.969999999999999,228,-2780.509999999973
98.125,-3.969999999999999,228,-2780.509999999973
98.125,-3.969999999999999,228,-2780.509999999973
98.125,-3.969999999999999,228,-2780.509999999973
98.125,-3.969999999999999,228,-2780.509999999973
98.125,-3.969999999999999,229,-2782.4949999999735
98.125,-3.969999999999999,231,-2786.4649999999747
98.125,-3.969999999999999,231,-2786.4649999999747
98.125,-3.969999999999999,231,-2786.4649999999747
98.125,-3.969999999999999,231,-2786.4649999999747
98.125,-3.969999999999999,231,-2786.4649999999747
98.125,-3.969999999999999,230,-2788.4499999999753
98.125,-3.969999999999999,230,-2788.4499999999753
98.125,-3.969999999999999,230,-2788.4499999999753
98.125,-3.969999999999999,230,-2788.4499999999753
98.125,-3.969999999999999,230,-2788.4499999999753
98.125,-3.969999999999999,228,-2792.4199999999764
98.125,-3.969999999999999,225,-2798.374999999978
98.125,-3.969999999999999,225,-2798.374999999978
98.125,-3.969999999999999,225,-2798.374999999978
98.125,-3.969999999999999,225,-2798.374999999978
98.125,-3.969999999999999,226,-2800.3599999999788
98.125,-3.969999999999999,226,-2800.3599999999788
98.125,-3.969999999999999,225,-2802.3449999999793
98.125,-3.969999999999999,224,-2804.32999999998
98.125,-3.969999999999999,224,-2804.32999999998
98.125,-3.969999999999999,232,-2820.209999999981
98.125,-3.969999999999999,232,-2820.209999999981
98.125,-3.969999999999999,232,-2820.209999999981
98.125,-3.969999999999999,225,-2834.1049999999814
98.125,-3.969999999999999,225,-2834.1049999999814
98.125,-3.969999999999999,225,-2834.1049999999814
98.125,-3.969999999999999,225,-2834.1049999999814
98.125,-3.969999999999999,222,-2840.059999999983
98.125,-3.969999999999999,231,-2857.9249999999847
98.125,-3.969999999999999,231,-2857.9249999999847
98.125,-3.969999999999999,231,-2857.9249999999847
98.125,-3.969999999999999,231,-2857.9249999999847
98.125,-3.969999999999999,231,-2857.9249999999847
98.125,-3.969999999999999,232,-2859.9099999999853
98.125,-3.969999999999999,232,-2859.9099999999853
98.125,-3.969999999999999,233,-2861.894999999986
98.125,-3.969999999999999,228,-2871.819999999985
98.125,-3.969999999999999,228,-2871.819999999985
98.125,-3.969999999999999,228,-2871.819999999985
98.125,-3.969999999999999,228,-2871.819999999985
98.125,-3.969999999999999,228,-2871.819999999985
98.125,-3.969999999999999,228,-2871.819999999985
98.125,-3.969999999999999,234,-2883.729999999985
98.125,-3.969999999999999,233,-2885.7149999999856
98.125,-3.969999999999999,233,-2885.7149999999856
98.125,-3.969999999999999,233,-2885.7149999999856
98.125,-3.969999999999999,233,-2885.7149999999856
98.125,-3.969999999999999,233,-2885.7149999999856
98.125,-3.969999999999999,233,-2885.7149999999856
98.125,-3.969999999999999,233,-2885.7149999999856
98.125,-3.969999999999999,235,-2889.6849999999868
98.125,-3.969999999999999,235,-2889.6849999999868
98.125,-3.969999999999999,235,-2889.6849999999868
98.125,-3.969999999999999,234,-2891.6699999999873
98.125,-3.969999999999999,234,-2891.6699999999873
98.125,-3.969999999999999,234,-2891.6699999999873
98.125,-3.969999999999999,222,-2915.489999999987
98.125,-3.969999999999999,222,-2915.489999999987
98.125,-3.969999999999999,222,-2915.489999999987
98.125,-3.969999999999999,222,-2915.489999999987
98.125,-3.969999999999999,221,-2917.4749999999876
98.125,-3.969999999999999,218,-2923.4299999999894
98.125,-3.969999999999999,218,-2923.4299999999894
98.125,-3.969999999999999,218,-2923.4299999999894
98.125,-3.969999999999999,218,-2923.4299999999894
98.125,-3.969999999999999,218,-2923.4299999999894
98.125,-3.969999999999999,216,-2927.3999999999905
98.125,-3.969999999999999,216,-2927.3999999999905
98.125,-3.969999999999999,218,-2931.3699999999917
98.125,-3.969999999999999,218,-2931.3699999999917
98.125,-3.969999999999999,218,-2931.3699999999917
98.125,-3.969999999999999,218,-2931.3699999999917
98.125,-3.969999999999999,218,-2931.3699999999917
98.125,-3.969999999999999,218,-2931.3699999999917
98.125,-3.969999999999999,218,-2931.3699999999917
98.125,-3.969999999999999,216,-2935.339999999993
98.125,-3.969999999999999,216,-2935.339999999993
98.125,-3.969999999999999,216,-2935.339999999993
98.125,-3.969999999999999,217,-2937.3249999999935
98.125,-3.969999999999999,217,-2937.3249999999935
98.125,-3.969999999999999,217,-2937.3249999999935
98.125,-3.969999999999999,214,-2943.279999999995
98.125,-3.969999999999999,214,-2943.279999999995
98.125,-3.969999999999999,214,-2943.279999999995
98.125,-3.969999999999999,217,-2949.234999999997
98.125,-3.969999999999999,217,-2949.234999999997
98.125,-3.969999999999999,218,-2951.2199999999975
98.125,-3.969999999999999,217,-2953.204999999998
98.125,-3.969999999999999,217,-2953.204999999998
98.125,-3.969999999999999,217,-2953.204999999998
98.125,-3.969999999999999,216,-2955.1899999999987
98.125,-3.969999999999999,209,-2969.084999999999
98.125,-3.969999999999999,209,-2969.084999999999
98.125,-3.969999999999999,209,-2969.084999999999
98.125,-3.969999999999999,208,-2971.0699999999997
98.125,-3.969999999999999,194,-2998.8600000000006
98.125,-3.969999999999999,194,-2998.8600000000006
98.125,-3.969999999999999,194,-2998.8600000000006
98.125,-3.969999999999999,194,-2998.8600000000006
98.125,-3.969999999999999,194,-2998.8600000000006
98.125,-3.969999999999999,197,-3004.8150000000023
98.125,-3.969999999999999,198,-3006.800000000003
98.125,-3.969999999999999,198,-3006.800000000003
98.125,-3.969999999999999,201,-3012.7550000000047
98.125,-3.969999999999999,196,-3022.680000000004
98.125,-3.969999999999999,196,-3022.680000000004
98.125,-3.969999999999999,196,-3022.680000000004
98.125,-3.969999999999999,188,-3038.560000000005
98.125,-3.969999999999999,188,-3038.560000000005
98.125,-3.969999999999999,187,-3040.5450000000055
98.125,-3.969999999999999,187,-3040.5450000000055
98.125,-3.969999999999999,187,-3040.5450000000055
98.125,-3.969999999999999,187,-3040.5450000000055
98.125,-3.969999999999999,187,-3040.5450000000055
98.125,-3.969999999999999,187,-3040.5450000000055
98.125,-3.969999999999999,187,-3040.5450000000055
98.125,-3.969999999999999,187,-3040.5450000000055
98.12,-3.9599999999999937,210,-3087.0800000000054
98.13,-3.9399999999999977,204,-3096.820000000007
98.13,-3.9399999999999977,204,-3096.820000000007
98.13,-3.9399999999999977,198,-3108.6400000000103
98.13,-3.9399999999999977,199,-3110.610000000008
98.13,-3.9399999999999977,200,-3112.5800000000054
98.13,-3.9399999999999977,195,-3122.4300000000076
98.13,-3.9399999999999977,195,-3122.4300000000076
98.13,-3.9399999999999977,195,-3122.4300000000076
98.13,-3.9399999999999977,200,-3132.280000000006
98.13,-3.9399999999999977,200,-3132.280000000006
98.13,-3.9399999999999977,202,-3136.2200000000084
98.13,-3.9399999999999977,192,-3155.920000000009
98.13,-3.9399999999999977,193,-3157.8900000000067
98.13,-3.9399999999999977,192,-3159.860000000008
98.13,-3.9399999999999977,196,-3167.740000000009
98.13,-3.9399999999999977,196,-3167.740000000009
98.13,-3.9399999999999977,196,-3167.740000000009
98.13,-3.9399999999999977,196,-3167.740000000009
98.13,-3.9399999999999977,196,-3167.740000000009
98.13,-3.9399999999999977,192,-3175.62000000001
98.13,-3.9399999999999977,192,-3175.62000000001
98.13,-3.9399999999999977,192,-3175.62000000001
98.13,-3.9399999999999977,192,-3175.62000000001
98.13,-3.9399999999999977,192,-3175.62000000001
98.13,-3.9399999999999977,190,-3179.5600000000086
98.13499999999999,-3.9299999999999926,177,-3204.225000000013
98.13499999999999,-3.9299999999999926,177,-3204.225000000013
98.13499999999999,-3.9299999999999926,177,-3204.225000000013
98.13499999999999,-3.9299999999999926,177,-3204.225000000013
98.145,-3.9099999999999966,167,-3222.08500000001
98.145,-3.9099999999999966,160,-3235.7700000000095
98.145,-3.9099999999999966,160,-3235.7700000000095
98.145,-3.9099999999999966,160,-3235.7700000000095
98.145,-3.9099999999999966,158,-3239.6800000000076
98.145,-3.9099999999999966,158,-3239.6800000000076
98.145,-3.9099999999999966,154,-3247.500000000009
98.145,-3.9099999999999966,154,-3247.500000000009
98.145,-3.9099999999999966,154,-3247.500000000009
98.145,-3.9099999999999966,151,-3253.3650000000107
98.145,-3.9099999999999966,151,-3253.3650000000107
98.145,-3.9099999999999966,151,-3253.3650000000107
98.145,-3.9099999999999966,150,-3255.3200000000106
98.145,-3.9099999999999966,150,-3255.3200000000106
98.145,-3.9099999999999966,150,-3255.3200000000106
98.145,-3.9099999999999966,150,-3255.3200000000106
98.145,-3.9099999999999966,147,-3261.185000000012
98.145,-3.9099999999999966,147,-3261.185000000012
98.15,-3.8999999999999915,141,-3272.1900000000096
98.15,-3.8999999999999915,144,-3278.04000000001
98.15,-3.8999999999999915,145,-3279.990000000009
98.15,-3.8999999999999915,145,-3279.990000000009
98.15,-3.8999999999999915,145,-3279.990000000009
98.15,-3.8999999999999915,145,-3279.990000000009
98.15,-3.8999999999999915,145,-3279.990000000009
98.15,-3.8999999999999915,145,-3279.990000000009
98.15,-3.8999999999999915,142,-3285.8400000000092
98.15,-3.8999999999999915,142,-3285.8400000000092
98.15,-3.8999999999999915,155,-3311.1900000000096
98.15,-3.8999999999999915,155,-3311.1900000000096
98.15,-3.8999999999999915,155,-3311.1900000000096
98.15,-3.8999999999999915,156,-3313.1400000000067
98.15,-3.8999999999999915,163,-3326.790000000008
98.15,-3.8999999999999915,163,-3326.790000000008
98.15,-3.8999999999999915,154,-3344.3400000000092
98.15,-3.8999999999999915,154,-3344.3400000000092
98.15,-3.8999999999999915,158,-3352.1400000000103
98.15,-3.8999999999999915,158,-3352.1400000000103
98.15,-3.8999999999999915,157,-3354.0900000000092
98.15,-3.8999999999999915,152,-3363.8400000000092
98.15,-3.8999999999999915,152,-3363.8400000000092
98.15,-3.8999999999999915,153,-3365.790000000008
98.15,-3.8999999999999915,149,-3373.5900000000092
98.15,-3.8999999999999915,145,-3381.3900000000103
98.15,-3.8999999999999915,145,-3381.3900000000103
98.15,-3.8999999999999915,161,-3412.5900000000074
98.15,-3.8999999999999915,161,-3412.5900000000074
98.16,-3.8799999999999955,152,-3428.480000000007
98.16,-3.8799999999999955,151,-3430.4200000000055
98.16,-3.8799999999999955,151,-3430.4200000000055
98.16,-3.8799999999999955,169,-3465.340000000004
98.16,-3.8799999999999955,169,-3465.340000000004
98.16,-3.8799999999999955,169,-3465.340000000004
98.16,-3.8799999999999955,170,-3467.2800000000025
98.16,-3.8799999999999955,173,-3473.100000000002
98.16,-3.8799999999999955,173,-3473.100000000002
98.16,-3.8799999999999955,172,-3475.040000000001
98.16,-3.8799999999999955,172,-3475.040000000001
98.16,-3.8799999999999955,169,-3480.8600000000006
98.16,-3.8799999999999955,169,-3480.8600000000006
98.16,-3.8799999999999955,169,-3480.8600000000006
98.16,-3.8799999999999955,169,-3480.8600000000006
98.16,-3.8799999999999955,170,-3482.7999999999993
98.16,-3.8799999999999955,154,-3513.84
98.16,-3.8799999999999955,154,-3513.84
98.16,-3.8799999999999955,154,-3513.84
98.16,-3.8799999999999955,159,-3523.540000000001
98.16,-3.8799999999999955,159,-3523.540000000001
98.16,-3.8799999999999955,159,-3523.540000000001
98.16,-3.8799999999999955,159,-3523.540000000001
98.16,-3.8799999999999955,156,-3529.3600000000006
98.16,-3.8799999999999955,156,-3529.3600000000006
98.16,-3.8799999999999955,157,-3531.2999999999993
98.155,-3.8700000000000045,163,-3543.7350000000006
98.155,-3.8700000000000045,160,-3549.540000000001
98.155,-3.8700000000000045,160,-3549.540000000001
98.155,-3.8700000000000045,160,-3549.540000000001
98.155,-3.8700000000000045,160,-3549.540000000001
98.155,-3.8700000000000045,160,-3549.540000000001
98.155,-3.8700000000000045,151,-3566.955
98.155,-3.8700000000000045,151,-3566.955
98.155,-3.8700000000000045,151,-3566.955
98.155,-3.8700000000000045,151,-3566.955
98.155,-3.8700000000000045,152,-3568.8900000000012
98.155,-3.8700000000000045,152,-3568.8900000000012
98.155,-3.8700000000000045,151,-3570.824999999999
98.155,-3.8700000000000045,149,-3574.6950000000015
98.155,-3.8700000000000045,149,-3574.6950000000015
98.155,-3.8700000000000045,149,-3574.6950000000015
98.155,-3.8700000000000045,149,-3574.6950000000015
98.155,-3.8700000000000045,149,-3574.6950000000015
98.155,-3.8700000000000045,150,-3576.630000000001
98.155,-3.8700000000000045,132,-3611.460000000001
98.155,-3.8700000000000045,132,-3611.460000000001
98.155,-3.8700000000000045,132,-3611.460000000001
98.155,-3.8700000000000045,132,-3611.460000000001
98.155,-3.8700000000000045,129,-3617.2650000000012
98.155,-3.8700000000000045,128,-3619.2000000000025
98.155,-3.8700000000000045,129,-3621.135000000002
98.155,-3.8700000000000045,118,-3642.420000000002
98.155,-3.8700000000000045,118,-3642.420000000002
98.155,-3.8700000000000045,120,-3646.2900000000027
98.155,-3.8700000000000045,120,-3646.2900000000027
98.155,-3.8700000000000045,120,-3646.2900000000027
98.155,-3.8700000000000045,107,-3671.4450000000015
98.155,-3.8700000000000045,107,-3671.4450000000015
98.18,-3.8200000000000074,87,-3707.3700000000026
98.18,-3.8200000000000074,86,-3709.2800000000007
98.18,-3.8200000000000074,86,-3709.2800000000007
98.18,-3.8200000000000074,86,-3709.2800000000007
98.18,-3.8200000000000074,86,-3709.2800000000007
98.18,-3.8200000000000074,86,-3709.2800000000007
98.18,-3.8200000000000074,86,-3709.2800000000007
98.18,-3.8200000000000074,86,-3709.2800000000007
98.18,-3.8200000000000074,86,-3709.2800000000007
98.18,-3.8200000000000074,86,-3709.2800000000007
98.18,-3.8200000000000074,86,-3709.2800000000007
98.18,-3.8200000000000074,79,-3722.6500000000024
98.18,-3.8200000000000074,79,-3722.6500000000024
98.18,-3.8200000000000074,84,-3732.2000000000025
98.18,-3.8200000000000074,85,-3734.1100000000024
98.18,-3.8200000000000074,85,-3734.1100000000024
98.18,-3.8200000000000074,85,-3734.1100000000024
98.18,-3.8200000000000074,85,-3734.1100000000024
98.18,-3.8200000000000074,84,-3736.0200000000023
98.18,-3.8200000000000074,89,-3745.5700000000033
98.18,-3.8200000000000074,89,-3745.5700000000033
98.18,-3.8200000000000074,90,-3747.480000000003
98.18,-3.8200000000000074,90,-3747.480000000003
98.18,-3.8200000000000074,89,-3749.390000000003
98.18,-3.8200000000000074,89,-3749.390000000003
98.18,-3.8200000000000074,89,-3749.390000000003
98.18,-3.8200000000000074,89,-3749.390000000003
98.18,-3.8200000000000074,89,-3749.390000000003
98.18,-3.8200000000000074,89,-3749.390000000003
98.18,-3.8200000000000074,87,-3753.2100000000028
98.18,-3.8200000000000074,87,-3753.2100000000028
98.18,-3.8200000000000074,87,-3753.2100000000028
98.18,-3.8200000000000074,86,-3755.120000000001
98.18,-3.8200000000000074,86,-3755.120000000001
98.18,-3.8200000000000074,86,-3755.120000000001
98.18,-3.8200000000000074,86,-3755.120000000001
98.18,-3.8200000000000074,83,-3760.850000000002
98.18,-3.8200000000000074,83,-3760.850000000002
98.18,-3.8200000000000074,67,-3791.4100000000026
98.18,-3.8200000000000074,67,-3791.4100000000026
98.18,-3.8200000000000074,67,-3791.4100000000026
98.18,-3.8200000000000074,67,-3791.4100000000026
98.18,-3.8200000000000074,67,-3791.4100000000026
98.18,-3.8200000000000074,67,-3791.4100000000026
98.18,-3.8200000000000074,68,-3793.3200000000024
98.18,-3.8200000000000074,68,-3793.3200000000024
98.18,-3.8200000000000074,68,-3793.3200000000024
98.18,-3.8200000000000074,67,-3795.2300000000023
98.18,-3.8200000000000074,67,-3795.2300000000023
98.18,-3.8200000000000074,67,-3795.2300000000023
98.18,-3.8200000000000074,67,-3795.2300000000023
98.18,-3.8200000000000074,67,-3795.2300000000023
98.18,-3.8200000000000074,67,-3795.2300000000023
98.18,-3.8200000000000074,67,-3795.2300000000023
98.18,-3.8200000000000074,67,-3795.2300000000023
98.18,-3.8200000000000074,67,-3795.2300000000023
98.18,-3.8200000000000074,67,-3795.2300000000023
98.18,-3.8200000000000074,67,-3795.2300000000023
98.18,-3.8200000000000074,72,-3804.7800000000025
98.18,-3.8200000000000074,85,-3829.6100000000024
98.18,-3.8200000000000074,86,-3831.5200000000023
98.205,-3.7700000000000102,77,-3846.6250000000036
98.215,-3.75,61,-3876.055000000002
98.215,-3.75,61,-3876.055000000002
98.215,-3.75,61,-3876.055000000002
98.215,-3.75,61,-3876.055000000002
98.215,-3.75,61,-3876.055000000002
98.215,-3.75,61,-3876.055000000002
98.23,-3.719999999999999,42,-3910.6000000000013
98.23,-3.719999999999999,41,-3912.460000000001
98.23,-3.719999999999999,41,-3912.460000000001
98.23,-3.719999999999999,41,-3912.460000000001
98.23,-3.719999999999999,41,-3912.460000000001
98.23,-3.719999999999999,41,-3912.460000000001
98.23,-3.719999999999999,51,-3931.0600000000004
98.23,-3.719999999999999,50,-3932.92
98.23,-3.719999999999999,50,-3932.92
98.23,-3.719999999999999,50,-3932.92
98.23,-3.719999999999999,50,-3932.92
98.23,-3.719999999999999,50,-3932.92
98.23,-3.719999999999999,50,-3932.92
98.23,-3.719999999999999,50,-3932.92
98.23,-3.719999999999999,50,-3932.92
98.23,-3.719999999999999,50,-3932.92
98.23,-3.719999999999999,49,-3934.779999999999
98.23,-3.719999999999999,49,-3934.779999999999
98.23,-3.719999999999999,49,-3934.779999999999
98.23,-3.719999999999999,44,-3944.079999999999
98.23,-3.719999999999999,44,-3944.079999999999
98.23,-3.719999999999999,43,-3945.9399999999987
98.23,-3.719999999999999,43,-3945.9399999999987
98.23,-3.719999999999999,43,-3945.9399999999987
98.23,-3.719999999999999,43,-3945.9399999999987
98.23,-3.719999999999999,42,-3947.7999999999993
98.23,-3.719999999999999,42,-3947.7999999999993
98.23,-3.719999999999999,42,-3947.7999999999993
98.23,-3.719999999999999,42,-3947.7999999999993
98.23,-3.719999999999999,42,-3947.7999999999993
98.23,-3.719999999999999,42,-3947.7999999999993
98.23,-3.719999999999999,42,-3947.7999999999993
98.23,-3.719999999999999,42,-3947.7999999999993
98.23,-3.719999999999999,42,-3947.7999999999993
98.23,-3.719999999999999,42,-3947.7999999999993
98.23,-3.719999999999999,45,-3953.379999999999
98.23,-3.719999999999999,45,-3953.379999999999
98.23,-3.719999999999999,43,-3957.0999999999995
98.23,-3.719999999999999,43,-3957.0999999999995
98.23,-3.719999999999999,37,-3968.2599999999993
98.23,-3.719999999999999,38,-3970.1199999999994
98.23,-3.719999999999999,29,-3986.8599999999997
98.23,-3.719999999999999,29,-3986.8599999999997
98.23,-3.719999999999999,29,-3986.8599999999997
98.23,-3.719999999999999,29,-3986.8599999999997
98.23,-3.719999999999999,29,-3986.8599999999997
98.23,-3.719999999999999,25,-3994.2999999999993
98.23,-3.719999999999999,25,-3994.2999999999993
98.23,-3.719999999999999,22,-3999.8799999999997
98.23,-3.719999999999999,23,-4001.74
98.23,-3.719999999999999,23,-4001.74
98.235,-3.710000000000008,14,-4018.33
98.235,-3.710000000000008,10,-4025.7500000000005
98.235,-3.710000000000008,10,-4025.7500000000005
98.235,-3.710000000000008,9,-4027.6050000000005
98.235,-3.710000000000008,9,-4027.6050000000005
98.235,-3.710000000000008,9,-4027.6050000000005
98.235,-3.710000000000008,9,-4027.6050000000005
98.235,-3.710000000000008,9,-4027.6050000000005
98.235,-3.710000000000008,20,-4048.01
98.235,-3.710000000000008,30,-4066.5600000000004
98.235,-3.710000000000008,30,-4066.5600000000004
98.235,-3.710000000000008,30,-4066.5600000000004
98.235,-3.710000000000008,30,-4066.5600000000004
98.235,-3.710000000000008,32,-4070.270000000001
98.235,-3.710000000000008,33,-4072.125000000001
98.235,-3.710000000000008,32,-4073.980000000001
98.235,-3.710000000000008,32,-4073.980000000001
98.235,-3.710000000000008,39,-4086.965000000001
98.235,-3.710000000000008,42,-4092.5300000000016
98.235,-3.710000000000008,42,-4092.5300000000016
98.235,-3.710000000000008,42,-4092.5300000000016
98.235,-3.710000000000008,42,-4092.5300000000016
98.235,-3.710000000000008,38,-4099.950000000001
98.235,-3.710000000000008,38,-4099.950000000001
98.235,-3.710000000000008,34,-4107.370000000001
98.235,-3.710000000000008,34,-4107.370000000001
98.235,-3.710000000000008,34,-4107.370000000001
98.235,-3.710000000000008,39,-4116.645
98.235,-3.710000000000008,46,-4129.63
98.235,-3.710000000000008,46,-4129.63
98.235,-3.710000000000008,46,-4129.63
98.235,-3.710000000000008,46,-4129.63
98.235,-3.710000000000008,46,-4129.63
98.235,-3.710000000000008,46,-4129.63
98.235,-3.710000000000008,47,-4131.485000000001
98.235,-3.710000000000008,48,-4133.340000000001
98.235,-3.710000000000008,48,-4133.340000000001
98.235,-3.710000000000008,48,-4133.340000000001
98.235,-3.710000000000008,48,-4133.340000000001
98.235,-3.710000000000008,48,-4133.340000000001
98.235,-3.710000000000008,60,-4155.6
98.235,-3.710000000000008,60,-4155.6
98.235,-3.710000000000008,60,-4155.6
98.235,-3.710000000000008,58,-4159.31
98.235,-3.710000000000008,58,-4159.31
98.235,-3.710000000000008,57,-4161.165000000002
98.235,-3.710000000000008,49,-4176.005
98.235,-3.710000000000008,49,-4176.005
98.235,-3.710000000000008,49,-4176.005
98.235,-3.710000000000008,49,-4176.005
98.235,-3.710000000000008,49,-4176.005
98.235,-3.710000000000008,49,-4176.005
98.235,-3.710000000000008,49,-4176.005
98.235,-3.710000000000008,48,-4177.8600000000015
98.235,-3.710000000000008,47,-4179.715000000002
98.235,-3.710000000000008,57,-4198.265000000002
98.235,-3.710000000000008,57,-4198.265000000002
98.235,-3.710000000000008,29,-4250.205000000002
98.235,-3.710000000000008,29,-4250.205000000002
98.235,-3.710000000000008,29,-4250.205000000002
98.235,-3.710000000000008,29,-4250.205000000002
98.235,-3.710000000000008,37,-4265.045000000002
98.235,-3.710000000000008,30,-4278.0300000000025
98.235,-3.710000000000008,35,-4287.305000000002
98.235,-3.710000000000008,42,-4300.290000000002
98.235,-3.710000000000008,42,-4300.290000000002
98.235,-3.710000000000008,42,-4300.290000000002
98.22999999999999,-3.700000000000003,48,-4311.660000000002
98.22999999999999,-3.700000000000003,48,-4311.660000000002
98.22999999999999,-3.700000000000003,48,-4311.660000000002
98.22999999999999,-3.700000000000003,48,-4311.660000000002
98.22999999999999,-3.700000000000003,49,-4313.510000000001
98.22999999999999,-3.700000000000003,49,-4313.510000000001
98.22999999999999,-3.700000000000003,49,-4313.510000000001
98.22999999999999,-3.700000000000003,51,-4317.210000000001
98.22999999999999,-3.700000000000003,54,-4322.760000000001
98.22999999999999,-3.700000000000003,54,-4322.760000000001
98.22999999999999,-3.700000000000003,54,-4322.760000000001
98.22999999999999,-3.700000000000003,60,-4333.860000000001
98.22999999999999,-3.700000000000003,60,-4333.860000000001
98.22999999999999,-3.700000000000003,60,-4333.860000000001
98.22999999999999,-3.700000000000003,60,-4333.860000000001
98.22999999999999,-3.700000000000003,62,-4337.56
98.22999999999999,-3.700000000000003,62,-4337.56
98.22999999999999,-3.700000000000003,62,-4337.56
98.22999999999999,-3.700000000000003,62,-4337.56
98.22999999999999,-3.700000000000003,77,-4365.310000000001
98.22999999999999,-3.700000000000003,77,-4365.310000000001
98.22999999999999,-3.700000000000003,77,-4365.310000000001
98.22999999999999,-3.700000000000003,73,-4372.710000000001
98.22999999999999,-3.700000000000003,51,-4413.41
98.22999999999999,-3.700000000000003,51,-4413.41
98.22999999999999,-3.700000000000003,51,-4413.41
98.235,-3.6899999999999977,46,-4422.419999999999
98.235,-3.6899999999999977,49,-4427.954999999999
98.235,-3.6899999999999977,50,-4429.799999999999
98.235,-3.6899999999999977,54,-4437.179999999999
98.235,-3.6899999999999977,47,-4450.094999999999
98.235,-3.6899999999999977,49,-4453.784999999999
98.235,-3.6899999999999977,49,-4453.784999999999
98.235,-3.6899999999999977,49,-4453.784999999999
98.235,-3.6899999999999977,49,-4453.784999999999
98.235,-3.6899999999999977,55,-4464.854999999999
98.235,-3.6899999999999977,52,-4470.3899999999985
98.235,-3.6899999999999977,52,-4470.3899999999985
98.235,-3.6899999999999977,52,-4470.3899999999985
98.235,-3.6899999999999977,52,-4470.3899999999985
98.235,-3.6899999999999977,72,-4507.289999999999
98.235,-3.6899999999999977,72,-4507.289999999999
98.235,-3.6899999999999977,71,-4509.134999999999
98.235,-3.6899999999999977,67,-4516.515
98.245,-3.6700000000000017,63,-4523.265
98.245,-3.6700000000000017,63,-4523.265
98.245,-3.6700000000000017,61,-4526.935
98.245,-3.6700000000000017,61,-4526.935
98.245,-3.6700000000000017,61,-4526.935
98.245,-3.6700000000000017,59,-4530.605000000001
98.245,-3.6700000000000017,59,-4530.605000000001
98.245,-3.6700000000000017,59,-4530.605000000001
98.245,-3.6700000000000017,59,-4530.605000000001
98.245,-3.6700000000000017,65,-4541.615000000001
98.245,-3.6700000000000017,65,-4541.615000000001
98.245,-3.6700000000000017,58,-4554.46
98.245,-3.6700000000000017,58,-4554.46
98.245,-3.6700000000000017,57,-4556.295
98.245,-3.6700000000000017,57,-4556.295
98.245,-3.6700000000000017,55,-4559.965
98.245,-3.6700000000000017,40,-4587.490000000001
98.245,-3.6700000000000017,40,-4587.490000000001
98.245,-3.6700000000000017,40,-4587.490000000001
98.245,-3.6700000000000017,39,-4589.325000000001
98.245,-3.6700000000000017,39,-4589.325000000001
98.245,-3.6700000000000017,39,-4589.325000000001
98.245,-3.6700000000000017,39,-4589.325000000001
98.245,-3.6700000000000017,43,-4596.665000000001
98.245,-3.6700000000000017,43,-4596.665000000001
98.245,-3.6700000000000017,43,-4596.665000000001
98.245,-3.6700000000000017,43,-4596.665000000001
98.245,-3.6700000000000017,43,-4596.665000000001
98.245,-3.6700000000000017,43,-4596.665000000001
98.245,-3.6700000000000017,42,-4598.500000000001
98.245,-3.6700000000000017,42,-4598.500000000001
98.245,-3.6700000000000017,42,-4598.500000000001
98.245,-3.6700000000000017,42,-4598.500000000001
98.245,-3.6700000000000017,50,-4613.18
98.245,-3.6700000000000017,50,-4613.18
98.245,-3.6700000000000017,53,-4618.6849999999995
98.245,-3.6700000000000017,54,-4620.5199999999995
98.245,-3.6700000000000017,60,-4631.529999999999
98.245,-3.6700000000000017,43,-4662.725
98.245,-3.6700000000000017,43,-4662.725
98.245,-3.6700000000000017,40,-4668.2300000000005
98.245,-3.6700000000000017,40,-4668.2300000000005
98.245,-3.6700000000000017,40,-4668.2300000000005
98.245,-3.6700000000000017,40,-4668.2300000000005
98.245,-3.6700000000000017,40,-4668.2300000000005
98.245,-3.6700000000000017,40,-4668.2300000000005
98.245,-3.6700000000000017,39,-4670.0650000000005
98.245,-3.6700000000000017,39,-4670.0650000000005
98.245,-3.6700000000000017,40,-4671.900000000001
98.245,-3.6700000000000017,40,-4671.900000000001
98.245,-3.6700000000000017,41,-4673.735000000001
98.245,-3.6700000000000017,41,-4673.735000000001
98.245,-3.6700000000000017,41,-4673.735000000001
98.245,-3.6700000000000017,50,-4690.25
98.245,-3.6700000000000017,50,-4690.25
98.245,-3.6700000000000017,50,-4690.25
98.245,-3.6700000000000017,50,-4690.25
98.245,-3.6700000000000017,49,-4692.085
98.245,-3.6700000000000017,60,-4712.269999999999
98.245,-3.6700000000000017,56,-4719.61
98.245,-3.6700000000000017,56,-4719.61
98.245,-3.6700000000000017,54,-4723.28
98.245,-3.6700000000000017,54,-4723.28
98.245,-3.6700000000000017,54,-4723.28
98.245,-3.6700000000000017,54,-4723.28
98.245,-3.6700000000000017,54,-4723.28
98.245,-3.6700000000000017,53,-4725.115
98.245,-3.6700000000000017,50,-4730.620000000001
98.245,-3.6700000000000017,50,-4730.620000000001
98.245,-3.6700000000000017,50,-4730.620000000001
98.245,-3.6700000000000017,46,-4737.960000000001
98.245,-3.6700000000000017,47,-4739.795000000001
98.245,-3.6700000000000017,48,-4741.630000000001
98.245,-3.6700000000000017,41,-4754.475
98.245,-3.6700000000000017,41,-4754.475
98.245,-3.6700000000000017,41,-4754.475
98.245,-3.6700000000000017,41,-4754.475
98.245,-3.6700000000000017,41,-4754.475
98.245,-3.6700000000000017,37,-4761.8150000000005
98.245,-3.6700000000000017,37,-4761.8150000000005
98.245,-3.6700000000000017,37,-4761.8150000000005
98.245,-3.6700000000000017,37,-4761.8150000000005
98.245,-3.6700000000000017,42,-4770.990000000001
98.245,-3.6700000000000017,42,-4770.990000000001
98.245,-3.6700000000000017,43,-4772.825000000001
98.245,-3.6700000000000017,43,-4772.825000000001
98.245,-3.6700000000000017,43,-4772.825000000001
98.245,-3.6700000000000017,48,-4782.0
98.245,-3.6700000000000017,48,-4782.0
98.245,-3.6700000000000017,48,-4782.0
98.245,-3.6700000000000017,48,-4782.0
98.245,-3.6700000000000017,48,-4782.0
98.245,-3.6700000000000017,61,-4805.854999999999
98.245,-3.6700000000000017,61,-4805.854999999999
98.245,-3.6700000000000017,61,-4805.854999999999
98.245,-3.6700000000000017,61,-4805.854999999999
98.245,-3.6700000000000017,69,-4820.534999999998
98.245,-3.6700000000000017,73,-4827.874999999998
98.245,-3.6700000000000017,73,-4827.874999999998
98.245,-3.6700000000000017,73,-4827.874999999998
98.245,-3.6700000000000017,73,-4827.874999999998
98.245,-3.6700000000000017,74,-4829.709999999998
98.245,-3.6700000000000017,74,-4829.709999999998
98.245,-3.6700000000000017,74,-4829.709999999998
98.245,-3.6700000000000017,74,-4829.709999999998
98.245,-3.6700000000000017,74,-4829.709999999998
98.245,-3.6700000000000017,77,-4835.214999999997
98.245,-3.6700000000000017,79,-4838.8849999999975
98.245,-3.6700000000000017,79,-4838.8849999999975
98.245,-3.6700000000000017,79,-4838.8849999999975
98.245,-3.6700000000000017,77,-4842.554999999998
98.245,-3.6700000000000017,77,-4842.554999999998
98.245,-3.6700000000000017,77,-4842.554999999998
98.245,-3.6700000000000017,70,-4855.399999999997
98.245,-3.6700000000000017,70,-4855.399999999997
98.245,-3.6700000000000017,70,-4855.399999999997
98.245,-3.6700000000000017,70,-4855.399999999997
98.245,-3.6700000000000017,69,-4857.234999999997
98.245,-3.6700000000000017,70,-4859.069999999997
98.245,-3.6700000000000017,70,-4859.069999999997
98.245,-3.6700000000000017,71,-4860.904999999997
98.245,-3.6700000000000017,72,-4862.739999999997
98.245,-3.6700000000000017,72,-4862.739999999997
98.25,-3.6599999999999966,69,-4867.889999999998
98.25,-3.6599999999999966,69,-4867.889999999998
98.25,-3.6599999999999966,69,-4867.889999999998
98.25,-3.6599999999999966,69,-4867.889999999998
98.25,-3.6599999999999966,69,-4867.889999999998
98.25,-3.6599999999999966,69,-4867.889999999998
98.25,-3.6599999999999966,69,-4867.889999999998
98.25,-3.6599999999999966,69,-4867.889999999998
98.25,-3.6599999999999966,69,-4867.889999999998
98.25,-3.6599999999999966,69,-4867.889999999998
98.25,-3.6599999999999966,81,-4889.8499999999985
98.25,-3.6599999999999966,81,-4889.8499999999985
98.25,-3.6599999999999966,81,-4889.8499999999985
98.25,-3.6599999999999966,81,-4889.8499999999985
98.25,-3.6599999999999966,81,-4889.8499999999985
98.25,-3.6599999999999966,81,-4889.8499999999985
98.25,-3.6599999999999966,81,-4889.8499999999985
98.25,-3.6599999999999966,81,-4889.8499999999985
98.25,-3.6599999999999966,81,-4889.8499999999985
98.25,-3.6599999999999966,81,-4889.8499999999985
98.25,-3.6599999999999966,81,-4889.8499999999985
98.25,-3.6599999999999966,81,-4889.8499999999985
98.25,-3.6599999999999966,80,-4891.6799999999985
98.25,-3.6599999999999966,80,-4891.6799999999985
98.25,-3.6599999999999966,80,-4891.6799999999985
98.25,-3.6599999999999966,91,-4911.809999999998
98.25,-3.6599999999999966,91,-4911.809999999998
98.25,-3.6599999999999966,94,-4917.299999999997
98.25,-3.6599999999999966,94,-4917.299999999997
98.25,-3.6599999999999966,94,-4917.299999999997
98.25,-3.6599999999999966,105,-4937.429999999997
98.25,-3.6599999999999966,105,-4937.429999999997
98.25,-3.6599999999999966,105,-4937.429999999997
98.25,-3.6599999999999966,105,-4937.429999999997
98.25,-3.6599999999999966,105,-4937.429999999997
98.25,-3.6599999999999966,105,-4937.429999999997
98.25,-3.6599999999999966,101,-4944.749999999996
98.25,-3.6599999999999966,108,-4957.559999999996
98.25,-3.6599999999999966,107,-4959.389999999996
98.25,-3.6599999999999966,107,-4959.389999999996
98.25,-3.6599999999999966,107,-4959.389999999996
98.25,-3.6599999999999966,107,-4959.389999999996
98.25,-3.6599999999999966,107,-4959.389999999996
98.25,-3.6599999999999966,107,-4959.389999999996
98.25,-3.6599999999999966,107,-4959.389999999996
98.25,-3.6599999999999966,107,-4959.389999999996
98.25,-3.6599999999999966,107,-4959.389999999996
98.25,-3.6599999999999966,107,-4959.389999999996
98.25,-3.6599999999999966,107,-4959.389999999996
98.25,-3.6599999999999966,113,-4970.369999999995
98.25,-3.6599999999999966,121,-4985.009999999995
98.25,-3.6599999999999966,121,-4985.009999999995
98.25,-3.6599999999999966,131,-5003.309999999994
98.25,-3.6599999999999966,132,-5005.139999999996
98.25,-3.6599999999999966,130,-5008.799999999996
98.25,-3.6599999999999966,130,-5008.799999999996
98.25,-3.6599999999999966,130,-5008.799999999996
98.25,-3.6599999999999966,130,-5008.799999999996
98.25,-3.6599999999999966,138,-5023.439999999995
98.25,-3.6599999999999966,138,-5023.439999999995
98.25,-3.6599999999999966,138,-5023.439999999995
98.25,-3.6599999999999966,138,-5023.439999999995
98.25,-3.6599999999999966,139,-5025.269999999997
98.25,-3.6599999999999966,139,-5025.269999999997
98.25,-3.6599999999999966,142,-5030.759999999998
98.25,-3.6599999999999966,142,-5030.759999999998
98.25,-3.6599999999999966,138,-5038.079999999998
98.25,-3.6599999999999966,138,-5038.079999999998
98.25,-3.6599999999999966,139,-5039.91
98.25,-3.6599999999999966,139,-5039.91
98.25,-3.6599999999999966,139,-5039.91
98.25,-3.6599999999999966,139,-5039.91
98.25,-3.6599999999999966,139,-5039.91
98.25,-3.6599999999999966,116,-5082.0
98.25,-3.6599999999999966,116,-5082.0
98.25,-3.6599999999999966,116,-5082.0
98.25,-3.6599999999999966,116,-5082.0
98.25,-3.6599999999999966,116,-5082.0
98.25,-3.6599999999999966,116,-5082.0
98.25,-3.6599999999999966,116,-5082.0
98.25,-3.6599999999999966,116,-5082.0
98.25,-3.6599999999999966,113,-5087.49
98.25,-3.6599999999999966,112,-5089.32
98.25,-3.6599999999999966,112,-5089.32
98.25,-3.6599999999999966,100,-5111.279999999999
98.25,-3.6599999999999966,102,-5114.939999999999
98.25999999999999,-3.6400000000000006,87,-5141.379999999999
98.25999999999999,-3.6400000000000006,87,-5141.379999999999
98.25999999999999,-3.6400000000000006,87,-5141.379999999999
98.25999999999999,-3.6400000000000006,93,-5152.299999999999
98.25999999999999,-3.6400000000000006,92,-5154.119999999999
98.25999999999999,-3.6400000000000006,87,-5163.2199999999975
98.25999999999999,-3.6400000000000006,87,-5163.2199999999975
98.25999999999999,-3.6400000000000006,87,-5163.2199999999975
98.25999999999999,-3.6400000000000006,87,-5163.2199999999975
98.25999999999999,-3.6400000000000006,87,-5163.2199999999975
98.25999999999999,-3.6400000000000006,87,-5163.2199999999975
98.25999999999999,-3.6400000000000006,87,-5163.2199999999975
98.25999999999999,-3.6400000000000006,87,-5163.2199999999975
98.25999999999999,-3.6400000000000006,87,-5163.2199999999975
98.25999999999999,-3.6400000000000006,88,-5165.039999999997
98.25999999999999,-3.6400000000000006,83,-5174.139999999997
98.25999999999999,-3.6400000000000006,83,-5174.139999999997
98.25999999999999,-3.6400000000000006,83,-5174.139999999997
98.25999999999999,-3.6400000000000006,83,-5174.139999999997
98.25999999999999,-3.6400000000000006,83,-5174.139999999997
98.25999999999999,-3.6400000000000006,83,-5174.139999999997
98.25999999999999,-3.6400000000000006,83,-5174.139999999997
98.25999999999999,-3.6400000000000006,83,-5174.139999999997
98.25999999999999,-3.6400000000000006,83,-5174.139999999997
98.25999999999999,-3.6400000000000006,83,-5174.139999999997
98.25999999999999,-3.6400000000000006,83,-5174.139999999997
98.25999999999999,-3.6400000000000006,86,-5179.599999999997
98.25999999999999,-3.6400000000000006,88,-5183.239999999996
98.25999999999999,-3.6400000000000006,81,-5195.979999999996
98.25999999999999,-3.6400000000000006,81,-5195.979999999996
98.25999999999999,-3.6400000000000006,91,-5214.179999999995
98.25999999999999,-3.6400000000000006,91,-5214.179999999995
98.25999999999999,-3.6400000000000006,91,-5214.179999999995
98.25999999999999,-3.6400000000000006,91,-5214.179999999995
98.25999999999999,-3.6400000000000006,91,-5214.179999999995
98.25999999999999,-3.6400000000000006,91,-5214.179999999995
98.25999999999999,-3.6400000000000006,91,-5214.179999999995
98.25999999999999,-3.6400000000000006,96,-5223.279999999995
98.25999999999999,-3.6400000000000006,96,-5223.279999999995
98.25999999999999,-3.6400000000000006,96,-5223.279999999995
98.25999999999999,-3.6400000000000006,96,-5223.279999999995
98.25999999999999,-3.6400000000000006,100,-5230.559999999994
98.25999999999999,-3.6400000000000006,102,-5234.199999999995
98.25999999999999,-3.6400000000000006,102,-5234.199999999995
98.25999999999999,-3.6400000000000006,102,-5234.199999999995
98.265,-3.6299999999999955,98,-5240.989999999994
98.265,-3.6299999999999955,98,-5240.989999999994
98.265,-3.6299999999999955,97,-5242.804999999993
98.265,-3.6299999999999955,97,-5242.804999999993
98.25999999999999,-3.6199999999999903,101,-5250.539999999994
98.25999999999999,-3.6199999999999903,101,-5250.539999999994
98.25999999999999,-3.6199999999999903,101,-5250.539999999994
98.25999999999999,-3.6199999999999903,101,-5250.539999999994
98.25999999999999,-3.6199999999999903,101,-5250.539999999994
98.25999999999999,-3.6199999999999903,107,-5261.399999999992
98.25999999999999,-3.6199999999999903,107,-5261.399999999992
98.25999999999999,-3.6199999999999903,116,-5277.689999999991
98.25999999999999,-3.6199999999999903,116,-5277.689999999991
98.25999999999999,-3.6199999999999903,116,-5277.689999999991
98.25999999999999,-3.6199999999999903,121,-5286.739999999991
98.25999999999999,-3.6199999999999903,121,-5286.739999999991
98.25999999999999,-3.6199999999999903,121,-5286.739999999991
98.25999999999999,-3.6199999999999903,120,-5288.54999999999
98.25999999999999,-3.6199999999999903,119,-5290.35999999999
98.25999999999999,-3.6199999999999903,124,-5299.409999999989
98.25999999999999,-3.6199999999999903,124,-5299.409999999989
98.25999999999999,-3.6199999999999903,103,-5337.419999999987
98.25999999999999,-3.6199999999999903,103,-5337.419999999987
98.25999999999999,-3.6199999999999903,103,-5337.419999999987
98.25999999999999,-3.6199999999999903,103,-5337.419999999987
98.25999999999999,-3.6199999999999903,103,-5337.419999999987
98.25999999999999,-3.6199999999999903,104,-5339.229999999987
98.25999999999999,-3.6199999999999903,104,-5339.229999999987
98.25999999999999,-3.6199999999999903,104,-5339.229999999987
98.25999999999999,-3.6199999999999903,106,-5342.849999999986
98.25999999999999,-3.6199999999999903,107,-5344.659999999985
98.25999999999999,-3.6199999999999903,107,-5344.659999999985
98.25999999999999,-3.6199999999999903,106,-5346.469999999985
98.25999999999999,-3.6199999999999903,106,-5346.469999999985
98.25999999999999,-3.6199999999999903,106,-5346.469999999985
98.25999999999999,-3.6199999999999903,106,-5346.469999999985
98.25999999999999,-3.6199999999999903,106,-5346.469999999985
98.25999999999999,-3.6199999999999903,105,-5348.279999999984
98.25999999999999,-3.6199999999999903,105,-5348.279999999984
98.25999999999999,-3.6199999999999903,105,-5348.279999999984
98.25999999999999,-3.6199999999999903,105,-5348.279999999984
98.25999999999999,-3.6199999999999903,105,-5348.279999999984
98.25999999999999,-3.6199999999999903,105,-5348.279999999984
98.25999999999999,-3.6199999999999903,105,-5348.279999999984
98.25999999999999,-3.6199999999999903,105,-5348.279999999984
98.25999999999999,-3.6199999999999903,105,-5348.279999999984
98.25999999999999,-3.6199999999999903,98,-5360.949999999984
98.25999999999999,-3.6199999999999903,93,-5369.999999999985
98.25999999999999,-3.6199999999999903,93,-5369.999999999985
98.25999999999999,-3.6199999999999903,92,-5371.809999999985
98.25999999999999,-3.6199999999999903,92,-5371.809999999985
98.25999999999999,-3.6199999999999903,92,-5371.809999999985
98.25999999999999,-3.6199999999999903,92,-5371.809999999985
98.25999999999999,-3.6199999999999903,95,-5377.239999999983
98.25999999999999,-3.6199999999999903,95,-5377.239999999983
98.25999999999999,-3.6199999999999903,95,-5377.239999999983
98.25999999999999,-3.6199999999999903,95,-5377.239999999983
98.25999999999999,-3.6199999999999903,95,-5377.239999999983
98.25999999999999,-3.6199999999999903,95,-5377.239999999983
98.25999999999999,-3.6199999999999903,95,-5377.239999999983
98.25999999999999,-3.6199999999999903,95,-5377.239999999983
98.25999999999999,-3.6199999999999903,95,-5377.239999999983
98.25999999999999,-3.6199999999999903,95,-5377.239999999983
98.25999999999999,-3.6199999999999903,95,-5377.239999999983
98.25999999999999,-3.6199999999999903,95,-5377.239999999983
98.25999999999999,-3.6199999999999903,97,-5380.859999999982
98.25999999999999,-3.6199999999999903,97,-5380.859999999982
98.25999999999999,-3.6199999999999903,100,-5386.289999999981
98.25999999999999,-3.6199999999999903,100,-5386.289999999981
98.25999999999999,-3.6199999999999903,100,-5386.289999999981
98.25999999999999,-3.6199999999999903,100,-5386.289999999981
98.25999999999999,-3.6199999999999903,100,-5386.289999999981
98.25999999999999,-3.6199999999999903,89,-5406.199999999981
98.25999999999999,-3.6199999999999903,106,-5436.969999999981
98.25999999999999,-3.6199999999999903,88,-5469.549999999981
98.25999999999999,-3.6199999999999903,88,-5469.549999999981
98.25999999999999,-3.6199999999999903,86,-5473.169999999982
98.25999999999999,-3.6199999999999903,84,-5476.789999999981
98.25999999999999,-3.6199999999999903,77,-5489.459999999982
98.25999999999999,-3.6199999999999903,85,-5503.939999999982
98.25999999999999,-3.6199999999999903,85,-5503.939999999982
98.25999999999999,-3.6199999999999903,85,-5503.939999999982
98.25999999999999,-3.6199999999999903,89,-5511.179999999982
98.25999999999999,-3.6199999999999903,89,-5511.179999999982
98.25999999999999,-3.6199999999999903,80,-5527.469999999983
98.25999999999999,-3.6199999999999903,80,-5527.469999999983
98.25999999999999,-3.6199999999999903,80,-5527.469999999983
98.25999999999999,-3.6199999999999903,82,-5531.089999999982
98.25999999999999,-3.6199999999999903,82,-5531.089999999982
98.25999999999999,-3.6199999999999903,82,-5531.089999999982
98.25999999999999,-3.6199999999999903,81,-5532.899999999981
98.27,-3.5999999999999943,78,-5537.50999999998
98.27,-3.5999999999999943,78,-5537.50999999998
98.27,-3.5999999999999943,80,-5541.10999999998
98.27,-3.5999999999999943,80,-5541.10999999998
98.27,-3.5999999999999943,80,-5541.10999999998
98.27,-3.5999999999999943,80,-5541.10999999998
98.27,-3.5999999999999943,80,-5541.10999999998
98.27,-3.5999999999999943,81,-5542.909999999979
98.27,-3.5999999999999943,81,-5542.909999999979
98.27,-3.5999999999999943,81,-5542.909999999979
98.27,-3.5999999999999943,81,-5542.909999999979
98.27,-3.5999999999999943,81,-5542.909999999979
98.27,-3.5999999999999943,89,-5557.3099999999795
98.265,-3.5900000000000034,101,-5579.374999999978
98.265,-3.5900000000000034,101,-5579.374999999978
98.265,-3.5900000000000034,101,-5579.374999999978
98.265,-3.5900000000000034,101,-5579.374999999978
98.265,-3.5900000000000034,101,-5579.374999999978
98.265,-3.5900000000000034,100,-5581.169999999978
98.265,-3.5900000000000034,100,-5581.169999999978
98.265,-3.5900000000000034,100,-5581.169999999978
98.265,-3.5900000000000034,100,-5581.169999999978
98.265,-3.5900000000000034,100,-5581.169999999978
98.265,-3.5900000000000034,100,-5581.169999999978
98.265,-3.5900000000000034,100,-5581.169999999978
98.265,-3.5900000000000034,100,-5581.169999999978
98.265,-3.5900000000000034,100,-5581.169999999978
98.265,-3.5900000000000034,100,-5581.169999999978
98.265,-3.5900000000000034,100,-5581.169999999978
98.265,-3.5900000000000034,100,-5581.169999999978
98.265,-3.5900000000000034,106,-5591.939999999979
98.265,-3.5900000000000034,106,-5591.939999999979
98.265,-3.5900000000000034,106,-5591.939999999979
98.265,-3.5900000000000034,108,-5595.529999999979
98.265,-3.5900000000000034,107,-5597.324999999981
98.265,-3.5900000000000034,107,-5597.324999999981
98.265,-3.5900000000000034,105,-5600.914999999979
98.265,-3.5900000000000034,102,-5606.299999999979
98.265,-3.5900000000000034,102,-5606.299999999979
98.265,-3.5900000000000034,102,-5606.299999999979
98.265,-3.5900000000000034,114,-5627.83999999998
98.265,-3.5900000000000034,110,-5635.01999999998
98.265,-3.5900000000000034,112,-5638.609999999979
98.265,-3.5900000000000034,112,-5638.609999999979
98.265,-3.5900000000000034,112,-5638.609999999979
98.265,-3.5900000000000034,112,-5638.609999999979
98.265,-3.5900000000000034,112,-5638.609999999979
98.265,-3.5900000000000034,107,-5647.584999999979
98.265,-3.5900000000000034,107,-5647.584999999979
98.265,-3.5900000000000034,107,-5647.584999999979
98.265,-3.5900000000000034,108,-5649.379999999977
98.265,-3.5900000000000034,108,-5649.379999999977
98.265,-3.5900000000000034,107,-5651.174999999979
98.265,-3.5900000000000034,107,-5651.174999999979
98.265,-3.5900000000000034,107,-5651.174999999979
98.265,-3.5900000000000034,107,-5651.174999999979
98.265,-3.5900000000000034,107,-5651.174999999979
98.265,-3.5900000000000034,107,-5651.174999999979
98.265,-3.5900000000000034,107,-5651.174999999979
98.265,-3.5900000000000034,107,-5651.174999999979
98.265,-3.5900000000000034,102,-5660.149999999978
98.265,-3.5900000000000034,100,-5663.739999999978
98.265,-3.5900000000000034,100,-5663.739999999978
98.265,-3.5900000000000034,100,-5663.739999999978
98.265,-3.5900000000000034,95,-5672.714999999978
98.265,-3.5900000000000034,91,-5679.894999999979
98.265,-3.5900000000000034,91,-5679.894999999979
98.265,-3.5900000000000034,92,-5681.689999999979
98.265,-3.5900000000000034,92,-5681.689999999979
98.265,-3.5900000000000034,92,-5681.689999999979
98.265,-3.5900000000000034,89,-5687.074999999977
98.265,-3.5900000000000034,89,-5687.074999999977
98.265,-3.5900000000000034,89,-5687.074999999977
98.265,-3.5900000000000034,98,-5703.22999999998
98.265,-3.5900000000000034,97,-5705.02499999998
98.265,-3.5900000000000034,96,-5706.81999999998
98.265,-3.5900000000000034,96,-5706.81999999998
98.265,-3.5900000000000034,96,-5706.81999999998
98.265,-3.5900000000000034,94,-5710.40999999998
98.265,-3.5900000000000034,94,-5710.40999999998
98.265,-3.5900000000000034,94,-5710.40999999998
