price,spread,inventory,pnl
100.0,2.0,0,0.0
100.0,2.0,0,0.0
100.0,2.0,-4,4.0
100.02000000000001,1.9599999999999937,-3,4.89999999999992
100.025,1.9500000000000028,-3,4.884999999999934
100.03,1.9399999999999977,-3,4.869999999999948
100.03,1.9399999999999977,-1,6.809999999999974
100.03,1.9399999999999977,-5,10.689999999999998
100.03999999999999,1.9200000000000017,-5,10.640000000000043
100.045,1.9099999999999966,-5,10.614999999999952
100.045,1.9099999999999966,-5,10.614999999999952
100.045,1.9099999999999966,-5,10.614999999999952
100.045,1.9099999999999966,-5,10.614999999999952
100.045,1.9099999999999966,0,15.38999999999993
100.045,1.9099999999999966,4,19.209999999999923
100.045,1.9099999999999966,4,19.209999999999923
100.045,1.9099999999999966,4,19.209999999999923
100.045,1.9099999999999966,10,24.940000000000055
100.02000000000001,1.8599999999999994,10,24.690000000000055
100.005,1.8299999999999983,10,24.539999999999964
100.0,1.8199999999999932,10,24.49000000000001
99.995,1.8100000000000023,3,30.77500000000009
99.995,1.8100000000000023,3,30.77500000000009
99.995,1.8100000000000023,3,30.77500000000009
99.995,1.8100000000000023,3,30.77500000000009
99.995,1.8100000000000023,3,30.77500000000009
99.995,1.8100000000000023,3,30.77500000000009
99.995,1.8100000000000023,3,30.77500000000009
99.995,1.8100000000000023,3,30.77500000000009
99.995,1.8100000000000023,2,31.680000000000092
99.995,1.8100000000000023,3,32.58500000000009
99.995,1.8100000000000023,3,32.58500000000009
99.995,1.8100000000000023,3,32.58500000000009
99.995,1.8100000000000023,3,32.58500000000009
99.995,1.8100000000000023,3,32.58500000000009
99.995,1.8100000000000023,3,32.58500000000009
99.995,1.8100000000000023,3,32.58500000000009
99.995,1.8100000000000023,3,32.58500000000009
99.995,1.8100000000000023,2,33.490000000000094
100.0,1.8199999999999932,-5,39.86000000000013
100.0,1.8199999999999932,-5,39.86000000000013
100.0,1.8199999999999932,-5,39.86000000000013
100.0,1.8199999999999932,-5,39.86000000000013
100.0,1.8199999999999932,-8,42.590000000000146
100.005,1.8299999999999983,-10,44.37000000000012
100.00999999999999,1.8200000000000074,-10,44.320000000000164
100.015,1.8100000000000023,-10,44.270000000000095
100.015,1.8100000000000023,-10,44.270000000000095
100.015,1.8100000000000023,-10,44.270000000000095
100.015,1.8100000000000023,-10,44.270000000000095
100.015,1.8100000000000023,-10,44.270000000000095
100.015,1.8100000000000023,-10,44.270000000000095
100.015,1.8100000000000023,-10,44.270000000000095
100.015,1.8100000000000023,-10,44.270000000000095
100.015,1.8100000000000023,-10,44.270000000000095
100.015,1.8100000000000023,-10,44.270000000000095
100.015,1.8100000000000023,-12,46.07999999999993
100.03,1.7800000000000011,-12,45.899999999999864
100.035,1.769999999999996,-12,45.83999999999992
100.03999999999999,1.7600000000000051,-12,45.77999999999997
100.03999999999999,1.7600000000000051,-12,45.77999999999997
100.03999999999999,1.7600000000000051,-12,45.77999999999997
100.03999999999999,1.7600000000000051,-12,45.77999999999997
100.03999999999999,1.7600000000000051,-12,45.77999999999997
100.03999999999999,1.7600000000000051,-12,45.77999999999997
100.03999999999999,1.7600000000000051,-7,50.180000000000064
100.03999999999999,1.7600000000000051,-7,50.180000000000064
100.03999999999999,1.7600000000000051,-7,50.180000000000064
100.03999999999999,1.7600000000000051,-7,50.180000000000064
100.03999999999999,1.7600000000000051,-8,51.06000000000006
100.03999999999999,1.7600000000000051,-8,51.06000000000006
100.03999999999999,1.7600000000000051,-8,51.06000000000006
100.03999999999999,1.7600000000000051,-9,51.940000000000055
100.03999999999999,1.7600000000000051,-9,51.940000000000055
100.03999999999999,1.7600000000000051,-12,54.57999999999993
100.03999999999999,1.7600000000000051,-12,54.57999999999993
100.03999999999999,1.7600000000000051,-12,54.57999999999993
100.03999999999999,1.7600000000000051,-12,54.57999999999993
100.03999999999999,1.7600000000000051,-12,54.57999999999993
100.03999999999999,1.7600000000000051,-12,54.57999999999993
100.03999999999999,1.7600000000000051,-12,54.57999999999993
100.055,1.7900000000000063,-15,57.024999999999864
100.08,1.740000000000009,-15,56.649999999999864
100.09,1.7199999999999989,-11,59.93999999999983
100.09,1.7199999999999989,-11,59.93999999999983
100.09,1.7199999999999989,-11,59.93999999999983
100.09,1.7199999999999989,-11,59.93999999999983
100.09,1.7199999999999989,-11,59.93999999999983
100.09,1.7199999999999989,-11,59.93999999999983
100.1,1.7399999999999949,-21,68.34999999999991
100.14,1.6599999999999966,-21,67.50999999999976
100.16,1.6200000000000045,-21,67.08999999999969
100.17,1.5999999999999943,-21,66.87999999999965
100.175,1.5900000000000034,-21,66.77500000000009
100.175,1.5900000000000034,-25,69.95499999999993
100.195,1.5499999999999972,-25,69.45499999999993
100.205,1.5300000000000011,-25,69.20499999999993
100.21000000000001,1.519999999999996,-25,69.07999999999993
100.215,1.5100000000000051,-26,69.70999999999958
100.225,1.4899999999999949,-26,69.44999999999982
100.225,1.4899999999999949,-26,69.44999999999982
100.225,1.4899999999999949,-26,69.44999999999982
100.225,1.4899999999999949,-26,69.44999999999982
100.225,1.4899999999999949,-27,70.19499999999971
100.22999999999999,1.480000000000004,-27,70.05999999999995
100.235,1.4699999999999989,-27,69.92499999999973
100.235,1.4699999999999989,-27,69.92499999999973
100.235,1.4699999999999989,-27,69.92499999999973
100.235,1.4699999999999989,-27,69.92499999999973
100.235,1.4699999999999989,-27,69.92499999999973
100.235,1.4699999999999989,-27,69.92499999999973
100.235,1.4699999999999989,-31,72.86499999999978
100.25999999999999,1.4200000000000017,-31,72.09000000000015
100.27,1.4000000000000057,-24,76.67999999999984
100.27,1.4000000000000057,-24,76.67999999999984
100.27,1.4000000000000057,-25,77.37999999999965
100.25999999999999,1.4200000000000017,-22,79.69999999999982
100.25999999999999,1.4200000000000017,-22,79.69999999999982
100.25999999999999,1.4200000000000017,-21,80.4099999999994
100.25999999999999,1.4200000000000017,-21,80.4099999999994
100.25999999999999,1.4200000000000017,-21,80.4099999999994
100.25999999999999,1.4200000000000017,-20,81.11999999999944
100.25999999999999,1.4200000000000017,-20,81.11999999999944
100.25999999999999,1.4200000000000017,-20,81.11999999999944
100.25999999999999,1.4200000000000017,-31,88.92999999999984
100.27,1.4000000000000057,-32,89.31999999999925
100.28,1.3799999999999955,-31,89.68999999999915
100.28,1.3799999999999955,-31,89.68999999999915
100.28,1.3799999999999955,-31,89.68999999999915
100.28,1.3799999999999955,-29,91.06999999999925
100.28,1.3799999999999955,-29,91.06999999999925
100.28,1.3799999999999955,-29,91.06999999999925
100.28,1.3799999999999955,-29,91.06999999999925
100.28,1.3799999999999955,-29,91.06999999999925
100.28,1.3799999999999955,-29,91.06999999999925
100.28,1.3799999999999955,-29,91.06999999999925
100.28,1.3799999999999955,-29,91.06999999999925
100.28,1.3799999999999955,-22,95.89999999999918
100.28,1.3799999999999955,-21,96.58999999999878
100.28,1.3799999999999955,-21,96.58999999999878
100.28,1.3799999999999955,-21,96.58999999999878
100.28,1.3799999999999955,-21,96.58999999999878
100.28,1.3799999999999955,-22,97.27999999999884
100.28,1.3799999999999955,-22,97.27999999999884
100.28,1.3799999999999955,-22,97.27999999999884
100.28,1.3799999999999955,-22,97.27999999999884
100.28,1.3799999999999955,-22,97.27999999999884
100.28,1.3799999999999955,-24,98.65999999999849
100.28,1.3799999999999955,-24,98.65999999999849
100.28,1.3799999999999955,-24,98.65999999999849
100.28,1.3799999999999955,-23,99.34999999999854
100.28,1.3799999999999955,-30,104.17999999999847
100.28,1.3799999999999955,-30,104.17999999999847
100.28,1.3799999999999955,-30,104.17999999999847
100.28,1.3799999999999955,-30,104.17999999999847
100.28,1.3799999999999955,-30,104.17999999999847
100.28,1.3799999999999955,-30,104.17999999999847
100.28,1.3799999999999955,-49,117.28999999999814
100.37,1.2000000000000028,-49,112.87999999999829
100.41499999999999,1.1099999999999994,-49,110.67499999999836
100.435,1.0699999999999932,-49,109.69499999999789
100.435,1.0699999999999932,-31,119.12499999999864
100.435,1.0699999999999932,-31,119.12499999999864
100.41499999999999,1.1099999999999994,-29,120.77499999999873
100.41499999999999,1.1099999999999994,-29,120.77499999999873
100.41499999999999,1.1099999999999994,-29,120.77499999999873
100.41499999999999,1.1099999999999994,-29,120.77499999999873
100.41499999999999,1.1099999999999994,-29,120.77499999999873
100.41499999999999,1.1099999999999994,-29,120.77499999999873
100.41499999999999,1.1099999999999994,-29,120.77499999999873
100.41499999999999,1.1099999999999994,-36,124.65999999999894
100.41499999999999,1.1099999999999994,-39,126.32499999999891
100.41499999999999,1.1099999999999994,-35,128.5449999999987
100.38499999999999,1.1700000000000017,-28,133.32999999999856
100.38499999999999,1.1700000000000017,-25,135.08499999999822
100.38499999999999,1.1700000000000017,-25,135.08499999999822
100.38499999999999,1.1700000000000017,-25,135.08499999999822
100.38499999999999,1.1700000000000017,-25,135.08499999999822
100.38499999999999,1.1700000000000017,-25,135.08499999999822
100.38499999999999,1.1700000000000017,-25,135.08499999999822
100.38499999999999,1.1700000000000017,-25,135.08499999999822
100.38499999999999,1.1700000000000017,-25,135.08499999999822
100.38499999999999,1.1700000000000017,-25,135.08499999999822
100.38499999999999,1.1700000000000017,-26,135.66999999999825
100.38499999999999,1.1700000000000017,-26,135.66999999999825
100.38499999999999,1.1700000000000017,-26,135.66999999999825
100.38499999999999,1.1700000000000017,-26,135.66999999999825
100.38499999999999,1.1700000000000017,-26,135.66999999999825
100.38499999999999,1.1700000000000017,-26,135.66999999999825
100.38499999999999,1.1700000000000017,-26,135.66999999999825
100.38499999999999,1.1700000000000017,-26,135.66999999999825
100.38499999999999,1.1700000000000017,-26,135.66999999999825
100.37,1.2000000000000028,-20,139.4799999999982
100.37,1.2000000000000028,-20,139.4799999999982
100.37,1.2000000000000028,-14,143.07999999999834
100.37,1.2000000000000028,-14,143.07999999999834
100.37,1.2000000000000028,-14,143.07999999999834
100.37,1.2000000000000028,-14,143.07999999999834
100.37,1.2000000000000028,-14,143.07999999999834
100.37,1.2000000000000028,-14,143.07999999999834
100.37,1.2000000000000028,-14,143.07999999999834
100.37,1.2000000000000028,-14,143.07999999999834
100.37,1.2000000000000028,-14,143.07999999999834
100.37,1.2000000000000028,-14,143.07999999999834
100.37,1.2000000000000028,-14,143.07999999999834
100.37,1.2000000000000028,-14,143.07999999999834
100.37,1.2000000000000028,-14,143.07999999999834
100.37,1.2000000000000028,-14,143.07999999999834
100.37,1.2000000000000028,-13,143.67999999999847
100.37,1.2000000000000028,-13,143.67999999999847
100.37,1.2000000000000028,-13,143.67999999999847
100.37,1.2000000000000028,-13,143.67999999999847
100.37,1.2000000000000028,-7,147.27999999999838
100.37,1.2000000000000028,-7,147.27999999999838
100.37,1.2000000000000028,-7,147.27999999999838
100.37,1.2000000000000028,-7,147.27999999999838
100.37,1.2000000000000028,-7,147.27999999999838
100.37,1.2000000000000028,-7,147.27999999999838
100.37,1.2000000000000028,-7,147.27999999999838
100.37,1.2000000000000028,-31,161.67999999999802
100.37,1.2000000000000028,-31,161.67999999999802
100.37,1.2000000000000028,-31,161.67999999999802
100.37,1.2000000000000028,-31,161.67999999999802
100.37,1.2000000000000028,-31,161.67999999999802
100.37,1.2000000000000028,-29,162.8799999999983
100.37,1.2000000000000028,-31,164.0799999999981
100.37,1.2000000000000028,-31,164.0799999999981
100.37,1.2000000000000028,-31,164.0799999999981
100.37,1.2000000000000028,-31,164.0799999999981
100.36500000000001,1.2099999999999937,-23,169.02499999999782
100.36500000000001,1.2099999999999937,-17,172.65499999999815
100.36500000000001,1.2099999999999937,-18,173.25999999999817
100.36500000000001,1.2099999999999937,-20,174.46999999999798
100.36500000000001,1.2099999999999937,-20,174.46999999999798
100.36500000000001,1.2099999999999937,-20,174.46999999999798
100.36,1.2199999999999989,-6,183.09999999999798
100.36,1.2199999999999989,-6,183.09999999999798
100.36,1.2199999999999989,-6,183.09999999999798
100.36,1.2199999999999989,-27,195.90999999999804
100.36,1.2199999999999989,-32,198.95999999999776
100.36,1.2199999999999989,-32,198.95999999999776
100.36,1.2199999999999989,-32,198.95999999999776
100.36,1.2199999999999989,-29,200.7899999999977
100.36,1.2199999999999989,-29,200.7899999999977
100.36,1.2199999999999989,-29,200.7899999999977
100.33500000000001,1.269999999999996,-19,207.6649999999977
100.33500000000001,1.269999999999996,-19,207.6649999999977
100.33500000000001,1.269999999999996,-19,207.6649999999977
100.33500000000001,1.269999999999996,-19,207.6649999999977
100.33500000000001,1.269999999999996,-21,208.93499999999767
100.33500000000001,1.269999999999996,-21,208.93499999999767
100.33500000000001,1.269999999999996,-21,208.93499999999767
100.33500000000001,1.269999999999996,-21,208.93499999999767
100.33500000000001,1.269999999999996,-2,220.999999999998
100.33500000000001,1.269999999999996,-2,220.999999999998
100.33500000000001,1.269999999999996,-2,220.999999999998
100.33500000000001,1.269999999999996,-2,220.999999999998
100.33500000000001,1.269999999999996,-2,220.999999999998
100.33500000000001,1.269999999999996,-2,220.999999999998
100.33500000000001,1.269999999999996,-1,221.63499999999803
100.33500000000001,1.269999999999996,-1,221.63499999999803
100.33500000000001,1.269999999999996,-1,221.63499999999803
100.33500000000001,1.269999999999996,-1,221.63499999999803
100.33500000000001,1.269999999999996,-1,221.63499999999803
100.33500000000001,1.269999999999996,-1,221.63499999999803
100.33500000000001,1.269999999999996,-1,221.63499999999803
100.33500000000001,1.269999999999996,-1,221.63499999999803
100.33500000000001,1.269999999999996,0,222.26999999999805
100.33500000000001,1.269999999999996,-4,224.809999999998
100.33500000000001,1.269999999999996,-4,224.809999999998
100.33500000000001,1.269999999999996,-4,224.809999999998
100.33500000000001,1.269999999999996,-4,224.809999999998
100.33500000000001,1.269999999999996,-4,224.809999999998
100.33500000000001,1.269999999999996,-4,224.809999999998
100.33500000000001,1.269999999999996,-4,224.809999999998
100.33500000000001,1.269999999999996,-4,224.809999999998
100.33500000000001,1.269999999999996,-4,224.809999999998
100.33500000000001,1.269999999999996,-4,224.809999999998
100.33500000000001,1.269999999999996,-4,224.809999999998
100.33500000000001,1.269999999999996,-4,224.809999999998
100.33500000000001,1.269999999999996,-5,225.444999999998
100.33500000000001,1.269999999999996,-5,225.444999999998
100.33500000000001,1.269999999999996,-5,225.444999999998
100.33500000000001,1.269999999999996,-5,225.444999999998
100.33500000000001,1.269999999999996,4,231.15999999999804
100.33500000000001,1.269999999999996,4,231.15999999999804
100.33500000000001,1.269999999999996,4,231.15999999999804
100.33500000000001,1.269999999999996,4,231.15999999999804
100.33500000000001,1.269999999999996,4,231.15999999999804
100.33500000000001,1.269999999999996,4,231.15999999999804
100.33500000000001,1.269999999999996,4,231.15999999999804
100.33500000000001,1.269999999999996,2,232.42999999999802
100.33500000000001,1.269999999999996,2,232.42999999999802
100.33500000000001,1.269999999999996,9,236.87499999999818
100.33500000000001,1.269999999999996,9,236.87499999999818
100.33500000000001,1.269999999999996,9,236.87499999999818
100.33500000000001,1.269999999999996,9,236.87499999999818
100.33500000000001,1.269999999999996,8,237.50999999999817
100.33500000000001,1.269999999999996,8,237.50999999999817
100.33500000000001,1.269999999999996,8,237.50999999999817
100.33500000000001,1.269999999999996,8,237.50999999999817
100.33500000000001,1.269999999999996,8,237.50999999999817
100.33500000000001,1.269999999999996,8,237.50999999999817
100.33500000000001,1.269999999999996,8,237.50999999999817
100.33500000000001,1.269999999999996,8,237.50999999999817
100.33500000000001,1.269999999999996,8,237.50999999999817
100.33500000000001,1.269999999999996,8,237.50999999999817
100.33500000000001,1.269999999999996,5,239.41499999999814
100.33500000000001,1.269999999999996,5,239.41499999999814
100.33500000000001,1.269999999999996,5,239.41499999999814
100.33500000000001,1.269999999999996,5,239.41499999999814
100.33500000000001,1.269999999999996,5,239.41499999999814
100.33500000000001,1.269999999999996,5,239.41499999999814
100.33500000000001,1.269999999999996,14,245.12999999999806
100.33500000000001,1.269999999999996,14,245.12999999999806
100.33500000000001,1.269999999999996,12,246.39999999999804
100.33500000000001,1.269999999999996,11,247.03499999999826
100.33500000000001,1.269999999999996,10,247.66999999999825
100.33500000000001,1.269999999999996,10,247.66999999999825
100.33500000000001,1.269999999999996,10,247.66999999999825
100.33500000000001,1.269999999999996,10,247.66999999999825
100.33500000000001,1.269999999999996,9,248.30499999999824
100.33500000000001,1.269999999999996,8,248.93999999999824
100.33500000000001,1.269999999999996,-12,261.6399999999983
100.33500000000001,1.269999999999996,-11,262.27499999999804
100.33500000000001,1.269999999999996,-11,262.27499999999804
100.33500000000001,1.269999999999996,-11,262.27499999999804
100.33500000000001,1.269999999999996,-11,262.27499999999804
100.33500000000001,1.269999999999996,-11,262.27499999999804
100.33500000000001,1.269999999999996,-11,262.27499999999804
100.33500000000001,1.269999999999996,-11,262.27499999999804
100.33500000000001,1.269999999999996,-11,262.27499999999804
100.33500000000001,1.269999999999996,-5,266.0849999999981
100.325,1.289999999999992,7,273.6549999999981
100.325,1.289999999999992,7,273.6549999999981
100.325,1.289999999999992,7,273.6549999999981
100.325,1.289999999999992,7,273.6549999999981
100.325,1.289999999999992,7,273.6549999999981
100.325,1.289999999999992,7,273.6549999999981
100.325,1.289999999999992,7,273.6549999999981
100.33000000000001,1.2999999999999972,3,276.26999999999816
100.33000000000001,1.2999999999999972,3,276.26999999999816
100.33000000000001,1.2999999999999972,3,276.26999999999816
100.33000000000001,1.2999999999999972,3,276.26999999999816
100.33000000000001,1.2999999999999972,3,276.26999999999816
100.33000000000001,1.2999999999999972,1,277.5699999999981
100.33000000000001,1.2999999999999972,1,277.5699999999981
100.33000000000001,1.2999999999999972,1,277.5699999999981
100.33000000000001,1.2999999999999972,1,277.5699999999981
100.33000000000001,1.2999999999999972,1,277.5699999999981
100.33000000000001,1.2999999999999972,1,277.5699999999981
100.33000000000001,1.2999999999999972,2,278.21999999999815
100.33000000000001,1.2999999999999972,1,278.8699999999982
100.33000000000001,1.2999999999999972,1,278.8699999999982
100.33000000000001,1.2999999999999972,1,278.8699999999982
100.33000000000001,1.2999999999999972,-4,282.1199999999982
100.33000000000001,1.2999999999999972,-4,282.1199999999982
100.33000000000001,1.2999999999999972,-4,282.1199999999982
100.33000000000001,1.2999999999999972,-4,282.1199999999982
100.33000000000001,1.2999999999999972,-12,287.31999999999834
100.33000000000001,1.2999999999999972,-12,287.31999999999834
100.33000000000001,1.2999999999999972,-12,287.31999999999834
100.33000000000001,1.2999999999999972,-12,287.31999999999834
100.33000000000001,1.2999999999999972,-8,289.91999999999825
100.33000000000001,1.2999999999999972,-8,289.91999999999825
100.33000000000001,1.2999999999999972,-8,289.91999999999825
100.33000000000001,1.2999999999999972,-8,289.91999999999825
100.33000000000001,1.2999999999999972,-8,289.91999999999825
100.33000000000001,1.2999999999999972,-8,289.91999999999825
100.33000000000001,1.2999999999999972,-8,289.91999999999825
100.33000000000001,1.2999999999999972,-8,289.91999999999825
100.33000000000001,1.2999999999999972,-8,289.91999999999825
100.33000000000001,1.2999999999999972,16,305.5199999999984
100.33000000000001,1.2999999999999972,16,305.5199999999984
100.33000000000001,1.2999999999999972,16,305.5199999999984
100.33000000000001,1.2999999999999972,16,305.5199999999984
100.33000000000001,1.2999999999999972,16,305.5199999999984
100.33000000000001,1.2999999999999972,26,312.0199999999986
100.33000000000001,1.2999999999999972,26,312.0199999999986
100.33000000000001,1.2999999999999972,26,312.0199999999986
100.33000000000001,1.2999999999999972,25,312.6699999999987
100.3375,1.3149999999999977,20,316.1299999999983
100.3375,1.3149999999999977,20,316.1299999999983
100.3375,1.3149999999999977,20,316.1299999999983
100.3375,1.3149999999999977,20,316.1299999999983
100.3375,1.3149999999999977,20,316.1299999999983
100.3375,1.3149999999999977,20,316.1299999999983
100.3375,1.3149999999999977,20,316.1299999999983
100.3375,1.3149999999999977,20,316.1299999999983
100.3375,1.3149999999999977,29,322.04749999999876
100.3375,1.3149999999999977,29,322.04749999999876
100.3375,1.3149999999999977,29,322.04749999999876
100.3375,1.3149999999999977,29,322.04749999999876
100.3375,1.3149999999999977,29,322.04749999999876
100.3375,1.3149999999999977,29,322.04749999999876
100.3375,1.3149999999999977,29,322.04749999999876
100.3375,1.3149999999999977,29,322.04749999999876
100.3375,1.3149999999999977,29,322.04749999999876
100.3375,1.3149999999999977,24,325.3349999999987
100.3375,1.3149999999999977,24,325.3349999999987
100.3375,1.3149999999999977,22,326.6499999999985
100.3375,1.3149999999999977,22,326.6499999999985
100.3375,1.3149999999999977,22,326.6499999999985
100.3375,1.3149999999999977,22,326.6499999999985
100.3375,1.3149999999999977,17,329.93749999999864
100.3375,1.3149999999999977,17,329.93749999999864
100.3375,1.3149999999999977,17,329.93749999999864
100.3375,1.3149999999999977,17,329.93749999999864
100.3375,1.3149999999999977,14,331.9099999999987
100.3375,1.3149999999999977,24,338.48499999999876
100.3375,1.3149999999999977,24,338.48499999999876
100.3375,1.3149999999999977,24,338.48499999999876
100.3375,1.3149999999999977,24,338.48499999999876
100.3375,1.3149999999999977,24,338.48499999999876
100.3375,1.3149999999999977,24,338.48499999999876
100.3375,1.3149999999999977,24,338.48499999999876
100.3375,1.3149999999999977,32,343.7449999999985
100.3375,1.3149999999999977,32,343.7449999999985
100.3375,1.3149999999999977,32,343.7449999999985
100.3375,1.3149999999999977,32,343.7449999999985
100.3375,1.3149999999999977,32,343.7449999999985
100.3375,1.3149999999999977,32,343.7449999999985
100.3375,1.3149999999999977,33,344.4024999999988
100.3375,1.3149999999999977,33,344.4024999999988
100.3375,1.3149999999999977,33,344.4024999999988
100.3375,1.3149999999999977,33,344.4024999999988
100.3375,1.3149999999999977,33,344.4024999999988
100.3375,1.3149999999999977,32,345.0599999999986
100.3375,1.3149999999999977,32,345.0599999999986
100.3375,1.3149999999999977,32,345.0599999999986
100.3375,1.3149999999999977,32,345.0599999999986
100.3375,1.3149999999999977,32,345.0599999999986
100.3375,1.3149999999999977,32,345.0599999999986
100.3375,1.3149999999999977,32,345.0599999999986
100.3375,1.3149999999999977,32,345.0599999999986
100.3375,1.3149999999999977,32,345.0599999999986
100.3375,1.3149999999999977,32,345.0599999999986
100.3375,1.3149999999999977,32,345.0599999999986
100.3375,1.3149999999999977,32,345.0599999999986
100.3375,1.3149999999999977,21,352.29249999999865
100.3375,1.3149999999999977,21,352.29249999999865
100.3375,1.3149999999999977,21,352.29249999999865
100.3375,1.3149999999999977,21,352.29249999999865
100.3375,1.3149999999999977,20,352.94999999999845
100.3375,1.3149999999999977,20,352.94999999999845
100.3375,1.3149999999999977,21,353.6074999999985
100.3375,1.3149999999999977,21,353.6074999999985
100.3375,1.3149999999999977,21,353.6074999999985
100.3375,1.3149999999999977,21,353.6074999999985
100.3375,1.3149999999999977,20,354.2649999999985
100.3375,1.3149999999999977,20,354.2649999999985
100.3375,1.3149999999999977,20,354.2649999999985
100.3375,1.3149999999999977,20,354.2649999999985
100.3375,1.3149999999999977,20,354.2649999999985
100.3375,1.3149999999999977,20,354.2649999999985
100.3375,1.3149999999999977,20,354.2649999999985
100.3375,1.3149999999999977,20,354.2649999999985
100.3375,1.3149999999999977,24,356.8949999999986
100.3375,1.3149999999999977,24,356.8949999999986
100.3375,1.3149999999999977,24,356.8949999999986
100.3375,1.3149999999999977,25,357.5524999999984
100.3375,1.3149999999999977,25,357.5524999999984
100.3375,1.3149999999999977,25,357.5524999999984
100.3375,1.3149999999999977,25,357.5524999999984
100.3375,1.3149999999999977,31,361.4974999999986
100.3375,1.3149999999999977,31,361.4974999999986
100.3375,1.3149999999999977,31,361.4974999999986
100.3375,1.3149999999999977,31,361.4974999999986
100.3375,1.3149999999999977,31,361.4974999999986
100.3375,1.3149999999999977,31,361.4974999999986
100.3375,1.3149999999999977,31,361.4974999999986
100.3375,1.3149999999999977,31,361.4974999999986
100.3375,1.3149999999999977,27,364.1274999999987
100.3375,1.3149999999999977,27,364.1274999999987
100.3375,1.3149999999999977,27,364.1274999999987
100.3375,1.3149999999999977,25,365.4424999999983
100.3375,1.3149999999999977,25,365.4424999999983
100.3375,1.3149999999999977,25,365.4424999999983
100.3375,1.3149999999999977,25,365.4424999999983
100.3375,1.3149999999999977,25,365.4424999999983
100.3375,1.3149999999999977,30,368.7299999999982
100.3375,1.3149999999999977,30,368.7299999999982
100.3375,1.3149999999999977,29,369.38749999999845
100.3375,1.3149999999999977,28,370.04499999999825
100.3375,1.3149999999999977,28,370.04499999999825
100.3375,1.3149999999999977,27,370.70249999999805
100.3375,1.3149999999999977,27,370.70249999999805
100.3375,1.3149999999999977,27,370.70249999999805
100.3375,1.3149999999999977,27,370.70249999999805
100.3375,1.3149999999999977,29,372.0174999999981
100.3375,1.3149999999999977,29,372.0174999999981
100.3375,1.3149999999999977,29,372.0174999999981
100.3375,1.3149999999999977,29,372.0174999999981
100.3375,1.3149999999999977,29,372.0174999999981
100.3375,1.3149999999999977,29,372.0174999999981
100.3375,1.3149999999999977,29,372.0174999999981
100.3375,1.3149999999999977,29,372.0174999999981
100.3375,1.3149999999999977,29,372.0174999999981
100.3375,1.3149999999999977,29,372.0174999999981
100.3375,1.3149999999999977,29,372.0174999999981
100.3375,1.3149999999999977,29,372.0174999999981
100.3375,1.3149999999999977,29,372.0174999999981
100.3375,1.3149999999999977,29,372.0174999999981
100.34,1.3199999999999932,1,390.5299999999978
100.34,1.3199999999999932,1,390.5299999999978
100.34,1.3199999999999932,1,390.5299999999978
100.34,1.3199999999999932,10,396.46999999999775
100.34,1.3199999999999932,5,399.7699999999977
100.34,1.3199999999999932,5,399.7699999999977
100.34,1.3199999999999932,5,399.7699999999977
100.34,1.3199999999999932,5,399.7699999999977
100.34,1.3199999999999932,11,403.72999999999763
100.34,1.3199999999999932,11,403.72999999999763
100.34,1.3199999999999932,11,403.72999999999763
100.34,1.3199999999999932,11,403.72999999999763
100.34,1.3199999999999932,11,403.72999999999763
100.34,1.3199999999999932,11,403.72999999999763
100.34,1.3199999999999932,10,404.3899999999977
100.34,1.3199999999999932,10,404.3899999999977
100.34,1.3199999999999932,10,404.3899999999977
100.34,1.3199999999999932,10,404.3899999999977
100.34,1.3199999999999932,10,404.3899999999977
100.34,1.3199999999999932,10,404.3899999999977
100.34,1.3199999999999932,10,404.3899999999977
100.34,1.3199999999999932,10,404.3899999999977
100.34,1.3199999999999932,10,404.3899999999977
100.34,1.3199999999999932,10,404.3899999999977
100.34,1.3199999999999932,10,404.3899999999977
100.34,1.3199999999999932,11,405.0499999999977
100.34,1.3199999999999932,11,405.0499999999977
100.34,1.3199999999999932,11,405.0499999999977
100.34,1.3199999999999932,18,409.6699999999978
100.34,1.3199999999999932,19,410.32999999999765
100.34,1.3199999999999932,19,410.32999999999765
100.34,1.3199999999999932,19,410.32999999999765
100.34,1.3199999999999932,19,410.32999999999765
100.34,1.3199999999999932,19,410.32999999999765
100.34,1.3199999999999932,19,410.32999999999765
100.34,1.3199999999999932,19,410.32999999999765
100.34,1.3199999999999932,19,410.32999999999765
100.34,1.3199999999999932,11,415.6099999999976
100.34,1.3199999999999932,11,415.6099999999976
100.34,1.3199999999999932,11,415.6099999999976
100.34,1.3199999999999932,11,415.6099999999976
100.34,1.3199999999999932,11,415.6099999999976
100.34,1.3199999999999932,14,417.58999999999764
100.34,1.3199999999999932,14,417.58999999999764
100.34,1.3199999999999932,14,417.58999999999764
100.34,1.3199999999999932,14,417.58999999999764
100.34,1.3199999999999932,13,418.2499999999977
100.34,1.3199999999999932,13,418.2499999999977
100.34,1.3199999999999932,13,418.2499999999977
100.34,1.3199999999999932,14,418.9099999999976
100.34,1.3199999999999932,14,418.9099999999976
100.34,1.3199999999999932,14,418.9099999999976
100.34,1.3199999999999932,14,418.9099999999976
100.34,1.3199999999999932,15,419.56999999999766
100.33,1.3400000000000034,24,425.3699999999976
100.325,1.3499999999999943,40,435.89999999999736
100.285,1.269999999999996,40,434.299999999997
100.265,1.2299999999999898,40,433.49999999999727
100.255,1.2099999999999937,40,433.0999999999972
100.25,1.1999999999999886,47,437.09999999999764
100.215,1.1299999999999955,47,435.4549999999981
100.2,1.0999999999999943,41,438.04999999999745
100.2,1.0999999999999943,43,439.1499999999978
100.2,1.0999999999999943,43,439.1499999999978
100.2,1.0999999999999943,48,441.8999999999978
100.185,1.0699999999999932,48,441.17999999999756
100.17500000000001,1.0499999999999972,48,440.699999999998
100.17500000000001,1.0499999999999972,48,440.699999999998
100.17500000000001,1.0499999999999972,48,440.699999999998
100.17500000000001,1.0499999999999972,48,440.699999999998
100.17500000000001,1.0499999999999972,48,440.699999999998
100.17500000000001,1.0499999999999972,48,440.699999999998
100.17500000000001,1.0499999999999972,31,449.6249999999977
100.17500000000001,1.0499999999999972,32,450.1499999999978
100.17500000000001,1.0499999999999972,32,450.1499999999978
100.17500000000001,1.0499999999999972,35,451.7249999999981
100.17500000000001,1.0499999999999972,37,452.7749999999978
100.17500000000001,1.0499999999999972,37,452.7749999999978
100.17500000000001,1.0499999999999972,37,452.7749999999978
100.17500000000001,1.0499999999999972,37,452.7749999999978
100.17500000000001,1.0499999999999972,37,452.7749999999978
100.17500000000001,1.0499999999999972,37,452.7749999999978
100.17500000000001,1.0499999999999972,37,452.7749999999978
100.17500000000001,1.0499999999999972,37,452.7749999999978
100.17500000000001,1.0499999999999972,33,454.8749999999982
100.17500000000001,1.0499999999999972,33,454.8749999999982
100.17500000000001,1.0499999999999972,27,458.0249999999978
100.17500000000001,1.0499999999999972,27,458.0249999999978
100.17500000000001,1.0499999999999972,30,459.5999999999981
100.17500000000001,1.0499999999999972,21,464.324999999998
100.17500000000001,1.0499999999999972,17,466.4249999999979
100.17500000000001,1.0499999999999972,18,466.9499999999978
100.17500000000001,1.0499999999999972,20,467.99999999999795
100.17500000000001,1.0499999999999972,20,467.99999999999795
100.17500000000001,1.0499999999999972,18,469.0499999999979
100.17500000000001,1.0499999999999972,18,469.0499999999979
100.17500000000001,1.0499999999999972,18,469.0499999999979
100.17500000000001,1.0499999999999972,19,469.574999999998
100.17500000000001,1.0499999999999972,19,469.574999999998
100.17500000000001,1.0499999999999972,16,471.1499999999978
100.17,1.0600000000000023,25,475.81999999999766
100.17,1.0600000000000023,25,475.81999999999766
100.17,1.0600000000000023,25,475.81999999999766
100.17,1.0600000000000023,25,475.81999999999766
100.17,1.0600000000000023,25,475.81999999999766
100.17,1.0600000000000023,25,475.81999999999766
100.17,1.0600000000000023,25,475.81999999999766
100.17,1.0600000000000023,25,475.81999999999766
100.17,1.0600000000000023,25,475.81999999999766
100.17,1.0600000000000023,25,475.81999999999766
100.17,1.0600000000000023,25,475.81999999999766
100.17,1.0600000000000023,32,479.5299999999975
100.17,1.0600000000000023,32,479.5299999999975
100.17,1.0600000000000023,42,484.82999999999765
100.17,1.0600000000000023,42,484.82999999999765
100.17,1.0600000000000023,42,484.82999999999765
100.17,1.0600000000000023,42,484.82999999999765
100.17,1.0600000000000023,49,488.53999999999724
100.16,1.0400000000000063,48,488.5699999999979
100.16,1.0400000000000063,48,488.5699999999979
100.16,1.0400000000000063,48,488.5699999999979
100.16,1.0400000000000063,48,488.5699999999979
100.16,1.0400000000000063,31,497.40999999999804
100.16,1.0400000000000063,32,497.929999999998
100.16,1.0400000000000063,32,497.929999999998
100.16,1.0400000000000063,32,497.929999999998
100.16,1.0400000000000063,32,497.929999999998
100.16,1.0400000000000063,32,497.929999999998
100.16,1.0400000000000063,32,497.929999999998
100.16,1.0400000000000063,32,497.929999999998
100.16,1.0400000000000063,32,497.929999999998
100.16,1.0400000000000063,32,497.929999999998
100.16,1.0400000000000063,32,497.929999999998
100.16,1.0400000000000063,32,497.929999999998
100.16,1.0400000000000063,32,497.929999999998
100.16,1.0400000000000063,36,500.00999999999794
100.16,1.0400000000000063,36,500.00999999999794
100.16,1.0400000000000063,36,500.00999999999794
100.16,1.0400000000000063,36,500.00999999999794
100.16,1.0400000000000063,36,500.00999999999794
100.16,1.0400000000000063,36,500.00999999999794
100.16,1.0400000000000063,36,500.00999999999794
100.16,1.0400000000000063,36,500.00999999999794
100.16,1.0400000000000063,36,500.00999999999794
100.16,1.0400000000000063,36,500.00999999999794
100.16,1.0400000000000063,36,500.00999999999794
100.16,1.0400000000000063,36,500.00999999999794
100.16,1.0400000000000063,36,500.00999999999794
100.16,1.0400000000000063,36,500.00999999999794
100.16,1.0400000000000063,31,502.6099999999983
100.16,1.0400000000000063,31,502.6099999999983
100.16,1.0400000000000063,31,502.6099999999983
100.16,1.0400000000000063,31,502.6099999999983
100.16,1.0400000000000063,31,502.6099999999983
100.16,1.0400000000000063,31,502.6099999999983
100.16,1.0400000000000063,31,502.6099999999983
100.16,1.0400000000000063,31,502.6099999999983
100.16,1.0400000000000063,31,502.6099999999983
100.16,1.0400000000000063,24,506.2499999999984
100.16,1.0400000000000063,30,509.3699999999981
100.16,1.0400000000000063,41,515.0899999999979
100.16,1.0400000000000063,41,515.0899999999979
100.16,1.0400000000000063,41,515.0899999999979
100.16,1.0400000000000063,42,515.6099999999988
100.16,1.0400000000000063,42,515.6099999999988
100.16,1.0400000000000063,42,515.6099999999988
100.16,1.0400000000000063,42,515.6099999999988
100.16,1.0400000000000063,43,516.1299999999987
100.16,1.0400000000000063,43,516.1299999999987
100.16,1.0400000000000063,43,516.1299999999987
100.16,1.0400000000000063,45,517.1699999999983
100.16,1.0400000000000063,30,524.969999999998
100.16,1.0400000000000063,30,524.969999999998
100.16,1.0400000000000063,30,524.969999999998
100.16,1.0400000000000063,30,524.969999999998
100.16,1.0400000000000063,30,524.969999999998
100.16,1.0400000000000063,30,524.969999999998
100.16,1.0400000000000063,30,524.969999999998
100.16,1.0400000000000063,30,524.969999999998
100.17,1.0600000000000023,25,527.8199999999983
100.17,1.0600000000000023,25,527.8199999999983
100.17,1.0600000000000023,25,527.8199999999983
100.17,1.0600000000000023,25,527.8199999999983
100.17,1.0600000000000023,25,527.8199999999983
100.17,1.0600000000000023,34,532.5899999999988
100.17,1.0600000000000023,34,532.5899999999988
100.17,1.0600000000000023,34,532.5899999999988
100.17,1.0600000000000023,34,532.5899999999988
100.17,1.0600000000000023,34,532.5899999999988
100.17,1.0600000000000023,34,532.5899999999988
100.17,1.0600000000000023,34,532.5899999999988
100.17,1.0600000000000023,34,532.5899999999988
100.17,1.0600000000000023,34,532.5899999999988
100.17,1.0600000000000023,34,532.5899999999988
100.17,1.0600000000000023,34,532.5899999999988
100.17,1.0600000000000023,34,532.5899999999988
100.17,1.0600000000000023,34,532.5899999999988
100.17,1.0600000000000023,34,532.5899999999988
100.17,1.0600000000000023,34,532.5899999999988
100.17,1.0600000000000023,19,540.5399999999986
100.17,1.0600000000000023,15,542.6599999999985
100.17,1.0600000000000023,15,542.6599999999985
100.17,1.0600000000000023,15,542.6599999999985
100.17,1.0600000000000023,15,542.6599999999985
100.17,1.0600000000000023,15,542.6599999999985
100.17,1.0600000000000023,15,542.6599999999985
100.17,1.0600000000000023,19,544.7799999999986
100.17,1.0600000000000023,19,544.7799999999986
100.17,1.0600000000000023,18,545.3099999999986
100.17,1.0600000000000023,17,545.8399999999988
100.17,1.0600000000000023,17,545.8399999999988
100.17,1.0600000000000023,17,545.8399999999988
100.17,1.0600000000000023,17,545.8399999999988
100.17,1.0600000000000023,14,547.4299999999988
100.17,1.0600000000000023,14,547.4299999999988
100.17,1.0600000000000023,14,547.4299999999988
100.17,1.0600000000000023,14,547.4299999999988
100.17,1.0600000000000023,17,549.0199999999988
100.17,1.0600000000000023,17,549.0199999999988
100.17,1.0600000000000023,17,549.0199999999988
100.17,1.0600000000000023,17,549.0199999999988
100.17,1.0600000000000023,17,549.0199999999988
100.17,1.0600000000000023,17,549.0199999999988
100.17,1.0600000000000023,17,549.0199999999988
100.17,1.0600000000000023,17,549.0199999999988
100.17,1.0600000000000023,17,549.0199999999988
100.17,1.0600000000000023,17,549.0199999999988
100.17,1.0600000000000023,17,549.0199999999988
100.17,1.0600000000000023,17,549.0199999999988
100.17,1.0600000000000023,17,549.0199999999988
100.17,1.0600000000000023,17,549.0199999999988
100.17,1.0600000000000023,17,549.0199999999988
100.17,1.0600000000000023,17,549.0199999999988
100.17,1.0600000000000023,17,549.0199999999988
100.17,1.0600000000000023,17,549.0199999999988
100.175,1.0699999999999932,16,549.6299999999987
100.175,1.0699999999999932,20,551.7699999999988
100.175,1.0699999999999932,20,551.7699999999988
100.175,1.0699999999999932,20,551.7699999999988
100.175,1.0699999999999932,20,551.7699999999988
100.175,1.0699999999999932,20,551.7699999999988
100.175,1.0699999999999932,20,551.7699999999988
100.175,1.0699999999999932,20,551.7699999999988
100.175,1.0699999999999932,20,551.7699999999988
100.175,1.0699999999999932,21,552.3049999999985
100.175,1.0699999999999932,21,552.3049999999985
100.175,1.0699999999999932,21,552.3049999999985
100.175,1.0699999999999932,21,552.3049999999985
100.175,1.0699999999999932,21,552.3049999999985
100.175,1.0699999999999932,21,552.3049999999985
100.175,1.0699999999999932,21,552.3049999999985
100.175,1.0699999999999932,21,552.3049999999985
100.175,1.0699999999999932,21,552.3049999999985
100.175,1.0699999999999932,21,552.3049999999985
100.175,1.0699999999999932,21,552.3049999999985
100.175,1.0699999999999932,21,552.3049999999985
100.175,1.0699999999999932,21,552.3049999999985
100.175,1.0699999999999932,21,552.3049999999985
100.175,1.0699999999999932,18,553.9099999999987
100.175,1.0699999999999932,18,553.9099999999987
100.175,1.0699999999999932,18,553.9099999999987
100.175,1.0699999999999932,21,555.5149999999985
100.175,1.0699999999999932,21,555.5149999999985
100.175,1.0699999999999932,21,555.5149999999985
100.175,1.0699999999999932,21,555.5149999999985
100.175,1.0699999999999932,21,555.5149999999985
100.175,1.0699999999999932,21,555.5149999999985
100.175,1.0699999999999932,21,555.5149999999985
100.175,1.0699999999999932,15,558.7249999999988
100.175,1.0699999999999932,15,558.7249999999988
100.175,1.0699999999999932,15,558.7249999999988
100.175,1.0699999999999932,15,558.7249999999988
100.175,1.0699999999999932,17,559.7949999999987
100.175,1.0699999999999932,17,559.7949999999987
100.18,1.0799999999999983,8,564.7299999999989
100.18,1.0799999999999983,8,564.7299999999989
100.18,1.0799999999999983,8,564.7299999999989
100.18,1.0799999999999983,8,564.7299999999989
100.18,1.0799999999999983,8,564.7299999999989
100.185,1.0900000000000034,6,565.8399999999988
100.185,1.0900000000000034,6,565.8399999999988
100.185,1.0900000000000034,6,565.8399999999988
100.185,1.0900000000000034,6,565.8399999999988
100.185,1.0900000000000034,6,565.8399999999988
100.185,1.0900000000000034,1,568.5649999999989
100.185,1.0900000000000034,1,568.5649999999989
100.185,1.0900000000000034,1,568.5649999999989
100.185,1.0900000000000034,2,569.1099999999989
100.185,1.0900000000000034,2,569.1099999999989
100.185,1.0900000000000034,2,569.1099999999989
100.185,1.0900000000000034,1,569.6549999999988
100.185,1.0900000000000034,5,571.8349999999989
100.18,1.1000000000000085,9,573.989999999999
100.18,1.1000000000000085,9,573.989999999999
100.18,1.1000000000000085,9,573.989999999999
100.18,1.1000000000000085,9,573.989999999999
100.18,1.1000000000000085,8,574.5399999999989
100.18,1.1000000000000085,8,574.5399999999989
100.18,1.1000000000000085,8,574.5399999999989
100.18,1.1000000000000085,8,574.5399999999989
100.18,1.1000000000000085,8,574.5399999999989
100.18,1.1000000000000085,8,574.5399999999989
100.18,1.1000000000000085,20,581.1399999999992
100.18,1.1000000000000085,20,581.1399999999992
100.18,1.1000000000000085,20,581.1399999999992
100.18,1.1000000000000085,20,581.1399999999992
100.18,1.1000000000000085,20,581.1399999999992
100.18,1.1000000000000085,21,581.6899999999991
100.18,1.1000000000000085,33,588.289999999999
100.18,1.1000000000000085,33,588.289999999999
100.18,1.1000000000000085,33,588.289999999999
100.18,1.1000000000000085,36,589.9399999999996
100.18,1.1000000000000085,36,589.9399999999996
100.18,1.1000000000000085,36,589.9399999999996
100.18,1.1000000000000085,36,589.9399999999996
100.18,1.1000000000000085,37,590.4899999999993
100.18,1.1000000000000085,37,590.4899999999993
100.18,1.1000000000000085,40,592.1399999999994
100.18,1.1000000000000085,40,592.1399999999994
100.18,1.1000000000000085,35,594.8899999999994
100.18,1.1000000000000085,35,594.8899999999994
100.18,1.1000000000000085,35,594.8899999999994
100.18,1.1000000000000085,35,594.8899999999994
100.18,1.1000000000000085,35,594.8899999999994
100.18,1.1000000000000085,35,594.8899999999994
100.18,1.1000000000000085,35,594.8899999999994
100.18,1.1000000000000085,35,594.8899999999994
100.18,1.1000000000000085,35,594.8899999999994
100.18,1.1000000000000085,35,594.8899999999994
100.18,1.1000000000000085,35,594.8899999999994
100.18,1.1000000000000085,35,594.8899999999994
100.18,1.1000000000000085,35,594.8899999999994
100.18,1.1000000000000085,39,597.0899999999997
100.18,1.1000000000000085,39,597.0899999999997
100.18,1.1000000000000085,39,597.0899999999997
100.18,1.1000000000000085,39,597.0899999999997
100.18,1.1000000000000085,38,597.6399999999994
100.18,1.1000000000000085,38,597.6399999999994
100.18,1.1000000000000085,38,597.6399999999994
100.18,1.1000000000000085,38,597.6399999999994
100.18,1.1000000000000085,38,597.6399999999994
100.18,1.1000000000000085,42,599.8399999999997
100.18,1.1000000000000085,42,599.8399999999997
100.18,1.1000000000000085,43,600.3899999999999
100.18,1.1000000000000085,43,600.3899999999999
100.18,1.1000000000000085,43,600.3899999999999
100.18,1.1000000000000085,31,606.9899999999993
100.18,1.1000000000000085,30,607.539999999999
100.18,1.1000000000000085,30,607.539999999999
100.18,1.1000000000000085,30,607.539999999999
100.18,1.1000000000000085,32,608.6399999999994
100.18,1.1000000000000085,32,608.6399999999994
100.18,1.1000000000000085,38,611.9399999999996
100.18,1.1000000000000085,38,611.9399999999996
100.18,1.1000000000000085,38,611.9399999999996
100.18,1.1000000000000085,38,611.9399999999996
100.18,1.1000000000000085,38,611.9399999999996
100.18,1.1000000000000085,38,611.9399999999996
100.18,1.1000000000000085,38,611.9399999999996
100.18,1.1000000000000085,38,611.9399999999996
100.18,1.1000000000000085,38,611.9399999999996
100.18,1.1000000000000085,38,611.9399999999996
100.18,1.1000000000000085,38,611.9399999999996
100.18,1.1000000000000085,38,611.9399999999996
100.18,1.1000000000000085,38,611.9399999999996
100.18,1.1000000000000085,38,611.9399999999996
100.18,1.1000000000000085,38,611.9399999999996
100.18,1.1000000000000085,38,611.9399999999996
100.18,1.1000000000000085,38,611.9399999999996
100.18,1.1000000000000085,38,611.9399999999996
100.18,1.1000000000000085,38,611.9399999999996
100.18,1.1000000000000085,38,611.9399999999996
100.18,1.1000000000000085,38,611.9399999999996
100.18,1.1000000000000085,38,611.9399999999996
100.18,1.1000000000000085,38,611.9399999999996
100.18,1.1000000000000085,38,611.9399999999996
100.18,1.1000000000000085,38,611.9399999999996
100.18,1.1000000000000085,44,615.2399999999998
100.18,1.1000000000000085,44,615.2399999999998
100.18,1.1000000000000085,44,615.2399999999998
100.18,1.1000000000000085,44,615.2399999999998
100.18,1.1000000000000085,44,615.2399999999998
100.18,1.1000000000000085,45,615.79
100.18,1.1000000000000085,45,615.79
100.18,1.1000000000000085,45,615.79
100.18,1.1000000000000085,45,615.79
100.18,1.1000000000000085,45,615.79
100.18,1.1000000000000085,45,615.79
100.18,1.1000000000000085,45,615.79
100.18,1.1000000000000085,57,622.3899999999994
100.12,0.980000000000004,52,621.4199999999992
100.115,0.9699999999999989,52,621.159999999999
100.11,0.960000000000008,52,620.8999999999996
100.11,0.960000000000008,53,621.3799999999992
100.10499999999999,0.9500000000000028,53,621.1149999999989
100.1,0.9399999999999977,53,620.8499999999985
100.1,0.9399999999999977,53,620.8499999999985
100.1,0.9399999999999977,53,620.8499999999985
100.1,0.9399999999999977,53,620.8499999999985
100.1,0.9399999999999977,53,620.8499999999985
100.1,0.9399999999999977,53,620.8499999999985
100.1,0.9399999999999977,53,620.8499999999985
100.1,0.9399999999999977,53,620.8499999999985
100.1,0.9399999999999977,53,620.8499999999985
100.1,0.9399999999999977,53,620.8499999999985
100.1,0.9399999999999977,53,620.8499999999985
100.1,0.9399999999999977,52,621.3199999999988
100.1,0.9399999999999977,52,621.3199999999988
100.1,0.9399999999999977,52,621.3199999999988
100.1,0.9399999999999977,52,621.3199999999988
100.1,0.9399999999999977,52,621.3199999999988
100.1,0.9399999999999977,48,623.199999999998
100.1,0.9399999999999977,48,623.199999999998
100.1,0.9399999999999977,49,623.6699999999983
100.1,0.9399999999999977,49,623.6699999999983
100.1,0.9399999999999977,49,623.6699999999983
100.1,0.9399999999999977,49,623.6699999999983
100.1,0.9399999999999977,49,623.6699999999983
100.1,0.9399999999999977,49,623.6699999999983
100.1,0.9399999999999977,49,623.6699999999983
100.1,0.9399999999999977,46,625.0799999999981
100.1,0.9399999999999977,45,625.5499999999988
100.1,0.9399999999999977,45,625.5499999999988
100.1,0.9399999999999977,45,625.5499999999988
100.1,0.9399999999999977,45,625.5499999999988
100.1,0.9399999999999977,55,630.2499999999991
100.09,0.9200000000000017,55,629.6999999999989
100.08500000000001,0.9100000000000108,55,629.4249999999993
100.08500000000001,0.9100000000000108,55,629.4249999999993
100.08500000000001,0.9100000000000108,55,629.4249999999993
100.08500000000001,0.9100000000000108,50,631.6999999999989
100.08500000000001,0.9100000000000108,50,631.6999999999989
100.08500000000001,0.9100000000000108,50,631.6999999999989
100.08500000000001,0.9100000000000108,50,631.6999999999989
100.08500000000001,0.9100000000000108,50,631.6999999999989
100.08500000000001,0.9100000000000108,50,631.6999999999989
100.08500000000001,0.9100000000000108,50,631.6999999999989
100.08500000000001,0.9100000000000108,49,632.1549999999988
100.08500000000001,0.9100000000000108,49,632.1549999999988
100.08500000000001,0.9100000000000108,49,632.1549999999988
100.08500000000001,0.9100000000000108,49,632.1549999999988
100.08500000000001,0.9100000000000108,48,632.6099999999988
100.08500000000001,0.9100000000000108,41,635.7949999999996
100.08500000000001,0.9100000000000108,41,635.7949999999996
100.08500000000001,0.9100000000000108,41,635.7949999999996
100.08500000000001,0.9100000000000108,41,635.7949999999996
100.08500000000001,0.9100000000000108,41,635.7949999999996
100.08500000000001,0.9100000000000108,41,635.7949999999996
100.08500000000001,0.9100000000000108,41,635.7949999999996
100.08500000000001,0.9100000000000108,41,635.7949999999996
100.08500000000001,0.9100000000000108,41,635.7949999999996
100.08500000000001,0.9100000000000108,41,635.7949999999996
100.08500000000001,0.9100000000000108,40,636.2499999999995
100.08500000000001,0.9100000000000108,39,636.7049999999995
100.08500000000001,0.9100000000000108,39,636.7049999999995
100.08500000000001,0.9100000000000108,39,636.7049999999995
100.08500000000001,0.9100000000000108,39,636.7049999999995
100.08500000000001,0.9100000000000108,34,638.9799999999996
100.08500000000001,0.9100000000000108,34,638.9799999999996
100.08500000000001,0.9100000000000108,34,638.9799999999996
100.08500000000001,0.9100000000000108,34,638.9799999999996
100.08500000000001,0.9100000000000108,31,640.3449999999993
100.08500000000001,0.9100000000000108,45,646.7150000000001
100.08500000000001,0.9100000000000108,45,646.7150000000001
100.08500000000001,0.9100000000000108,45,646.7150000000001
100.08500000000001,0.9100000000000108,44,647.1700000000001
100.08500000000001,0.9100000000000108,44,647.1700000000001
100.08500000000001,0.9100000000000108,44,647.1700000000001
100.08500000000001,0.9100000000000108,44,647.1700000000001
100.08500000000001,0.9100000000000108,44,647.1700000000001
100.08500000000001,0.9100000000000108,44,647.1700000000001
100.08500000000001,0.9100000000000108,38,649.8999999999996
100.08500000000001,0.9100000000000108,38,649.8999999999996
100.08500000000001,0.9100000000000108,38,649.8999999999996
100.08500000000001,0.9100000000000108,38,649.8999999999996
100.07,0.9400000000000119,48,653.909999999999
100.07,0.9400000000000119,50,654.8499999999995
100.07,0.9400000000000119,50,654.8499999999995
100.07,0.9400000000000119,50,654.8499999999995
100.07,0.9400000000000119,50,654.8499999999995
100.07,0.9400000000000119,50,654.8499999999995
100.07,0.9400000000000119,50,654.8499999999995
100.07,0.9400000000000119,50,654.8499999999995
100.07499999999999,0.9500000000000028,40,659.7599999999993
100.07499999999999,0.9500000000000028,40,659.7599999999993
100.07499999999999,0.9500000000000028,40,659.7599999999993
100.07499999999999,0.9500000000000028,40,659.7599999999993
100.07499999999999,0.9500000000000028,40,659.7599999999993
100.07,0.9599999999999937,49,663.8599999999997
100.07,0.9599999999999937,49,663.8599999999997
100.07,0.9599999999999937,49,663.8599999999997
100.07,0.9599999999999937,49,663.8599999999997
100.07,0.9599999999999937,49,663.8599999999997
100.07,0.9599999999999937,49,663.8599999999997
100.07,0.9599999999999937,49,663.8599999999997
100.07,0.9599999999999937,49,663.8599999999997
100.07,0.9599999999999937,49,663.8599999999997
100.07,0.9599999999999937,50,664.3400000000001
100.07,0.9599999999999937,50,664.3400000000001
100.07,0.9599999999999937,50,664.3400000000001
100.07,0.9599999999999937,50,664.3400000000001
100.07,0.9599999999999937,49,664.8199999999997
100.07,0.9599999999999937,50,665.3000000000002
100.07,0.9599999999999937,50,665.3000000000002
100.07,0.9599999999999937,64,672.0199999999995
100.01,0.8400000000000034,64,668.1800000000003
99.98,0.7800000000000011,58,668.6000000000004
99.98,0.7800000000000011,58,668.6000000000004
99.98,0.7800000000000011,58,668.6000000000004
99.98,0.7800000000000011,58,668.6000000000004
99.98,0.7800000000000011,62,670.1600000000008
99.975,0.769999999999996,62,669.8500000000004
99.97,0.7599999999999909,57,671.4400000000005
99.97,0.7599999999999909,57,671.4400000000005
99.97,0.7599999999999909,57,671.4400000000005
99.975,0.769999999999996,49,674.7550000000001
99.975,0.769999999999996,49,674.7550000000001
99.97,0.7800000000000011,56,677.2299999999996
99.97,0.7800000000000011,56,677.2299999999996
99.97,0.7800000000000011,55,677.6199999999999
99.97,0.7800000000000011,52,678.789999999999
99.97,0.7800000000000011,52,678.789999999999
99.97,0.7800000000000011,52,678.789999999999
99.97,0.7800000000000011,52,678.789999999999
99.97,0.7800000000000011,52,678.789999999999
99.99000000000001,0.8200000000000074,45,682.4599999999996
99.99000000000001,0.8200000000000074,45,682.4599999999996
99.99000000000001,0.8200000000000074,45,682.4599999999996
99.99000000000001,0.8200000000000074,45,682.4599999999996
99.99000000000001,0.8200000000000074,45,682.4599999999996
99.99000000000001,0.8200000000000074,45,682.4599999999996
99.99000000000001,0.8200000000000074,45,682.4599999999996
99.99000000000001,0.8200000000000074,44,682.8699999999999
99.99000000000001,0.8200000000000074,44,682.8699999999999
99.99000000000001,0.8200000000000074,44,682.8699999999999
99.99000000000001,0.8200000000000074,49,684.9200000000001
99.99000000000001,0.8200000000000074,49,684.9200000000001
99.99000000000001,0.8200000000000074,49,684.9200000000001
99.99000000000001,0.8200000000000074,45,686.56
99.99000000000001,0.8200000000000074,45,686.56
99.99000000000001,0.8200000000000074,45,686.56
99.99000000000001,0.8200000000000074,45,686.56
99.99000000000001,0.8200000000000074,45,686.56
99.99000000000001,0.8200000000000074,45,686.56
99.99000000000001,0.8200000000000074,46,686.9700000000007
99.99000000000001,0.8200000000000074,46,686.9700000000007
99.99000000000001,0.8200000000000074,46,686.9700000000007
99.99000000000001,0.8200000000000074,46,686.9700000000007
99.99000000000001,0.8200000000000074,42,688.6099999999997
99.99000000000001,0.8200000000000074,42,688.6099999999997
99.99000000000001,0.8200000000000074,42,688.6099999999997
99.99000000000001,0.8200000000000074,42,688.6099999999997
99.99000000000001,0.8200000000000074,44,689.4300000000003
99.99000000000001,0.8200000000000074,44,689.4300000000003
99.99000000000001,0.8200000000000074,44,689.4300000000003
99.99000000000001,0.8200000000000074,44,689.4300000000003
99.99000000000001,0.8200000000000074,44,689.4300000000003
99.99000000000001,0.8200000000000074,44,689.4300000000003
99.99000000000001,0.8200000000000074,44,689.4300000000003
99.99000000000001,0.8200000000000074,44,689.4300000000003
99.99000000000001,0.8200000000000074,44,689.4300000000003
99.99000000000001,0.8200000000000074,44,689.4300000000003
99.99000000000001,0.8200000000000074,44,689.4300000000003
99.99000000000001,0.8200000000000074,44,689.4300000000003
99.99000000000001,0.8200000000000074,44,689.4300000000003
99.99000000000001,0.8200000000000074,44,689.4300000000003
99.99000000000001,0.8200000000000074,44,689.4300000000003
99.99000000000001,0.8200000000000074,50,691.8899999999994
99.99000000000001,0.8200000000000074,50,691.8899999999994
99.99000000000001,0.8200000000000074,50,691.8899999999994
99.99000000000001,0.8200000000000074,51,692.3000000000002
99.99000000000001,0.8200000000000074,51,692.3000000000002
99.99000000000001,0.8200000000000074,53,693.1199999999999
99.99000000000001,0.8200000000000074,53,693.1199999999999
99.99000000000001,0.8200000000000074,49,694.7600000000002
99.99000000000001,0.8200000000000074,49,694.7600000000002
99.99000000000001,0.8200000000000074,41,698.04
99.99000000000001,0.8200000000000074,54,703.3700000000008
99.99000000000001,0.8200000000000074,54,703.3700000000008
99.99000000000001,0.8200000000000074,54,703.3700000000008
99.99000000000001,0.8200000000000074,54,703.3700000000008
99.99000000000001,0.8200000000000074,54,703.3700000000008
99.99000000000001,0.8200000000000074,54,703.3700000000008
99.99000000000001,0.8200000000000074,59,705.420000000001
99.99000000000001,0.8200000000000074,59,705.420000000001
99.99000000000001,0.8200000000000074,59,705.420000000001
99.99000000000001,0.8200000000000074,59,705.420000000001
99.99000000000001,0.8200000000000074,59,705.420000000001
99.99000000000001,0.8200000000000074,67,708.7000000000007
99.94999999999999,0.7399999999999949,67,706.0199999999995
99.925,0.710000000000008,86,710.9799999999996
99.815,0.4900000000000091,86,701.5200000000004
99.75999999999999,0.38000000000000966,86,696.789999999999
99.735,0.3300000000000125,86,694.6399999999994
99.725,0.3100000000000023,86,693.7800000000007
99.715,0.29000000000000625,86,692.9200000000001
99.715,0.29000000000000625,86,692.9200000000001
99.715,0.29000000000000625,80,693.7900000000009
99.715,0.29000000000000625,80,693.7900000000009
99.715,0.29000000000000625,80,693.7900000000009
99.715,0.29000000000000625,80,693.7900000000009
99.715,0.29000000000000625,80,693.7900000000009
99.715,0.29000000000000625,80,693.7900000000009
99.715,0.29000000000000625,85,694.5149999999994
99.715,0.29000000000000625,85,694.5149999999994
99.715,0.29000000000000625,94,695.8200000000015
99.675,0.21000000000000796,94,692.0599999999995
99.65,0.1600000000000108,94,689.710000000001
99.63999999999999,0.14000000000000057,95,688.8400000000001
99.63,0.12000000000000455,95,687.8900000000012
99.625,0.11000000000001364,96,687.4700000000012
99.62,0.10000000000000853,96,686.9900000000016
99.615,0.09000000000000341,99,686.6450000000023
99.615,0.09000000000000341,85,686.8750000000018
99.615,0.09000000000000341,85,686.8750000000018
99.615,0.09000000000000341,94,687.2800000000025
99.615,0.09000000000000341,94,687.2800000000025
99.615,0.09000000000000341,94,687.2800000000025
99.615,0.09000000000000341,94,687.2800000000025
99.615,0.09000000000000341,94,687.2800000000025
99.615,0.09000000000000341,95,687.3250000000025
99.615,0.09000000000000341,95,687.3250000000025
99.615,0.09000000000000341,95,687.3250000000025
99.615,0.09000000000000341,88,687.6400000000021
99.615,0.09000000000000341,88,687.6400000000021
99.615,0.09000000000000341,88,687.6400000000021
99.615,0.09000000000000341,88,687.6400000000021
99.615,0.09000000000000341,88,687.6400000000021
99.615,0.09000000000000341,88,687.6400000000021
99.615,0.09000000000000341,91,687.7750000000033
99.615,0.09000000000000341,91,687.7750000000033
99.615,0.09000000000000341,91,687.7750000000033
99.615,0.09000000000000341,91,687.7750000000033
99.615,0.09000000000000341,91,687.7750000000033
99.615,0.09000000000000341,88,687.9100000000017
99.615,0.09000000000000341,88,687.9100000000017
99.615,0.09000000000000341,84,688.0900000000029
99.615,0.09000000000000341,82,688.1800000000021
99.615,0.09000000000000341,82,688.1800000000021
99.615,0.09000000000000341,82,688.1800000000021
99.615,0.09000000000000341,82,688.1800000000021
99.615,0.09000000000000341,82,688.1800000000021
99.615,0.09000000000000341,82,688.1800000000021
99.615,0.09000000000000341,82,688.1800000000021
99.615,0.09000000000000341,82,688.1800000000021
99.615,0.09000000000000341,82,688.1800000000021
99.615,0.09000000000000341,85,688.3150000000023
99.615,0.09000000000000341,85,688.3150000000023
99.615,0.09000000000000341,85,688.3150000000023
99.615,0.09000000000000341,87,688.4050000000016
99.615,0.09000000000000341,87,688.4050000000016
99.615,0.09000000000000341,87,688.4050000000016
99.615,0.09000000000000341,87,688.4050000000016
99.615,0.09000000000000341,87,688.4050000000016
99.615,0.09000000000000341,87,688.4050000000016
99.615,0.09000000000000341,89,688.4950000000008
99.615,0.09000000000000341,89,688.4950000000008
99.615,0.09000000000000341,89,688.4950000000008
99.615,0.09000000000000341,89,688.4950000000008
99.615,0.09000000000000341,89,688.4950000000008
99.615,0.09000000000000341,86,688.630000000001
99.615,0.09000000000000341,86,688.630000000001
99.615,0.09000000000000341,86,688.630000000001
99.615,0.09000000000000341,86,688.630000000001
99.615,0.09000000000000341,87,688.6750000000011
99.615,0.09000000000000341,87,688.6750000000011
99.615,0.09000000000000341,87,688.6750000000011
99.615,0.09000000000000341,87,688.6750000000011
99.615,0.09000000000000341,87,688.6750000000011
99.615,0.09000000000000341,87,688.6750000000011
99.615,0.09000000000000341,87,688.6750000000011
99.615,0.09000000000000341,87,688.6750000000011
99.615,0.09000000000000341,87,688.6750000000011
99.615,0.09000000000000341,87,688.6750000000011
99.615,0.09000000000000341,88,688.7200000000012
99.615,0.09000000000000341,88,688.7200000000012
99.615,0.09000000000000341,87,688.7650000000012
99.615,0.09000000000000341,87,688.7650000000012
99.615,0.09000000000000341,87,688.7650000000012
99.615,0.09000000000000341,87,688.7650000000012
99.615,0.09000000000000341,87,688.7650000000012
99.615,0.09000000000000341,88,688.8100000000013
99.615,0.09000000000000341,87,688.8550000000014
99.615,0.09000000000000341,88,688.9000000000015
99.615,0.09000000000000341,88,688.9000000000015
99.615,0.09000000000000341,98,689.3500000000004
99.6,0.060000000000002274,102,688.0
99.57499999999999,0.010000000000005116,102,685.4500000000007
99.56,-0.01999999999999602,102,683.9200000000019
99.555,-0.029999999999986926,97,683.3350000000028
99.555,-0.029999999999986926,97,683.3350000000028
99.555,-0.029999999999986926,94,683.2900000000027
99.555,-0.029999999999986926,94,683.2900000000027
99.555,-0.029999999999986926,94,683.2900000000027
99.555,-0.029999999999986926,94,683.2900000000027
99.555,-0.029999999999986926,95,683.2750000000033
99.555,-0.029999999999986926,95,683.2750000000033
99.555,-0.029999999999986926,95,683.2750000000033
99.555,-0.029999999999986926,95,683.2750000000033
99.555,-0.029999999999986926,95,683.2750000000033
99.555,-0.029999999999986926,95,683.2750000000033
99.555,-0.029999999999986926,95,683.2750000000033
99.555,-0.029999999999986926,94,683.2600000000039
99.555,-0.029999999999986926,94,683.2600000000039
99.555,-0.029999999999986926,94,683.2600000000039
99.555,-0.029999999999986926,94,683.2600000000039
99.555,-0.029999999999986926,94,683.2600000000039
99.555,-0.029999999999986926,94,683.2600000000039
99.555,-0.029999999999986926,102,683.1400000000049
99.555,-0.029999999999986926,98,683.0800000000054
99.555,-0.029999999999986926,97,683.065000000006
99.555,-0.029999999999986926,97,683.065000000006
99.555,-0.029999999999986926,97,683.065000000006
99.555,-0.029999999999986926,97,683.065000000006
99.555,-0.029999999999986926,93,683.0050000000047
99.555,-0.029999999999986926,93,683.0050000000047
99.555,-0.029999999999986926,93,683.0050000000047
99.555,-0.029999999999986926,93,683.0050000000047
99.555,-0.029999999999986926,93,683.0050000000047
99.555,-0.029999999999986926,92,682.9900000000071
99.555,-0.029999999999986926,92,682.9900000000071
99.555,-0.029999999999986926,92,682.9900000000071
99.555,-0.029999999999986926,102,682.8400000000056
99.555,-0.029999999999986926,103,682.8250000000062
99.55,-0.03999999999999204,103,682.310000000005
99.54499999999999,-0.04999999999999716,103,681.7950000000037
99.53999999999999,-0.05999999999998806,103,681.2800000000043
99.53999999999999,-0.05999999999998806,103,681.2800000000043
99.53999999999999,-0.05999999999998806,103,681.2800000000043
99.53999999999999,-0.05999999999998806,103,681.2800000000043
99.53999999999999,-0.05999999999998806,103,681.2800000000043
99.53999999999999,-0.05999999999998806,101,681.2200000000048
99.53999999999999,-0.05999999999998806,101,681.2200000000048
99.53999999999999,-0.05999999999998806,99,681.1600000000053
99.53999999999999,-0.05999999999998806,99,681.1600000000053
99.53999999999999,-0.05999999999998806,99,681.1600000000053
99.53999999999999,-0.05999999999998806,104,681.0100000000057
99.535,-0.06999999999999318,104,680.4900000000052
99.53,-0.0799999999999983,104,679.9700000000066
99.53,-0.0799999999999983,104,679.9700000000066
99.53,-0.0799999999999983,104,679.9700000000066
99.53,-0.0799999999999983,105,679.9300000000057
99.525,-0.0899999999999892,104,679.360000000006
99.525,-0.0899999999999892,104,679.360000000006
99.525,-0.0899999999999892,104,679.360000000006
99.525,-0.0899999999999892,104,679.360000000006
99.525,-0.0899999999999892,105,679.315000000006
99.525,-0.0899999999999892,105,679.315000000006
99.525,-0.0899999999999892,105,679.315000000006
99.525,-0.0899999999999892,105,679.315000000006
99.525,-0.0899999999999892,117,678.7750000000069
99.465,-0.20999999999999375,117,671.7550000000065
99.435,-0.269999999999996,117,668.2450000000063
99.41999999999999,-0.29999999999999716,117,666.4900000000052
99.41,-0.3199999999999932,117,665.3200000000052
99.405,-0.3299999999999983,117,664.735000000006
99.4,-0.3399999999999892,117,664.1500000000069
99.4,-0.3399999999999892,117,664.1500000000069
99.4,-0.3399999999999892,117,664.1500000000069
99.4,-0.3399999999999892,117,664.1500000000069
99.4,-0.3399999999999892,118,663.9800000000068
99.395,-0.3499999999999943,118,663.3900000000049
99.38999999999999,-0.35999999999999943,124,661.7200000000048
99.36,-0.4199999999999875,124,658.0000000000055
99.345,-0.44999999999998863,124,656.1400000000067
99.34,-0.45999999999999375,119,654.3700000000063
99.34,-0.45999999999999375,118,654.1400000000067
99.34,-0.45999999999999375,118,654.1400000000067
99.34,-0.45999999999999375,118,654.1400000000067
99.34,-0.45999999999999375,118,654.1400000000067
99.34,-0.45999999999999375,118,654.1400000000067
99.34,-0.45999999999999375,118,654.1400000000067
99.34,-0.45999999999999375,118,654.1400000000067
99.34,-0.45999999999999375,121,653.450000000008
99.34,-0.45999999999999375,121,653.450000000008
99.34,-0.45999999999999375,121,653.450000000008
99.34,-0.45999999999999375,121,653.450000000008
99.34,-0.45999999999999375,123,652.9900000000071
99.34,-0.45999999999999375,123,652.9900000000071
99.34,-0.45999999999999375,123,652.9900000000071
99.34,-0.45999999999999375,123,652.9900000000071
99.34,-0.45999999999999375,129,651.6100000000079
99.31,-0.519999999999996,129,647.7400000000071
99.29499999999999,-0.5499999999999972,129,645.8050000000057
99.285,-0.5699999999999932,129,644.5150000000067
99.28,-0.5799999999999983,129,643.8700000000081
99.28,-0.5799999999999983,132,643.0000000000091
99.26499999999999,-0.6099999999999994,132,641.0200000000059
99.255,-0.6299999999999955,132,639.700000000008
99.255,-0.6299999999999955,132,639.700000000008
99.255,-0.6299999999999955,132,639.700000000008
99.255,-0.6299999999999955,133,639.3850000000075
99.245,-0.6499999999999915,127,636.1050000000087
99.245,-0.6499999999999915,127,636.1050000000087
99.245,-0.6499999999999915,126,635.7800000000097
99.245,-0.6499999999999915,125,635.455000000009
99.245,-0.6499999999999915,125,635.455000000009
99.245,-0.6499999999999915,125,635.455000000009
99.245,-0.6499999999999915,125,635.455000000009
99.245,-0.6499999999999915,125,635.455000000009
99.245,-0.6499999999999915,127,634.8050000000094
99.245,-0.6499999999999915,127,634.8050000000094
99.245,-0.6499999999999915,127,634.8050000000094
99.245,-0.6499999999999915,127,634.8050000000094
99.245,-0.6499999999999915,132,633.1800000000094
99.25,-0.6399999999999864,128,632.54000000001
99.25,-0.6399999999999864,131,631.5800000000108
99.25,-0.6399999999999864,131,631.5800000000108
99.25,-0.6399999999999864,131,631.5800000000108
99.25,-0.6399999999999864,131,631.5800000000108
99.25,-0.6399999999999864,131,631.5800000000108
99.25,-0.6399999999999864,131,631.5800000000108
99.25,-0.6399999999999864,131,631.5800000000108
99.25,-0.6399999999999864,131,631.5800000000108
99.25,-0.6399999999999864,131,631.5800000000108
99.25,-0.6399999999999864,130,631.2600000000111
99.25,-0.6399999999999864,130,631.2600000000111
99.25,-0.6399999999999864,130,631.2600000000111
99.25,-0.6399999999999864,130,631.2600000000111
99.25,-0.6399999999999864,130,631.2600000000111
99.25,-0.6399999999999864,130,631.2600000000111
99.25,-0.6399999999999864,130,631.2600000000111
99.25,-0.6399999999999864,130,631.2600000000111
99.25,-0.6399999999999864,130,631.2600000000111
99.25,-0.6399999999999864,130,631.2600000000111
99.25,-0.6399999999999864,130,631.2600000000111
99.25,-0.6399999999999864,130,631.2600000000111
99.25,-0.6399999999999864,130,631.2600000000111
99.25,-0.6399999999999864,129,630.9400000000114
99.25,-0.6399999999999864,129,630.9400000000114
99.25,-0.6399999999999864,129,630.9400000000114
99.25,-0.6399999999999864,129,630.9400000000114
99.25,-0.6399999999999864,129,630.9400000000114
99.25,-0.6399999999999864,129,630.9400000000114
99.24000000000001,-0.6199999999999903,141,625.8500000000131
99.19,-0.7199999999999989,141,618.8000000000102
99.16499999999999,-0.769999999999996,141,615.2750000000106
99.15,-0.7999999999999972,141,613.1600000000126
99.145,-0.8100000000000023,141,612.4550000000108
99.145,-0.8100000000000023,130,607.9000000000106
99.145,-0.8100000000000023,130,607.9000000000106
99.145,-0.8100000000000023,130,607.9000000000106
99.145,-0.8100000000000023,130,607.9000000000106
99.145,-0.8100000000000023,130,607.9000000000106
99.145,-0.8100000000000023,130,607.9000000000106
99.145,-0.8100000000000023,130,607.9000000000106
99.145,-0.8100000000000023,130,607.9000000000106
99.145,-0.8100000000000023,130,607.9000000000106
99.145,-0.8100000000000023,135,605.8750000000091
99.145,-0.8100000000000023,138,604.6600000000108
99.145,-0.8100000000000023,138,604.6600000000108
99.145,-0.8100000000000023,138,604.6600000000108
99.145,-0.8100000000000023,138,604.6600000000108
99.145,-0.8100000000000023,138,604.6600000000108
99.145,-0.8100000000000023,138,604.6600000000108
99.145,-0.8100000000000023,132,602.2300000000105
99.145,-0.8100000000000023,136,600.6100000000097
99.145,-0.8100000000000023,143,597.7750000000087
99.13,-0.8400000000000034,143,595.6300000000101
99.125,-0.8499999999999943,143,594.91500000001
99.12,-0.8599999999999994,143,594.2000000000098
99.12,-0.8599999999999994,143,594.2000000000098
99.12,-0.8599999999999994,142,593.7700000000114
99.12,-0.8599999999999994,142,593.7700000000114
99.12,-0.8599999999999994,142,593.7700000000114
99.12,-0.8599999999999994,143,593.3400000000111
99.12,-0.8599999999999994,143,593.3400000000111
99.12,-0.8599999999999994,143,593.3400000000111
99.12,-0.8599999999999994,151,589.9000000000124
99.08,-0.9399999999999977,153,582.920000000011
99.05,-1.0,153,578.3300000000108
99.035,-1.0300000000000011,153,576.0350000000108
99.025,-1.0499999999999972,153,574.5050000000119
99.025,-1.0499999999999972,153,574.5050000000119
99.025,-1.0499999999999972,153,574.5050000000119
99.025,-1.0499999999999972,150,572.9300000000112
99.025,-1.0499999999999972,151,572.4050000000134
99.025,-1.0499999999999972,151,572.4050000000134
99.025,-1.0499999999999972,151,572.4050000000134
99.025,-1.0499999999999972,147,570.305000000013
99.025,-1.0499999999999972,147,570.305000000013
99.025,-1.0499999999999972,147,570.305000000013
99.025,-1.0499999999999972,147,570.305000000013
99.025,-1.0499999999999972,147,570.305000000013
99.025,-1.0499999999999972,147,570.305000000013
99.025,-1.0499999999999972,147,570.305000000013
99.025,-1.0499999999999972,147,570.305000000013
99.025,-1.0499999999999972,147,570.305000000013
99.025,-1.0499999999999972,147,570.305000000013
99.025,-1.0499999999999972,140,566.6300000000119
99.025,-1.0499999999999972,140,566.6300000000119
99.025,-1.0499999999999972,140,566.6300000000119
99.025,-1.0499999999999972,140,566.6300000000119
99.025,-1.0499999999999972,140,566.6300000000119
99.025,-1.0499999999999972,140,566.6300000000119
99.025,-1.0499999999999972,140,566.6300000000119
99.025,-1.0499999999999972,140,566.6300000000119
99.025,-1.0499999999999972,140,566.6300000000119
99.025,-1.0499999999999972,140,566.6300000000119
99.025,-1.0499999999999972,140,566.6300000000119
99.025,-1.0499999999999972,118,555.0800000000127
99.025,-1.0499999999999972,119,554.555000000013
99.025,-1.0499999999999972,119,554.555000000013
99.025,-1.0499999999999972,119,554.555000000013
99.025,-1.0499999999999972,119,554.555000000013
99.025,-1.0499999999999972,119,554.555000000013
99.025,-1.0499999999999972,119,554.555000000013
99.035,-1.0300000000000011,111,551.5450000000128
99.035,-1.0300000000000011,111,551.5450000000128
99.035,-1.0300000000000011,111,551.5450000000128
99.035,-1.0300000000000011,102,546.9100000000126
99.035,-1.0300000000000011,102,546.9100000000126
99.035,-1.0300000000000011,116,539.7000000000116
99.035,-1.0300000000000011,116,539.7000000000116
99.035,-1.0300000000000011,116,539.7000000000116
99.035,-1.0300000000000011,116,539.7000000000116
99.035,-1.0300000000000011,116,539.7000000000116
99.035,-1.0300000000000011,115,539.1850000000122
99.035,-1.0300000000000011,117,538.1550000000116
99.035,-1.0300000000000011,117,538.1550000000116
99.035,-1.0300000000000011,117,538.1550000000116
99.035,-1.0300000000000011,117,538.1550000000116
99.035,-1.0300000000000011,117,538.1550000000116
99.035,-1.0300000000000011,117,538.1550000000116
99.035,-1.0300000000000011,117,538.1550000000116
99.035,-1.0300000000000011,114,536.6100000000115
99.03,-1.0200000000000102,120,532.9600000000119
99.03,-1.0200000000000102,120,532.9600000000119
99.03,-1.0200000000000102,120,532.9600000000119
99.025,-1.0100000000000051,132,526.2400000000125
99.025,-1.0100000000000051,132,526.2400000000125
99.025,-1.0100000000000051,132,526.2400000000125
99.025,-1.0100000000000051,132,526.2400000000125
99.025,-1.0100000000000051,132,526.2400000000125
99.025,-1.0100000000000051,132,526.2400000000125
99.025,-1.0100000000000051,138,523.2100000000119
99.025,-1.0100000000000051,138,523.2100000000119
99.025,-1.0100000000000051,137,522.7050000000127
99.025,-1.0100000000000051,137,522.7050000000127
99.025,-1.0100000000000051,137,522.7050000000127
99.025,-1.0100000000000051,137,522.7050000000127
99.025,-1.0100000000000051,137,522.7050000000127
99.025,-1.0100000000000051,136,522.2000000000135
99.025,-1.0100000000000051,136,522.2000000000135
99.025,-1.0100000000000051,128,518.1600000000126
99.025,-1.0100000000000051,128,518.1600000000126
99.025,-1.0100000000000051,128,518.1600000000126
99.025,-1.0100000000000051,128,518.1600000000126
99.025,-1.0100000000000051,128,518.1600000000126
99.025,-1.0100000000000051,128,518.1600000000126
99.025,-1.0100000000000051,128,518.1600000000126
99.025,-1.0100000000000051,128,518.1600000000126
99.025,-1.0100000000000051,128,518.1600000000126
99.025,-1.0100000000000051,133,515.635000000013
99.025,-1.0100000000000051,133,515.635000000013
99.025,-1.0100000000000051,133,515.635000000013
99.025,-1.0100000000000051,133,515.635000000013
99.025,-1.0100000000000051,133,515.635000000013
99.025,-1.0100000000000051,133,515.635000000013
99.025,-1.0100000000000051,133,515.635000000013
99.025,-1.0100000000000051,127,512.6050000000141
99.025,-1.0100000000000051,127,512.6050000000141
99.025,-1.0100000000000051,127,512.6050000000141
99.025,-1.0100000000000051,127,512.6050000000141
99.025,-1.0100000000000051,127,512.6050000000141
99.03,-1.0,117,508.1700000000128
99.03,-1.0,117,508.1700000000128
99.03,-1.0,117,508.1700000000128
99.03,-1.0,116,507.6700000000128
99.03,-1.0,116,507.6700000000128
99.03,-1.0,116,507.6700000000128
99.03,-1.0,116,507.6700000000128
99.03,-1.0,116,507.6700000000128
99.03,-1.0,116,507.6700000000128
99.03,-1.0,116,507.6700000000128
99.03,-1.0,116,507.6700000000128
99.03,-1.0,115,507.1700000000146
99.03,-1.0,115,507.1700000000146
99.03,-1.0,115,507.1700000000146
99.03,-1.0,114,506.6700000000146
99.03,-1.0,114,506.6700000000146
99.03,-1.0,114,506.6700000000146
99.03,-1.0,114,506.6700000000146
99.03,-1.0,114,506.6700000000146
99.03,-1.0,114,506.6700000000146
99.03,-1.0,114,506.6700000000146
99.03,-1.0,114,506.6700000000146
99.03,-1.0,114,506.6700000000146
99.03,-1.0,114,506.6700000000146
99.03,-1.0,114,506.6700000000146
99.03,-1.0,114,506.6700000000146
99.03,-1.0,114,506.6700000000146
99.03,-1.0,114,506.6700000000146
99.03,-1.0,117,505.1700000000146
99.03,-1.0,117,505.1700000000146
99.03,-1.0,117,505.1700000000146
99.03,-1.0,117,505.1700000000146
99.03,-1.0,117,505.1700000000146
99.03,-1.0,116,504.6700000000146
99.03,-1.0,116,504.6700000000146
99.03,-1.0,118,503.67000000001644
99.03999999999999,-0.980000000000004,114,502.8300000000145
99.03999999999999,-0.980000000000004,114,502.8300000000145
99.03999999999999,-0.980000000000004,114,502.8300000000145
99.03999999999999,-0.980000000000004,114,502.8300000000145
99.03999999999999,-0.980000000000004,114,502.8300000000145
99.03999999999999,-0.980000000000004,114,502.8300000000145
99.03999999999999,-0.980000000000004,114,502.8300000000145
99.03999999999999,-0.980000000000004,114,502.8300000000145
99.03999999999999,-0.980000000000004,114,502.8300000000145
99.03999999999999,-0.980000000000004,114,502.8300000000145
99.03999999999999,-0.980000000000004,114,502.8300000000145
99.03999999999999,-0.980000000000004,114,502.8300000000145
99.03999999999999,-0.980000000000004,114,502.8300000000145
99.03999999999999,-0.980000000000004,114,502.8300000000145
99.03999999999999,-0.980000000000004,114,502.8300000000145
99.03999999999999,-0.980000000000004,114,502.8300000000145
99.03999999999999,-0.980000000000004,114,502.8300000000145
99.03999999999999,-0.980000000000004,114,502.8300000000145
99.03999999999999,-0.980000000000004,114,502.8300000000145
99.03999999999999,-0.980000000000004,114,502.8300000000145
99.03999999999999,-0.980000000000004,115,502.3400000000129
99.03999999999999,-0.980000000000004,120,499.89000000001397
99.03999999999999,-0.980000000000004,120,499.89000000001397
99.03999999999999,-0.980000000000004,120,499.89000000001397
99.03999999999999,-0.980000000000004,121,499.40000000001237
99.03999999999999,-0.980000000000004,121,499.40000000001237
99.03999999999999,-0.980000000000004,121,499.40000000001237
99.03999999999999,-0.980000000000004,121,499.40000000001237
99.03999999999999,-0.980000000000004,121,499.40000000001237
99.03999999999999,-0.980000000000004,121,499.40000000001237
99.03999999999999,-0.980000000000004,121,499.40000000001237
99.03999999999999,-0.980000000000004,121,499.40000000001237
99.03999999999999,-0.980000000000004,120,498.9100000000126
99.03999999999999,-0.980000000000004,120,498.9100000000126
99.035,-0.9699999999999989,134,491.4100000000126
99.035,-0.9699999999999989,134,491.4100000000126
99.035,-0.9699999999999989,134,491.4100000000126
99.035,-0.9699999999999989,128,488.50000000001273
99.035,-0.9699999999999989,128,488.50000000001273
99.035,-0.9699999999999989,128,488.50000000001273
99.035,-0.9699999999999989,128,488.50000000001273
99.035,-0.9699999999999989,128,488.50000000001273
99.035,-0.9699999999999989,130,487.53000000001157
99.035,-0.9699999999999989,130,487.53000000001157
99.035,-0.9699999999999989,130,487.53000000001157
99.035,-0.9699999999999989,130,487.53000000001157
99.035,-0.9699999999999989,130,487.53000000001157
99.035,-0.9699999999999989,130,487.53000000001157
99.035,-0.9699999999999989,129,487.045000000011
99.035,-0.9699999999999989,129,487.045000000011
99.035,-0.9699999999999989,129,487.045000000011
99.035,-0.9699999999999989,129,487.045000000011
99.035,-0.9699999999999989,129,487.045000000011
99.035,-0.9699999999999989,148,477.83000000001266
99.035,-0.9699999999999989,154,474.920000000011
99.005,-1.0300000000000011,154,470.3000000000102
98.99,-1.0600000000000023,154,467.9900000000107
98.985,-1.0699999999999932,154,467.2200000000121
98.97999999999999,-1.0799999999999983,154,466.4500000000098
98.97999999999999,-1.0799999999999983,154,466.4500000000098
98.97999999999999,-1.0799999999999983,154,466.4500000000098
98.97999999999999,-1.0799999999999983,154,466.4500000000098
98.97999999999999,-1.0799999999999983,154,466.4500000000098
98.97999999999999,-1.0799999999999983,154,466.4500000000098
98.97999999999999,-1.0799999999999983,154,466.4500000000098
98.97999999999999,-1.0799999999999983,154,466.4500000000098
98.97999999999999,-1.0799999999999983,155,465.91000000000895
98.975,-1.0899999999999892,155,465.13500000001113
98.97,-1.0999999999999943,155,464.3600000000115
98.97,-1.0999999999999943,155,464.3600000000115
98.97,-1.0999999999999943,155,464.3600000000115
98.97,-1.0999999999999943,155,464.3600000000115
98.97,-1.0999999999999943,155,464.3600000000115
98.97,-1.0999999999999943,154,463.8100000000104
98.97,-1.0999999999999943,154,463.8100000000104
98.97,-1.0999999999999943,154,463.8100000000104
98.97,-1.0999999999999943,154,463.8100000000104
98.97,-1.0999999999999943,161,459.96000000001186
98.94,-1.1599999999999966,161,455.13000000001193
98.925,-1.1899999999999977,161,452.71500000001106
98.91,-1.2000000000000028,164,448.4800000000105
98.89,-1.240000000000009,165,444.58000000001084
98.875,-1.2700000000000102,165,442.1050000000105
98.86500000000001,-1.2900000000000063,165,440.45500000001266
98.86500000000001,-1.2900000000000063,165,440.45500000001266
98.86500000000001,-1.2900000000000063,165,440.45500000001266
98.86500000000001,-1.2900000000000063,165,440.45500000001266
98.86500000000001,-1.2900000000000063,165,440.45500000001266
98.86500000000001,-1.2900000000000063,165,440.45500000001266
98.86500000000001,-1.2900000000000063,165,440.45500000001266
98.86500000000001,-1.2900000000000063,165,440.45500000001266
98.86500000000001,-1.2900000000000063,165,440.45500000001266
98.86500000000001,-1.2900000000000063,165,440.45500000001266
98.86500000000001,-1.2900000000000063,165,440.45500000001266
98.86500000000001,-1.2900000000000063,153,432.71500000001106
98.86500000000001,-1.2900000000000063,153,432.71500000001106
98.86500000000001,-1.2900000000000063,153,432.71500000001106
98.86500000000001,-1.2900000000000063,153,432.71500000001106
98.86500000000001,-1.2900000000000063,163,426.26500000001033
98.86500000000001,-1.2900000000000063,163,426.26500000001033
98.86500000000001,-1.2900000000000063,163,426.26500000001033
98.86500000000001,-1.2900000000000063,163,426.26500000001033
98.86500000000001,-1.2900000000000063,164,425.6200000000099
98.86500000000001,-1.2900000000000063,164,425.6200000000099
98.86500000000001,-1.2900000000000063,163,424.97500000000946
98.86500000000001,-1.2900000000000063,163,424.97500000000946
98.86500000000001,-1.2900000000000063,163,424.97500000000946
98.86500000000001,-1.2900000000000063,163,424.97500000000946
98.86500000000001,-1.2900000000000063,163,424.97500000000946
98.86500000000001,-1.2900000000000063,182,412.72000000000844
98.78,-1.460000000000008,182,397.2500000000073
98.735,-1.5500000000000114,182,389.0600000000086
98.715,-1.5900000000000034,182,385.42000000000917
98.70500000000001,-1.6099999999999994,182,383.60000000000946
98.7,-1.6200000000000045,182,382.6900000000096
98.695,-1.6300000000000097,182,381.7800000000061
98.695,-1.6300000000000097,182,381.7800000000061
98.695,-1.6300000000000097,182,381.7800000000061
98.695,-1.6300000000000097,182,381.7800000000061
98.695,-1.6300000000000097,180,380.1500000000051
98.695,-1.6300000000000097,180,380.1500000000051
98.695,-1.6300000000000097,179,379.3350000000064
98.695,-1.6300000000000097,179,379.3350000000064
98.695,-1.6300000000000097,179,379.3350000000064
98.695,-1.6300000000000097,180,378.5200000000077
98.695,-1.6300000000000097,180,378.5200000000077
98.695,-1.6300000000000097,182,376.8900000000067
98.695,-1.6300000000000097,182,376.8900000000067
98.695,-1.6300000000000097,182,376.8900000000067
98.695,-1.6300000000000097,182,376.8900000000067
98.695,-1.6300000000000097,182,376.8900000000067
98.695,-1.6300000000000097,183,376.075000000008
98.695,-1.6300000000000097,170,365.2800000000061
98.695,-1.6300000000000097,170,365.2800000000061
98.695,-1.6300000000000097,170,365.2800000000061
98.695,-1.6300000000000097,170,365.2800000000061
98.695,-1.6300000000000097,170,365.2800000000061
98.695,-1.6300000000000097,170,365.2800000000061
98.695,-1.6300000000000097,159,356.3150000000078
98.695,-1.6300000000000097,159,356.3150000000078
98.695,-1.6300000000000097,159,356.3150000000078
98.695,-1.6300000000000097,159,356.3150000000078
98.695,-1.6300000000000097,159,356.3150000000078
98.695,-1.6300000000000097,159,356.3150000000078
98.695,-1.6300000000000097,159,356.3150000000078
98.695,-1.6300000000000097,159,356.3150000000078
98.695,-1.6300000000000097,159,356.3150000000078
98.695,-1.6300000000000097,159,356.3150000000078
98.695,-1.6300000000000097,159,356.3150000000078
98.695,-1.6300000000000097,159,356.3150000000078
98.695,-1.6300000000000097,146,345.72000000000844
98.695,-1.6300000000000097,146,345.72000000000844
98.695,-1.6300000000000097,145,344.90500000000793
98.695,-1.6300000000000097,145,344.90500000000793
98.695,-1.6300000000000097,145,344.90500000000793
98.695,-1.6300000000000097,145,344.90500000000793
98.695,-1.6300000000000097,144,344.0900000000056
98.695,-1.6300000000000097,144,344.0900000000056
98.695,-1.6300000000000097,144,344.0900000000056
98.695,-1.6300000000000097,144,344.0900000000056
98.695,-1.6300000000000097,144,344.0900000000056
98.695,-1.6300000000000097,144,344.0900000000056
98.695,-1.6300000000000097,144,344.0900000000056
98.695,-1.6300000000000097,144,344.0900000000056
98.695,-1.6300000000000097,144,344.0900000000056
98.695,-1.6300000000000097,144,344.0900000000056
98.695,-1.6300000000000097,144,344.0900000000056
98.695,-1.6300000000000097,144,344.0900000000056
98.695,-1.6300000000000097,141,341.6450000000059
98.695,-1.6300000000000097,141,341.6450000000059
98.695,-1.6300000000000097,138,339.2000000000062
98.695,-1.6300000000000097,138,339.2000000000062
98.695,-1.6300000000000097,138,339.2000000000062
98.695,-1.6300000000000097,138,339.2000000000062
98.695,-1.6300000000000097,137,338.38500000000386
98.695,-1.6300000000000097,137,338.38500000000386
98.695,-1.6300000000000097,137,338.38500000000386
98.695,-1.6300000000000097,137,338.38500000000386
98.695,-1.6300000000000097,138,337.57000000000517
98.695,-1.6300000000000097,138,337.57000000000517
98.695,-1.6300000000000097,136,335.94000000000415
98.695,-1.6300000000000097,136,335.94000000000415
98.695,-1.6300000000000097,135,335.12500000000364
98.695,-1.6300000000000097,137,333.4950000000026
98.695,-1.6300000000000097,133,330.2350000000042
98.695,-1.6300000000000097,133,330.2350000000042
98.695,-1.6300000000000097,133,330.2350000000042
98.695,-1.6300000000000097,133,330.2350000000042
98.695,-1.6300000000000097,133,330.2350000000042
98.695,-1.6300000000000097,133,330.2350000000042
98.695,-1.6300000000000097,133,330.2350000000042
98.695,-1.6300000000000097,133,330.2350000000042
98.695,-1.6300000000000097,129,326.975000000004
98.695,-1.6300000000000097,129,326.975000000004
98.695,-1.6300000000000097,129,326.975000000004
98.695,-1.6300000000000097,129,326.975000000004
98.695,-1.6300000000000097,129,326.975000000004
98.695,-1.6300000000000097,129,326.975000000004
98.695,-1.6300000000000097,129,326.975000000004
98.695,-1.6300000000000097,128,326.1600000000035
98.695,-1.6300000000000097,128,326.1600000000035
98.695,-1.6300000000000097,134,321.2700000000041
98.695,-1.6300000000000097,133,320.45500000000357
98.695,-1.6300000000000097,133,320.45500000000357
98.695,-1.6300000000000097,133,320.45500000000357
98.695,-1.6300000000000097,132,319.64000000000306
98.695,-1.6300000000000097,132,319.64000000000306
98.695,-1.6300000000000097,132,319.64000000000306
98.695,-1.6300000000000097,132,319.64000000000306
98.695,-1.6300000000000097,132,319.64000000000306
98.695,-1.6300000000000097,132,319.64000000000306
98.695,-1.6300000000000097,132,319.64000000000306
98.695,-1.6300000000000097,132,319.64000000000306
98.695,-1.6300000000000097,132,319.64000000000306
98.695,-1.6300000000000097,132,319.64000000000306
98.695,-1.6300000000000097,132,319.64000000000306
98.695,-1.6300000000000097,122,311.4900000000016
98.695,-1.6300000000000097,130,304.97000000000116
98.695,-1.6300000000000097,130,304.97000000000116
98.695,-1.6300000000000097,130,304.97000000000116
98.695,-1.6300000000000097,130,304.97000000000116
98.695,-1.6300000000000097,131,304.15500000000065
98.695,-1.6300000000000097,131,304.15500000000065
98.695,-1.6300000000000097,131,304.15500000000065
98.695,-1.6300000000000097,131,304.15500000000065
98.695,-1.6300000000000097,142,295.1900000000005
98.695,-1.6300000000000097,142,295.1900000000005
98.695,-1.6300000000000097,142,295.1900000000005
98.695,-1.6300000000000097,149,289.4850000000006
98.695,-1.6300000000000097,149,289.4850000000006
98.695,-1.6300000000000097,149,289.4850000000006
98.695,-1.6300000000000097,149,289.4850000000006
98.695,-1.6300000000000097,149,289.4850000000006
98.695,-1.6300000000000097,149,289.4850000000006
98.695,-1.6300000000000097,149,289.4850000000006
98.695,-1.6300000000000097,149,289.4850000000006
98.695,-1.6300000000000097,149,289.4850000000006
98.695,-1.6300000000000097,149,289.4850000000006
98.695,-1.6300000000000097,149,289.4850000000006
98.695,-1.6300000000000097,149,289.4850000000006
98.695,-1.6300000000000097,149,289.4850000000006
98.695,-1.6300000000000097,149,289.4850000000006
98.695,-1.6300000000000097,149,289.4850000000006
98.695,-1.6300000000000097,149,289.4850000000006
98.695,-1.6300000000000097,149,289.4850000000006
98.695,-1.6300000000000097,149,289.4850000000006
98.695,-1.6300000000000097,149,289.4850000000006
98.695,-1.6300000000000097,149,289.4850000000006
98.695,-1.6300000000000097,149,289.4850000000006
98.695,-1.6300000000000097,140,282.15000000000146
98.695,-1.6300000000000097,140,282.15000000000146
98.695,-1.6300000000000097,140,282.15000000000146
98.695,-1.6300000000000097,140,282.15000000000146
98.695,-1.6300000000000097,140,282.15000000000146
98.695,-1.6300000000000097,140,282.15000000000146
98.695,-1.6300000000000097,150,274.0
98.695,-1.6300000000000097,150,274.0
98.695,-1.6300000000000097,150,274.0
98.695,-1.6300000000000097,150,274.0
98.695,-1.6300000000000097,150,274.0
98.695,-1.6300000000000097,150,274.0
98.695,-1.6300000000000097,150,274.0
98.695,-1.6300000000000097,150,274.0
98.695,-1.6300000000000097,150,274.0
98.695,-1.6300000000000097,150,274.0
98.695,-1.6300000000000097,150,274.0
98.695,-1.6300000000000097,150,274.0
98.695,-1.6300000000000097,153,271.5550000000003
98.695,-1.6300000000000097,153,271.5550000000003
98.695,-1.6300000000000097,150,269.10999999999876
98.695,-1.6300000000000097,150,269.10999999999876
98.695,-1.6300000000000097,150,269.10999999999876
98.695,-1.6300000000000097,150,269.10999999999876
98.695,-1.6300000000000097,150,269.10999999999876
98.695,-1.6300000000000097,149,268.29499999999825
98.695,-1.6300000000000097,149,268.29499999999825
98.695,-1.6300000000000097,149,268.29499999999825
98.695,-1.6300000000000097,149,268.29499999999825
98.695,-1.6300000000000097,149,268.29499999999825
98.695,-1.6300000000000097,149,268.29499999999825
98.695,-1.6300000000000097,149,268.29499999999825
98.695,-1.6300000000000097,149,268.29499999999825
98.695,-1.6300000000000097,149,268.29499999999825
98.695,-1.6300000000000097,149,268.29499999999825
98.695,-1.6300000000000097,149,268.29499999999825
98.695,-1.6300000000000097,149,268.29499999999825
98.695,-1.6300000000000097,149,268.29499999999825
98.695,-1.6300000000000097,149,268.29499999999825
98.695,-1.6300000000000097,171,250.36499999999796
98.695,-1.6300000000000097,170,249.54999999999927
98.695,-1.6300000000000097,170,249.54999999999927
98.695,-1.6300000000000097,170,249.54999999999927
98.695,-1.6300000000000097,170,249.54999999999927
98.695,-1.6300000000000097,185,237.3249999999971
98.67500000000001,-1.6700000000000017,185,233.62500000000364
98.67,-1.6800000000000068,183,231.02000000000044
98.67,-1.6800000000000068,179,227.65999999999985
98.67,-1.6800000000000068,179,227.65999999999985
98.67,-1.6800000000000068,178,226.82000000000335
98.67,-1.6800000000000068,178,226.82000000000335
98.67,-1.6800000000000068,178,226.82000000000335
98.67,-1.6800000000000068,185,220.94000000000233
98.66499999999999,-1.690000000000012,185,220.01499999999942
98.66,-1.7000000000000028,186,218.2400000000016
98.655,-1.710000000000008,186,217.31000000000495
98.655,-1.710000000000008,186,217.31000000000495
98.655,-1.710000000000008,186,217.31000000000495
98.655,-1.710000000000008,186,217.31000000000495
98.655,-1.710000000000008,177,209.61500000000524
98.655,-1.710000000000008,177,209.61500000000524
98.655,-1.710000000000008,177,209.61500000000524
98.655,-1.710000000000008,183,204.48500000000422
98.655,-1.710000000000008,184,203.63000000000466
98.655,-1.710000000000008,184,203.63000000000466
98.655,-1.710000000000008,184,203.63000000000466
98.655,-1.710000000000008,184,203.63000000000466
98.655,-1.710000000000008,184,203.63000000000466
98.655,-1.710000000000008,184,203.63000000000466
98.655,-1.710000000000008,190,198.50000000000364
98.63,-1.7600000000000051,189,192.87000000000262
98.625,-1.7700000000000102,189,191.9250000000029
98.62,-1.7800000000000011,189,190.9800000000032
98.62,-1.7800000000000011,189,190.9800000000032
98.62,-1.7800000000000011,189,190.9800000000032
98.62,-1.7800000000000011,189,190.9800000000032
98.62,-1.7800000000000011,189,190.9800000000032
98.62,-1.7800000000000011,189,190.9800000000032
98.62,-1.7800000000000011,189,190.9800000000032
98.62,-1.7800000000000011,192,188.31000000000495
98.605,-1.8100000000000023,192,185.43000000000393
98.6,-1.8200000000000074,192,184.47000000000116
98.595,-1.8299999999999983,192,183.51000000000204
98.59,-1.8400000000000034,192,182.5500000000029
98.59,-1.8400000000000034,192,182.5500000000029
98.59,-1.8400000000000034,192,182.5500000000029
98.59,-1.8400000000000034,192,182.5500000000029
98.59,-1.8400000000000034,192,182.5500000000029
98.59,-1.8400000000000034,190,180.7100000000064
98.59,-1.8400000000000034,190,180.7100000000064
98.59,-1.8400000000000034,190,180.7100000000064
98.59,-1.8400000000000034,186,177.0300000000061
98.59,-1.8400000000000034,186,177.0300000000061
98.59,-1.8400000000000034,186,177.0300000000061
98.59,-1.8400000000000034,194,169.6700000000019
98.58000000000001,-1.8599999999999994,194,167.73000000000684
98.575,-1.8700000000000045,197,163.95500000000538
98.56,-1.9000000000000057,197,161.00000000000364
98.55000000000001,-1.9200000000000017,197,159.0300000000061
98.545,-1.9300000000000068,197,158.04500000000553
98.545,-1.9300000000000068,197,158.04500000000553
98.545,-1.9300000000000068,197,158.04500000000553
98.545,-1.9300000000000068,197,158.04500000000553
98.545,-1.9300000000000068,197,158.04500000000553
98.545,-1.9300000000000068,197,158.04500000000553
98.545,-1.9300000000000068,197,158.04500000000553
98.545,-1.9300000000000068,198,157.08000000000538
98.535,-1.9500000000000028,192,149.25000000000728
98.535,-1.9500000000000028,192,149.25000000000728
98.535,-1.9500000000000028,192,149.25000000000728
98.535,-1.9500000000000028,192,149.25000000000728
98.535,-1.9500000000000028,191,148.2750000000051
98.545,-1.9300000000000068,188,147.23000000000684
98.545,-1.9300000000000068,188,147.23000000000684
98.545,-1.9300000000000068,188,147.23000000000684
98.545,-1.9300000000000068,188,147.23000000000684
98.545,-1.9300000000000068,191,144.33500000001004
98.545,-1.9300000000000068,191,144.33500000001004
98.545,-1.9300000000000068,192,143.3700000000099
98.545,-1.9300000000000068,192,143.3700000000099
98.545,-1.9300000000000068,192,143.3700000000099
98.545,-1.9300000000000068,192,143.3700000000099
98.545,-1.9300000000000068,192,143.3700000000099
98.545,-1.9300000000000068,192,143.3700000000099
98.545,-1.9300000000000068,192,143.3700000000099
98.545,-1.9300000000000068,192,143.3700000000099
98.545,-1.9300000000000068,192,143.3700000000099
98.545,-1.9300000000000068,192,143.3700000000099
98.545,-1.9300000000000068,196,139.5100000000093
98.545,-1.9300000000000068,196,139.5100000000093
98.545,-1.9300000000000068,196,139.5100000000093
98.545,-1.9300000000000068,196,139.5100000000093
98.545,-1.9300000000000068,196,139.5100000000093
98.545,-1.9300000000000068,196,139.5100000000093
98.545,-1.9300000000000068,196,139.5100000000093
98.545,-1.9300000000000068,199,136.61500000001251
98.535,-1.9500000000000028,199,134.6250000000109
98.525,-1.9500000000000028,203,128.7250000000131
98.5,-2.0,203,123.65000000001237
98.485,-2.030000000000001,203,120.60500000001048
98.475,-2.049999999999997,202,117.55000000001019
98.475,-2.049999999999997,206,113.45000000001164
98.455,-2.0900000000000034,206,109.33000000001266
98.445,-2.1099999999999994,206,107.27000000001135
98.44,-2.1200000000000045,206,106.24000000001251
98.44,-2.1200000000000045,206,106.24000000001251
98.44,-2.1200000000000045,206,106.24000000001251
98.44,-2.1200000000000045,206,106.24000000001251
98.44,-2.1200000000000045,215,96.70000000001164
98.39500000000001,-2.2099999999999937,215,87.02500000001601
98.375,-2.25,215,82.7250000000131
98.36,-2.280000000000001,215,79.50000000001455
98.35499999999999,-2.2900000000000063,215,78.42500000001019
98.35,-2.299999999999997,215,77.3500000000131
98.35,-2.299999999999997,215,77.3500000000131
98.35,-2.299999999999997,215,77.3500000000131
98.35,-2.299999999999997,213,75.05000000001382
98.35,-2.299999999999997,213,75.05000000001382
98.35,-2.299999999999997,213,75.05000000001382
98.35,-2.299999999999997,213,75.05000000001382
98.35,-2.299999999999997,205,65.8500000000131
98.35,-2.299999999999997,205,65.8500000000131
98.35,-2.299999999999997,205,65.8500000000131
98.35,-2.299999999999997,205,65.8500000000131
98.35,-2.299999999999997,205,65.8500000000131
98.35,-2.299999999999997,205,65.8500000000131
98.35,-2.299999999999997,206,64.70000000001164
98.35,-2.299999999999997,206,64.70000000001164
98.35,-2.299999999999997,199,56.65000000001237
98.35,-2.299999999999997,188,44.00000000001455
98.35,-2.299999999999997,198,32.50000000001455
98.35,-2.299999999999997,198,32.50000000001455
98.35,-2.299999999999997,198,32.50000000001455
98.35,-2.299999999999997,205,24.45000000001528
98.35,-2.299999999999997,205,24.45000000001528
98.35,-2.299999999999997,205,24.45000000001528
98.35,-2.299999999999997,205,24.45000000001528
98.35,-2.299999999999997,205,24.45000000001528
98.35,-2.299999999999997,205,24.45000000001528
98.35,-2.299999999999997,205,24.45000000001528
98.35,-2.299999999999997,206,23.300000000013824
98.35,-2.299999999999997,206,23.300000000013824
98.35,-2.299999999999997,208,21.000000000014552
98.35,-2.299999999999997,209,19.850000000013097
98.35,-2.299999999999997,217,10.65000000001237
98.34,-2.319999999999993,211,1.5200000000186265
98.34,-2.319999999999993,211,1.5200000000186265
98.34,-2.319999999999993,211,1.5200000000186265
98.34,-2.319999999999993,210,0.36000000001877197
98.34,-2.319999999999993,210,0.36000000001877197
98.34,-2.319999999999993,210,0.36000000001877197
98.34,-2.319999999999993,210,0.36000000001877197
98.34,-2.319999999999993,210,0.36000000001877197
98.34,-2.319999999999993,210,0.36000000001877197
98.34,-2.319999999999993,210,0.36000000001877197
98.34,-2.319999999999993,210,0.36000000001877197
98.34,-2.319999999999993,210,0.36000000001877197
98.35,-2.299999999999997,200,-9.099999999980355
98.35,-2.299999999999997,200,-9.099999999980355
98.35,-2.299999999999997,200,-9.099999999980355
98.35,-2.299999999999997,200,-9.099999999980355
98.35,-2.299999999999997,200,-9.099999999980355
98.35,-2.299999999999997,202,-11.399999999983265
98.35,-2.299999999999997,202,-11.399999999983265
98.35,-2.299999999999997,202,-11.399999999983265
98.35,-2.299999999999997,202,-11.399999999983265
98.35,-2.299999999999997,202,-11.399999999983265
98.35,-2.299999999999997,212,-22.899999999983265
98.35,-2.299999999999997,212,-22.899999999983265
98.35,-2.299999999999997,212,-22.899999999983265
98.35,-2.299999999999997,212,-22.899999999983265
98.35,-2.299999999999997,212,-22.899999999983265
98.35,-2.299999999999997,212,-22.899999999983265
98.35,-2.299999999999997,212,-22.899999999983265
98.35,-2.299999999999997,212,-22.899999999983265
98.35,-2.299999999999997,212,-22.899999999983265
98.35499999999999,-2.2900000000000063,203,-32.19499999998152
98.35499999999999,-2.2900000000000063,203,-32.19499999998152
98.35499999999999,-2.2900000000000063,203,-32.19499999998152
98.35499999999999,-2.2900000000000063,203,-32.19499999998152
98.35499999999999,-2.2900000000000063,200,-35.62999999998283
98.35499999999999,-2.2900000000000063,200,-35.62999999998283
98.35499999999999,-2.2900000000000063,200,-35.62999999998283
98.35499999999999,-2.2900000000000063,200,-35.62999999998283
98.35499999999999,-2.2900000000000063,201,-36.77499999997963
98.35499999999999,-2.2900000000000063,201,-36.77499999997963
98.35499999999999,-2.2900000000000063,201,-36.77499999997963
98.35499999999999,-2.2900000000000063,208,-44.78999999998268
98.35499999999999,-2.2900000000000063,208,-44.78999999998268
98.35499999999999,-2.2900000000000063,208,-44.78999999998268
98.35499999999999,-2.2900000000000063,208,-44.78999999998268
98.35499999999999,-2.2900000000000063,208,-44.78999999998268
98.35499999999999,-2.2900000000000063,208,-44.78999999998268
98.35499999999999,-2.2900000000000063,213,-50.51499999998123
98.35499999999999,-2.2900000000000063,213,-50.51499999998123
98.35499999999999,-2.2900000000000063,214,-51.659999999981665
98.35499999999999,-2.2900000000000063,214,-51.659999999981665
98.35499999999999,-2.2900000000000063,214,-51.659999999981665
98.35499999999999,-2.2900000000000063,214,-51.659999999981665
98.35499999999999,-2.2900000000000063,215,-52.8049999999821
98.35,-2.299999999999997,215,-53.87999999997919
98.35,-2.299999999999997,215,-53.87999999997919
98.35,-2.299999999999997,215,-53.87999999997919
98.35,-2.299999999999997,217,-56.1799999999821
98.34,-2.319999999999993,217,-58.34999999997672
98.33500000000001,-2.3299999999999983,217,-59.434999999975844
98.33500000000001,-2.3299999999999983,218,-60.59999999997672
98.33,-2.3400000000000034,218,-61.6899999999805
98.325,-2.3499999999999943,217,-63.95499999997628
98.325,-2.3499999999999943,217,-63.95499999997628
98.325,-2.3499999999999943,218,-65.12999999997555
98.32,-2.3599999999999994,218,-66.21999999997934
98.32,-2.3599999999999994,218,-66.21999999997934
98.32,-2.3599999999999994,218,-66.21999999997934
98.32,-2.3599999999999994,218,-66.21999999997934
98.32,-2.3599999999999994,218,-66.21999999997934
98.32,-2.3599999999999994,226,-75.65999999997803
98.28,-2.4399999999999977,226,-84.6999999999789
98.25999999999999,-2.480000000000004,226,-89.21999999997934
98.25,-2.5,226,-91.47999999997774
98.245,-2.510000000000005,226,-92.60999999997512
98.24000000000001,-2.519999999999996,226,-93.73999999997613
98.24000000000001,-2.519999999999996,227,-94.99999999997453
98.235,-2.530000000000001,227,-96.13499999997657
98.235,-2.530000000000001,227,-96.13499999997657
98.235,-2.530000000000001,227,-96.13499999997657
98.235,-2.530000000000001,227,-96.13499999997657
98.235,-2.530000000000001,232,-102.4599999999773
98.21000000000001,-2.5799999999999983,232,-108.25999999997657
98.195,-2.6099999999999994,232,-111.73999999997977
98.19,-2.6200000000000045,234,-115.51999999997861
98.175,-2.6500000000000057,234,-119.02999999997701
98.16499999999999,-2.6700000000000017,234,-121.36999999998079
98.16,-2.680000000000007,234,-122.53999999997905
98.16,-2.680000000000007,234,-122.53999999997905
98.16,-2.680000000000007,234,-122.53999999997905
98.16,-2.680000000000007,235,-123.87999999997919
98.155,-2.6899999999999977,235,-125.05499999997846
98.155,-2.6899999999999977,235,-125.05499999997846
98.155,-2.6899999999999977,235,-125.05499999997846
98.155,-2.6899999999999977,235,-125.05499999997846
98.155,-2.6899999999999977,235,-125.05499999997846
98.155,-2.6899999999999977,234,-126.39999999997599
98.155,-2.6899999999999977,234,-126.39999999997599
98.155,-2.6899999999999977,234,-126.39999999997599
98.155,-2.6899999999999977,234,-126.39999999997599
98.155,-2.6899999999999977,234,-126.39999999997599
98.155,-2.6899999999999977,241,-135.81499999997686
98.125,-2.75,241,-143.04499999997643
98.11,-2.780000000000001,241,-146.65999999997803
98.1,-2.799999999999997,239,-151.86999999997715
98.1,-2.799999999999997,247,-163.06999999997788
98.065,-2.8700000000000045,246,-173.149999999976
98.055,-2.8900000000000006,241,-182.83499999997366
98.055,-2.8900000000000006,241,-182.83499999997366
98.055,-2.8900000000000006,241,-182.83499999997366
98.055,-2.8900000000000006,241,-182.83499999997366
98.055,-2.8900000000000006,240,-184.27999999997337
98.055,-2.8900000000000006,239,-185.72499999997308
98.055,-2.8900000000000006,238,-187.1699999999728
98.055,-2.8900000000000006,239,-188.6149999999725
98.065,-2.8700000000000045,232,-196.3099999999722
98.065,-2.8700000000000045,232,-196.3099999999722
98.065,-2.8700000000000045,231,-197.74499999996988
98.065,-2.8700000000000045,231,-197.74499999996988
98.065,-2.8700000000000045,231,-197.74499999996988
98.065,-2.8700000000000045,231,-197.74499999996988
98.065,-2.8700000000000045,231,-197.74499999996988
98.065,-2.8700000000000045,231,-197.74499999996988
98.065,-2.8700000000000045,231,-197.74499999996988
98.065,-2.8700000000000045,231,-197.74499999996988
98.065,-2.8700000000000045,231,-197.74499999996988
98.065,-2.8700000000000045,231,-197.74499999996988
98.065,-2.8700000000000045,231,-197.74499999996988
98.065,-2.8700000000000045,230,-199.17999999996755
98.065,-2.8700000000000045,230,-199.17999999996755
98.065,-2.8700000000000045,230,-199.17999999996755
98.065,-2.8700000000000045,230,-199.17999999996755
98.065,-2.8700000000000045,230,-199.17999999996755
98.065,-2.8700000000000045,230,-199.17999999996755
98.065,-2.8700000000000045,230,-199.17999999996755
98.065,-2.8700000000000045,230,-199.17999999996755
98.075,-2.8499999999999943,226,-202.61999999996988
98.075,-2.8499999999999943,226,-202.61999999996988
98.075,-2.8499999999999943,226,-202.61999999996988
98.075,-2.8499999999999943,226,-202.61999999996988
98.075,-2.8499999999999943,226,-202.61999999996988
98.075,-2.8499999999999943,226,-202.61999999996988
98.075,-2.8499999999999943,226,-202.61999999996988
98.075,-2.8499999999999943,223,-206.8949999999677
98.075,-2.8499999999999943,223,-206.8949999999677
98.075,-2.8499999999999943,223,-206.8949999999677
98.075,-2.8499999999999943,222,-208.31999999996697
98.075,-2.8499999999999943,222,-208.31999999996697
98.075,-2.8499999999999943,222,-208.31999999996697
98.075,-2.8499999999999943,222,-208.31999999996697
98.075,-2.8499999999999943,222,-208.31999999996697
98.075,-2.8499999999999943,222,-208.31999999996697
98.075,-2.8499999999999943,222,-208.31999999996697
98.075,-2.8499999999999943,222,-208.31999999996697
98.075,-2.8499999999999943,222,-208.31999999996697
98.075,-2.8499999999999943,222,-208.31999999996697
98.075,-2.8499999999999943,222,-208.31999999996697
98.075,-2.8499999999999943,222,-208.31999999996697
98.075,-2.8499999999999943,222,-208.31999999996697
98.075,-2.8499999999999943,222,-208.31999999996697
98.075,-2.8499999999999943,222,-208.31999999996697
98.075,-2.8499999999999943,222,-208.31999999996697
98.075,-2.8499999999999943,221,-209.74499999996624
98.075,-2.8499999999999943,219,-212.59499999996842
98.075,-2.8499999999999943,233,-232.5449999999655
98.075,-2.8499999999999943,233,-232.5449999999655
98.075,-2.8499999999999943,233,-232.5449999999655
98.075,-2.8499999999999943,233,-232.5449999999655
98.075,-2.8499999999999943,233,-232.5449999999655
98.075,-2.8499999999999943,233,-232.5449999999655
98.075,-2.8499999999999943,239,-241.09499999996842
98.075,-2.8499999999999943,239,-241.09499999996842
98.075,-2.8499999999999943,239,-241.09499999996842
98.075,-2.8499999999999943,239,-241.09499999996842
98.075,-2.8499999999999943,239,-241.09499999996842
98.075,-2.8499999999999943,239,-241.09499999996842
98.075,-2.8499999999999943,239,-241.09499999996842
98.075,-2.8499999999999943,239,-241.09499999996842
98.075,-2.8499999999999943,232,-251.06999999996697
98.075,-2.8499999999999943,232,-251.06999999996697
98.075,-2.8499999999999943,232,-251.06999999996697
98.075,-2.8499999999999943,231,-252.49499999996624
98.075,-2.8499999999999943,231,-252.49499999996624
98.075,-2.8499999999999943,231,-252.49499999996624
98.075,-2.8499999999999943,231,-252.49499999996624
98.075,-2.8499999999999943,231,-252.49499999996624
98.075,-2.8499999999999943,231,-252.49499999996624
98.075,-2.8499999999999943,231,-252.49499999996624
98.075,-2.8499999999999943,231,-252.49499999996624
98.075,-2.8499999999999943,231,-252.49499999996624
98.075,-2.8499999999999943,231,-252.49499999996624
98.075,-2.8499999999999943,231,-252.49499999996624
98.075,-2.8499999999999943,231,-252.49499999996624
98.075,-2.8499999999999943,231,-252.49499999996624
98.075,-2.8499999999999943,231,-252.49499999996624
98.075,-2.8499999999999943,231,-252.49499999996624
98.075,-2.8499999999999943,231,-252.49499999996624
98.075,-2.8499999999999943,231,-252.49499999996624
98.075,-2.8499999999999943,231,-252.49499999996624
98.075,-2.8499999999999943,231,-252.49499999996624
98.075,-2.8499999999999943,231,-252.49499999996624
98.075,-2.8499999999999943,231,-252.49499999996624
98.075,-2.8499999999999943,231,-252.49499999996624
98.075,-2.8499999999999943,231,-252.49499999996624
98.075,-2.8499999999999943,231,-252.49499999996624
98.075,-2.8499999999999943,231,-252.49499999996624
98.075,-2.8499999999999943,231,-252.49499999996624
98.075,-2.8499999999999943,231,-252.49499999996624
98.075,-2.8499999999999943,238,-262.4699999999648
98.075,-2.8499999999999943,238,-262.4699999999648
98.075,-2.8499999999999943,238,-262.4699999999648
98.075,-2.8499999999999943,238,-262.4699999999648
98.075,-2.8499999999999943,238,-262.4699999999648
98.075,-2.8499999999999943,238,-262.4699999999648
98.075,-2.8499999999999943,239,-263.8949999999677
98.075,-2.8499999999999943,242,-268.1699999999655
98.075,-2.8499999999999943,241,-269.5949999999648
98.075,-2.8499999999999943,241,-269.5949999999648
98.075,-2.8499999999999943,241,-269.5949999999648
98.075,-2.8499999999999943,241,-269.5949999999648
98.075,-2.8499999999999943,241,-269.5949999999648
98.075,-2.8499999999999943,241,-269.5949999999648
98.075,-2.8499999999999943,241,-269.5949999999648
98.075,-2.8499999999999943,241,-269.5949999999648
98.075,-2.8499999999999943,241,-269.5949999999648
98.075,-2.8499999999999943,233,-280.9949999999626
98.075,-2.8499999999999943,234,-282.4199999999655
98.075,-2.8499999999999943,234,-282.4199999999655
98.075,-2.8499999999999943,234,-282.4199999999655
98.075,-2.8499999999999943,234,-282.4199999999655
98.075,-2.8499999999999943,234,-282.4199999999655
98.075,-2.8499999999999943,234,-282.4199999999655
98.075,-2.8499999999999943,234,-282.4199999999655
98.075,-2.8499999999999943,234,-282.4199999999655
98.075,-2.8499999999999943,230,-288.11999999996624
98.075,-2.8499999999999943,230,-288.11999999996624
98.075,-2.8499999999999943,230,-288.11999999996624
98.075,-2.8499999999999943,231,-289.5449999999655
98.075,-2.8499999999999943,231,-289.5449999999655
98.075,-2.8499999999999943,231,-289.5449999999655
98.075,-2.8499999999999943,237,-298.0949999999648
98.075,-2.8499999999999943,237,-298.0949999999648
98.075,-2.8499999999999943,237,-298.0949999999648
98.075,-2.8499999999999943,237,-298.0949999999648
98.075,-2.8499999999999943,237,-298.0949999999648
98.075,-2.8499999999999943,238,-299.51999999996406
98.075,-2.8499999999999943,238,-299.51999999996406
98.075,-2.8499999999999943,238,-299.51999999996406
98.075,-2.8499999999999943,238,-299.51999999996406
98.075,-2.8499999999999943,233,-306.64499999996406
98.075,-2.8499999999999943,233,-306.64499999996406
98.075,-2.8499999999999943,233,-306.64499999996406
98.075,-2.8499999999999943,233,-306.64499999996406
98.075,-2.8499999999999943,234,-308.06999999996697
98.075,-2.8499999999999943,235,-309.49499999996624
98.075,-2.8499999999999943,239,-315.19499999996697
98.075,-2.8499999999999943,239,-315.19499999996697
98.075,-2.8499999999999943,239,-315.19499999996697
98.075,-2.8499999999999943,238,-316.6199999999626
98.075,-2.8499999999999943,238,-316.6199999999626
98.075,-2.8499999999999943,238,-316.6199999999626
98.08,-2.8400000000000034,231,-325.4099999999671
98.08,-2.8400000000000034,231,-325.4099999999671
98.08,-2.8400000000000034,231,-325.4099999999671
98.08,-2.8400000000000034,231,-325.4099999999671
98.08,-2.8400000000000034,231,-325.4099999999671
98.08,-2.8400000000000034,231,-325.4099999999671
98.08,-2.8400000000000034,231,-325.4099999999671
98.08,-2.8400000000000034,231,-325.4099999999671
98.08,-2.8400000000000034,231,-325.4099999999671
98.08,-2.8400000000000034,231,-325.4099999999671
98.08,-2.8400000000000034,231,-325.4099999999671
98.08,-2.8400000000000034,231,-325.4099999999671
98.08,-2.8400000000000034,243,-342.449999999968
98.075,-2.8499999999999943,243,-343.6649999999645
98.07,-2.8599999999999994,243,-344.8799999999683
98.065,-2.8499999999999943,246,-350.3899999999703
98.05,-2.8799999999999955,246,-354.079999999969
98.03999999999999,-2.8999999999999915,246,-356.53999999997177
98.035,-2.9099999999999966,246,-357.7699999999677
98.035,-2.9099999999999966,246,-357.7699999999677
98.035,-2.9099999999999966,247,-359.22499999996944
98.025,-2.9299999999999926,247,-361.69499999996697
98.025,-2.9299999999999926,247,-361.69499999996697
98.025,-2.9299999999999926,254,-371.949999999968
97.985,-3.009999999999991,254,-382.1099999999715
97.965,-3.049999999999997,252,-390.23999999996886
97.965,-3.049999999999997,252,-390.23999999996886
97.965,-3.049999999999997,252,-390.23999999996886
97.965,-3.049999999999997,252,-390.23999999996886
97.965,-3.049999999999997,246,-399.3899999999703
97.965,-3.049999999999997,250,-405.48999999996886
97.965,-3.049999999999997,250,-405.48999999996886
97.965,-3.049999999999997,256,-414.6399999999667
97.94999999999999,-3.0799999999999983,256,-418.47999999997046
97.94,-3.0999999999999943,256,-421.03999999996813
97.935,-3.1099999999999994,256,-422.31999999996697
97.935,-3.1099999999999994,256,-422.31999999996697
97.935,-3.1099999999999994,256,-422.31999999996697
97.935,-3.1099999999999994,256,-422.31999999996697
97.935,-3.1099999999999994,256,-422.31999999996697
97.935,-3.1099999999999994,256,-422.31999999996697
97.935,-3.1099999999999994,248,-434.75999999996566
97.935,-3.1099999999999994,248,-434.75999999996566
97.935,-3.1099999999999994,250,-437.86999999996624
97.935,-3.1099999999999994,250,-437.86999999996624
97.935,-3.1099999999999994,251,-439.42499999996653
97.935,-3.1099999999999994,251,-439.42499999996653
97.935,-3.1099999999999994,251,-439.42499999996653
97.935,-3.1099999999999994,262,-456.5299999999661
97.9,-3.1799999999999926,262,-465.69999999996435
97.88499999999999,-3.2099999999999937,254,-482.4699999999684
97.9,-3.1799999999999926,248,-488.259999999962
97.9,-3.1799999999999926,248,-488.259999999962
97.9,-3.1799999999999926,248,-488.259999999962
97.9,-3.1799999999999926,248,-488.259999999962
97.9,-3.1799999999999926,248,-488.259999999962
97.9,-3.1799999999999926,248,-488.259999999962
97.9,-3.1799999999999926,248,-488.259999999962
97.9,-3.1799999999999926,248,-488.259999999962
97.9,-3.1799999999999926,248,-488.259999999962
97.9,-3.1799999999999926,248,-488.259999999962
97.9,-3.1799999999999926,245,-493.02999999996246
97.9,-3.1799999999999926,245,-493.02999999996246
97.9,-3.1799999999999926,245,-493.02999999996246
97.9,-3.1799999999999926,245,-493.02999999996246
97.9,-3.1799999999999926,244,-494.61999999995896
97.9,-3.1799999999999926,244,-494.61999999995896
97.9,-3.1799999999999926,244,-494.61999999995896
97.9,-3.1799999999999926,244,-494.61999999995896
97.9,-3.1799999999999926,244,-494.61999999995896
97.9,-3.1799999999999926,243,-496.2099999999591
97.9,-3.1799999999999926,243,-496.2099999999591
97.9,-3.1799999999999926,245,-499.3899999999594
97.91499999999999,-3.1499999999999915,242,-500.46999999996115
97.91499999999999,-3.1499999999999915,242,-500.46999999996115
97.91499999999999,-3.1499999999999915,251,-514.6449999999604
97.91499999999999,-3.1499999999999915,251,-514.6449999999604
97.91499999999999,-3.1499999999999915,251,-514.6449999999604
97.935,-3.1099999999999994,241,-525.494999999959
97.935,-3.1099999999999994,241,-525.494999999959
97.935,-3.1099999999999994,241,-525.494999999959
97.935,-3.1099999999999994,240,-527.0499999999556
97.935,-3.1099999999999994,240,-527.0499999999556
97.935,-3.1099999999999994,240,-527.0499999999556
97.935,-3.1099999999999994,240,-527.0499999999556
97.935,-3.1099999999999994,240,-527.0499999999556
97.935,-3.1099999999999994,240,-527.0499999999556
97.935,-3.1099999999999994,240,-527.0499999999556
97.935,-3.1099999999999994,240,-527.0499999999556
97.935,-3.1099999999999994,240,-527.0499999999556
97.935,-3.1099999999999994,240,-527.0499999999556
97.935,-3.1099999999999994,240,-527.0499999999556
97.935,-3.1099999999999994,240,-527.0499999999556
97.935,-3.1099999999999994,241,-528.6049999999595
97.935,-3.1099999999999994,241,-528.6049999999595
97.935,-3.1099999999999994,241,-528.6049999999595
97.935,-3.1099999999999994,240,-530.1599999999562
97.935,-3.1099999999999994,240,-530.1599999999562
97.935,-3.1099999999999994,240,-530.1599999999562
97.935,-3.1099999999999994,240,-530.1599999999562
97.935,-3.1099999999999994,237,-534.8249999999571
97.935,-3.1099999999999994,241,-541.0449999999582
97.935,-3.1099999999999994,241,-541.0449999999582
97.935,-3.1099999999999994,241,-541.0449999999582
97.935,-3.1099999999999994,241,-541.0449999999582
97.93,-3.1000000000000085,242,-543.8099999999577
97.93,-3.1000000000000085,230,-562.4099999999562
97.93,-3.1000000000000085,229,-563.9599999999555
97.93,-3.1000000000000085,229,-563.9599999999555
97.93,-3.1000000000000085,239,-579.4599999999555
97.93,-3.1000000000000085,239,-579.4599999999555
97.93,-3.1000000000000085,239,-579.4599999999555
97.93,-3.1000000000000085,239,-579.4599999999555
97.93,-3.1000000000000085,239,-579.4599999999555
97.93,-3.1000000000000085,239,-579.4599999999555
97.93,-3.1000000000000085,239,-579.4599999999555
97.93,-3.1000000000000085,239,-579.4599999999555
97.93,-3.1000000000000085,239,-579.4599999999555
97.93,-3.1000000000000085,239,-579.4599999999555
97.93,-3.1000000000000085,240,-581.0099999999547
97.93,-3.1000000000000085,240,-581.0099999999547
97.93,-3.1000000000000085,241,-582.559999999954
97.93,-3.1000000000000085,241,-582.559999999954
97.93,-3.1000000000000085,241,-582.559999999954
97.93,-3.1000000000000085,241,-582.559999999954
97.93,-3.1000000000000085,241,-582.559999999954
97.93,-3.1000000000000085,248,-593.4099999999526
97.93,-3.1000000000000085,248,-593.4099999999526
97.93,-3.1000000000000085,247,-594.9599999999518
97.93,-3.1000000000000085,247,-594.9599999999518
97.93,-3.1000000000000085,247,-594.9599999999518
97.93,-3.1000000000000085,247,-594.9599999999518
97.93,-3.1000000000000085,247,-594.9599999999518
97.93,-3.1000000000000085,247,-594.9599999999518
97.93,-3.1000000000000085,247,-594.9599999999518
97.93,-3.1000000000000085,246,-596.5099999999511
97.93,-3.1000000000000085,246,-596.5099999999511
97.93,-3.1000000000000085,246,-596.5099999999511
97.93,-3.1000000000000085,246,-596.5099999999511
97.93,-3.1000000000000085,246,-596.5099999999511
97.93,-3.1000000000000085,246,-596.5099999999511
97.93,-3.1000000000000085,246,-596.5099999999511
97.93,-3.1000000000000085,241,-604.2599999999511
97.93,-3.1000000000000085,241,-604.2599999999511
97.93,-3.1000000000000085,241,-604.2599999999511
97.93,-3.1000000000000085,241,-604.2599999999511
97.93,-3.1000000000000085,241,-604.2599999999511
97.93,-3.1000000000000085,241,-604.2599999999511
97.93,-3.1000000000000085,241,-604.2599999999511
97.93,-3.1000000000000085,240,-605.8099999999504
97.93,-3.1000000000000085,240,-605.8099999999504
97.93,-3.1000000000000085,239,-607.3599999999497
97.93,-3.1000000000000085,241,-610.4599999999482
97.93,-3.1000000000000085,241,-610.4599999999482
97.93,-3.1000000000000085,241,-610.4599999999482
97.93,-3.1000000000000085,248,-621.3099999999467
97.93,-3.1000000000000085,261,-641.4599999999482
97.9,-3.160000000000011,261,-649.2899999999499
97.885,-3.1899999999999977,261,-653.2049999999508
97.88,-3.200000000000003,261,-654.5099999999511
97.875,-3.210000000000008,261,-655.8149999999514
97.875,-3.210000000000008,257,-662.2349999999497
97.875,-3.210000000000008,257,-662.2349999999497
97.875,-3.210000000000008,257,-662.2349999999497
97.875,-3.210000000000008,257,-662.2349999999497
97.875,-3.210000000000008,257,-662.2349999999497
97.875,-3.210000000000008,257,-662.2349999999497
97.875,-3.210000000000008,254,-667.0499999999483
97.875,-3.210000000000008,254,-667.0499999999483
97.875,-3.210000000000008,254,-667.0499999999483
97.875,-3.210000000000008,254,-667.0499999999483
97.875,-3.210000000000008,254,-667.0499999999483
97.875,-3.210000000000008,254,-667.0499999999483
97.875,-3.210000000000008,254,-667.0499999999483
97.875,-3.210000000000008,254,-667.0499999999483
97.875,-3.210000000000008,254,-667.0499999999483
97.875,-3.210000000000008,255,-668.6549999999479
97.875,-3.210000000000008,255,-668.6549999999479
97.875,-3.210000000000008,255,-668.6549999999479
97.875,-3.210000000000008,255,-668.6549999999479
97.875,-3.210000000000008,255,-668.6549999999479
97.875,-3.210000000000008,255,-668.6549999999479
97.875,-3.210000000000008,255,-668.6549999999479
97.875,-3.210000000000008,255,-668.6549999999479
97.875,-3.210000000000008,255,-668.6549999999479
97.875,-3.210000000000008,255,-668.6549999999479
97.875,-3.210000000000008,255,-668.6549999999479
97.875,-3.210000000000008,255,-668.6549999999479
97.875,-3.210000000000008,255,-668.6549999999479
97.875,-3.210000000000008,255,-668.6549999999479
97.875,-3.210000000000008,255,-668.6549999999479
97.875,-3.210000000000008,255,-668.6549999999479
97.875,-3.210000000000008,255,-668.6549999999479
97.875,-3.210000000000008,255,-668.6549999999479
97.875,-3.210000000000008,260,-676.6799999999494
97.875,-3.210000000000008,260,-676.6799999999494
97.875,-3.210000000000008,260,-676.6799999999494
97.875,-3.210000000000008,259,-678.2849999999489
97.875,-3.210000000000008,259,-678.2849999999489
97.875,-3.210000000000008,259,-678.2849999999489
97.875,-3.210000000000008,263,-684.7049999999472
97.86500000000001,-3.230000000000004,262,-688.9499999999462
97.86500000000001,-3.230000000000004,262,-688.9499999999462
97.86500000000001,-3.230000000000004,262,-688.9499999999462
97.86500000000001,-3.230000000000004,262,-688.9499999999462
97.86500000000001,-3.230000000000004,271,-703.484999999946
97.82,-3.3200000000000074,271,-715.6799999999494
97.795,-3.3700000000000045,271,-722.4549999999472
97.785,-3.3900000000000006,272,-726.859999999946
97.77000000000001,-3.4200000000000017,272,-730.9399999999441
97.765,-3.430000000000007,272,-732.2999999999447
97.765,-3.430000000000007,272,-732.2999999999447
97.765,-3.430000000000007,272,-732.2999999999447
97.765,-3.430000000000007,272,-732.2999999999447
97.765,-3.430000000000007,278,-742.5899999999456
97.73,-3.5,273,-761.0699999999451
97.73,-3.5,273,-761.0699999999451
97.73,-3.5,273,-761.0699999999451
97.73,-3.5,273,-761.0699999999451
97.73,-3.5,273,-761.0699999999451
97.73,-3.5,273,-761.0699999999451
97.73,-3.5,273,-761.0699999999451
97.73,-3.5,273,-761.0699999999451
97.73,-3.5,273,-761.0699999999451
97.73,-3.5,273,-761.0699999999451
97.74000000000001,-3.480000000000004,264,-774.099999999944
97.74000000000001,-3.480000000000004,264,-774.099999999944
97.74000000000001,-3.480000000000004,264,-774.099999999944
97.74000000000001,-3.480000000000004,264,-774.099999999944
97.74000000000001,-3.480000000000004,264,-774.099999999944
97.74000000000001,-3.480000000000004,264,-774.099999999944
97.74000000000001,-3.480000000000004,264,-774.099999999944
97.74000000000001,-3.480000000000004,259,-782.7999999999411
97.74000000000001,-3.480000000000004,254,-791.4999999999418
97.74000000000001,-3.480000000000004,254,-791.4999999999418
97.74000000000001,-3.480000000000004,252,-794.9799999999414
97.74000000000001,-3.480000000000004,252,-794.9799999999414
97.74000000000001,-3.480000000000004,252,-794.9799999999414
97.74000000000001,-3.480000000000004,252,-794.9799999999414
97.74000000000001,-3.480000000000004,252,-794.9799999999414
97.74000000000001,-3.480000000000004,252,-794.9799999999414
97.74000000000001,-3.480000000000004,252,-794.9799999999414
97.74000000000001,-3.480000000000004,252,-794.9799999999414
97.735,-3.469999999999999,258,-806.6799999999421
97.735,-3.469999999999999,258,-806.6799999999421
97.735,-3.469999999999999,239,-839.6449999999422
97.735,-3.469999999999999,238,-841.3799999999428
97.735,-3.469999999999999,240,-844.8499999999403
97.735,-3.469999999999999,240,-844.8499999999403
97.735,-3.469999999999999,240,-844.8499999999403
97.735,-3.469999999999999,240,-844.8499999999403
97.735,-3.469999999999999,240,-844.8499999999403
97.735,-3.469999999999999,240,-844.8499999999403
97.735,-3.469999999999999,240,-844.8499999999403
97.735,-3.469999999999999,235,-853.5249999999432
97.735,-3.469999999999999,235,-853.5249999999432
97.735,-3.469999999999999,235,-853.5249999999432
97.735,-3.469999999999999,235,-853.5249999999432
97.735,-3.469999999999999,235,-853.5249999999432
97.735,-3.469999999999999,231,-860.4649999999419
97.735,-3.469999999999999,231,-860.4649999999419
97.735,-3.469999999999999,231,-860.4649999999419
97.735,-3.469999999999999,231,-860.4649999999419
97.735,-3.469999999999999,231,-860.4649999999419
97.735,-3.469999999999999,231,-860.4649999999419
97.735,-3.469999999999999,231,-860.4649999999419
97.735,-3.469999999999999,231,-860.4649999999419
97.735,-3.469999999999999,231,-860.4649999999419
97.735,-3.469999999999999,231,-860.4649999999419
97.735,-3.469999999999999,231,-860.4649999999419
97.735,-3.469999999999999,231,-860.4649999999419
97.735,-3.469999999999999,230,-862.1999999999425
97.735,-3.469999999999999,230,-862.1999999999425
97.735,-3.469999999999999,230,-862.1999999999425
97.735,-3.469999999999999,230,-862.1999999999425
97.735,-3.469999999999999,230,-862.1999999999425
97.735,-3.469999999999999,231,-863.9349999999431
97.735,-3.469999999999999,231,-863.9349999999431
97.735,-3.469999999999999,231,-863.9349999999431
97.735,-3.469999999999999,231,-863.9349999999431
97.735,-3.469999999999999,231,-863.9349999999431
97.735,-3.469999999999999,231,-863.9349999999431
97.735,-3.469999999999999,231,-863.9349999999431
97.735,-3.469999999999999,231,-863.9349999999431
97.735,-3.469999999999999,231,-863.9349999999431
97.735,-3.469999999999999,232,-865.6699999999437
97.735,-3.469999999999999,234,-869.1399999999412
97.735,-3.469999999999999,234,-869.1399999999412
97.735,-3.469999999999999,234,-869.1399999999412
97.735,-3.469999999999999,230,-876.0799999999435
97.735,-3.469999999999999,235,-884.7549999999428
97.735,-3.469999999999999,231,-891.6949999999415
97.735,-3.469999999999999,231,-891.6949999999415
97.735,-3.469999999999999,225,-902.1049999999414
97.735,-3.469999999999999,225,-902.1049999999414
97.735,-3.469999999999999,225,-902.1049999999414
97.735,-3.469999999999999,225,-902.1049999999414
97.735,-3.469999999999999,225,-902.1049999999414
97.735,-3.469999999999999,225,-902.1049999999414
97.735,-3.469999999999999,225,-902.1049999999414
97.735,-3.469999999999999,221,-909.04499999994
97.735,-3.469999999999999,220,-910.7799999999406
97.735,-3.469999999999999,220,-910.7799999999406
97.735,-3.469999999999999,219,-912.5149999999412
97.735,-3.469999999999999,219,-912.5149999999412
97.735,-3.469999999999999,219,-912.5149999999412
97.735,-3.469999999999999,213,-922.9249999999411
97.735,-3.469999999999999,213,-922.9249999999411
97.735,-3.469999999999999,210,-928.1299999999428
97.735,-3.469999999999999,209,-929.8649999999398
97.735,-3.469999999999999,209,-929.8649999999398
97.735,-3.469999999999999,209,-929.8649999999398
97.735,-3.469999999999999,209,-929.8649999999398
97.735,-3.469999999999999,209,-929.8649999999398
97.735,-3.469999999999999,209,-929.8649999999398
97.735,-3.469999999999999,208,-931.5999999999403
97.735,-3.469999999999999,207,-933.3349999999409
97.735,-3.469999999999999,207,-933.3349999999409
97.735,-3.469999999999999,205,-936.8049999999421
97.735,-3.469999999999999,205,-936.8049999999421
97.735,-3.469999999999999,209,-943.7449999999408
97.735,-3.469999999999999,209,-943.7449999999408
97.735,-3.469999999999999,209,-943.7449999999408
97.735,-3.469999999999999,202,-955.8899999999412
97.735,-3.469999999999999,202,-955.8899999999412
97.735,-3.469999999999999,202,-955.8899999999412
97.735,-3.469999999999999,202,-955.8899999999412
97.735,-3.469999999999999,198,-962.8299999999435
97.735,-3.469999999999999,198,-962.8299999999435
97.735,-3.469999999999999,198,-962.8299999999435
97.735,-3.469999999999999,198,-962.8299999999435
97.735,-3.469999999999999,198,-962.8299999999435
97.735,-3.469999999999999,198,-962.8299999999435
97.735,-3.469999999999999,198,-962.8299999999435
97.735,-3.469999999999999,198,-962.8299999999435
97.735,-3.469999999999999,198,-962.8299999999435
97.735,-3.469999999999999,198,-962.8299999999435
97.735,-3.469999999999999,198,-962.8299999999435
97.735,-3.469999999999999,200,-966.2999999999411
97.735,-3.469999999999999,200,-966.2999999999411
97.735,-3.469999999999999,201,-968.0349999999416
97.735,-3.469999999999999,199,-971.5049999999428
97.735,-3.469999999999999,199,-971.5049999999428
97.735,-3.469999999999999,195,-978.4449999999415
97.735,-3.469999999999999,202,-990.5899999999419
97.735,-3.469999999999999,202,-990.5899999999419
97.75999999999999,-3.4200000000000017,198,-992.5299999999443
97.75999999999999,-3.4200000000000017,199,-994.239999999947
97.755,-3.4099999999999966,207,-1008.8849999999475
97.755,-3.4099999999999966,207,-1008.8849999999475
97.755,-3.4099999999999966,207,-1008.8849999999475
97.755,-3.4099999999999966,207,-1008.8849999999475
97.755,-3.4099999999999966,207,-1008.8849999999475
97.755,-3.4099999999999966,207,-1008.8849999999475
97.755,-3.4099999999999966,207,-1008.8849999999475
97.755,-3.4099999999999966,208,-1010.5899999999456
97.755,-3.4099999999999966,208,-1010.5899999999456
97.755,-3.4099999999999966,208,-1010.5899999999456
97.755,-3.4099999999999966,208,-1010.5899999999456
97.755,-3.4099999999999966,211,-1015.7049999999472
97.755,-3.4099999999999966,220,-1031.0499999999483
97.755,-3.4099999999999966,220,-1031.0499999999483
97.755,-3.4099999999999966,220,-1031.0499999999483
97.755,-3.4099999999999966,220,-1031.0499999999483
97.755,-3.4099999999999966,220,-1031.0499999999483
97.755,-3.4099999999999966,220,-1031.0499999999483
97.755,-3.4099999999999966,220,-1031.0499999999483
97.755,-3.4099999999999966,220,-1031.0499999999483
97.755,-3.4099999999999966,220,-1031.0499999999483
97.755,-3.4099999999999966,220,-1031.0499999999483
97.755,-3.4099999999999966,220,-1031.0499999999483
97.755,-3.4099999999999966,220,-1031.0499999999483
97.755,-3.4099999999999966,220,-1031.0499999999483
97.755,-3.4099999999999966,219,-1032.75499999995
97.755,-3.4099999999999966,219,-1032.75499999995
97.755,-3.4099999999999966,219,-1032.75499999995
97.755,-3.4099999999999966,219,-1032.75499999995
97.755,-3.4099999999999966,219,-1032.75499999995
97.755,-3.4099999999999966,219,-1032.75499999995
97.755,-3.4099999999999966,219,-1032.75499999995
97.755,-3.4099999999999966,218,-1034.4599999999482
97.755,-3.4099999999999966,218,-1034.4599999999482
97.755,-3.4099999999999966,221,-1039.5749999999498
97.755,-3.4099999999999966,225,-1046.3949999999495
97.755,-3.4099999999999966,225,-1046.3949999999495
97.755,-3.4099999999999966,225,-1046.3949999999495
97.755,-3.4099999999999966,225,-1046.3949999999495
97.755,-3.4099999999999966,234,-1061.7399999999507
97.755,-3.4099999999999966,225,-1077.0849999999482
97.755,-3.4099999999999966,225,-1077.0849999999482
97.755,-3.4099999999999966,225,-1077.0849999999482
97.755,-3.4099999999999966,226,-1078.78999999995
97.755,-3.4099999999999966,226,-1078.78999999995
97.755,-3.4099999999999966,226,-1078.78999999995
97.755,-3.4099999999999966,226,-1078.78999999995
97.755,-3.4099999999999966,228,-1082.1999999999462
97.755,-3.4099999999999966,228,-1082.1999999999462
97.755,-3.4099999999999966,228,-1082.1999999999462
97.755,-3.4099999999999966,228,-1082.1999999999462
97.755,-3.4099999999999966,234,-1092.4299999999457
97.755,-3.4099999999999966,234,-1092.4299999999457
97.755,-3.4099999999999966,234,-1092.4299999999457
97.75,-3.4000000000000057,240,-1103.849999999944
97.75,-3.4000000000000057,240,-1103.849999999944
97.75,-3.4000000000000057,240,-1103.849999999944
97.75,-3.4000000000000057,240,-1103.849999999944
97.75,-3.4000000000000057,240,-1103.849999999944
97.75,-3.4000000000000057,245,-1112.349999999944
97.75,-3.4000000000000057,245,-1112.349999999944
97.75,-3.4000000000000057,245,-1112.349999999944
97.75,-3.4000000000000057,245,-1112.349999999944
97.75,-3.4000000000000057,245,-1112.349999999944
97.75,-3.4000000000000057,245,-1112.349999999944
97.75,-3.4000000000000057,245,-1112.349999999944
97.75,-3.4000000000000057,248,-1117.4499999999425
97.75,-3.4000000000000057,248,-1117.4499999999425
97.75,-3.4000000000000057,248,-1117.4499999999425
97.75,-3.4000000000000057,248,-1117.4499999999425
97.75,-3.4000000000000057,248,-1117.4499999999425
97.75,-3.4000000000000057,248,-1117.4499999999425
97.75,-3.4000000000000057,248,-1117.4499999999425
97.75,-3.4000000000000057,248,-1117.4499999999425
97.75,-3.4000000000000057,248,-1117.4499999999425
97.75,-3.4000000000000057,248,-1117.4499999999425
97.75,-3.4000000000000057,248,-1117.4499999999425
97.75,-3.4000000000000057,248,-1117.4499999999425
97.75,-3.4000000000000057,248,-1117.4499999999425
97.75,-3.4000000000000057,249,-1119.1499999999432
97.75,-3.4000000000000057,249,-1119.1499999999432
97.75,-3.4000000000000057,249,-1119.1499999999432
97.75,-3.4000000000000057,249,-1119.1499999999432
97.75,-3.4000000000000057,249,-1119.1499999999432
97.75,-3.4000000000000057,250,-1120.849999999944
97.75,-3.4000000000000057,254,-1127.6499999999432
97.75,-3.4000000000000057,254,-1127.6499999999432
97.75,-3.4000000000000057,254,-1127.6499999999432
97.75,-3.4000000000000057,254,-1127.6499999999432
97.75,-3.4000000000000057,254,-1127.6499999999432
97.75,-3.4000000000000057,253,-1129.349999999944
97.75,-3.4000000000000057,253,-1129.349999999944
97.75,-3.4000000000000057,253,-1129.349999999944
97.75,-3.4000000000000057,253,-1129.349999999944
97.75,-3.4000000000000057,253,-1129.349999999944
97.75,-3.4000000000000057,253,-1129.349999999944
97.75,-3.4000000000000057,253,-1129.349999999944
97.75,-3.4000000000000057,253,-1129.349999999944
97.75,-3.4000000000000057,253,-1129.349999999944
97.75,-3.4000000000000057,253,-1129.349999999944
97.75,-3.4000000000000057,253,-1129.349999999944
97.75,-3.4000000000000057,253,-1129.349999999944
97.75,-3.4000000000000057,253,-1129.349999999944
97.75,-3.4000000000000057,253,-1129.349999999944
97.75,-3.4000000000000057,245,-1142.9499999999425
97.75,-3.4000000000000057,245,-1142.9499999999425
97.75,-3.4000000000000057,245,-1142.9499999999425
97.75,-3.4000000000000057,245,-1142.9499999999425
97.75,-3.4000000000000057,245,-1142.9499999999425
97.75,-3.4000000000000057,244,-1144.6499999999432
97.75,-3.4000000000000057,244,-1144.6499999999432
97.75,-3.4000000000000057,247,-1149.7499999999418
97.75,-3.4000000000000057,247,-1149.7499999999418
97.75,-3.4000000000000057,255,-1163.3499999999403
97.75,-3.4000000000000057,255,-1163.3499999999403
97.75,-3.4000000000000057,255,-1163.3499999999403
97.75,-3.4000000000000057,255,-1163.3499999999403
97.75,-3.4000000000000057,255,-1163.3499999999403
97.75,-3.4000000000000057,255,-1163.3499999999403
97.75,-3.4000000000000057,253,-1166.7499999999418
97.75,-3.4000000000000057,253,-1166.7499999999418
97.75,-3.4000000000000057,272,-1199.049999999941
97.74000000000001,-3.4200000000000017,272,-1201.7699999999386
97.735,-3.430000000000007,272,-1203.1299999999428
97.735,-3.430000000000007,272,-1203.1299999999428
97.735,-3.430000000000007,272,-1203.1299999999428
97.735,-3.430000000000007,273,-1204.844999999943
97.725,-3.450000000000003,282,-1223.099999999944
97.68,-3.5400000000000063,283,-1237.5599999999395
97.65,-3.6000000000000085,283,-1246.049999999941
97.63499999999999,-3.6300000000000097,283,-1250.2949999999437
97.625,-3.6500000000000057,275,-1267.7249999999403
97.625,-3.6500000000000057,275,-1267.7249999999403
97.625,-3.6500000000000057,275,-1267.7249999999403
97.625,-3.6500000000000057,275,-1267.7249999999403
97.65,-3.6000000000000085,261,-1286.4499999999389
97.65,-3.6000000000000085,261,-1286.4499999999389
97.65,-3.6000000000000085,261,-1286.4499999999389
97.65,-3.6000000000000085,261,-1286.4499999999389
97.65,-3.6000000000000085,261,-1286.4499999999389
97.65,-3.6000000000000085,261,-1286.4499999999389
97.65,-3.6000000000000085,260,-1288.2499999999418
97.65,-3.6000000000000085,260,-1288.2499999999418
97.65,-3.6000000000000085,260,-1288.2499999999418
97.65,-3.6000000000000085,259,-1290.049999999941
97.65,-3.6000000000000085,259,-1290.049999999941
97.65,-3.6000000000000085,261,-1293.6499999999432
97.65,-3.6000000000000085,261,-1293.6499999999432
97.65,-3.6000000000000085,261,-1293.6499999999432
97.65,-3.6000000000000085,261,-1293.6499999999432
97.65,-3.6000000000000085,264,-1299.049999999941
97.65,-3.6000000000000085,264,-1299.049999999941
97.65,-3.6000000000000085,264,-1299.049999999941
97.65,-3.6000000000000085,264,-1299.049999999941
97.65,-3.6000000000000085,264,-1299.049999999941
97.65,-3.6000000000000085,264,-1299.049999999941
97.65,-3.6000000000000085,264,-1299.049999999941
97.65,-3.6000000000000085,264,-1299.049999999941
97.65,-3.6000000000000085,264,-1299.049999999941
97.65,-3.6000000000000085,264,-1299.049999999941
97.65,-3.6000000000000085,264,-1299.049999999941
97.65,-3.6000000000000085,261,-1304.4499999999425
97.65,-3.6000000000000085,261,-1304.4499999999425
97.65,-3.6000000000000085,261,-1304.4499999999425
97.65,-3.6000000000000085,259,-1308.049999999941
97.65,-3.6000000000000085,259,-1308.049999999941
97.65,-3.6000000000000085,259,-1308.049999999941
97.65,-3.6000000000000085,259,-1308.049999999941
97.65,-3.6000000000000085,264,-1317.049999999941
97.65,-3.6000000000000085,264,-1317.049999999941
97.65,-3.6000000000000085,264,-1317.049999999941
97.65,-3.6000000000000085,264,-1317.049999999941
97.65,-3.6000000000000085,264,-1317.049999999941
97.65,-3.6000000000000085,264,-1317.049999999941
97.65,-3.6000000000000085,264,-1317.049999999941
97.65,-3.6000000000000085,264,-1317.049999999941
97.65,-3.6000000000000085,264,-1317.049999999941
97.65,-3.6000000000000085,264,-1317.049999999941
97.65,-3.6000000000000085,264,-1317.049999999941
97.65,-3.6000000000000085,264,-1317.049999999941
97.65,-3.6000000000000085,264,-1317.049999999941
97.65,-3.6000000000000085,264,-1317.049999999941
97.65,-3.6000000000000085,264,-1317.049999999941
97.65,-3.6000000000000085,264,-1317.049999999941
97.65,-3.6000000000000085,264,-1317.049999999941
97.65,-3.6000000000000085,264,-1317.049999999941
97.65,-3.6000000000000085,264,-1317.049999999941
97.65,-3.6000000000000085,264,-1317.049999999941
97.65,-3.6000000000000085,264,-1317.049999999941
97.65,-3.6000000000000085,264,-1317.049999999941
97.65,-3.6000000000000085,264,-1317.049999999941
97.66499999999999,-3.5700000000000074,250,-1338.1099999999497
97.66499999999999,-3.5700000000000074,246,-1345.249999999949
97.66499999999999,-3.5700000000000074,246,-1345.249999999949
97.66499999999999,-3.5700000000000074,246,-1345.249999999949
97.66499999999999,-3.5700000000000074,246,-1345.249999999949
97.66499999999999,-3.5700000000000074,246,-1345.249999999949
97.66499999999999,-3.5700000000000074,250,-1352.3899999999485
97.66499999999999,-3.5700000000000074,250,-1352.3899999999485
97.66499999999999,-3.5700000000000074,250,-1352.3899999999485
97.66499999999999,-3.5700000000000074,250,-1352.3899999999485
97.66499999999999,-3.5700000000000074,250,-1352.3899999999485
97.66499999999999,-3.5700000000000074,247,-1357.744999999948
97.66499999999999,-3.5700000000000074,247,-1357.744999999948
97.73,-3.4399999999999977,203,-1421.0699999999451
97.73,-3.4399999999999977,203,-1421.0699999999451
97.73,-3.4399999999999977,200,-1426.2299999999486
97.73,-3.4399999999999977,200,-1426.2299999999486
97.73,-3.4399999999999977,201,-1427.9499999999498
97.73,-3.4399999999999977,201,-1427.9499999999498
97.73,-3.4399999999999977,201,-1427.9499999999498
97.73,-3.4399999999999977,201,-1427.9499999999498
97.73,-3.4399999999999977,201,-1427.9499999999498
97.73,-3.4399999999999977,201,-1427.9499999999498
97.73,-3.4399999999999977,201,-1427.9499999999498
97.73,-3.4399999999999977,200,-1429.669999999951
97.73,-3.4399999999999977,194,-1439.9899999999507
97.73,-3.4399999999999977,194,-1439.9899999999507
97.73,-3.4399999999999977,196,-1443.4299999999494
97.73,-3.4399999999999977,196,-1443.4299999999494
97.73,-3.4399999999999977,196,-1443.4299999999494
97.73,-3.4399999999999977,196,-1443.4299999999494
97.73,-3.4399999999999977,196,-1443.4299999999494
97.73,-3.4399999999999977,196,-1443.4299999999494
97.73,-3.4399999999999977,196,-1443.4299999999494
97.73,-3.4399999999999977,191,-1452.0299999999515
97.73,-3.4399999999999977,191,-1452.0299999999515
97.73,-3.4399999999999977,191,-1452.0299999999515
97.73,-3.4399999999999977,191,-1452.0299999999515
97.73,-3.4399999999999977,191,-1452.0299999999515
97.73,-3.4399999999999977,199,-1465.78999999995
97.73,-3.4399999999999977,199,-1465.78999999995
97.73,-3.4399999999999977,199,-1465.78999999995
97.73,-3.4399999999999977,199,-1465.78999999995
97.73,-3.4399999999999977,199,-1465.78999999995
97.73,-3.4399999999999977,202,-1470.9499999999498
97.73,-3.4399999999999977,202,-1470.9499999999498
97.73,-3.4399999999999977,202,-1470.9499999999498
97.73,-3.4399999999999977,202,-1470.9499999999498
97.73,-3.4399999999999977,202,-1470.9499999999498
97.73,-3.4399999999999977,202,-1470.9499999999498
97.73,-3.4399999999999977,203,-1472.6699999999473
97.73,-3.4399999999999977,203,-1472.6699999999473
97.73,-3.4399999999999977,203,-1472.6699999999473
97.73,-3.4399999999999977,203,-1472.6699999999473
97.73,-3.4399999999999977,203,-1472.6699999999473
97.73,-3.4399999999999977,203,-1472.6699999999473
97.73,-3.4399999999999977,203,-1472.6699999999473
97.73,-3.4399999999999977,203,-1472.6699999999473
97.73,-3.4399999999999977,203,-1472.6699999999473
97.73,-3.4399999999999977,203,-1472.6699999999473
97.73,-3.4399999999999977,203,-1472.6699999999473
97.73,-3.4399999999999977,205,-1476.1099999999497
97.73,-3.4399999999999977,205,-1476.1099999999497
97.73,-3.4399999999999977,205,-1476.1099999999497
97.73,-3.4399999999999977,205,-1476.1099999999497
97.73,-3.4399999999999977,205,-1476.1099999999497
97.73,-3.4399999999999977,205,-1476.1099999999497
97.73,-3.4399999999999977,205,-1476.1099999999497
97.73,-3.4399999999999977,205,-1476.1099999999497
97.73,-3.4399999999999977,202,-1481.2699999999531
97.73,-3.4399999999999977,201,-1482.9899999999543
97.73,-3.4399999999999977,201,-1482.9899999999543
97.73,-3.4399999999999977,201,-1482.9899999999543
97.73,-3.4399999999999977,201,-1482.9899999999543
97.73,-3.4399999999999977,199,-1486.429999999953
97.73,-3.4399999999999977,199,-1486.429999999953
97.73,-3.4399999999999977,199,-1486.429999999953
97.73,-3.4399999999999977,199,-1486.429999999953
97.73,-3.4399999999999977,199,-1486.429999999953
97.73,-3.4399999999999977,199,-1486.429999999953
97.73,-3.4399999999999977,199,-1486.429999999953
97.73,-3.4399999999999977,199,-1486.429999999953
97.73,-3.4399999999999977,199,-1486.429999999953
97.73,-3.4399999999999977,199,-1486.429999999953
97.73,-3.4399999999999977,202,-1491.5899999999529
97.73,-3.4399999999999977,202,-1491.5899999999529
97.73,-3.4399999999999977,202,-1491.5899999999529
97.73,-3.4399999999999977,202,-1491.5899999999529
97.73,-3.4399999999999977,202,-1491.5899999999529
97.73,-3.4399999999999977,202,-1491.5899999999529
97.73,-3.4399999999999977,202,-1491.5899999999529
97.73,-3.4399999999999977,202,-1491.5899999999529
97.73,-3.4399999999999977,202,-1491.5899999999529
97.73,-3.4399999999999977,202,-1491.5899999999529
97.73,-3.4399999999999977,202,-1491.5899999999529
97.73,-3.4399999999999977,202,-1491.5899999999529
97.73,-3.4399999999999977,204,-1495.0299999999515
97.73,-3.4399999999999977,205,-1496.7499999999527
97.73,-3.4399999999999977,205,-1496.7499999999527
97.73,-3.4399999999999977,203,-1500.1899999999514
97.73,-3.4399999999999977,203,-1500.1899999999514
97.73,-3.4399999999999977,203,-1500.1899999999514
97.73,-3.4399999999999977,204,-1501.9099999999526
97.73,-3.4399999999999977,204,-1501.9099999999526
97.73,-3.4399999999999977,202,-1505.349999999955
97.73,-3.4399999999999977,202,-1505.349999999955
97.73,-3.4399999999999977,202,-1505.349999999955
97.73,-3.4399999999999977,191,-1524.2699999999531
97.73,-3.4399999999999977,191,-1524.2699999999531
97.73,-3.4399999999999977,188,-1529.429999999953
97.73,-3.4399999999999977,188,-1529.429999999953
97.73,-3.4399999999999977,188,-1529.429999999953
97.73,-3.4399999999999977,188,-1529.429999999953
97.73,-3.4399999999999977,188,-1529.429999999953
97.73,-3.4399999999999977,188,-1529.429999999953
97.73,-3.4399999999999977,188,-1529.429999999953
97.73,-3.4399999999999977,188,-1529.429999999953
97.73,-3.4399999999999977,188,-1529.429999999953
97.73,-3.4399999999999977,186,-1532.8699999999517
97.73,-3.4399999999999977,186,-1532.8699999999517
97.73,-3.4399999999999977,185,-1534.5899999999565
97.73,-3.4399999999999977,185,-1534.5899999999565
97.73,-3.4399999999999977,185,-1534.5899999999565
97.73,-3.4399999999999977,179,-1544.9099999999526
97.73,-3.4399999999999977,179,-1544.9099999999526
97.73,-3.4399999999999977,179,-1544.9099999999526
97.73,-3.4399999999999977,179,-1544.9099999999526
97.73,-3.4399999999999977,180,-1546.6299999999537
97.73,-3.4399999999999977,180,-1546.6299999999537
97.73,-3.4399999999999977,180,-1546.6299999999537
97.73,-3.4399999999999977,180,-1546.6299999999537
97.73,-3.4399999999999977,180,-1546.6299999999537
97.73,-3.4399999999999977,180,-1546.6299999999537
97.73,-3.4399999999999977,177,-1551.7899999999572
97.73,-3.4399999999999977,177,-1551.7899999999572
97.73,-3.4399999999999977,177,-1551.7899999999572
97.73,-3.4399999999999977,177,-1551.7899999999572
97.73,-3.4399999999999977,177,-1551.7899999999572
97.73,-3.4399999999999977,177,-1551.7899999999572
97.73,-3.4399999999999977,177,-1551.7899999999572
97.73,-3.4399999999999977,177,-1551.7899999999572
97.73,-3.4399999999999977,172,-1560.3899999999558
97.73,-3.4399999999999977,172,-1560.3899999999558
97.73,-3.4399999999999977,172,-1560.3899999999558
97.73,-3.4399999999999977,172,-1560.3899999999558
97.73,-3.4399999999999977,172,-1560.3899999999558
97.73,-3.4399999999999977,172,-1560.3899999999558
97.73,-3.4399999999999977,171,-1562.109999999957
97.73,-3.4399999999999977,172,-1563.829999999958
97.73,-3.4399999999999977,172,-1563.829999999958
97.73,-3.4399999999999977,174,-1567.2699999999604
97.73,-3.4399999999999977,174,-1567.2699999999604
97.73,-3.4399999999999977,174,-1567.2699999999604
97.73,-3.4399999999999977,174,-1567.2699999999604
97.73,-3.4399999999999977,174,-1567.2699999999604
97.73,-3.4399999999999977,174,-1567.2699999999604
97.73,-3.4399999999999977,174,-1567.2699999999604
97.73,-3.4399999999999977,174,-1567.2699999999604
97.73,-3.4399999999999977,174,-1567.2699999999604
97.73,-3.4399999999999977,174,-1567.2699999999604
97.73,-3.4399999999999977,174,-1567.2699999999604
97.73,-3.4399999999999977,174,-1567.2699999999604
97.73,-3.4399999999999977,174,-1567.2699999999604
97.73,-3.4399999999999977,174,-1567.2699999999604
97.73,-3.4399999999999977,174,-1567.2699999999604
97.73,-3.4399999999999977,166,-1581.0299999999588
97.73,-3.4399999999999977,165,-1582.74999999996
97.73,-3.4399999999999977,165,-1582.74999999996
97.73,-3.4399999999999977,165,-1582.74999999996
97.73,-3.4399999999999977,165,-1582.74999999996
97.73,-3.4399999999999977,177,-1603.389999999963
97.73,-3.4399999999999977,177,-1603.389999999963
97.73,-3.4399999999999977,177,-1603.389999999963
97.73,-3.4399999999999977,177,-1603.389999999963
97.73,-3.4399999999999977,177,-1603.389999999963
97.73,-3.4399999999999977,177,-1603.389999999963
97.73,-3.4399999999999977,180,-1608.5499999999593
97.73,-3.4399999999999977,180,-1608.5499999999593
97.73,-3.4399999999999977,180,-1608.5499999999593
97.73,-3.4399999999999977,174,-1618.869999999959
97.73,-3.4399999999999977,166,-1632.6299999999574
97.73,-3.4399999999999977,160,-1642.9499999999553
97.73,-3.4399999999999977,160,-1642.9499999999553
97.73,-3.4399999999999977,160,-1642.9499999999553
97.73,-3.4399999999999977,160,-1642.9499999999553
97.73,-3.4399999999999977,160,-1642.9499999999553
97.73,-3.4399999999999977,154,-1653.269999999955
97.73,-3.4399999999999977,154,-1653.269999999955
97.73,-3.4399999999999977,154,-1653.269999999955
97.73,-3.4399999999999977,154,-1653.269999999955
97.73,-3.4399999999999977,154,-1653.269999999955
97.73,-3.4399999999999977,154,-1653.269999999955
97.73,-3.4399999999999977,154,-1653.269999999955
97.73,-3.4399999999999977,154,-1653.269999999955
97.73,-3.4399999999999977,152,-1656.7099999999537
97.73,-3.4399999999999977,154,-1660.149999999956
97.73,-3.4399999999999977,154,-1660.149999999956
97.73,-3.4399999999999977,154,-1660.149999999956
97.73,-3.4399999999999977,154,-1660.149999999956
97.73,-3.4399999999999977,154,-1660.149999999956
97.73,-3.4399999999999977,154,-1660.149999999956
97.73,-3.4399999999999977,154,-1660.149999999956
97.73,-3.4399999999999977,154,-1660.149999999956
97.73,-3.4399999999999977,154,-1660.149999999956
97.73,-3.4399999999999977,154,-1660.149999999956
97.73,-3.4399999999999977,154,-1660.149999999956
97.73,-3.4399999999999977,154,-1660.149999999956
97.73,-3.4399999999999977,154,-1660.149999999956
97.73,-3.4399999999999977,154,-1660.149999999956
97.73,-3.4399999999999977,154,-1660.149999999956
97.73,-3.4399999999999977,154,-1660.149999999956
97.73,-3.4399999999999977,154,-1660.149999999956
97.73,-3.4399999999999977,154,-1660.149999999956
97.73,-3.4399999999999977,154,-1660.149999999956
97.73,-3.4399999999999977,154,-1660.149999999956
97.73,-3.4399999999999977,154,-1660.149999999956
97.73,-3.4399999999999977,154,-1660.149999999956
97.73,-3.4399999999999977,153,-1661.8699999999571
97.73,-3.4399999999999977,156,-1667.0299999999552
97.73,-3.4399999999999977,156,-1667.0299999999552
97.73,-3.4399999999999977,156,-1667.0299999999552
97.73,-3.4399999999999977,156,-1667.0299999999552
97.73,-3.4399999999999977,156,-1667.0299999999552
97.73,-3.4399999999999977,145,-1685.9499999999553
97.73,-3.4399999999999977,145,-1685.9499999999553
97.73,-3.4399999999999977,145,-1685.9499999999553
97.73,-3.4399999999999977,145,-1685.9499999999553
97.73,-3.4399999999999977,145,-1685.9499999999553
97.73,-3.4399999999999977,145,-1685.9499999999553
97.73,-3.4399999999999977,145,-1685.9499999999553
97.73,-3.4399999999999977,145,-1685.9499999999553
97.73,-3.4399999999999977,145,-1685.9499999999553
97.73,-3.4399999999999977,145,-1685.9499999999553
97.73,-3.4399999999999977,146,-1687.6699999999564
97.73,-3.4399999999999977,146,-1687.6699999999564
97.73,-3.4399999999999977,146,-1687.6699999999564
97.73,-3.4399999999999977,149,-1692.8299999999563
97.73,-3.4399999999999977,149,-1692.8299999999563
97.73,-3.4399999999999977,149,-1692.8299999999563
97.73,-3.4399999999999977,149,-1692.8299999999563
97.73,-3.4399999999999977,149,-1692.8299999999563
97.73,-3.4399999999999977,149,-1692.8299999999563
97.73,-3.4399999999999977,149,-1692.8299999999563
97.73,-3.4399999999999977,148,-1694.5499999999556
97.73,-3.4399999999999977,148,-1694.5499999999556
97.73,-3.4399999999999977,148,-1694.5499999999556
97.73,-3.4399999999999977,148,-1694.5499999999556
97.73,-3.4399999999999977,148,-1694.5499999999556
97.73,-3.4399999999999977,147,-1696.269999999955
97.73,-3.4399999999999977,147,-1696.269999999955
97.73,-3.4399999999999977,147,-1696.269999999955
97.73,-3.4399999999999977,147,-1696.269999999955
97.73,-3.4399999999999977,147,-1696.269999999955
97.73,-3.4399999999999977,147,-1696.269999999955
97.73,-3.4399999999999977,147,-1696.269999999955
97.73,-3.4399999999999977,147,-1696.269999999955
97.73,-3.4399999999999977,147,-1696.269999999955
97.73,-3.4399999999999977,150,-1701.4299999999566
97.73,-3.4399999999999977,150,-1701.4299999999566
97.73,-3.4399999999999977,150,-1701.4299999999566
97.73,-3.4399999999999977,151,-1703.149999999956
97.73,-3.4399999999999977,151,-1703.149999999956
97.73,-3.4399999999999977,151,-1703.149999999956
97.73,-3.4399999999999977,151,-1703.149999999956
97.73,-3.4399999999999977,151,-1703.149999999956
97.73,-3.4399999999999977,151,-1703.149999999956
97.73,-3.4399999999999977,151,-1703.149999999956
97.73,-3.4399999999999977,151,-1703.149999999956
97.73,-3.4399999999999977,151,-1703.149999999956
97.73,-3.4399999999999977,151,-1703.149999999956
97.73,-3.4399999999999977,151,-1703.149999999956
97.73,-3.4399999999999977,151,-1703.149999999956
97.73,-3.4399999999999977,151,-1703.149999999956
97.73,-3.4399999999999977,151,-1703.149999999956
97.73,-3.4399999999999977,151,-1703.149999999956
97.73,-3.4399999999999977,151,-1703.149999999956
97.73,-3.4399999999999977,151,-1703.149999999956
97.73,-3.4399999999999977,151,-1703.149999999956
97.73,-3.4399999999999977,151,-1703.149999999956
97.73,-3.4399999999999977,150,-1704.8699999999571
97.73,-3.4399999999999977,150,-1704.8699999999571
97.73,-3.4399999999999977,150,-1704.8699999999571
97.73,-3.4399999999999977,144,-1715.1899999999569
97.73,-3.4399999999999977,142,-1718.6299999999574
97.725,-3.4299999999999926,146,-1726.239999999958
97.725,-3.4299999999999926,146,-1726.239999999958
97.725,-3.4299999999999926,146,-1726.239999999958
97.725,-3.4299999999999926,146,-1726.239999999958
97.725,-3.4299999999999926,146,-1726.239999999958
97.725,-3.4299999999999926,146,-1726.239999999958
97.725,-3.4299999999999926,146,-1726.239999999958
97.725,-3.4299999999999926,146,-1726.239999999958
97.725,-3.4299999999999926,146,-1726.239999999958
97.725,-3.4299999999999926,146,-1726.239999999958
97.725,-3.4299999999999926,146,-1726.239999999958
97.725,-3.4299999999999926,146,-1726.239999999958
97.725,-3.4299999999999926,146,-1726.239999999958
97.725,-3.4299999999999926,146,-1726.239999999958
97.725,-3.4299999999999926,146,-1726.239999999958
97.725,-3.4299999999999926,146,-1726.239999999958
97.725,-3.4299999999999926,146,-1726.239999999958
97.725,-3.4299999999999926,146,-1726.239999999958
97.725,-3.4299999999999926,146,-1726.239999999958
97.725,-3.4299999999999926,146,-1726.239999999958
97.725,-3.4299999999999926,146,-1726.239999999958
97.725,-3.4299999999999926,146,-1726.239999999958
97.725,-3.4299999999999926,146,-1726.239999999958
97.725,-3.4299999999999926,146,-1726.239999999958
97.725,-3.4299999999999926,147,-1727.954999999958
97.725,-3.4299999999999926,147,-1727.954999999958
97.725,-3.4299999999999926,159,-1748.534999999958
97.725,-3.4299999999999926,162,-1753.6799999999585
97.725,-3.4299999999999926,162,-1753.6799999999585
97.725,-3.4299999999999926,162,-1753.6799999999585
97.725,-3.4299999999999926,157,-1762.2549999999592
97.725,-3.4299999999999926,155,-1765.6849999999577
97.725,-3.4299999999999926,145,-1782.8349999999573
97.725,-3.4299999999999926,145,-1782.8349999999573
97.725,-3.4299999999999926,147,-1786.2649999999576
97.725,-3.4299999999999926,147,-1786.2649999999576
97.725,-3.4299999999999926,146,-1787.9799999999577
97.725,-3.4299999999999926,146,-1787.9799999999577
97.725,-3.4299999999999926,146,-1787.9799999999577
97.725,-3.4299999999999926,146,-1787.9799999999577
97.725,-3.4299999999999926,153,-1799.984999999957
97.725,-3.4299999999999926,154,-1801.6999999999553
97.725,-3.4299999999999926,154,-1801.6999999999553
97.725,-3.4299999999999926,154,-1801.6999999999553
97.725,-3.4299999999999926,150,-1808.559999999954
97.725,-3.4299999999999926,150,-1808.559999999954
97.725,-3.4299999999999926,150,-1808.559999999954
97.725,-3.4299999999999926,150,-1808.559999999954
97.725,-3.4299999999999926,150,-1808.559999999954
97.725,-3.4299999999999926,150,-1808.559999999954
97.725,-3.4299999999999926,142,-1822.2799999999552
97.725,-3.4299999999999926,142,-1822.2799999999552
97.725,-3.4299999999999926,148,-1832.5699999999542
97.725,-3.4299999999999926,140,-1846.2899999999536
97.725,-3.4299999999999926,137,-1851.434999999954
97.725,-3.4299999999999926,137,-1851.434999999954
97.725,-3.4299999999999926,136,-1853.1499999999542
97.725,-3.4299999999999926,136,-1853.1499999999542
97.725,-3.4299999999999926,136,-1853.1499999999542
97.725,-3.4299999999999926,136,-1853.1499999999542
97.725,-3.4299999999999926,136,-1853.1499999999542
97.725,-3.4299999999999926,136,-1853.1499999999542
97.725,-3.4299999999999926,136,-1853.1499999999542
97.725,-3.4299999999999926,136,-1853.1499999999542
97.725,-3.4299999999999926,135,-1854.8649999999525
97.725,-3.4299999999999926,139,-1861.724999999953
97.725,-3.4299999999999926,139,-1861.724999999953
97.725,-3.4299999999999926,166,-1908.0299999999552
97.725,-3.4299999999999926,166,-1908.0299999999552
97.725,-3.4299999999999926,166,-1908.0299999999552
97.725,-3.4299999999999926,166,-1908.0299999999552
97.725,-3.4299999999999926,166,-1908.0299999999552
97.725,-3.4299999999999926,166,-1908.0299999999552
97.725,-3.4299999999999926,163,-1913.1749999999556
97.725,-3.4299999999999926,165,-1916.6049999999577
97.725,-3.4299999999999926,168,-1921.7499999999563
97.725,-3.4299999999999926,168,-1921.7499999999563
97.725,-3.4299999999999926,168,-1921.7499999999563
97.725,-3.4299999999999926,168,-1921.7499999999563
97.725,-3.4299999999999926,168,-1921.7499999999563
97.725,-3.4299999999999926,168,-1921.7499999999563
97.725,-3.4299999999999926,179,-1940.614999999958
97.725,-3.4299999999999926,179,-1940.614999999958
97.725,-3.4299999999999926,179,-1940.614999999958
97.725,-3.4299999999999926,179,-1940.614999999958
97.725,-3.4299999999999926,179,-1940.614999999958
97.725,-3.4299999999999926,179,-1940.614999999958
97.725,-3.4299999999999926,179,-1940.614999999958
97.725,-3.4299999999999926,179,-1940.614999999958
97.7225,-3.424999999999997,181,-1944.4924999999566
97.7225,-3.424999999999997,181,-1944.4924999999566
97.7225,-3.424999999999997,181,-1944.4924999999566
97.7225,-3.424999999999997,181,-1944.4924999999566
97.7225,-3.424999999999997,184,-1949.6299999999574
97.7225,-3.424999999999997,184,-1949.6299999999574
97.715,-3.4099999999999966,186,-1954.4499999999534
97.715,-3.4099999999999966,186,-1954.4499999999534
97.715,-3.4099999999999966,186,-1954.4499999999534
97.715,-3.4099999999999966,186,-1954.4499999999534
97.715,-3.4099999999999966,195,-1969.7949999999546
97.715,-3.4099999999999966,195,-1969.7949999999546
97.715,-3.4099999999999966,195,-1969.7949999999546
97.715,-3.4099999999999966,195,-1969.7949999999546
97.715,-3.4099999999999966,198,-1974.9099999999526
97.715,-3.4099999999999966,198,-1974.9099999999526
97.715,-3.4099999999999966,198,-1974.9099999999526
97.715,-3.4099999999999966,201,-1980.0249999999505
97.715,-3.4099999999999966,201,-1980.0249999999505
97.715,-3.4099999999999966,201,-1980.0249999999505
97.715,-3.4099999999999966,201,-1980.0249999999505
97.715,-3.4099999999999966,201,-1980.0249999999505
97.715,-3.4099999999999966,201,-1980.0249999999505
97.715,-3.4099999999999966,201,-1980.0249999999505
97.715,-3.4099999999999966,201,-1980.0249999999505
97.715,-3.4099999999999966,201,-1980.0249999999505
97.715,-3.4099999999999966,201,-1980.0249999999505
97.715,-3.4099999999999966,201,-1980.0249999999505
97.715,-3.4099999999999966,201,-1980.0249999999505
97.715,-3.4099999999999966,201,-1980.0249999999505
97.715,-3.4099999999999966,201,-1980.0249999999505
97.715,-3.4099999999999966,204,-1985.1399999999485
97.715,-3.4099999999999966,204,-1985.1399999999485
97.715,-3.4099999999999966,204,-1985.1399999999485
97.715,-3.4099999999999966,204,-1985.1399999999485
97.715,-3.4099999999999966,204,-1985.1399999999485
97.715,-3.4099999999999966,205,-1986.8449999999466
97.715,-3.4099999999999966,204,-1988.5499999999483
97.715,-3.4099999999999966,204,-1988.5499999999483
97.715,-3.4099999999999966,204,-1988.5499999999483
97.715,-3.4099999999999966,204,-1988.5499999999483
97.715,-3.4099999999999966,204,-1988.5499999999483
97.715,-3.4099999999999966,204,-1988.5499999999483
97.715,-3.4099999999999966,204,-1988.5499999999483
97.715,-3.4099999999999966,204,-1988.5499999999483
97.715,-3.4099999999999966,204,-1988.5499999999483
97.715,-3.4099999999999966,207,-1993.6649999999463
97.715,-3.4099999999999966,207,-1993.6649999999463
97.715,-3.4099999999999966,205,-1997.0749999999462
97.715,-3.4099999999999966,205,-1997.0749999999462
97.715,-3.4099999999999966,204,-1998.779999999948
97.715,-3.4099999999999966,204,-1998.779999999948
97.715,-3.4099999999999966,204,-1998.779999999948
97.715,-3.4099999999999966,204,-1998.779999999948
97.715,-3.4099999999999966,201,-2003.8949999999495
97.715,-3.4099999999999966,201,-2003.8949999999495
97.715,-3.4099999999999966,201,-2003.8949999999495
97.715,-3.4099999999999966,194,-2015.8299999999508
97.715,-3.4099999999999966,184,-2032.87999999995
97.715,-3.4099999999999966,184,-2032.87999999995
97.715,-3.4099999999999966,184,-2032.87999999995
97.715,-3.4099999999999966,184,-2032.87999999995
97.715,-3.4099999999999966,174,-2049.929999999953
97.715,-3.4099999999999966,174,-2049.929999999953
97.715,-3.4099999999999966,174,-2049.929999999953
97.715,-3.4099999999999966,174,-2049.929999999953
97.715,-3.4099999999999966,174,-2049.929999999953
97.715,-3.4099999999999966,174,-2049.929999999953
97.715,-3.4099999999999966,174,-2049.929999999953
97.715,-3.4099999999999966,172,-2053.339999999953
97.715,-3.4099999999999966,172,-2053.339999999953
97.715,-3.4099999999999966,172,-2053.339999999953
97.715,-3.4099999999999966,172,-2053.339999999953
97.715,-3.4099999999999966,172,-2053.339999999953
97.715,-3.4099999999999966,172,-2053.339999999953
97.715,-3.4099999999999966,172,-2053.339999999953
97.715,-3.4099999999999966,172,-2053.339999999953
97.715,-3.4099999999999966,172,-2053.339999999953
97.715,-3.4099999999999966,172,-2053.339999999953
97.715,-3.4099999999999966,172,-2053.339999999953
97.715,-3.4099999999999966,172,-2053.339999999953
97.715,-3.4099999999999966,173,-2055.044999999951
97.715,-3.4099999999999966,173,-2055.044999999951
97.715,-3.4099999999999966,173,-2055.044999999951
97.715,-3.4099999999999966,173,-2055.044999999951
97.715,-3.4099999999999966,173,-2055.044999999951
97.715,-3.4099999999999966,173,-2055.044999999951
97.715,-3.4099999999999966,180,-2066.9799999999486
97.715,-3.4099999999999966,180,-2066.9799999999486
97.715,-3.4099999999999966,180,-2066.9799999999486
97.715,-3.4099999999999966,180,-2066.9799999999486
97.715,-3.4099999999999966,180,-2066.9799999999486
97.715,-3.4099999999999966,180,-2066.9799999999486
97.715,-3.4099999999999966,180,-2066.9799999999486
97.715,-3.4099999999999966,180,-2066.9799999999486
97.715,-3.4099999999999966,180,-2066.9799999999486
97.715,-3.4099999999999966,179,-2068.6849999999504
97.715,-3.4099999999999966,179,-2068.6849999999504
97.715,-3.4099999999999966,179,-2068.6849999999504
97.715,-3.4099999999999966,179,-2068.6849999999504
97.715,-3.4099999999999966,179,-2068.6849999999504
97.715,-3.4099999999999966,179,-2068.6849999999504
97.715,-3.4099999999999966,169,-2085.7349999999533
97.715,-3.4099999999999966,164,-2094.259999999953
97.715,-3.4099999999999966,164,-2094.259999999953
97.715,-3.4099999999999966,164,-2094.259999999953
97.715,-3.4099999999999966,164,-2094.259999999953
97.715,-3.4099999999999966,164,-2094.259999999953
97.715,-3.4099999999999966,161,-2099.3749999999545
97.715,-3.4099999999999966,161,-2099.3749999999545
97.715,-3.4099999999999966,161,-2099.3749999999545
97.715,-3.4099999999999966,161,-2099.3749999999545
97.715,-3.4099999999999966,161,-2099.3749999999545
97.715,-3.4099999999999966,161,-2099.3749999999545
97.715,-3.4099999999999966,161,-2099.3749999999545
97.715,-3.4099999999999966,161,-2099.3749999999545
97.715,-3.4099999999999966,161,-2099.3749999999545
97.715,-3.4099999999999966,165,-2106.1949999999542
97.715,-3.4099999999999966,165,-2106.1949999999542
97.7125,-3.404999999999987,180,-2132.1749999999556
97.7125,-3.404999999999987,180,-2132.1749999999556
97.7125,-3.404999999999987,180,-2132.1749999999556
97.7125,-3.404999999999987,180,-2132.1749999999556
97.7125,-3.404999999999987,180,-2132.1749999999556
97.7125,-3.404999999999987,180,-2132.1749999999556
97.7125,-3.404999999999987,180,-2132.1749999999556
97.7125,-3.404999999999987,183,-2137.282499999954
97.7125,-3.404999999999987,184,-2138.9849999999533
97.7125,-3.404999999999987,184,-2138.9849999999533
97.7125,-3.404999999999987,184,-2138.9849999999533
97.71000000000001,-3.3999999999999915,198,-2163.314999999955
97.71000000000001,-3.3999999999999915,198,-2163.314999999955
97.71000000000001,-3.3999999999999915,195,-2168.414999999957
97.71000000000001,-3.3999999999999915,195,-2168.414999999957
97.71000000000001,-3.3999999999999915,195,-2168.414999999957
97.71000000000001,-3.3999999999999915,195,-2168.414999999957
97.71000000000001,-3.3999999999999915,195,-2168.414999999957
97.71000000000001,-3.3999999999999915,195,-2168.414999999957
97.71000000000001,-3.3999999999999915,195,-2168.414999999957
97.71000000000001,-3.3999999999999915,194,-2170.114999999958
97.71000000000001,-3.3999999999999915,194,-2170.114999999958
97.71000000000001,-3.3999999999999915,195,-2171.8149999999587
97.71000000000001,-3.3999999999999915,195,-2171.8149999999587
97.71000000000001,-3.3999999999999915,195,-2171.8149999999587
97.71000000000001,-3.3999999999999915,195,-2171.8149999999587
97.71000000000001,-3.3999999999999915,195,-2171.8149999999587
97.71000000000001,-3.3999999999999915,195,-2171.8149999999587
97.71000000000001,-3.3999999999999915,195,-2171.8149999999587
97.71000000000001,-3.3999999999999915,195,-2171.8149999999587
97.71000000000001,-3.3999999999999915,195,-2171.8149999999587
97.71000000000001,-3.3999999999999915,195,-2171.8149999999587
97.71000000000001,-3.3999999999999915,195,-2171.8149999999587
97.71000000000001,-3.3999999999999915,195,-2171.8149999999587
97.71000000000001,-3.3999999999999915,204,-2187.114999999958
97.71000000000001,-3.3999999999999915,204,-2187.114999999958
97.71000000000001,-3.3999999999999915,200,-2193.914999999957
97.71000000000001,-3.3999999999999915,200,-2193.914999999957
97.71000000000001,-3.3999999999999915,200,-2193.914999999957
97.71000000000001,-3.3999999999999915,200,-2193.914999999957
97.71000000000001,-3.3999999999999915,200,-2193.914999999957
97.71000000000001,-3.3999999999999915,200,-2193.914999999957
97.71000000000001,-3.3999999999999915,200,-2193.914999999957
97.71000000000001,-3.3999999999999915,195,-2202.414999999957
97.71000000000001,-3.3999999999999915,216,-2238.114999999958
97.71000000000001,-3.3999999999999915,214,-2241.5149999999558
97.71000000000001,-3.3999999999999915,214,-2241.5149999999558
97.71000000000001,-3.3999999999999915,205,-2256.814999999955
97.71000000000001,-3.3999999999999915,206,-2258.5149999999558
97.71000000000001,-3.3999999999999915,206,-2258.5149999999558
97.71000000000001,-3.3999999999999915,206,-2258.5149999999558
97.71000000000001,-3.3999999999999915,205,-2260.2149999999565
97.71000000000001,-3.3999999999999915,205,-2260.2149999999565
97.71000000000001,-3.3999999999999915,205,-2260.2149999999565
97.71000000000001,-3.3999999999999915,205,-2260.2149999999565
97.71000000000001,-3.3999999999999915,205,-2260.2149999999565
97.71000000000001,-3.3999999999999915,205,-2260.2149999999565
97.71000000000001,-3.3999999999999915,208,-2265.3149999999587
97.71000000000001,-3.3999999999999915,208,-2265.3149999999587
97.71000000000001,-3.3999999999999915,208,-2265.3149999999587
97.71000000000001,-3.3999999999999915,208,-2265.3149999999587
97.71000000000001,-3.3999999999999915,208,-2265.3149999999587
97.71000000000001,-3.3999999999999915,210,-2268.7149999999565
97.71000000000001,-3.3999999999999915,225,-2294.21499999996
97.71000000000001,-3.3999999999999915,225,-2294.21499999996
97.71000000000001,-3.3999999999999915,225,-2294.21499999996
97.71000000000001,-3.3999999999999915,226,-2295.914999999957
97.71000000000001,-3.3999999999999915,226,-2295.914999999957
97.71000000000001,-3.3999999999999915,231,-2304.414999999957
97.71000000000001,-3.3999999999999915,231,-2304.414999999957
97.71000000000001,-3.3999999999999915,231,-2304.414999999957
97.71000000000001,-3.3999999999999915,231,-2304.414999999957
97.71000000000001,-3.3999999999999915,231,-2304.414999999957
97.71000000000001,-3.3999999999999915,231,-2304.414999999957
97.71000000000001,-3.3999999999999915,231,-2304.414999999957
97.71000000000001,-3.3999999999999915,231,-2304.414999999957
97.71000000000001,-3.3999999999999915,231,-2304.414999999957
97.71000000000001,-3.3999999999999915,231,-2304.414999999957
97.71000000000001,-3.3999999999999915,231,-2304.414999999957
97.71000000000001,-3.3999999999999915,231,-2304.414999999957
97.71000000000001,-3.3999999999999915,228,-2309.5149999999594
97.71000000000001,-3.3999999999999915,228,-2309.5149999999594
97.71000000000001,-3.3999999999999915,228,-2309.5149999999594
97.71000000000001,-3.3999999999999915,228,-2309.5149999999594
97.71000000000001,-3.3999999999999915,228,-2309.5149999999594
97.71000000000001,-3.3999999999999915,228,-2309.5149999999594
97.71000000000001,-3.3999999999999915,228,-2309.5149999999594
97.71000000000001,-3.3999999999999915,228,-2309.5149999999594
97.71000000000001,-3.3999999999999915,227,-2311.21499999996
97.71000000000001,-3.3999999999999915,227,-2311.21499999996
97.71000000000001,-3.3999999999999915,227,-2311.21499999996
97.71000000000001,-3.3999999999999915,227,-2311.21499999996
97.71000000000001,-3.3999999999999915,227,-2311.21499999996
97.71000000000001,-3.3999999999999915,227,-2311.21499999996
97.71000000000001,-3.3999999999999915,227,-2311.21499999996
97.71000000000001,-3.3999999999999915,227,-2311.21499999996
97.71000000000001,-3.3999999999999915,227,-2311.21499999996
97.71000000000001,-3.3999999999999915,227,-2311.21499999996
97.71000000000001,-3.3999999999999915,227,-2311.21499999996
97.71000000000001,-3.3999999999999915,227,-2311.21499999996
97.71000000000001,-3.3999999999999915,224,-2316.3149999999623
97.71000000000001,-3.3999999999999915,222,-2319.71499999996
97.71000000000001,-3.3999999999999915,222,-2319.71499999996
97.71000000000001,-3.3999999999999915,222,-2319.71499999996
97.71000000000001,-3.3999999999999915,222,-2319.71499999996
97.71000000000001,-3.3999999999999915,222,-2319.71499999996
97.71000000000001,-3.3999999999999915,222,-2319.71499999996
97.71000000000001,-3.3999999999999915,222,-2319.71499999996
97.71000000000001,-3.3999999999999915,218,-2326.5149999999594
97.71000000000001,-3.3999999999999915,218,-2326.5149999999594
97.71000000000001,-3.3999999999999915,219,-2328.21499999996
97.71000000000001,-3.3999999999999915,220,-2329.914999999961
97.71000000000001,-3.3999999999999915,227,-2341.8149999999587
97.71000000000001,-3.3999999999999915,227,-2341.8149999999587
97.71000000000001,-3.3999999999999915,227,-2341.8149999999587
97.71000000000001,-3.3999999999999915,227,-2341.8149999999587
97.71000000000001,-3.3999999999999915,227,-2341.8149999999587
97.71000000000001,-3.3999999999999915,227,-2341.8149999999587
97.71000000000001,-3.3999999999999915,227,-2341.8149999999587
97.71000000000001,-3.3999999999999915,227,-2341.8149999999587
97.71000000000001,-3.3999999999999915,227,-2341.8149999999587
97.71000000000001,-3.3999999999999915,227,-2341.8149999999587
97.71000000000001,-3.3999999999999915,227,-2341.8149999999587
97.71000000000001,-3.3999999999999915,228,-2343.5149999999594
97.71000000000001,-3.3999999999999915,228,-2343.5149999999594
97.71000000000001,-3.3999999999999915,231,-2348.614999999958
97.71000000000001,-3.3999999999999915,231,-2348.614999999958
97.71000000000001,-3.3999999999999915,231,-2348.614999999958
97.71000000000001,-3.3999999999999915,232,-2350.3149999999587
97.71000000000001,-3.3999999999999915,232,-2350.3149999999587
97.71000000000001,-3.3999999999999915,232,-2350.3149999999587
97.71000000000001,-3.3999999999999915,232,-2350.3149999999587
97.71000000000001,-3.3999999999999915,232,-2350.3149999999587
97.71000000000001,-3.3999999999999915,232,-2350.3149999999587
97.71000000000001,-3.3999999999999915,232,-2350.3149999999587
97.71000000000001,-3.3999999999999915,232,-2350.3149999999587
97.71000000000001,-3.3999999999999915,232,-2350.3149999999587
97.71000000000001,-3.3999999999999915,231,-2352.0149999999594
97.71000000000001,-3.3999999999999915,231,-2352.0149999999594
97.71000000000001,-3.3999999999999915,231,-2352.0149999999594
97.71000000000001,-3.3999999999999915,231,-2352.0149999999594
97.71000000000001,-3.3999999999999915,230,-2353.71499999996
97.71000000000001,-3.3999999999999915,236,-2363.914999999961
97.71000000000001,-3.3999999999999915,236,-2363.914999999961
97.71000000000001,-3.3999999999999915,236,-2363.914999999961
97.71000000000001,-3.3999999999999915,230,-2374.114999999958
97.71000000000001,-3.3999999999999915,230,-2374.114999999958
97.71000000000001,-3.3999999999999915,230,-2374.114999999958
97.71000000000001,-3.3999999999999915,230,-2374.114999999958
97.71000000000001,-3.3999999999999915,229,-2375.8149999999623
97.71000000000001,-3.3999999999999915,229,-2375.8149999999623
97.71000000000001,-3.3999999999999915,229,-2375.8149999999623
97.71000000000001,-3.3999999999999915,229,-2375.8149999999623
97.71000000000001,-3.3999999999999915,229,-2375.8149999999623
97.71000000000001,-3.3999999999999915,229,-2375.8149999999623
97.71000000000001,-3.3999999999999915,229,-2375.8149999999623
97.71000000000001,-3.3999999999999915,229,-2375.8149999999623
97.71000000000001,-3.3999999999999915,229,-2375.8149999999623
97.71000000000001,-3.3999999999999915,229,-2375.8149999999623
97.71000000000001,-3.3999999999999915,229,-2375.8149999999623
97.71000000000001,-3.3999999999999915,229,-2375.8149999999623
97.71000000000001,-3.3999999999999915,229,-2375.8149999999623
97.71000000000001,-3.3999999999999915,229,-2375.8149999999623
97.71000000000001,-3.3999999999999915,229,-2375.8149999999623
97.71000000000001,-3.3999999999999915,229,-2375.8149999999623
97.71000000000001,-3.3999999999999915,215,-2399.6149999999616
97.71000000000001,-3.3999999999999915,215,-2399.6149999999616
97.71000000000001,-3.3999999999999915,215,-2399.6149999999616
97.71000000000001,-3.3999999999999915,215,-2399.6149999999616
97.71000000000001,-3.3999999999999915,215,-2399.6149999999616
97.71000000000001,-3.3999999999999915,215,-2399.6149999999616
97.71000000000001,-3.3999999999999915,215,-2399.6149999999616
97.71000000000001,-3.3999999999999915,215,-2399.6149999999616
97.71000000000001,-3.3999999999999915,215,-2399.6149999999616
97.71000000000001,-3.3999999999999915,214,-2401.3149999999623
97.71000000000001,-3.3999999999999915,214,-2401.3149999999623
97.71000000000001,-3.3999999999999915,213,-2403.014999999963
97.71000000000001,-3.3999999999999915,213,-2403.014999999963
97.71000000000001,-3.3999999999999915,213,-2403.014999999963
97.71000000000001,-3.3999999999999915,191,-2440.4149999999645
97.71000000000001,-3.3999999999999915,191,-2440.4149999999645
97.71000000000001,-3.3999999999999915,191,-2440.4149999999645
97.71000000000001,-3.3999999999999915,188,-2445.514999999963
97.71000000000001,-3.3999999999999915,188,-2445.514999999963
97.71000000000001,-3.3999999999999915,188,-2445.514999999963
97.71000000000001,-3.3999999999999915,188,-2445.514999999963
97.71000000000001,-3.3999999999999915,188,-2445.514999999963
97.71000000000001,-3.3999999999999915,188,-2445.514999999963
97.71000000000001,-3.3999999999999915,189,-2447.2149999999638
97.71000000000001,-3.3999999999999915,189,-2447.2149999999638
97.71000000000001,-3.3999999999999915,193,-2454.014999999963
97.71000000000001,-3.3999999999999915,193,-2454.014999999963
97.71000000000001,-3.3999999999999915,183,-2471.0149999999667
97.71000000000001,-3.3999999999999915,183,-2471.0149999999667
97.71000000000001,-3.3999999999999915,183,-2471.0149999999667
97.71000000000001,-3.3999999999999915,176,-2482.9149999999645
97.71000000000001,-3.3999999999999915,176,-2482.9149999999645
97.71000000000001,-3.3999999999999915,176,-2482.9149999999645
97.71000000000001,-3.3999999999999915,176,-2482.9149999999645
97.715,-3.3900000000000006,157,-2514.3699999999662
97.715,-3.3900000000000006,157,-2514.3699999999662
97.715,-3.3900000000000006,157,-2514.3699999999662
97.715,-3.3900000000000006,157,-2514.3699999999662
97.715,-3.3900000000000006,157,-2514.3699999999662
97.715,-3.3900000000000006,157,-2514.3699999999662
97.715,-3.3900000000000006,142,-2539.7949999999673
97.715,-3.3900000000000006,135,-2551.659999999969
97.715,-3.3900000000000006,135,-2551.659999999969
97.715,-3.3900000000000006,135,-2551.659999999969
97.715,-3.3900000000000006,136,-2553.3549999999686
97.715,-3.3900000000000006,136,-2553.3549999999686
97.715,-3.3900000000000006,136,-2553.3549999999686
97.715,-3.3900000000000006,136,-2553.3549999999686
97.715,-3.3900000000000006,136,-2553.3549999999686
97.715,-3.3900000000000006,136,-2553.3549999999686
97.715,-3.3900000000000006,138,-2556.744999999968
97.715,-3.3900000000000006,138,-2556.744999999968
97.715,-3.3900000000000006,138,-2556.744999999968
97.715,-3.3900000000000006,138,-2556.744999999968
97.715,-3.3900000000000006,138,-2556.744999999968
97.715,-3.3900000000000006,138,-2556.744999999968
97.715,-3.3900000000000006,138,-2556.744999999968
97.715,-3.3900000000000006,138,-2556.744999999968
97.715,-3.3900000000000006,138,-2556.744999999968
97.715,-3.3900000000000006,136,-2560.1349999999675
97.715,-3.3900000000000006,136,-2560.1349999999675
97.715,-3.3900000000000006,136,-2560.1349999999675
97.715,-3.3900000000000006,136,-2560.1349999999675
97.715,-3.3900000000000006,136,-2560.1349999999675
97.715,-3.3900000000000006,136,-2560.1349999999675
97.715,-3.3900000000000006,136,-2560.1349999999675
97.715,-3.3900000000000006,136,-2560.1349999999675
97.715,-3.3900000000000006,136,-2560.1349999999675
97.715,-3.3900000000000006,136,-2560.1349999999675
97.715,-3.3900000000000006,136,-2560.1349999999675
97.715,-3.3900000000000006,136,-2560.1349999999675
97.705,-3.3700000000000045,141,-2569.9999999999654
97.705,-3.3700000000000045,141,-2569.9999999999654
97.705,-3.3700000000000045,141,-2569.9999999999654
97.705,-3.3700000000000045,141,-2569.9999999999654
97.705,-3.3700000000000045,141,-2569.9999999999654
97.705,-3.3700000000000045,135,-2580.109999999966
97.705,-3.3700000000000045,135,-2580.109999999966
97.705,-3.3700000000000045,136,-2581.7949999999655
97.705,-3.3700000000000045,136,-2581.7949999999655
97.71000000000001,-3.3599999999999994,126,-2597.9549999999635
97.71000000000001,-3.3599999999999994,126,-2597.9549999999635
97.71000000000001,-3.3599999999999994,126,-2597.9549999999635
97.71000000000001,-3.3599999999999994,126,-2597.9549999999635
97.71000000000001,-3.3599999999999994,126,-2597.9549999999635
97.71000000000001,-3.3599999999999994,126,-2597.9549999999635
97.715,-3.3499999999999943,119,-2609.089999999962
97.715,-3.3499999999999943,119,-2609.089999999962
97.715,-3.3499999999999943,119,-2609.089999999962
97.715,-3.3499999999999943,119,-2609.089999999962
97.715,-3.3499999999999943,119,-2609.089999999962
97.715,-3.3499999999999943,119,-2609.089999999962
97.715,-3.3499999999999943,119,-2609.089999999962
97.715,-3.3499999999999943,125,-2619.139999999963
97.715,-3.3499999999999943,125,-2619.139999999963
97.715,-3.3499999999999943,125,-2619.139999999963
97.715,-3.3499999999999943,125,-2619.139999999963
97.715,-3.3499999999999943,125,-2619.139999999963
97.715,-3.3499999999999943,124,-2620.8149999999623
97.715,-3.3499999999999943,123,-2622.4899999999616
97.715,-3.3499999999999943,123,-2622.4899999999616
97.715,-3.3499999999999943,123,-2622.4899999999616
97.715,-3.3499999999999943,122,-2624.164999999961
97.715,-3.3499999999999943,122,-2624.164999999961
97.715,-3.3499999999999943,122,-2624.164999999961
97.715,-3.3499999999999943,122,-2624.164999999961
97.715,-3.3499999999999943,127,-2632.539999999961
97.715,-3.3499999999999943,124,-2637.5649999999605
97.715,-3.3499999999999943,124,-2637.5649999999605
97.715,-3.3499999999999943,124,-2637.5649999999605
97.715,-3.3499999999999943,124,-2637.5649999999605
97.715,-3.3499999999999943,124,-2637.5649999999605
97.715,-3.3499999999999943,124,-2637.5649999999605
97.715,-3.3499999999999943,124,-2637.5649999999605
97.715,-3.3499999999999943,124,-2637.5649999999605
97.715,-3.3499999999999943,124,-2637.5649999999605
97.715,-3.3499999999999943,124,-2637.5649999999605
97.715,-3.3499999999999943,124,-2637.5649999999605
97.715,-3.3499999999999943,124,-2637.5649999999605
97.715,-3.3499999999999943,124,-2637.5649999999605
97.715,-3.3499999999999943,124,-2637.5649999999605
97.715,-3.3499999999999943,122,-2640.914999999961
97.715,-3.3499999999999943,122,-2640.914999999961
97.715,-3.3499999999999943,122,-2640.914999999961
97.715,-3.3499999999999943,122,-2640.914999999961
97.715,-3.3499999999999943,122,-2640.914999999961
97.715,-3.3499999999999943,122,-2640.914999999961
97.715,-3.3499999999999943,122,-2640.914999999961
97.715,-3.3499999999999943,117,-2649.289999999959
97.715,-3.3499999999999943,117,-2649.289999999959
97.715,-3.3499999999999943,117,-2649.289999999959
97.715,-3.3499999999999943,117,-2649.289999999959
97.715,-3.3499999999999943,121,-2655.989999999958
97.715,-3.3499999999999943,121,-2655.989999999958
97.715,-3.3499999999999943,121,-2655.989999999958
97.715,-3.3499999999999943,121,-2655.989999999958
97.715,-3.3499999999999943,121,-2655.989999999958
97.715,-3.3499999999999943,121,-2655.989999999958
97.715,-3.3499999999999943,121,-2655.989999999958
97.715,-3.3499999999999943,121,-2655.989999999958
97.715,-3.3499999999999943,120,-2657.664999999957
97.715,-3.3499999999999943,120,-2657.664999999957
97.715,-3.3499999999999943,112,-2671.0649999999587
97.715,-3.3499999999999943,111,-2672.739999999958
97.715,-3.3499999999999943,111,-2672.739999999958
97.715,-3.3499999999999943,111,-2672.739999999958
97.715,-3.3499999999999943,111,-2672.739999999958
97.715,-3.3499999999999943,111,-2672.739999999958
97.715,-3.3499999999999943,111,-2672.739999999958
97.715,-3.3499999999999943,111,-2672.739999999958
97.715,-3.3499999999999943,111,-2672.739999999958
97.715,-3.3499999999999943,111,-2672.739999999958
97.715,-3.3499999999999943,112,-2674.414999999957
97.715,-3.3499999999999943,133,-2709.5899999999565
97.715,-3.3499999999999943,133,-2709.5899999999565
97.715,-3.3499999999999943,136,-2714.614999999958
97.715,-3.3499999999999943,136,-2714.614999999958
97.715,-3.3499999999999943,136,-2714.614999999958
97.715,-3.3499999999999943,137,-2716.289999999957
97.715,-3.3499999999999943,137,-2716.289999999957
97.715,-3.3499999999999943,141,-2722.989999999956
97.715,-3.3499999999999943,141,-2722.989999999956
97.715,-3.3499999999999943,141,-2722.989999999956
97.715,-3.3499999999999943,141,-2722.989999999956
97.715,-3.3499999999999943,132,-2738.064999999955
97.715,-3.3499999999999943,132,-2738.064999999955
97.7125,-3.3449999999999847,140,-2751.789999999957
97.7125,-3.3449999999999847,140,-2751.789999999957
97.7125,-3.3449999999999847,140,-2751.789999999957
97.7125,-3.3449999999999847,140,-2751.789999999957
97.7125,-3.3449999999999847,140,-2751.789999999957
97.7125,-3.3449999999999847,140,-2751.789999999957
97.7125,-3.3449999999999847,140,-2751.789999999957
97.7125,-3.3449999999999847,154,-2775.2049999999563
97.7125,-3.3449999999999847,147,-2786.9124999999567
97.7125,-3.3449999999999847,147,-2786.9124999999567
97.7125,-3.3449999999999847,147,-2786.9124999999567
97.7125,-3.3449999999999847,144,-2791.9299999999585
97.7125,-3.3449999999999847,144,-2791.9299999999585
97.7125,-3.3449999999999847,144,-2791.9299999999585
97.7125,-3.3449999999999847,144,-2791.9299999999585
97.7125,-3.3449999999999847,144,-2791.9299999999585
97.7125,-3.3449999999999847,144,-2791.9299999999585
97.7125,-3.3449999999999847,144,-2791.9299999999585
97.7125,-3.3449999999999847,144,-2791.9299999999585
97.7125,-3.3449999999999847,143,-2793.602499999957
97.7125,-3.3449999999999847,143,-2793.602499999957
97.7125,-3.3449999999999847,143,-2793.602499999957
97.7125,-3.3449999999999847,143,-2793.602499999957
97.7125,-3.3449999999999847,143,-2793.602499999957
97.7125,-3.3449999999999847,150,-2805.3099999999577
97.7125,-3.3449999999999847,150,-2805.3099999999577
97.7125,-3.3449999999999847,151,-2806.9824999999546
97.7125,-3.3449999999999847,148,-2811.9999999999563
97.7125,-3.3449999999999847,148,-2811.9999999999563
97.7125,-3.3449999999999847,148,-2811.9999999999563
97.7125,-3.3449999999999847,148,-2811.9999999999563
97.7125,-3.3449999999999847,148,-2811.9999999999563
97.7125,-3.3449999999999847,148,-2811.9999999999563
97.7125,-3.3449999999999847,148,-2811.9999999999563
97.7125,-3.3449999999999847,148,-2811.9999999999563
97.7125,-3.3449999999999847,148,-2811.9999999999563
97.7125,-3.3449999999999847,148,-2811.9999999999563
97.7125,-3.3449999999999847,147,-2813.672499999955
97.7125,-3.3449999999999847,148,-2815.344999999954
97.7125,-3.3449999999999847,153,-2823.707499999953
97.7125,-3.3449999999999847,153,-2823.707499999953
97.7125,-3.3449999999999847,153,-2823.707499999953
97.7125,-3.3449999999999847,153,-2823.707499999953
97.7125,-3.3449999999999847,150,-2828.724999999955
97.7125,-3.3449999999999847,156,-2838.7599999999547
97.7125,-3.3449999999999847,156,-2838.7599999999547
97.7125,-3.3449999999999847,156,-2838.7599999999547
97.7125,-3.3449999999999847,157,-2840.4324999999535
97.7125,-3.3449999999999847,165,-2853.8124999999545
97.7125,-3.3449999999999847,165,-2853.8124999999545
97.7125,-3.3449999999999847,161,-2860.502499999955
97.7125,-3.3449999999999847,161,-2860.502499999955
97.7125,-3.3449999999999847,161,-2860.502499999955
97.7125,-3.3449999999999847,161,-2860.502499999955
97.7125,-3.3449999999999847,161,-2860.502499999955
97.7125,-3.3449999999999847,154,-2872.2099999999573
97.7125,-3.3449999999999847,154,-2872.2099999999573
97.7125,-3.3449999999999847,154,-2872.2099999999573
97.7125,-3.3449999999999847,154,-2872.2099999999573
97.7125,-3.3449999999999847,154,-2872.2099999999573
97.7125,-3.3449999999999847,147,-2883.9174999999577
97.7125,-3.3449999999999847,147,-2883.9174999999577
97.7125,-3.3449999999999847,147,-2883.9174999999577
97.7125,-3.3449999999999847,141,-2893.9524999999558
97.7125,-3.3449999999999847,141,-2893.9524999999558
97.7125,-3.3449999999999847,141,-2893.9524999999558
97.7125,-3.3449999999999847,141,-2893.9524999999558
97.7125,-3.3449999999999847,142,-2895.6249999999545
97.7125,-3.3449999999999847,142,-2895.6249999999545
97.7125,-3.3449999999999847,142,-2895.6249999999545
97.7125,-3.3449999999999847,142,-2895.6249999999545
97.7125,-3.3449999999999847,142,-2895.6249999999545
97.7125,-3.3449999999999847,142,-2895.6249999999545
97.7125,-3.3449999999999847,142,-2895.6249999999545
97.7125,-3.3449999999999847,138,-2902.314999999955
97.7125,-3.3449999999999847,137,-2903.987499999954
97.7125,-3.3449999999999847,137,-2903.987499999954
97.7125,-3.3449999999999847,137,-2903.987499999954
97.7125,-3.3449999999999847,137,-2903.987499999954
97.7125,-3.3449999999999847,149,-2924.0574999999535
97.7125,-3.3449999999999847,149,-2924.0574999999535
97.7125,-3.3449999999999847,149,-2924.0574999999535
97.7125,-3.3449999999999847,149,-2924.0574999999535
97.7125,-3.3449999999999847,149,-2924.0574999999535
97.7125,-3.3449999999999847,149,-2924.0574999999535
97.7125,-3.3449999999999847,149,-2924.0574999999535
97.7125,-3.3449999999999847,149,-2924.0574999999535
97.7125,-3.3449999999999847,156,-2935.764999999952
97.7125,-3.3449999999999847,156,-2935.764999999952
97.7125,-3.3449999999999847,156,-2935.764999999952
97.7125,-3.3449999999999847,156,-2935.764999999952
97.7125,-3.3449999999999847,155,-2937.4374999999527
97.7125,-3.3449999999999847,155,-2937.4374999999527
97.7125,-3.3449999999999847,156,-2939.1099999999497
97.7125,-3.3449999999999847,156,-2939.1099999999497
97.7125,-3.3449999999999847,156,-2939.1099999999497
97.7125,-3.3449999999999847,155,-2940.7824999999502
97.7125,-3.3449999999999847,155,-2940.7824999999502
97.7125,-3.3449999999999847,155,-2940.7824999999502
97.7125,-3.3449999999999847,155,-2940.7824999999502
97.7125,-3.3449999999999847,160,-2949.1449999999495
97.7125,-3.3449999999999847,167,-2960.852499999948
97.7125,-3.3449999999999847,167,-2960.852499999948
97.7125,-3.3449999999999847,167,-2960.852499999948
97.7125,-3.3449999999999847,167,-2960.852499999948
97.7125,-3.3449999999999847,167,-2960.852499999948
97.7125,-3.3449999999999847,174,-2972.5599999999467
97.7125,-3.3449999999999847,174,-2972.5599999999467
97.7125,-3.3449999999999847,174,-2972.5599999999467
97.71000000000001,-3.339999999999989,176,-2976.3399999999456
97.71000000000001,-3.339999999999989,168,-2989.699999999946
97.71000000000001,-3.339999999999989,168,-2989.699999999946
97.71000000000001,-3.339999999999989,164,-2996.3799999999483
97.71000000000001,-3.339999999999989,164,-2996.3799999999483
97.71000000000001,-3.339999999999989,164,-2996.3799999999483
97.71000000000001,-3.339999999999989,167,-3001.3899999999467
97.71000000000001,-3.339999999999989,167,-3001.3899999999467
97.71000000000001,-3.339999999999989,167,-3001.3899999999467
97.71000000000001,-3.339999999999989,167,-3001.3899999999467
97.71000000000001,-3.339999999999989,167,-3001.3899999999467
97.71000000000001,-3.339999999999989,167,-3001.3899999999467
97.71000000000001,-3.339999999999989,167,-3001.3899999999467
97.71000000000001,-3.339999999999989,167,-3001.3899999999467
97.71000000000001,-3.339999999999989,167,-3001.3899999999467
97.71000000000001,-3.339999999999989,161,-3011.4099999999453
97.71000000000001,-3.339999999999989,161,-3011.4099999999453
97.71000000000001,-3.339999999999989,161,-3011.4099999999453
97.71000000000001,-3.339999999999989,167,-3021.429999999944
97.71000000000001,-3.339999999999989,167,-3021.429999999944
97.71000000000001,-3.339999999999989,167,-3021.429999999944
97.71000000000001,-3.339999999999989,167,-3021.429999999944
97.71000000000001,-3.339999999999989,166,-3023.099999999944
97.71000000000001,-3.339999999999989,199,-3078.2099999999446
97.71000000000001,-3.339999999999989,199,-3078.2099999999446
97.71000000000001,-3.339999999999989,199,-3078.2099999999446
97.71000000000001,-3.339999999999989,199,-3078.2099999999446
97.71000000000001,-3.339999999999989,199,-3078.2099999999446
97.71000000000001,-3.339999999999989,193,-3088.2299999999414
97.71000000000001,-3.339999999999989,193,-3088.2299999999414
97.71000000000001,-3.339999999999989,193,-3088.2299999999414
97.71000000000001,-3.339999999999989,193,-3088.2299999999414
97.71000000000001,-3.339999999999989,193,-3088.2299999999414
97.71000000000001,-3.339999999999989,193,-3088.2299999999414
97.71000000000001,-3.339999999999989,192,-3089.8999999999432
97.71000000000001,-3.339999999999989,192,-3089.8999999999432
97.71000000000001,-3.339999999999989,192,-3089.8999999999432
97.71000000000001,-3.339999999999989,192,-3089.8999999999432
97.71000000000001,-3.339999999999989,192,-3089.8999999999432
97.71000000000001,-3.339999999999989,192,-3089.8999999999432
97.71000000000001,-3.339999999999989,192,-3089.8999999999432
97.71000000000001,-3.339999999999989,192,-3089.8999999999432
97.71000000000001,-3.339999999999989,190,-3093.2399999999398
97.71000000000001,-3.339999999999989,190,-3093.2399999999398
97.71000000000001,-3.339999999999989,190,-3093.2399999999398
97.71000000000001,-3.339999999999989,190,-3093.2399999999398
97.71000000000001,-3.339999999999989,190,-3093.2399999999398
97.71000000000001,-3.339999999999989,190,-3093.2399999999398
97.71000000000001,-3.339999999999989,190,-3093.2399999999398
97.71000000000001,-3.339999999999989,190,-3093.2399999999398
97.71000000000001,-3.339999999999989,190,-3093.2399999999398
97.71000000000001,-3.339999999999989,190,-3093.2399999999398
97.71000000000001,-3.339999999999989,190,-3093.2399999999398
97.71000000000001,-3.339999999999989,190,-3093.2399999999398
97.71000000000001,-3.339999999999989,185,-3101.5899999999383
97.71000000000001,-3.339999999999989,173,-3121.629999999939
97.71000000000001,-3.339999999999989,173,-3121.629999999939
97.71000000000001,-3.339999999999989,173,-3121.629999999939
97.71000000000001,-3.339999999999989,173,-3121.629999999939
97.71000000000001,-3.339999999999989,173,-3121.629999999939
97.71000000000001,-3.339999999999989,173,-3121.629999999939
97.71000000000001,-3.339999999999989,173,-3121.629999999939
97.71000000000001,-3.339999999999989,173,-3121.629999999939
97.71000000000001,-3.339999999999989,177,-3128.3099999999395
97.71000000000001,-3.339999999999989,177,-3128.3099999999395
97.715,-3.3299999999999983,176,-3129.0999999999403
97.715,-3.3299999999999983,176,-3129.0999999999403
97.715,-3.3299999999999983,176,-3129.0999999999403
97.715,-3.3299999999999983,162,-3152.40999999994
97.715,-3.3299999999999983,162,-3152.40999999994
97.715,-3.3299999999999983,162,-3152.40999999994
97.715,-3.3299999999999983,162,-3152.40999999994
97.715,-3.3299999999999983,162,-3152.40999999994
97.715,-3.3299999999999983,162,-3152.40999999994
97.715,-3.3299999999999983,162,-3152.40999999994
97.715,-3.3299999999999983,162,-3152.40999999994
97.715,-3.3299999999999983,162,-3152.40999999994
97.715,-3.3299999999999983,160,-3155.7399999999398
97.715,-3.3299999999999983,160,-3155.7399999999398
97.715,-3.3299999999999983,160,-3155.7399999999398
97.715,-3.3299999999999983,151,-3170.7249999999403
97.715,-3.3299999999999983,151,-3170.7249999999403
97.715,-3.3299999999999983,151,-3170.7249999999403
97.715,-3.3299999999999983,151,-3170.7249999999403
97.715,-3.3299999999999983,131,-3204.0249999999396
97.715,-3.3299999999999983,129,-3207.3549999999395
97.715,-3.3299999999999983,129,-3207.3549999999395
97.715,-3.3299999999999983,129,-3207.3549999999395
97.715,-3.3299999999999983,129,-3207.3549999999395
97.715,-3.3299999999999983,129,-3207.3549999999395
97.715,-3.3299999999999983,129,-3207.3549999999395
97.715,-3.3299999999999983,129,-3207.3549999999395
97.715,-3.3299999999999983,129,-3207.3549999999395
97.715,-3.3299999999999983,129,-3207.3549999999395
97.715,-3.3299999999999983,129,-3207.3549999999395
97.715,-3.3299999999999983,129,-3207.3549999999395
97.715,-3.3299999999999983,129,-3207.3549999999395
97.715,-3.3299999999999983,129,-3207.3549999999395
97.715,-3.3299999999999983,129,-3207.3549999999395
97.715,-3.3299999999999983,129,-3207.3549999999395
97.715,-3.3299999999999983,129,-3207.3549999999395
97.715,-3.3299999999999983,129,-3207.3549999999395
97.715,-3.3299999999999983,129,-3207.3549999999395
97.715,-3.3299999999999983,129,-3207.3549999999395
97.715,-3.3299999999999983,129,-3207.3549999999395
97.715,-3.3299999999999983,131,-3210.6849999999395
97.715,-3.3299999999999983,131,-3210.6849999999395
97.715,-3.3299999999999983,131,-3210.6849999999395
97.715,-3.3299999999999983,131,-3210.6849999999395
97.715,-3.3299999999999983,131,-3210.6849999999395
97.715,-3.3299999999999983,130,-3212.3499999999403
97.715,-3.3299999999999983,130,-3212.3499999999403
97.715,-3.3299999999999983,129,-3214.014999999941
97.715,-3.3299999999999983,129,-3214.014999999941
97.72,-3.319999999999993,117,-3233.3599999999424
97.72,-3.319999999999993,117,-3233.3599999999424
97.72,-3.319999999999993,117,-3233.3599999999424
97.72,-3.319999999999993,117,-3233.3599999999424
97.72,-3.319999999999993,114,-3238.339999999942
97.72,-3.319999999999993,114,-3238.339999999942
97.72,-3.319999999999993,115,-3239.999999999942
97.72,-3.319999999999993,115,-3239.999999999942
97.72,-3.319999999999993,115,-3239.999999999942
97.72,-3.319999999999993,115,-3239.999999999942
97.72,-3.319999999999993,112,-3244.9799999999414
97.72,-3.319999999999993,112,-3244.9799999999414
97.72,-3.319999999999993,113,-3246.6399999999394
97.72,-3.319999999999993,113,-3246.6399999999394
97.72,-3.319999999999993,113,-3246.6399999999394
97.72,-3.319999999999993,123,-3263.2399999999398
97.72,-3.319999999999993,122,-3264.8999999999396
97.72,-3.319999999999993,122,-3264.8999999999396
97.72,-3.319999999999993,122,-3264.8999999999396
97.72,-3.319999999999993,130,-3278.1799999999403
97.72,-3.319999999999993,130,-3278.1799999999403
97.72,-3.319999999999993,130,-3278.1799999999403
97.72,-3.319999999999993,130,-3278.1799999999403
97.72,-3.319999999999993,130,-3278.1799999999403
97.72,-3.319999999999993,121,-3293.119999999941
97.72,-3.319999999999993,121,-3293.119999999941
97.72,-3.319999999999993,121,-3293.119999999941
97.72,-3.319999999999993,121,-3293.119999999941
97.72,-3.319999999999993,129,-3306.3999999999414
97.72,-3.319999999999993,129,-3306.3999999999414
97.72,-3.319999999999993,129,-3306.3999999999414
97.72,-3.319999999999993,135,-3316.3599999999387
97.72,-3.319999999999993,135,-3316.3599999999387
97.72,-3.319999999999993,135,-3316.3599999999387
97.72,-3.319999999999993,135,-3316.3599999999387
97.72,-3.319999999999993,135,-3316.3599999999387
97.72,-3.319999999999993,135,-3316.3599999999387
97.72,-3.319999999999993,135,-3316.3599999999387
97.72,-3.319999999999993,135,-3316.3599999999387
97.72,-3.319999999999993,135,-3316.3599999999387
97.72,-3.319999999999993,130,-3324.65999999994
97.72,-3.319999999999993,130,-3324.65999999994
97.72,-3.319999999999993,130,-3324.65999999994
97.72,-3.319999999999993,130,-3324.65999999994
97.72,-3.319999999999993,130,-3324.65999999994
97.72,-3.319999999999993,121,-3339.5999999999403
97.72,-3.319999999999993,120,-3341.25999999994
97.72,-3.319999999999993,109,-3359.5199999999404
97.72,-3.319999999999993,109,-3359.5199999999404
97.72,-3.319999999999993,111,-3362.83999999994
97.72,-3.319999999999993,111,-3362.83999999994
97.72,-3.319999999999993,111,-3362.83999999994
97.72,-3.319999999999993,111,-3362.83999999994
97.72,-3.319999999999993,111,-3362.83999999994
97.72,-3.319999999999993,111,-3362.83999999994
97.72,-3.319999999999993,111,-3362.83999999994
97.72,-3.319999999999993,118,-3374.459999999941
97.72,-3.319999999999993,118,-3374.459999999941
97.72,-3.319999999999993,118,-3374.459999999941
97.72,-3.319999999999993,118,-3374.459999999941
97.72,-3.319999999999993,118,-3374.459999999941
97.72,-3.319999999999993,124,-3384.41999999994
97.72,-3.319999999999993,124,-3384.41999999994
97.72,-3.319999999999993,124,-3384.41999999994
97.72,-3.319999999999993,125,-3386.07999999994
97.72,-3.319999999999993,125,-3386.07999999994
97.72,-3.319999999999993,125,-3386.07999999994
97.72,-3.319999999999993,125,-3386.07999999994
97.72,-3.319999999999993,125,-3386.07999999994
97.72,-3.319999999999993,125,-3386.07999999994
97.72,-3.319999999999993,125,-3386.07999999994
97.72,-3.319999999999993,125,-3386.07999999994
97.72,-3.319999999999993,125,-3386.07999999994
97.72,-3.319999999999993,126,-3387.7399999999398
97.72,-3.319999999999993,126,-3387.7399999999398
97.72,-3.319999999999993,126,-3387.7399999999398
97.72,-3.319999999999993,126,-3387.7399999999398
97.72,-3.319999999999993,126,-3387.7399999999398
97.72,-3.319999999999993,126,-3387.7399999999398
97.72,-3.319999999999993,126,-3387.7399999999398
97.72,-3.319999999999993,126,-3387.7399999999398
97.72,-3.319999999999993,124,-3391.0599999999376
97.72,-3.319999999999993,138,-3414.2999999999374
97.72,-3.319999999999993,132,-3424.2599999999384
97.72,-3.319999999999993,132,-3424.2599999999384
97.72,-3.319999999999993,128,-3430.899999999938
97.72,-3.319999999999993,128,-3430.899999999938
97.72,-3.319999999999993,128,-3430.899999999938
97.72,-3.319999999999993,128,-3430.899999999938
97.72,-3.319999999999993,128,-3430.899999999938
97.72,-3.319999999999993,128,-3430.899999999938
97.72,-3.319999999999993,128,-3430.899999999938
97.72,-3.319999999999993,128,-3430.899999999938
97.72,-3.319999999999993,128,-3430.899999999938
97.72,-3.319999999999993,128,-3430.899999999938
97.72,-3.319999999999993,130,-3434.2199999999375
97.72,-3.319999999999993,135,-3442.5199999999386
97.72,-3.319999999999993,135,-3442.5199999999386
97.72,-3.319999999999993,135,-3442.5199999999386
97.72,-3.319999999999993,135,-3442.5199999999386
97.72,-3.319999999999993,135,-3442.5199999999386
97.72,-3.319999999999993,137,-3445.8399999999383
97.72,-3.319999999999993,137,-3445.8399999999383
97.72,-3.319999999999993,137,-3445.8399999999383
97.72,-3.319999999999993,137,-3445.8399999999383
97.72,-3.319999999999993,137,-3445.8399999999383
97.72,-3.319999999999993,137,-3445.8399999999383
97.72,-3.319999999999993,150,-3467.4199999999364
97.715,-3.3100000000000023,154,-3474.8299999999363
97.715,-3.3100000000000023,154,-3474.8299999999363
97.715,-3.3100000000000023,154,-3474.8299999999363
97.715,-3.3100000000000023,154,-3474.8299999999363
97.715,-3.3100000000000023,154,-3474.8299999999363
97.715,-3.3100000000000023,154,-3474.8299999999363
97.715,-3.3100000000000023,154,-3474.8299999999363
97.715,-3.3100000000000023,154,-3474.8299999999363
97.715,-3.3100000000000023,154,-3474.8299999999363
97.715,-3.3100000000000023,154,-3474.8299999999363
97.715,-3.3100000000000023,154,-3474.8299999999363
97.715,-3.3100000000000023,167,-3496.3449999999375
97.715,-3.3100000000000023,167,-3496.3449999999375
97.715,-3.3100000000000023,167,-3496.3449999999375
97.715,-3.3100000000000023,173,-3506.2749999999396
97.715,-3.3100000000000023,168,-3514.549999999941
97.715,-3.3100000000000023,168,-3514.549999999941
97.715,-3.3100000000000023,168,-3514.549999999941
97.715,-3.3100000000000023,168,-3514.549999999941
97.715,-3.3100000000000023,169,-3516.20499999994
97.715,-3.3100000000000023,169,-3516.20499999994
97.715,-3.3100000000000023,169,-3516.20499999994
97.715,-3.3100000000000023,169,-3516.20499999994
97.715,-3.3100000000000023,169,-3516.20499999994
97.715,-3.3100000000000023,169,-3516.20499999994
97.715,-3.3100000000000023,168,-3517.8599999999387
97.715,-3.3100000000000023,168,-3517.8599999999387
97.715,-3.3100000000000023,168,-3517.8599999999387
97.715,-3.3100000000000023,168,-3517.8599999999387
97.715,-3.3100000000000023,168,-3517.8599999999387
97.715,-3.3100000000000023,168,-3517.8599999999387
97.715,-3.3100000000000023,179,-3536.064999999937
97.715,-3.3100000000000023,179,-3536.064999999937
97.715,-3.3100000000000023,182,-3541.029999999937
97.715,-3.3100000000000023,181,-3542.684999999936
97.715,-3.3100000000000023,181,-3542.684999999936
97.715,-3.3100000000000023,181,-3542.684999999936
97.715,-3.3100000000000023,181,-3542.684999999936
97.715,-3.3100000000000023,191,-3559.234999999935
97.715,-3.3100000000000023,191,-3559.234999999935
97.715,-3.3100000000000023,191,-3559.234999999935
97.715,-3.3100000000000023,191,-3559.234999999935
97.715,-3.3100000000000023,191,-3559.234999999935
97.715,-3.3100000000000023,194,-3564.199999999939
97.715,-3.3100000000000023,193,-3565.8549999999377
97.715,-3.3100000000000023,191,-3569.1649999999354
97.715,-3.3100000000000023,191,-3569.1649999999354
97.715,-3.3100000000000023,191,-3569.1649999999354
97.715,-3.3100000000000023,191,-3569.1649999999354
97.73,-3.280000000000001,185,-3576.1699999999364
97.73,-3.280000000000001,185,-3576.1699999999364
97.73,-3.280000000000001,185,-3576.1699999999364
97.73,-3.280000000000001,185,-3576.1699999999364
97.73,-3.280000000000001,181,-3582.729999999934
97.73,-3.280000000000001,198,-3610.609999999935
97.73,-3.280000000000001,198,-3610.609999999935
97.73,-3.280000000000001,198,-3610.609999999935
97.73,-3.280000000000001,198,-3610.609999999935
97.73,-3.280000000000001,198,-3610.609999999935
97.73,-3.280000000000001,198,-3610.609999999935
97.73,-3.280000000000001,211,-3631.929999999935
97.73,-3.280000000000001,211,-3631.929999999935
97.73,-3.280000000000001,211,-3631.929999999935
97.73,-3.280000000000001,212,-3633.569999999934
97.73,-3.280000000000001,212,-3633.569999999934
97.73,-3.280000000000001,212,-3633.569999999934
97.73,-3.280000000000001,212,-3633.569999999934
97.73,-3.280000000000001,212,-3633.569999999934
97.73,-3.280000000000001,212,-3633.569999999934
97.73,-3.280000000000001,212,-3633.569999999934
97.73,-3.280000000000001,212,-3633.569999999934
97.735,-3.2700000000000102,209,-3637.424999999934
97.735,-3.2700000000000102,209,-3637.424999999934
97.735,-3.2700000000000102,199,-3653.774999999936
97.735,-3.2700000000000102,199,-3653.774999999936
97.735,-3.2700000000000102,199,-3653.774999999936
97.735,-3.2700000000000102,199,-3653.774999999936
97.735,-3.2700000000000102,194,-3661.9499999999352
97.735,-3.2700000000000102,195,-3663.5849999999336
97.735,-3.2700000000000102,195,-3663.5849999999336
97.735,-3.2700000000000102,194,-3665.2199999999357
97.735,-3.2700000000000102,194,-3665.2199999999357
97.735,-3.2700000000000102,194,-3665.2199999999357
97.735,-3.2700000000000102,194,-3665.2199999999357
97.735,-3.2700000000000102,194,-3665.2199999999357
97.735,-3.2700000000000102,194,-3665.2199999999357
97.735,-3.2700000000000102,190,-3671.759999999933
97.735,-3.2700000000000102,190,-3671.759999999933
97.735,-3.2700000000000102,190,-3671.759999999933
97.735,-3.2700000000000102,199,-3686.4749999999367
97.735,-3.2700000000000102,199,-3686.4749999999367
97.735,-3.2700000000000102,199,-3686.4749999999367
97.735,-3.2700000000000102,203,-3693.0149999999376
97.735,-3.2700000000000102,204,-3694.649999999936
97.735,-3.2700000000000102,204,-3694.649999999936
97.735,-3.2700000000000102,204,-3694.649999999936
97.735,-3.2700000000000102,204,-3694.649999999936
97.735,-3.2700000000000102,204,-3694.649999999936
97.735,-3.2700000000000102,204,-3694.649999999936
97.735,-3.2700000000000102,204,-3694.649999999936
97.735,-3.2700000000000102,195,-3709.3649999999325
97.735,-3.2700000000000102,194,-3710.9999999999345
97.735,-3.2700000000000102,194,-3710.9999999999345
97.735,-3.2700000000000102,194,-3710.9999999999345
97.735,-3.2700000000000102,194,-3710.9999999999345
97.735,-3.2700000000000102,194,-3710.9999999999345
97.735,-3.2700000000000102,194,-3710.9999999999345
97.735,-3.2700000000000102,194,-3710.9999999999345
97.735,-3.2700000000000102,194,-3710.9999999999345
97.735,-3.2700000000000102,194,-3710.9999999999345
97.735,-3.2700000000000102,194,-3710.9999999999345
97.735,-3.2700000000000102,194,-3710.9999999999345
97.735,-3.2700000000000102,194,-3710.9999999999345
97.735,-3.2700000000000102,194,-3710.9999999999345
97.735,-3.2700000000000102,196,-3714.269999999935
97.735,-3.2700000000000102,196,-3714.269999999935
97.735,-3.2700000000000102,196,-3714.269999999935
97.735,-3.2700000000000102,196,-3714.269999999935
97.735,-3.2700000000000102,196,-3714.269999999935
97.735,-3.2700000000000102,196,-3714.269999999935
97.735,-3.2700000000000102,191,-3722.444999999938
97.735,-3.2700000000000102,191,-3722.444999999938
97.735,-3.2700000000000102,208,-3750.239999999936
97.735,-3.2700000000000102,207,-3751.874999999938
97.735,-3.2700000000000102,207,-3751.874999999938
97.735,-3.2700000000000102,204,-3756.7799999999406
97.735,-3.2700000000000102,204,-3756.7799999999406
97.735,-3.2700000000000102,204,-3756.7799999999406
97.735,-3.2700000000000102,204,-3756.7799999999406
97.735,-3.2700000000000102,204,-3756.7799999999406
97.735,-3.2700000000000102,204,-3756.7799999999406
97.735,-3.2700000000000102,204,-3756.7799999999406
97.735,-3.2700000000000102,204,-3756.7799999999406
97.735,-3.2700000000000102,207,-3761.6849999999395
97.735,-3.2700000000000102,199,-3774.764999999941
97.735,-3.2700000000000102,200,-3776.3999999999396
97.735,-3.2700000000000102,200,-3776.3999999999396
97.735,-3.2700000000000102,200,-3776.3999999999396
97.735,-3.2700000000000102,200,-3776.3999999999396
97.735,-3.2700000000000102,200,-3776.3999999999396
97.735,-3.2700000000000102,200,-3776.3999999999396
97.735,-3.2700000000000102,200,-3776.3999999999396
97.735,-3.2700000000000102,202,-3779.66999999994
97.735,-3.2700000000000102,202,-3779.66999999994
97.735,-3.2700000000000102,202,-3779.66999999994
97.735,-3.2700000000000102,202,-3779.66999999994
97.735,-3.2700000000000102,202,-3779.66999999994
97.735,-3.2700000000000102,202,-3779.66999999994
97.735,-3.2700000000000102,209,-3791.1149999999398
97.735,-3.2700000000000102,209,-3791.1149999999398
97.735,-3.2700000000000102,209,-3791.1149999999398
97.735,-3.2700000000000102,209,-3791.1149999999398
97.735,-3.2700000000000102,209,-3791.1149999999398
97.735,-3.2700000000000102,209,-3791.1149999999398
97.735,-3.2700000000000102,209,-3791.1149999999398
97.735,-3.2700000000000102,210,-3792.749999999942
97.735,-3.2700000000000102,210,-3792.749999999942
97.735,-3.2700000000000102,209,-3794.38499999994
97.735,-3.2700000000000102,209,-3794.38499999994
97.735,-3.2700000000000102,209,-3794.38499999994
97.735,-3.2700000000000102,209,-3794.38499999994
97.735,-3.2700000000000102,209,-3794.38499999994
97.735,-3.2700000000000102,209,-3794.38499999994
97.735,-3.2700000000000102,209,-3794.38499999994
97.735,-3.2700000000000102,209,-3794.38499999994
97.735,-3.2700000000000102,211,-3797.6549999999443
97.735,-3.2700000000000102,211,-3797.6549999999443
97.735,-3.2700000000000102,222,-3815.639999999945
97.735,-3.2700000000000102,220,-3818.9099999999416
97.735,-3.2700000000000102,220,-3818.9099999999416
97.735,-3.2700000000000102,220,-3818.9099999999416
97.735,-3.2700000000000102,222,-3822.1799999999457
97.735,-3.2700000000000102,222,-3822.1799999999457
97.735,-3.2700000000000102,222,-3822.1799999999457
97.735,-3.2700000000000102,222,-3822.1799999999457
97.735,-3.2700000000000102,222,-3822.1799999999457
97.735,-3.2700000000000102,222,-3822.1799999999457
97.735,-3.2700000000000102,222,-3822.1799999999457
97.735,-3.2700000000000102,220,-3825.4499999999425
97.735,-3.2700000000000102,214,-3835.259999999944
97.735,-3.2700000000000102,214,-3835.259999999944
97.735,-3.2700000000000102,219,-3843.434999999943
97.735,-3.2700000000000102,219,-3843.434999999943
97.735,-3.2700000000000102,219,-3843.434999999943
97.735,-3.2700000000000102,219,-3843.434999999943
97.735,-3.2700000000000102,216,-3848.3399999999456
97.735,-3.2700000000000102,210,-3858.149999999947
97.735,-3.2700000000000102,210,-3858.149999999947
97.735,-3.2700000000000102,213,-3863.0549999999457
97.735,-3.2700000000000102,227,-3885.944999999945
97.735,-3.2700000000000102,227,-3885.944999999945
97.735,-3.2700000000000102,227,-3885.944999999945
97.735,-3.2700000000000102,230,-3890.8499999999476
97.735,-3.2700000000000102,230,-3890.8499999999476
97.74000000000001,-3.260000000000005,225,-3897.859999999946
97.74000000000001,-3.260000000000005,225,-3897.859999999946
97.74000000000001,-3.260000000000005,225,-3897.859999999946
97.74000000000001,-3.260000000000005,225,-3897.859999999946
97.74000000000001,-3.260000000000005,225,-3897.859999999946
97.74000000000001,-3.260000000000005,225,-3897.859999999946
97.74000000000001,-3.260000000000005,225,-3897.859999999946
97.74000000000001,-3.260000000000005,225,-3897.859999999946
97.74000000000001,-3.260000000000005,225,-3897.859999999946
97.74000000000001,-3.260000000000005,225,-3897.859999999946
97.74000000000001,-3.260000000000005,225,-3897.859999999946
97.74000000000001,-3.260000000000005,226,-3899.489999999947
97.74000000000001,-3.260000000000005,226,-3899.489999999947
97.74000000000001,-3.260000000000005,226,-3899.489999999947
97.74000000000001,-3.260000000000005,226,-3899.489999999947
97.74000000000001,-3.260000000000005,224,-3902.7499999999454
97.74000000000001,-3.260000000000005,224,-3902.7499999999454
97.74000000000001,-3.260000000000005,224,-3902.7499999999454
97.74000000000001,-3.260000000000005,224,-3902.7499999999454
97.74000000000001,-3.260000000000005,224,-3902.7499999999454
97.74000000000001,-3.260000000000005,224,-3902.7499999999454
97.74000000000001,-3.260000000000005,224,-3902.7499999999454
97.74000000000001,-3.260000000000005,224,-3902.7499999999454
97.74000000000001,-3.260000000000005,224,-3902.7499999999454
97.74000000000001,-3.260000000000005,224,-3902.7499999999454
97.74000000000001,-3.260000000000005,224,-3902.7499999999454
97.76,-3.219999999999999,211,-3919.3599999999497
97.76,-3.219999999999999,211,-3919.3599999999497
97.765,-3.210000000000008,210,-3919.9199999999473
97.765,-3.210000000000008,210,-3919.9199999999473
97.765,-3.210000000000008,210,-3919.9199999999473
97.765,-3.210000000000008,210,-3919.9199999999473
97.765,-3.210000000000008,210,-3919.9199999999473
97.765,-3.210000000000008,210,-3919.9199999999473
97.765,-3.210000000000008,210,-3919.9199999999473
97.765,-3.210000000000008,209,-3921.5249999999505
97.765,-3.210000000000008,209,-3921.5249999999505
97.765,-3.210000000000008,214,-3929.5499999999483
97.765,-3.210000000000008,214,-3929.5499999999483
97.765,-3.210000000000008,214,-3929.5499999999483
97.765,-3.210000000000008,220,-3939.1799999999494
97.765,-3.210000000000008,220,-3939.1799999999494
97.765,-3.210000000000008,224,-3945.5999999999476
97.765,-3.210000000000008,224,-3945.5999999999476
97.765,-3.210000000000008,224,-3945.5999999999476
97.765,-3.210000000000008,224,-3945.5999999999476
97.765,-3.210000000000008,224,-3945.5999999999476
97.765,-3.210000000000008,224,-3945.5999999999476
97.765,-3.210000000000008,224,-3945.5999999999476
97.765,-3.210000000000008,224,-3945.5999999999476
97.765,-3.210000000000008,224,-3945.5999999999476
97.765,-3.210000000000008,224,-3945.5999999999476
97.765,-3.210000000000008,218,-3955.2299999999486
97.765,-3.210000000000008,209,-3969.674999999952
97.765,-3.210000000000008,211,-3972.884999999951
97.765,-3.210000000000008,211,-3972.884999999951
97.765,-3.210000000000008,211,-3972.884999999951
97.765,-3.210000000000008,211,-3972.884999999951
97.765,-3.210000000000008,211,-3972.884999999951
97.765,-3.210000000000008,211,-3972.884999999951
97.765,-3.210000000000008,211,-3972.884999999951
97.765,-3.210000000000008,211,-3972.884999999951
97.765,-3.210000000000008,211,-3972.884999999951
97.765,-3.210000000000008,211,-3972.884999999951
97.765,-3.210000000000008,212,-3974.4899999999507
97.765,-3.210000000000008,212,-3974.4899999999507
97.765,-3.210000000000008,222,-3990.53999999995
97.765,-3.210000000000008,222,-3990.53999999995
97.765,-3.210000000000008,222,-3990.53999999995
97.765,-3.210000000000008,222,-3990.53999999995
97.765,-3.210000000000008,224,-3993.7499999999527
97.765,-3.210000000000008,224,-3993.7499999999527
97.765,-3.210000000000008,224,-3993.7499999999527
97.765,-3.210000000000008,224,-3993.7499999999527
97.765,-3.210000000000008,224,-3993.7499999999527
97.765,-3.210000000000008,223,-3995.3549999999523
97.765,-3.210000000000008,223,-3995.3549999999523
97.765,-3.210000000000008,223,-3995.3549999999523
97.765,-3.210000000000008,223,-3995.3549999999523
97.765,-3.210000000000008,223,-3995.3549999999523
97.765,-3.210000000000008,223,-3995.3549999999523
97.765,-3.210000000000008,223,-3995.3549999999523
97.765,-3.210000000000008,223,-3995.3549999999523
97.765,-3.210000000000008,223,-3995.3549999999523
97.765,-3.210000000000008,223,-3995.3549999999523
97.765,-3.210000000000008,223,-3995.3549999999523
97.765,-3.210000000000008,223,-3995.3549999999523
97.765,-3.210000000000008,223,-3995.3549999999523
97.765,-3.210000000000008,220,-4000.1699999999546
97.765,-3.210000000000008,215,-4008.194999999956
97.765,-3.210000000000008,202,-4029.059999999954
97.765,-3.210000000000008,202,-4029.059999999954
97.765,-3.210000000000008,202,-4029.059999999954
97.765,-3.210000000000008,202,-4029.059999999954
97.765,-3.210000000000008,202,-4029.059999999954
97.765,-3.210000000000008,202,-4029.059999999954
97.765,-3.210000000000008,202,-4029.059999999954
97.765,-3.210000000000008,202,-4029.059999999954
97.765,-3.210000000000008,202,-4029.059999999954
97.765,-3.210000000000008,202,-4029.059999999954
97.765,-3.210000000000008,202,-4029.059999999954
97.765,-3.210000000000008,202,-4029.059999999954
97.765,-3.210000000000008,202,-4029.059999999954
97.765,-3.210000000000008,202,-4029.059999999954
97.765,-3.210000000000008,202,-4029.059999999954
97.765,-3.210000000000008,201,-4030.6649999999536
97.765,-3.210000000000008,201,-4030.6649999999536
97.765,-3.210000000000008,202,-4032.269999999953
97.765,-3.210000000000008,202,-4032.269999999953
97.765,-3.210000000000008,206,-4038.6899999999514
97.765,-3.210000000000008,206,-4038.6899999999514
97.765,-3.210000000000008,206,-4038.6899999999514
97.765,-3.210000000000008,206,-4038.6899999999514
97.765,-3.210000000000008,206,-4038.6899999999514
97.765,-3.210000000000008,206,-4038.6899999999514
97.765,-3.210000000000008,202,-4045.1099999999533
97.765,-3.210000000000008,202,-4045.1099999999533
97.765,-3.210000000000008,202,-4045.1099999999533
97.765,-3.210000000000008,201,-4046.714999999953
97.765,-3.210000000000008,207,-4056.344999999954
97.765,-3.210000000000008,207,-4056.344999999954
97.765,-3.210000000000008,207,-4056.344999999954
97.765,-3.210000000000008,217,-4072.394999999953
97.765,-3.210000000000008,216,-4073.9999999999527
97.765,-3.210000000000008,216,-4073.9999999999527
97.765,-3.210000000000008,216,-4073.9999999999527
97.765,-3.210000000000008,216,-4073.9999999999527
97.765,-3.210000000000008,216,-4073.9999999999527
97.765,-3.210000000000008,216,-4073.9999999999527
97.765,-3.210000000000008,216,-4073.9999999999527
97.765,-3.210000000000008,214,-4077.2099999999555
97.765,-3.210000000000008,214,-4077.2099999999555
97.765,-3.210000000000008,214,-4077.2099999999555
97.765,-3.210000000000008,214,-4077.2099999999555
97.765,-3.210000000000008,214,-4077.2099999999555
97.765,-3.210000000000008,214,-4077.2099999999555
97.765,-3.210000000000008,215,-4078.814999999955
97.765,-3.210000000000008,215,-4078.814999999955
97.765,-3.210000000000008,215,-4078.814999999955
97.765,-3.210000000000008,216,-4080.419999999951
97.765,-3.210000000000008,216,-4080.419999999951
97.765,-3.210000000000008,216,-4080.419999999951
97.765,-3.210000000000008,216,-4080.419999999951
97.765,-3.210000000000008,217,-4082.0249999999505
97.765,-3.210000000000008,217,-4082.0249999999505
97.765,-3.210000000000008,217,-4082.0249999999505
97.765,-3.210000000000008,217,-4082.0249999999505
97.765,-3.210000000000008,217,-4082.0249999999505
97.765,-3.210000000000008,217,-4082.0249999999505
97.765,-3.210000000000008,217,-4082.0249999999505
97.765,-3.210000000000008,217,-4082.0249999999505
97.765,-3.210000000000008,217,-4082.0249999999505
97.765,-3.210000000000008,217,-4082.0249999999505
97.765,-3.210000000000008,217,-4082.0249999999505
97.765,-3.210000000000008,216,-4083.62999999995
97.765,-3.210000000000008,216,-4083.62999999995
97.765,-3.210000000000008,216,-4083.62999999995
97.765,-3.210000000000008,217,-4085.2349999999497
97.765,-3.210000000000008,208,-4099.679999999953
97.765,-3.210000000000008,207,-4101.284999999953
97.765,-3.210000000000008,207,-4101.284999999953
97.765,-3.210000000000008,207,-4101.284999999953
97.765,-3.210000000000008,207,-4101.284999999953
97.765,-3.210000000000008,207,-4101.284999999953
97.765,-3.210000000000008,207,-4101.284999999953
97.765,-3.210000000000008,207,-4101.284999999953
97.765,-3.210000000000008,207,-4101.284999999953
97.765,-3.210000000000008,207,-4101.284999999953
97.765,-3.210000000000008,203,-4107.704999999951
97.765,-3.210000000000008,203,-4107.704999999951
97.765,-3.210000000000008,203,-4107.704999999951
97.765,-3.210000000000008,203,-4107.704999999951
97.765,-3.210000000000008,203,-4107.704999999951
97.765,-3.210000000000008,203,-4107.704999999951
97.765,-3.210000000000008,203,-4107.704999999951
97.765,-3.210000000000008,203,-4107.704999999951
97.765,-3.210000000000008,203,-4107.704999999951
97.765,-3.210000000000008,202,-4109.309999999954
97.765,-3.210000000000008,202,-4109.309999999954
97.765,-3.210000000000008,202,-4109.309999999954
97.765,-3.210000000000008,203,-4110.91499999995
97.765,-3.210000000000008,204,-4112.5199999999495
97.765,-3.210000000000008,205,-4114.124999999949
97.765,-3.210000000000008,205,-4114.124999999949
97.765,-3.210000000000008,205,-4114.124999999949
97.765,-3.210000000000008,205,-4114.124999999949
97.765,-3.210000000000008,205,-4114.124999999949
97.765,-3.210000000000008,203,-4117.334999999948
97.765,-3.210000000000008,200,-4122.1499999999505
97.765,-3.210000000000008,200,-4122.1499999999505
97.765,-3.210000000000008,200,-4122.1499999999505
97.765,-3.210000000000008,200,-4122.1499999999505
97.765,-3.210000000000008,200,-4122.1499999999505
97.765,-3.210000000000008,198,-4125.35999999995
97.765,-3.210000000000008,198,-4125.35999999995
97.765,-3.210000000000008,197,-4126.964999999949
97.765,-3.210000000000008,197,-4126.964999999949
97.765,-3.210000000000008,197,-4126.964999999949
97.765,-3.210000000000008,197,-4126.964999999949
97.765,-3.210000000000008,197,-4126.964999999949
97.765,-3.210000000000008,197,-4126.964999999949
97.765,-3.210000000000008,199,-4130.174999999952
97.765,-3.210000000000008,199,-4130.174999999952
97.7625,-3.2050000000000125,203,-4137.0924999999515
97.7625,-3.2050000000000125,203,-4137.0924999999515
97.7625,-3.2050000000000125,203,-4137.0924999999515
97.7625,-3.2050000000000125,203,-4137.0924999999515
97.75999999999999,-3.200000000000003,220,-4164.824999999957
97.75999999999999,-3.200000000000003,220,-4164.824999999957
97.75999999999999,-3.200000000000003,220,-4164.824999999957
97.75999999999999,-3.200000000000003,221,-4166.424999999956
97.75999999999999,-3.200000000000003,221,-4166.424999999956
97.75999999999999,-3.200000000000003,221,-4166.424999999956
97.75999999999999,-3.200000000000003,221,-4166.424999999956
97.75999999999999,-3.200000000000003,221,-4166.424999999956
97.75999999999999,-3.200000000000003,234,-4187.2249999999585
97.75999999999999,-3.200000000000003,234,-4187.2249999999585
97.75999999999999,-3.200000000000003,234,-4187.2249999999585
97.75999999999999,-3.200000000000003,239,-4195.224999999955
97.75999999999999,-3.200000000000003,239,-4195.224999999955
97.75999999999999,-3.200000000000003,239,-4195.224999999955
97.75999999999999,-3.200000000000003,239,-4195.224999999955
97.75999999999999,-3.200000000000003,239,-4195.224999999955
97.75999999999999,-3.200000000000003,239,-4195.224999999955
97.75999999999999,-3.200000000000003,233,-4204.824999999957
97.75999999999999,-3.200000000000003,233,-4204.824999999957
97.75999999999999,-3.200000000000003,233,-4204.824999999957
97.75999999999999,-3.200000000000003,235,-4208.024999999958
97.75999999999999,-3.200000000000003,235,-4208.024999999958
97.75999999999999,-3.200000000000003,226,-4222.424999999959
97.75999999999999,-3.200000000000003,226,-4222.424999999959
97.75999999999999,-3.200000000000003,223,-4227.2249999999585
97.75999999999999,-3.200000000000003,223,-4227.2249999999585
97.75999999999999,-3.200000000000003,223,-4227.2249999999585
97.75999999999999,-3.200000000000003,223,-4227.2249999999585
97.75999999999999,-3.200000000000003,223,-4227.2249999999585
97.75999999999999,-3.200000000000003,223,-4227.2249999999585
97.75999999999999,-3.200000000000003,223,-4227.2249999999585
97.75999999999999,-3.200000000000003,224,-4228.824999999961
97.75999999999999,-3.200000000000003,224,-4228.824999999961
97.75999999999999,-3.200000000000003,224,-4228.824999999961
97.75999999999999,-3.200000000000003,228,-4235.2249999999585
97.75999999999999,-3.200000000000003,228,-4235.2249999999585
97.75999999999999,-3.200000000000003,228,-4235.2249999999585
97.75999999999999,-3.200000000000003,228,-4235.2249999999585
97.75999999999999,-3.200000000000003,228,-4235.2249999999585
97.75999999999999,-3.200000000000003,228,-4235.2249999999585
97.75999999999999,-3.200000000000003,228,-4235.2249999999585
97.75999999999999,-3.200000000000003,228,-4235.2249999999585
97.75999999999999,-3.200000000000003,228,-4235.2249999999585
97.75999999999999,-3.200000000000003,228,-4235.2249999999585
97.75999999999999,-3.200000000000003,228,-4235.2249999999585
97.75999999999999,-3.200000000000003,228,-4235.2249999999585
97.775,-3.1700000000000017,224,-4238.174999999956
97.775,-3.1700000000000017,224,-4238.174999999956
97.775,-3.1700000000000017,224,-4238.174999999956
97.775,-3.1700000000000017,224,-4238.174999999956
97.775,-3.1700000000000017,224,-4238.174999999956
97.775,-3.1700000000000017,224,-4238.174999999956
97.775,-3.1700000000000017,224,-4238.174999999956
97.775,-3.1700000000000017,231,-4249.269999999957
97.775,-3.1700000000000017,231,-4249.269999999957
97.775,-3.1700000000000017,231,-4249.269999999957
97.775,-3.1700000000000017,231,-4249.269999999957
97.775,-3.1700000000000017,235,-4255.609999999957
97.775,-3.1700000000000017,230,-4263.534999999956
97.775,-3.1700000000000017,230,-4263.534999999956
97.775,-3.1700000000000017,230,-4263.534999999956
97.775,-3.1700000000000017,230,-4263.534999999956
97.775,-3.1700000000000017,226,-4269.874999999956
97.775,-3.1700000000000017,226,-4269.874999999956
97.775,-3.1700000000000017,226,-4269.874999999956
97.775,-3.1700000000000017,226,-4269.874999999956
97.775,-3.1700000000000017,226,-4269.874999999956
97.775,-3.1700000000000017,231,-4277.799999999956
97.775,-3.1700000000000017,231,-4277.799999999956
97.78,-3.1599999999999966,223,-4289.364999999958
97.78,-3.1599999999999966,223,-4289.364999999958
97.78,-3.1599999999999966,223,-4289.364999999958
97.78,-3.1599999999999966,223,-4289.364999999958
97.78,-3.1599999999999966,208,-4313.064999999955
97.78,-3.1599999999999966,208,-4313.064999999955
97.78,-3.1599999999999966,208,-4313.064999999955
97.78,-3.1599999999999966,208,-4313.064999999955
97.78,-3.1599999999999966,205,-4317.804999999957
97.78,-3.1599999999999966,205,-4317.804999999957
97.78,-3.1599999999999966,205,-4317.804999999957
97.78,-3.1599999999999966,196,-4332.024999999958
97.78,-3.1599999999999966,196,-4332.024999999958
97.78,-3.1599999999999966,196,-4332.024999999958
97.78,-3.1599999999999966,196,-4332.024999999958
97.78,-3.1599999999999966,196,-4332.024999999958
97.78,-3.1599999999999966,196,-4332.024999999958
97.78,-3.1599999999999966,200,-4338.3449999999575
97.78,-3.1599999999999966,188,-4357.304999999957
97.78,-3.1599999999999966,188,-4357.304999999957
97.78,-3.1599999999999966,188,-4357.304999999957
97.78,-3.1599999999999966,188,-4357.304999999957
97.78,-3.1599999999999966,188,-4357.304999999957
97.78,-3.1599999999999966,188,-4357.304999999957
97.78,-3.1599999999999966,188,-4357.304999999957
97.78,-3.1599999999999966,188,-4357.304999999957
97.78,-3.1599999999999966,188,-4357.304999999957
97.78,-3.1599999999999966,188,-4357.304999999957
97.78,-3.1599999999999966,188,-4357.304999999957
97.78,-3.1599999999999966,188,-4357.304999999957
97.78,-3.1599999999999966,188,-4357.304999999957
97.78,-3.1599999999999966,188,-4357.304999999957
97.78,-3.1599999999999966,188,-4357.304999999957
97.78,-3.1599999999999966,188,-4357.304999999957
97.78,-3.1599999999999966,188,-4357.304999999957
97.78,-3.1599999999999966,188,-4357.304999999957
97.78,-3.1599999999999966,188,-4357.304999999957
97.78,-3.1599999999999966,191,-4362.044999999958
97.78,-3.1599999999999966,191,-4362.044999999958
97.78,-3.1599999999999966,191,-4362.044999999958
97.78,-3.1599999999999966,191,-4362.044999999958
97.78,-3.1599999999999966,191,-4362.044999999958
97.78,-3.1599999999999966,180,-4379.424999999956
97.78,-3.1599999999999966,180,-4379.424999999956
97.78,-3.1599999999999966,180,-4379.424999999956
97.78,-3.1599999999999966,180,-4379.424999999956
97.78,-3.1599999999999966,181,-4381.004999999957
97.78,-3.1599999999999966,181,-4381.004999999957
97.78,-3.1599999999999966,181,-4381.004999999957
97.78,-3.1599999999999966,181,-4381.004999999957
97.78,-3.1599999999999966,188,-4392.064999999959
97.78,-3.1599999999999966,188,-4392.064999999959
97.78,-3.1599999999999966,188,-4392.064999999959
97.78,-3.1599999999999966,188,-4392.064999999959
97.78,-3.1599999999999966,188,-4392.064999999959
97.775,-3.1499999999999915,197,-4407.249999999956
97.775,-3.1499999999999915,197,-4407.249999999956
97.775,-3.1499999999999915,197,-4407.249999999956
97.775,-3.1499999999999915,190,-4418.274999999958
97.775,-3.1499999999999915,190,-4418.274999999958
97.775,-3.1499999999999915,190,-4418.274999999958
97.775,-3.1499999999999915,190,-4418.274999999958
97.775,-3.1499999999999915,190,-4418.274999999958
97.775,-3.1499999999999915,190,-4418.274999999958
97.775,-3.1499999999999915,190,-4418.274999999958
97.775,-3.1499999999999915,182,-4430.87499999996
97.775,-3.1499999999999915,182,-4430.87499999996
97.775,-3.1499999999999915,182,-4430.87499999996
97.775,-3.1499999999999915,182,-4430.87499999996
97.775,-3.1499999999999915,181,-4432.449999999957
97.775,-3.1499999999999915,187,-4441.899999999958
97.775,-3.1499999999999915,187,-4441.899999999958
97.775,-3.1499999999999915,187,-4441.899999999958
97.775,-3.1499999999999915,170,-4468.674999999956
97.775,-3.1499999999999915,170,-4468.674999999956
97.775,-3.1499999999999915,170,-4468.674999999956
97.775,-3.1499999999999915,173,-4473.399999999954
97.775,-3.1499999999999915,173,-4473.399999999954
97.775,-3.1499999999999915,173,-4473.399999999954
97.775,-3.1499999999999915,173,-4473.399999999954
97.775,-3.1499999999999915,173,-4473.399999999954
97.775,-3.1499999999999915,173,-4473.399999999954
97.775,-3.1499999999999915,173,-4473.399999999954
97.775,-3.1499999999999915,173,-4473.399999999954
97.775,-3.1499999999999915,163,-4489.149999999954
97.775,-3.1499999999999915,165,-4492.299999999954
97.775,-3.1499999999999915,165,-4492.299999999954
97.775,-3.1499999999999915,156,-4506.474999999955
97.775,-3.1499999999999915,156,-4506.474999999955
97.775,-3.1499999999999915,156,-4506.474999999955
97.775,-3.1499999999999915,156,-4506.474999999955
97.775,-3.1499999999999915,156,-4506.474999999955
97.775,-3.1499999999999915,156,-4506.474999999955
97.775,-3.1499999999999915,159,-4511.199999999955
97.775,-3.1499999999999915,148,-4528.524999999954
97.775,-3.1499999999999915,147,-4530.099999999953
97.775,-3.1499999999999915,147,-4530.099999999953
97.775,-3.1499999999999915,147,-4530.099999999953
97.775,-3.1499999999999915,147,-4530.099999999953
97.775,-3.1499999999999915,147,-4530.099999999953
97.775,-3.1499999999999915,147,-4530.099999999953
97.775,-3.1499999999999915,146,-4531.674999999952
97.775,-3.1499999999999915,160,-4553.724999999955
97.775,-3.1499999999999915,160,-4553.724999999955
97.775,-3.1499999999999915,160,-4553.724999999955
97.775,-3.1499999999999915,160,-4553.724999999955
97.775,-3.1499999999999915,160,-4553.724999999955
97.775,-3.1499999999999915,160,-4553.724999999955
97.775,-3.1499999999999915,160,-4553.724999999955
97.775,-3.1499999999999915,160,-4553.724999999955
97.775,-3.1499999999999915,160,-4553.724999999955
97.775,-3.1499999999999915,160,-4553.724999999955
97.775,-3.1499999999999915,165,-4561.599999999953
97.775,-3.1499999999999915,165,-4561.599999999953
97.775,-3.1499999999999915,165,-4561.599999999953
97.775,-3.1499999999999915,166,-4563.174999999952
97.775,-3.1499999999999915,166,-4563.174999999952
97.775,-3.1499999999999915,166,-4563.174999999952
97.775,-3.1499999999999915,166,-4563.174999999952
97.775,-3.1499999999999915,166,-4563.174999999952
97.775,-3.1499999999999915,166,-4563.174999999952
97.775,-3.1499999999999915,166,-4563.174999999952
97.775,-3.1499999999999915,166,-4563.174999999952
97.775,-3.1499999999999915,163,-4567.899999999954
97.775,-3.1499999999999915,163,-4567.899999999954
97.775,-3.1499999999999915,177,-4589.949999999957
97.775,-3.1499999999999915,177,-4589.949999999957
97.775,-3.1499999999999915,177,-4589.949999999957
97.775,-3.1499999999999915,177,-4589.949999999957
97.775,-3.1499999999999915,180,-4594.674999999956
97.775,-3.1499999999999915,180,-4594.674999999956
97.775,-3.1499999999999915,180,-4594.674999999956
97.775,-3.1499999999999915,180,-4594.674999999956
97.775,-3.1499999999999915,181,-4596.249999999953
97.775,-3.1499999999999915,181,-4596.249999999953
97.775,-3.1499999999999915,181,-4596.249999999953
97.775,-3.1499999999999915,181,-4596.249999999953
97.775,-3.1499999999999915,179,-4599.3999999999505
97.775,-3.1499999999999915,179,-4599.3999999999505
97.775,-3.1499999999999915,180,-4600.974999999951
97.775,-3.1499999999999915,180,-4600.974999999951
97.775,-3.1499999999999915,180,-4600.974999999951
97.775,-3.1499999999999915,176,-4607.2749999999505
97.775,-3.1499999999999915,176,-4607.2749999999505
97.775,-3.1499999999999915,176,-4607.2749999999505
97.775,-3.1499999999999915,176,-4607.2749999999505
97.775,-3.1499999999999915,176,-4607.2749999999505
97.775,-3.1499999999999915,178,-4610.424999999952
97.775,-3.1499999999999915,176,-4613.57499999995
97.775,-3.1499999999999915,175,-4615.1499999999505
97.775,-3.1499999999999915,175,-4615.1499999999505
97.775,-3.1499999999999915,181,-4624.599999999948
97.775,-3.1499999999999915,181,-4624.599999999948
97.775,-3.1499999999999915,181,-4624.599999999948
97.775,-3.1499999999999915,181,-4624.599999999948
97.775,-3.1499999999999915,181,-4624.599999999948
97.775,-3.1499999999999915,181,-4624.599999999948
97.775,-3.1499999999999915,181,-4624.599999999948
97.78,-3.1400000000000006,177,-4630.00499999995
97.78,-3.1400000000000006,177,-4630.00499999995
97.78,-3.1400000000000006,187,-4645.704999999951
97.78,-3.1400000000000006,187,-4645.704999999951
97.78,-3.1400000000000006,187,-4645.704999999951
97.78,-3.1400000000000006,187,-4645.704999999951
97.78,-3.1400000000000006,187,-4645.704999999951
97.78,-3.1400000000000006,188,-4647.2749999999505
97.78,-3.1400000000000006,188,-4647.2749999999505
97.78,-3.1400000000000006,188,-4647.2749999999505
97.78,-3.1400000000000006,188,-4647.2749999999505
97.78,-3.1400000000000006,188,-4647.2749999999505
97.78,-3.1400000000000006,188,-4647.2749999999505
97.78,-3.1400000000000006,194,-4656.694999999949
97.78,-3.1400000000000006,190,-4662.974999999948
97.78,-3.1400000000000006,190,-4662.974999999948
97.78,-3.1400000000000006,189,-4664.544999999947
97.78,-3.1400000000000006,184,-4672.3949999999495
97.78,-3.1400000000000006,184,-4672.3949999999495
97.775,-3.1300000000000097,194,-4689.064999999948
97.775,-3.1300000000000097,194,-4689.064999999948
97.775,-3.1300000000000097,194,-4689.064999999948
97.775,-3.1300000000000097,194,-4689.064999999948
97.775,-3.1300000000000097,190,-4695.32499999995
97.775,-3.1300000000000097,190,-4695.32499999995
97.775,-3.1300000000000097,190,-4695.32499999995
97.775,-3.1300000000000097,190,-4695.32499999995
97.775,-3.1300000000000097,190,-4695.32499999995
97.775,-3.1300000000000097,190,-4695.32499999995
97.775,-3.1300000000000097,190,-4695.32499999995
97.775,-3.1300000000000097,190,-4695.32499999995
97.775,-3.1300000000000097,190,-4695.32499999995
97.775,-3.1300000000000097,187,-4700.0199999999495
97.775,-3.1300000000000097,187,-4700.0199999999495
97.775,-3.1300000000000097,187,-4700.0199999999495
97.775,-3.1300000000000097,187,-4700.0199999999495
97.775,-3.1300000000000097,187,-4700.0199999999495
97.775,-3.1300000000000097,187,-4700.0199999999495
97.775,-3.1300000000000097,187,-4700.0199999999495
97.775,-3.1300000000000097,187,-4700.0199999999495
97.775,-3.1300000000000097,188,-4701.584999999948
97.775,-3.1300000000000097,188,-4701.584999999948
97.775,-3.1300000000000097,188,-4701.584999999948
97.775,-3.1300000000000097,188,-4701.584999999948
97.775,-3.1300000000000097,188,-4701.584999999948
97.775,-3.1300000000000097,188,-4701.584999999948
97.775,-3.1300000000000097,188,-4701.584999999948
97.775,-3.1300000000000097,188,-4701.584999999948
97.775,-3.1300000000000097,189,-4703.149999999947
97.775,-3.1300000000000097,189,-4703.149999999947
97.775,-3.1300000000000097,183,-4712.53999999995
97.775,-3.1300000000000097,183,-4712.53999999995
97.775,-3.1300000000000097,183,-4712.53999999995
97.775,-3.1300000000000097,182,-4714.104999999952
97.775,-3.1300000000000097,182,-4714.104999999952
97.775,-3.1300000000000097,182,-4714.104999999952
97.775,-3.1300000000000097,182,-4714.104999999952
97.775,-3.1300000000000097,182,-4714.104999999952
97.775,-3.1300000000000097,182,-4714.104999999952
97.775,-3.1300000000000097,182,-4714.104999999952
97.775,-3.1300000000000097,182,-4714.104999999952
97.775,-3.1300000000000097,182,-4714.104999999952
97.775,-3.1300000000000097,182,-4714.104999999952
97.775,-3.1300000000000097,171,-4731.319999999949
97.775,-3.1300000000000097,171,-4731.319999999949
97.775,-3.1300000000000097,171,-4731.319999999949
97.775,-3.1300000000000097,171,-4731.319999999949
97.775,-3.1300000000000097,171,-4731.319999999949
97.775,-3.1300000000000097,171,-4731.319999999949
97.775,-3.1300000000000097,171,-4731.319999999949
97.775,-3.1300000000000097,171,-4731.319999999949
97.775,-3.1300000000000097,171,-4731.319999999949
97.775,-3.1300000000000097,171,-4731.319999999949
97.775,-3.1300000000000097,172,-4732.884999999951
97.775,-3.1300000000000097,172,-4732.884999999951
97.775,-3.1300000000000097,171,-4734.44999999995
97.775,-3.1300000000000097,171,-4734.44999999995
97.775,-3.1300000000000097,171,-4734.44999999995
97.775,-3.1300000000000097,171,-4734.44999999995
97.775,-3.1300000000000097,171,-4734.44999999995
97.775,-3.1300000000000097,167,-4740.70999999995
97.775,-3.1300000000000097,162,-4748.534999999951
97.775,-3.1300000000000097,162,-4748.534999999951
97.775,-3.1300000000000097,162,-4748.534999999951
97.775,-3.1300000000000097,162,-4748.534999999951
97.775,-3.1300000000000097,162,-4748.534999999951
97.775,-3.1300000000000097,159,-4753.22999999995
97.775,-3.1300000000000097,159,-4753.22999999995
97.775,-3.1300000000000097,159,-4753.22999999995
97.775,-3.1300000000000097,159,-4753.22999999995
97.775,-3.1300000000000097,159,-4753.22999999995
97.775,-3.1300000000000097,159,-4753.22999999995
97.775,-3.1300000000000097,159,-4753.22999999995
97.775,-3.1300000000000097,159,-4753.22999999995
97.78,-3.1200000000000045,154,-4760.24499999995
97.78,-3.1200000000000045,154,-4760.24499999995
97.78,-3.1200000000000045,154,-4760.24499999995
97.78,-3.1200000000000045,154,-4760.24499999995
97.78,-3.1200000000000045,154,-4760.24499999995
97.78,-3.1200000000000045,154,-4760.24499999995
97.78,-3.1200000000000045,154,-4760.24499999995
97.78,-3.1200000000000045,154,-4760.24499999995
97.78,-3.1200000000000045,154,-4760.24499999995
97.78,-3.1200000000000045,154,-4760.24499999995
97.78,-3.1200000000000045,152,-4763.3649999999525
97.78,-3.1200000000000045,152,-4763.3649999999525
97.78,-3.1200000000000045,152,-4763.3649999999525
97.78,-3.1200000000000045,152,-4763.3649999999525
97.78,-3.1200000000000045,152,-4763.3649999999525
97.78,-3.1200000000000045,152,-4763.3649999999525
97.78,-3.1200000000000045,152,-4763.3649999999525
97.78,-3.1200000000000045,144,-4775.844999999954
97.78,-3.1200000000000045,144,-4775.844999999954
97.78,-3.1200000000000045,138,-4785.204999999954
97.78,-3.1200000000000045,139,-4786.764999999954
97.78,-3.1200000000000045,139,-4786.764999999954
97.78,-3.1200000000000045,139,-4786.764999999954
97.78,-3.1200000000000045,139,-4786.764999999954
97.78,-3.1200000000000045,139,-4786.764999999954
97.78,-3.1200000000000045,139,-4786.764999999954
97.78,-3.1200000000000045,139,-4786.764999999954
97.78,-3.1200000000000045,139,-4786.764999999954
97.78,-3.1200000000000045,139,-4786.764999999954
97.78,-3.1200000000000045,139,-4786.764999999954
97.78,-3.1200000000000045,139,-4786.764999999954
97.78,-3.1200000000000045,139,-4786.764999999954
97.78,-3.1200000000000045,139,-4786.764999999954
97.78,-3.1200000000000045,139,-4786.764999999954
97.78,-3.1200000000000045,139,-4786.764999999954
97.78,-3.1200000000000045,137,-4789.884999999955
97.78,-3.1200000000000045,137,-4789.884999999955
97.78,-3.1200000000000045,137,-4789.884999999955
97.78,-3.1200000000000045,137,-4789.884999999955
97.78,-3.1200000000000045,137,-4789.884999999955
97.78,-3.1200000000000045,137,-4789.884999999955
97.78,-3.1200000000000045,137,-4789.884999999955
97.78,-3.1200000000000045,134,-4794.564999999955
97.78,-3.1200000000000045,134,-4794.564999999955
97.78,-3.1200000000000045,139,-4802.364999999956
97.78,-3.1200000000000045,139,-4802.364999999956
97.78,-3.1200000000000045,139,-4802.364999999956
97.78,-3.1200000000000045,139,-4802.364999999956
97.78,-3.1200000000000045,139,-4802.364999999956
97.78,-3.1200000000000045,140,-4803.924999999956
97.78,-3.1200000000000045,139,-4805.484999999955
97.78,-3.1200000000000045,139,-4805.484999999955
97.78,-3.1200000000000045,139,-4805.484999999955
97.78,-3.1200000000000045,140,-4807.044999999955
97.78,-3.1200000000000045,140,-4807.044999999955
97.78,-3.1200000000000045,136,-4813.284999999954
97.78,-3.1200000000000045,136,-4813.284999999954
97.78,-3.1200000000000045,136,-4813.284999999954
97.78,-3.1200000000000045,136,-4813.284999999954
97.78,-3.1200000000000045,136,-4813.284999999954
97.78,-3.1200000000000045,136,-4813.284999999954
97.78,-3.1200000000000045,136,-4813.284999999954
97.78,-3.1200000000000045,136,-4813.284999999954
97.78,-3.1200000000000045,151,-4836.684999999952
97.78,-3.1200000000000045,155,-4842.924999999954
97.78,-3.1200000000000045,154,-4844.4849999999515
97.78,-3.1200000000000045,162,-4856.964999999953
97.78,-3.1200000000000045,162,-4856.964999999953
97.78,-3.1200000000000045,162,-4856.964999999953
97.78,-3.1200000000000045,162,-4856.964999999953
97.78,-3.1200000000000045,162,-4856.964999999953
97.78,-3.1200000000000045,162,-4856.964999999953
97.78,-3.1200000000000045,162,-4856.964999999953
97.78,-3.1200000000000045,162,-4856.964999999953
97.78,-3.1200000000000045,160,-4860.0849999999555
97.78,-3.1200000000000045,160,-4860.0849999999555
97.78,-3.1200000000000045,162,-4863.204999999954
97.78,-3.1200000000000045,162,-4863.204999999954
97.78,-3.1200000000000045,159,-4867.884999999955
97.78,-3.1200000000000045,146,-4888.164999999954
97.78,-3.1200000000000045,137,-4902.204999999954
97.78,-3.1200000000000045,137,-4902.204999999954
97.78,-3.1200000000000045,137,-4902.204999999954
97.78,-3.1200000000000045,137,-4902.204999999954
97.78,-3.1200000000000045,137,-4902.204999999954
97.78,-3.1200000000000045,137,-4902.204999999954
97.78,-3.1200000000000045,137,-4902.204999999954
97.78,-3.1200000000000045,137,-4902.204999999954
97.78,-3.1200000000000045,121,-4927.164999999954
97.78,-3.1200000000000045,121,-4927.164999999954
97.78,-3.1200000000000045,116,-4934.964999999955
97.78,-3.1200000000000045,116,-4934.964999999955
97.78,-3.1200000000000045,116,-4934.964999999955
97.78,-3.1200000000000045,116,-4934.964999999955
97.78,-3.1200000000000045,116,-4934.964999999955
97.78,-3.1200000000000045,116,-4934.964999999955
97.78,-3.1200000000000045,112,-4941.204999999954
97.78,-3.1200000000000045,112,-4941.204999999954
97.78,-3.1200000000000045,112,-4941.204999999954
97.78,-3.1200000000000045,112,-4941.204999999954
97.78,-3.1200000000000045,105,-4952.1249999999545
97.78,-3.1200000000000045,92,-4972.404999999953
97.78,-3.1200000000000045,92,-4972.404999999953
97.78,-3.1200000000000045,94,-4975.524999999954
97.78,-3.1200000000000045,94,-4975.524999999954
97.78,-3.1200000000000045,105,-4992.684999999954
97.78,-3.1200000000000045,105,-4992.684999999954
97.78,-3.1200000000000045,105,-4992.684999999954
97.78,-3.1200000000000045,97,-5005.164999999954
97.78,-3.1200000000000045,97,-5005.164999999954
97.78,-3.1200000000000045,97,-5005.164999999954
97.78,-3.1200000000000045,95,-5008.284999999953
97.78,-3.1200000000000045,95,-5008.284999999953
97.78,-3.1200000000000045,95,-5008.284999999953
97.78,-3.1200000000000045,95,-5008.284999999953
97.78,-3.1200000000000045,95,-5008.284999999953
97.78,-3.1200000000000045,93,-5011.4049999999515
97.78,-3.1200000000000045,93,-5011.4049999999515
97.78,-3.1200000000000045,93,-5011.4049999999515
97.78,-3.1200000000000045,93,-5011.4049999999515
97.78,-3.1200000000000045,93,-5011.4049999999515
97.78,-3.1200000000000045,93,-5011.4049999999515
97.78,-3.1200000000000045,92,-5012.964999999953
97.78,-3.1200000000000045,92,-5012.964999999953
97.78,-3.1200000000000045,92,-5012.964999999953
97.78,-3.1200000000000045,92,-5012.964999999953
97.78,-3.1200000000000045,92,-5012.964999999953
97.78,-3.1200000000000045,92,-5012.964999999953
97.78,-3.1200000000000045,85,-5023.884999999955
97.78,-3.1200000000000045,89,-5030.1249999999545
97.78,-3.1200000000000045,89,-5030.1249999999545
97.78,-3.1200000000000045,89,-5030.1249999999545
97.78,-3.1200000000000045,89,-5030.1249999999545
97.78,-3.1200000000000045,89,-5030.1249999999545
97.78,-3.1200000000000045,89,-5030.1249999999545
97.78,-3.1200000000000045,76,-5050.404999999954
97.78,-3.1200000000000045,76,-5050.404999999954
97.78,-3.1200000000000045,76,-5050.404999999954
97.78,-3.1200000000000045,80,-5056.644999999955
97.78,-3.1200000000000045,81,-5058.204999999954
97.78,-3.1200000000000045,81,-5058.204999999954
97.78,-3.1200000000000045,81,-5058.204999999954
97.78,-3.1200000000000045,81,-5058.204999999954
97.78,-3.1200000000000045,81,-5058.204999999954
97.78,-3.1200000000000045,81,-5058.204999999954
97.78,-3.1200000000000045,81,-5058.204999999954
97.78,-3.1200000000000045,81,-5058.204999999954
97.78,-3.1200000000000045,81,-5058.204999999954
97.78,-3.1200000000000045,81,-5058.204999999954
97.78,-3.1200000000000045,76,-5066.004999999955
97.78,-3.1200000000000045,76,-5066.004999999955
97.78,-3.1200000000000045,76,-5066.004999999955
97.78,-3.1200000000000045,76,-5066.004999999955
97.78,-3.1200000000000045,76,-5066.004999999955
97.78,-3.1200000000000045,76,-5066.004999999955
97.78,-3.1200000000000045,79,-5070.684999999955
97.78,-3.1200000000000045,76,-5075.364999999955
97.78,-3.1200000000000045,76,-5075.364999999955
97.78,-3.1200000000000045,76,-5075.364999999955
97.78,-3.1200000000000045,73,-5080.044999999955
97.78,-3.1200000000000045,82,-5094.084999999955
97.78,-3.1200000000000045,82,-5094.084999999955
97.78,-3.1200000000000045,84,-5097.204999999954
97.78,-3.1200000000000045,84,-5097.204999999954
97.78,-3.1200000000000045,84,-5097.204999999954
97.78,-3.1200000000000045,84,-5097.204999999954
97.78,-3.1200000000000045,84,-5097.204999999954
97.78,-3.1200000000000045,84,-5097.204999999954
97.78,-3.1200000000000045,86,-5100.324999999955
97.78,-3.1200000000000045,86,-5100.324999999955
97.78,-3.1200000000000045,86,-5100.324999999955
97.78,-3.1200000000000045,86,-5100.324999999955
97.78,-3.1200000000000045,87,-5101.884999999955
97.78,-3.1200000000000045,87,-5101.884999999955
97.78,-3.1200000000000045,87,-5101.884999999955
97.78,-3.1200000000000045,87,-5101.884999999955
97.78,-3.1200000000000045,87,-5101.884999999955
97.78,-3.1200000000000045,87,-5101.884999999955
97.78,-3.1200000000000045,87,-5101.884999999955
97.78,-3.1200000000000045,86,-5103.444999999956
97.78,-3.1200000000000045,76,-5119.0449999999555
97.78,-3.1200000000000045,76,-5119.0449999999555
97.78,-3.1200000000000045,76,-5119.0449999999555
97.78,-3.1200000000000045,76,-5119.0449999999555
97.78,-3.1200000000000045,76,-5119.0449999999555
97.77875,-3.117500000000007,88,-5137.867499999955
97.77875,-3.117500000000007,88,-5137.867499999955
97.77875,-3.117500000000007,79,-5151.896249999956
97.77875,-3.117500000000007,79,-5151.896249999956
97.77875,-3.117500000000007,79,-5151.896249999956
97.77875,-3.117500000000007,80,-5153.454999999955
97.77875,-3.117500000000007,80,-5153.454999999955
97.77875,-3.117500000000007,80,-5153.454999999955
97.77875,-3.117500000000007,80,-5153.454999999955
97.77875,-3.117500000000007,101,-5186.188749999956
97.77875,-3.117500000000007,101,-5186.188749999956
97.77875,-3.117500000000007,101,-5186.188749999956
97.77875,-3.117500000000007,103,-5189.306249999954
97.77875,-3.117500000000007,103,-5189.306249999954
97.77875,-3.117500000000007,103,-5189.306249999954
97.77875,-3.117500000000007,124,-5222.039999999955
97.77875,-3.117500000000007,124,-5222.039999999955
97.77875,-3.117500000000007,124,-5222.039999999955
97.77875,-3.117500000000007,124,-5222.039999999955
97.77875,-3.117500000000007,124,-5222.039999999955
97.77875,-3.117500000000007,124,-5222.039999999955
97.77875,-3.117500000000007,124,-5222.039999999955
97.77875,-3.117500000000007,124,-5222.039999999955
97.77875,-3.117500000000007,124,-5222.039999999955
97.77875,-3.117500000000007,124,-5222.039999999955
97.77875,-3.117500000000007,124,-5222.039999999955
97.77875,-3.117500000000007,124,-5222.039999999955
97.77875,-3.117500000000007,125,-5223.598749999957
97.77875,-3.117500000000007,124,-5225.157499999956
97.77875,-3.117500000000007,124,-5225.157499999956
97.77875,-3.117500000000007,123,-5226.716249999954
97.77875,-3.117500000000007,118,-5234.509999999957
97.77875,-3.117500000000007,118,-5234.509999999957
97.77875,-3.117500000000007,130,-5253.214999999955
97.77875,-3.117500000000007,130,-5253.214999999955
97.77875,-3.117500000000007,128,-5256.332499999957
97.77875,-3.117500000000007,128,-5256.332499999957
97.77875,-3.117500000000007,122,-5265.684999999958
97.77875,-3.117500000000007,122,-5265.684999999958
97.77875,-3.117500000000007,121,-5267.243749999956
97.77875,-3.117500000000007,121,-5267.243749999956
97.77875,-3.117500000000007,121,-5267.243749999956
97.77875,-3.117500000000007,121,-5267.243749999956
97.77875,-3.117500000000007,121,-5267.243749999956
97.77875,-3.117500000000007,121,-5267.243749999956
97.77875,-3.117500000000007,121,-5267.243749999956
97.77875,-3.117500000000007,122,-5268.802499999958
97.77875,-3.117500000000007,119,-5273.478749999958
97.77875,-3.117500000000007,119,-5273.478749999958
97.77875,-3.117500000000007,119,-5273.478749999958
97.77875,-3.117500000000007,119,-5273.478749999958
97.77875,-3.117500000000007,131,-5292.1837499999565
97.77875,-3.117500000000007,131,-5292.1837499999565
97.77875,-3.117500000000007,129,-5295.301249999959
97.77875,-3.117500000000007,129,-5295.301249999959
97.77875,-3.117500000000007,129,-5295.301249999959
97.77875,-3.117500000000007,124,-5303.094999999959
97.77875,-3.117500000000007,123,-5304.653749999958
97.77875,-3.117500000000007,118,-5312.44749999996
97.77875,-3.117500000000007,120,-5315.564999999959
97.77875,-3.117500000000007,120,-5315.564999999959
97.77875,-3.117500000000007,120,-5315.564999999959
97.77875,-3.117500000000007,120,-5315.564999999959
97.77875,-3.117500000000007,120,-5315.564999999959
97.77875,-3.117500000000007,123,-5320.241249999959
97.77875,-3.117500000000007,111,-5338.946249999961
97.77875,-3.117500000000007,111,-5338.946249999961
97.77875,-3.117500000000007,111,-5338.946249999961
97.77875,-3.117500000000007,111,-5338.946249999961
97.77875,-3.117500000000007,111,-5338.946249999961
97.77875,-3.117500000000007,111,-5338.946249999961
97.77875,-3.117500000000007,112,-5340.504999999959
97.77875,-3.117500000000007,112,-5340.504999999959
97.77875,-3.117500000000007,112,-5340.504999999959
97.77875,-3.117500000000007,95,-5367.00374999996
97.77875,-3.117500000000007,95,-5367.00374999996
97.77875,-3.117500000000007,95,-5367.00374999996
97.77875,-3.117500000000007,101,-5376.356249999961
97.77875,-3.117500000000007,101,-5376.356249999961
97.77875,-3.117500000000007,101,-5376.356249999961
97.77875,-3.117500000000007,101,-5376.356249999961
97.77875,-3.117500000000007,101,-5376.356249999961
97.77875,-3.117500000000007,104,-5381.032499999961
97.77875,-3.117500000000007,104,-5381.032499999961
97.77875,-3.117500000000007,104,-5381.032499999961
97.77875,-3.117500000000007,104,-5381.032499999961
97.77875,-3.117500000000007,105,-5382.5912499999595
97.77875,-3.117500000000007,104,-5384.149999999961
97.77875,-3.117500000000007,104,-5384.149999999961
97.77875,-3.117500000000007,104,-5384.149999999961
97.77875,-3.117500000000007,104,-5384.149999999961
97.77875,-3.117500000000007,104,-5384.149999999961
97.77875,-3.117500000000007,104,-5384.149999999961
97.77875,-3.117500000000007,104,-5384.149999999961
97.77875,-3.117500000000007,104,-5384.149999999961
97.77875,-3.117500000000007,104,-5384.149999999961
97.77875,-3.117500000000007,104,-5384.149999999961
97.77875,-3.117500000000007,104,-5384.149999999961
97.77875,-3.117500000000007,104,-5384.149999999961
97.77875,-3.117500000000007,104,-5384.149999999961
97.77875,-3.117500000000007,104,-5384.149999999961
97.77875,-3.117500000000007,104,-5384.149999999961
97.77875,-3.117500000000007,98,-5393.5024999999605
97.77875,-3.117500000000007,98,-5393.5024999999605
97.77875,-3.117500000000007,98,-5393.5024999999605
97.77875,-3.117500000000007,98,-5393.5024999999605
97.77875,-3.117500000000007,98,-5393.5024999999605
97.77875,-3.117500000000007,98,-5393.5024999999605
97.77875,-3.117500000000007,97,-5395.0612499999625
97.77875,-3.117500000000007,97,-5395.0612499999625
97.77875,-3.117500000000007,97,-5395.0612499999625
97.77875,-3.117500000000007,97,-5395.0612499999625
97.77875,-3.117500000000007,99,-5398.178749999961
97.77875,-3.117500000000007,101,-5401.296249999961
97.77875,-3.117500000000007,101,-5401.296249999961
97.77875,-3.117500000000007,101,-5401.296249999961
97.77875,-3.117500000000007,101,-5401.296249999961
97.77875,-3.117500000000007,101,-5401.296249999961
97.77875,-3.117500000000007,101,-5401.296249999961
97.77875,-3.117500000000007,101,-5401.296249999961
97.77875,-3.117500000000007,101,-5401.296249999961
97.77875,-3.117500000000007,101,-5401.296249999961
97.77875,-3.117500000000007,105,-5407.53124999996
97.77875,-3.117500000000007,105,-5407.53124999996
97.77875,-3.117500000000007,105,-5407.53124999996
97.77875,-3.117500000000007,110,-5415.324999999961
97.77875,-3.117500000000007,110,-5415.324999999961
97.77875,-3.117500000000007,110,-5415.324999999961
97.79375,-3.0875000000000057,104,-5423.057499999961
97.79375,-3.0875000000000057,104,-5423.057499999961
97.79375,-3.0875000000000057,104,-5423.057499999961
97.79375,-3.0875000000000057,98,-5432.3199999999615
97.79375,-3.0875000000000057,96,-5435.407499999961
97.79375,-3.0875000000000057,96,-5435.407499999961
97.79375,-3.0875000000000057,96,-5435.407499999961
97.79375,-3.0875000000000057,93,-5440.0387499999615
97.79375,-3.0875000000000057,93,-5440.0387499999615
97.79375,-3.0875000000000057,93,-5440.0387499999615
97.79375,-3.0875000000000057,93,-5440.0387499999615
97.79375,-3.0875000000000057,93,-5440.0387499999615
97.79375,-3.0875000000000057,93,-5440.0387499999615
97.79375,-3.0875000000000057,93,-5440.0387499999615
97.79375,-3.0875000000000057,93,-5440.0387499999615
97.79375,-3.0875000000000057,98,-5447.7574999999615
97.79375,-3.0875000000000057,98,-5447.7574999999615
97.79375,-3.0875000000000057,98,-5447.7574999999615
97.79375,-3.0875000000000057,98,-5447.7574999999615
97.79375,-3.0875000000000057,98,-5447.7574999999615
97.79375,-3.0875000000000057,104,-5457.01999999996
97.79375,-3.0875000000000057,104,-5457.01999999996
97.79375,-3.0875000000000057,104,-5457.01999999996
97.79375,-3.0875000000000057,104,-5457.01999999996
97.79375,-3.0875000000000057,102,-5460.107499999962
97.79375,-3.0875000000000057,102,-5460.107499999962
97.79375,-3.0875000000000057,102,-5460.107499999962
97.79375,-3.0875000000000057,97,-5467.826249999962
97.79375,-3.0875000000000057,97,-5467.826249999962
97.79375,-3.0875000000000057,97,-5467.826249999962
97.79375,-3.0875000000000057,97,-5467.826249999962
97.79375,-3.0875000000000057,100,-5472.457499999962
97.79375,-3.0875000000000057,100,-5472.457499999962
97.79375,-3.0875000000000057,100,-5472.457499999962
97.79375,-3.0875000000000057,100,-5472.457499999962
97.79375,-3.0875000000000057,100,-5472.457499999962
97.79375,-3.0875000000000057,100,-5472.457499999962
97.79375,-3.0875000000000057,100,-5472.457499999962
97.79375,-3.0875000000000057,80,-5503.332499999962
97.79375,-3.0875000000000057,80,-5503.332499999962
97.79375,-3.0875000000000057,80,-5503.332499999962
97.79375,-3.0875000000000057,80,-5503.332499999962
97.79375,-3.0875000000000057,80,-5503.332499999962
97.79375,-3.0875000000000057,80,-5503.332499999962
97.79375,-3.0875000000000057,80,-5503.332499999962
97.79375,-3.0875000000000057,80,-5503.332499999962
97.79375,-3.0875000000000057,80,-5503.332499999962
97.79375,-3.0875000000000057,80,-5503.332499999962
97.79375,-3.0875000000000057,80,-5503.332499999962
97.79375,-3.0875000000000057,80,-5503.332499999962
97.79375,-3.0875000000000057,80,-5503.332499999962
97.79375,-3.0875000000000057,80,-5503.332499999962
97.79375,-3.0875000000000057,80,-5503.332499999962
97.79375,-3.0875000000000057,80,-5503.332499999962
97.79375,-3.0875000000000057,80,-5503.332499999962
97.79375,-3.0875000000000057,78,-5506.419999999962
97.79375,-3.0875000000000057,83,-5514.138749999962
97.79375,-3.0875000000000057,83,-5514.138749999962
97.79375,-3.0875000000000057,83,-5514.138749999962
97.79375,-3.0875000000000057,83,-5514.138749999962
97.79375,-3.0875000000000057,78,-5521.857499999962
97.79375,-3.0875000000000057,78,-5521.857499999962
97.79375,-3.0875000000000057,78,-5521.857499999962
97.79375,-3.0875000000000057,70,-5534.207499999962
97.79375,-3.0875000000000057,70,-5534.207499999962
97.79375,-3.0875000000000057,70,-5534.207499999962
97.79875000000001,-3.0775000000000006,65,-5541.591249999961
97.79875000000001,-3.0775000000000006,65,-5541.591249999961
97.79875000000001,-3.0775000000000006,65,-5541.591249999961
97.79875000000001,-3.0775000000000006,65,-5541.591249999961
97.79875000000001,-3.0775000000000006,65,-5541.591249999961
97.79875000000001,-3.0775000000000006,65,-5541.591249999961
