price,spread,inventory,pnl
100.0,2.0,1,1.0
99.995,1.9899999999999949,3,2.9850000000000136
99.985,1.9699999999999989,3,2.954999999999984
99.975,1.9500000000000028,3,2.9249999999999545
99.97,1.9399999999999977,0,5.819999999999993
99.97,1.9399999999999977,0,5.819999999999993
99.965,1.9500000000000028,14,19.399999999999864
99.91,1.8400000000000034,16,20.4699999999998
99.8625,1.7750000000000057,17,20.582499999999754
99.83,1.7199999999999989,28,29.44499999999971
99.75999999999999,1.5799999999999983,28,27.484999999999673
99.725,1.5100000000000051,26,28.014999999999873
99.715,1.4899999999999949,26,27.75500000000011
99.71000000000001,1.480000000000004,26,27.625
99.71000000000001,1.480000000000004,20,32.06500000000028
99.71000000000001,1.480000000000004,21,32.80500000000029
99.71000000000001,1.480000000000004,21,32.80500000000029
99.71000000000001,1.480000000000004,21,32.80500000000029
99.715,1.4899999999999949,4,45.434999999999945
99.715,1.4899999999999949,10,49.905000000000086
99.715,1.4899999999999949,10,49.905000000000086
99.715,1.4899999999999949,10,49.905000000000086
99.715,1.4899999999999949,13,52.1400000000001
99.715,1.4899999999999949,13,52.1400000000001
99.715,1.4899999999999949,12,52.88499999999999
99.715,1.4899999999999949,12,52.88499999999999
99.715,1.4899999999999949,10,54.375000000000114
99.715,1.4899999999999949,10,54.375000000000114
99.715,1.4899999999999949,11,55.12000000000012
99.715,1.4899999999999949,9,56.61000000000013
99.715,1.4899999999999949,8,57.35500000000013
99.715,1.4899999999999949,8,57.35500000000013
99.715,1.4899999999999949,8,57.35500000000013
99.715,1.4899999999999949,8,57.35500000000013
99.715,1.4899999999999949,9,58.100000000000136
99.715,1.4899999999999949,9,58.100000000000136
99.725,1.5100000000000051,8,58.92500000000007
99.725,1.5100000000000051,4,61.94500000000011
99.735,1.5300000000000011,-2,66.49500000000015
99.735,1.5300000000000011,-2,66.49500000000015
99.735,1.5300000000000011,2,69.55500000000015
99.735,1.5300000000000011,10,75.67500000000018
99.735,1.5300000000000011,10,75.67500000000018
99.735,1.5300000000000011,10,75.67500000000018
99.735,1.5300000000000011,10,75.67500000000018
99.735,1.5300000000000011,9,76.44000000000017
99.735,1.5300000000000011,9,76.44000000000017
99.735,1.5300000000000011,9,76.44000000000017
99.735,1.5300000000000011,9,76.44000000000017
99.735,1.5300000000000011,15,81.0300000000002
99.735,1.5300000000000011,15,81.0300000000002
99.735,1.5300000000000011,14,81.79500000000007
99.735,1.5300000000000011,15,82.56000000000017
99.735,1.5300000000000011,15,82.56000000000017
99.735,1.5300000000000011,14,83.32500000000005
99.735,1.5300000000000011,17,85.61999999999989
99.735,1.5300000000000011,17,85.61999999999989
99.735,1.5300000000000011,17,85.61999999999989
99.735,1.5300000000000011,17,85.61999999999989
99.735,1.5300000000000011,17,85.61999999999989
99.735,1.5300000000000011,20,87.91500000000019
99.735,1.5300000000000011,19,88.68000000000006
99.735,1.5300000000000011,19,88.68000000000006
99.735,1.5300000000000011,19,88.68000000000006
99.735,1.5300000000000011,19,88.68000000000006
99.735,1.5300000000000011,13,93.27000000000021
99.735,1.5300000000000011,13,93.27000000000021
99.735,1.5300000000000011,15,94.80000000000018
99.735,1.5300000000000011,15,94.80000000000018
99.735,1.5300000000000011,15,94.80000000000018
99.725,1.5499999999999972,20,98.48500000000013
99.725,1.5499999999999972,17,100.80999999999995
99.725,1.5499999999999972,20,103.13500000000022
99.725,1.5499999999999972,20,103.13500000000022
99.725,1.5499999999999972,19,103.91000000000008
99.725,1.5499999999999972,19,103.91000000000008
99.725,1.5499999999999972,18,104.68500000000017
99.725,1.5499999999999972,18,104.68500000000017
99.725,1.5499999999999972,8,112.43500000000017
99.725,1.5499999999999972,9,113.21000000000015
99.725,1.5499999999999972,9,113.21000000000015
99.725,1.5499999999999972,9,113.21000000000015
99.725,1.5499999999999972,9,113.21000000000015
99.725,1.5499999999999972,10,113.98500000000013
99.72,1.5600000000000023,19,120.93500000000017
99.72,1.5600000000000023,19,120.93500000000017
99.72,1.5600000000000023,19,120.93500000000017
99.66499999999999,1.6700000000000017,22,122.0649999999996
99.66499999999999,1.6700000000000017,12,129.81500000000005
99.67,1.6800000000000068,6,134.88500000000005
99.67,1.6800000000000068,5,135.72500000000008
99.67,1.6800000000000068,5,135.72500000000008
99.67,1.6800000000000068,5,135.72500000000008
99.67,1.6800000000000068,3,137.40500000000006
99.67,1.6800000000000068,3,137.40500000000006
99.67,1.6800000000000068,6,139.92500000000007
99.63,1.7600000000000051,16,147.92500000000018
99.61,1.7199999999999989,14,149.32500000000027
99.61,1.7199999999999989,14,149.32500000000027
99.61,1.7199999999999989,14,149.32500000000027
99.61,1.7199999999999989,14,149.32500000000027
99.61,1.7199999999999989,22,156.20500000000038
99.57,1.6400000000000006,22,155.32500000000027
99.55,1.5999999999999943,22,154.88500000000022
99.53999999999999,1.5799999999999983,21,155.45499999999993
99.53999999999999,1.5799999999999983,22,156.2449999999999
99.535,1.5699999999999932,19,158.49000000000024
99.535,1.5699999999999932,21,160.0600000000004
99.535,1.5699999999999932,20,160.84500000000003
99.535,1.5699999999999932,23,163.20000000000027
99.525,1.5499999999999972,29,167.6200000000008
99.49000000000001,1.480000000000004,31,168.08500000000095
99.465,1.4300000000000068,31,167.3100000000004
99.455,1.4099999999999966,35,169.82000000000016
99.43,1.3599999999999994,34,169.6250000000009
99.4125,1.355000000000004,35,169.69250000000056
99.39750000000001,1.3250000000000028,34,169.83000000000084
99.39750000000001,1.3250000000000028,36,171.1550000000011
99.3875,1.3050000000000068,36,170.79500000000098
99.3825,1.2950000000000017,36,170.61500000000024
99.3775,1.2849999999999966,36,170.43500000000085
99.3775,1.2849999999999966,36,170.43500000000085
99.3775,1.2849999999999966,36,170.43500000000085
99.3775,1.2849999999999966,32,173.00500000000056
99.3775,1.2849999999999966,32,173.00500000000056
99.3775,1.2849999999999966,32,173.00500000000056
99.3775,1.2849999999999966,36,175.57500000000073
99.3775,1.2849999999999966,36,175.57500000000073
99.3775,1.2849999999999966,36,175.57500000000073
99.3775,1.2849999999999966,35,176.21750000000065
99.3775,1.2849999999999966,35,176.21750000000065
99.3775,1.2849999999999966,34,176.86000000000058
99.3775,1.2849999999999966,24,183.2850000000003
99.3775,1.2849999999999966,18,187.14000000000033
99.3775,1.2849999999999966,11,191.63750000000016
99.3775,1.2849999999999966,15,194.2075000000002
99.3775,1.2849999999999966,14,194.85000000000014
99.3775,1.2849999999999966,14,194.85000000000014
99.3775,1.2849999999999966,23,200.63250000000016
99.3775,1.2849999999999966,8,210.2700000000002
99.3775,1.2849999999999966,8,210.2700000000002
99.3775,1.2849999999999966,3,213.4825000000002
99.3775,1.2849999999999966,14,220.54999999999995
99.3775,1.2849999999999966,18,223.12000000000012
99.3775,1.2849999999999966,12,226.97500000000002
99.3775,1.2849999999999966,7,230.18749999999994
99.3775,1.2849999999999966,9,231.47250000000008
99.3775,1.2849999999999966,3,235.32750000000004
99.3775,1.2849999999999966,3,235.32750000000004
99.3775,1.2849999999999966,3,235.32750000000004
99.3775,1.2849999999999966,13,241.75250000000005
99.3775,1.2849999999999966,13,241.75250000000005
99.3775,1.2849999999999966,13,241.75250000000005
99.3775,1.2849999999999966,13,241.75250000000005
99.3775,1.2849999999999966,13,241.75250000000005
99.3825,1.2950000000000017,8,245.02499999999986
99.3825,1.2950000000000017,9,245.6724999999998
99.3825,1.2950000000000017,6,247.6149999999999
99.3825,1.2950000000000017,7,248.26249999999993
99.3825,1.2950000000000017,9,249.55749999999978
99.3825,1.2950000000000017,9,249.55749999999978
99.3825,1.2950000000000017,9,249.55749999999978
99.3825,1.2950000000000017,9,249.55749999999978
99.3825,1.2950000000000017,10,250.2049999999998
99.3825,1.2950000000000017,6,252.79499999999985
99.3825,1.2950000000000017,5,253.44249999999985
99.3825,1.2950000000000017,7,254.7374999999999
99.3825,1.2950000000000017,7,254.7374999999999
99.3825,1.2950000000000017,8,255.38499999999988
99.3825,1.2950000000000017,6,256.6799999999999
99.3825,1.2950000000000017,-7,265.0975000000001
99.3825,1.2950000000000017,4,272.22
99.3825,1.2950000000000017,4,272.22
99.3825,1.2950000000000017,4,272.22
99.3825,1.2950000000000017,4,272.22
99.3825,1.2950000000000017,3,272.86750000000006
99.3825,1.2950000000000017,2,273.51500000000004
99.3825,1.2950000000000017,10,278.69500000000005
99.3875,1.3050000000000068,5,281.9775000000002
99.3875,1.3050000000000068,8,283.9350000000002
99.3875,1.3050000000000068,7,284.58750000000015
99.3875,1.3050000000000068,7,284.58750000000015
99.3875,1.3050000000000068,9,285.89250000000027
99.3875,1.3050000000000068,9,285.89250000000027
99.3875,1.3050000000000068,13,288.5025000000003
99.3875,1.3050000000000068,16,290.46000000000026
99.3875,1.3050000000000068,15,291.1125000000002
99.3875,1.3050000000000068,10,294.3750000000002
99.3875,1.3050000000000068,10,294.3750000000002
99.3875,1.3050000000000068,11,295.02750000000026
99.3875,1.3050000000000068,11,295.02750000000026
99.3875,1.3050000000000068,8,296.98500000000024
99.3875,1.3050000000000068,7,297.6375000000002
99.3875,1.3050000000000068,6,298.2900000000003
99.3875,1.3050000000000068,6,298.2900000000003
99.3875,1.3050000000000068,6,298.2900000000003
99.3875,1.3050000000000068,7,298.9425000000002
99.3875,1.3050000000000068,12,302.2050000000004
99.3875,1.3050000000000068,12,302.2050000000004
99.3875,1.3050000000000068,12,302.2050000000004
99.3875,1.3050000000000068,12,302.2050000000004
99.3875,1.3050000000000068,12,302.2050000000004
99.39750000000001,1.3250000000000028,4,307.50500000000034
99.39750000000001,1.3250000000000028,5,308.16750000000036
99.39750000000001,1.3250000000000028,2,310.1550000000003
99.39750000000001,1.3250000000000028,3,310.8175000000003
99.39750000000001,1.3250000000000028,1,312.14250000000027
99.39750000000001,1.3250000000000028,4,314.13000000000034
99.39750000000001,1.3250000000000028,4,314.13000000000034
99.39750000000001,1.3250000000000028,4,314.13000000000034
99.39750000000001,1.3250000000000028,-10,323.4050000000004
99.39750000000001,1.3250000000000028,0,330.03000000000054
99.39750000000001,1.3250000000000028,0,330.03000000000054
99.39750000000001,1.3250000000000028,0,330.03000000000054
99.39750000000001,1.3250000000000028,1,330.69250000000056
99.39750000000001,1.3250000000000028,1,330.69250000000056
99.39750000000001,1.3250000000000028,-4,334.00500000000045
99.39750000000001,1.3250000000000028,-4,334.00500000000045
99.39750000000001,1.3250000000000028,-9,337.31750000000034
99.39750000000001,1.3250000000000028,-9,337.31750000000034
99.39750000000001,1.3250000000000028,-9,337.31750000000034
99.39750000000001,1.3250000000000028,-19,343.9425000000001
99.39750000000001,1.3250000000000028,-22,345.92999999999984
99.39750000000001,1.3250000000000028,-22,345.92999999999984
99.39750000000001,1.3250000000000028,-22,345.92999999999984
99.39750000000001,1.3250000000000028,-24,347.2550000000001
99.4125,1.355000000000004,-27,348.8375000000001
99.4125,1.355000000000004,-27,348.8375000000001
99.4125,1.355000000000004,-27,348.8375000000001
99.4125,1.355000000000004,-27,348.8375000000001
99.4075,1.365000000000009,-17,355.77750000000015
99.4075,1.365000000000009,-17,355.77750000000015
99.405,1.3700000000000045,-5,364.0000000000002
99.405,1.3700000000000045,-4,364.6850000000002
99.4025,1.375,2,368.7950000000002
99.4025,1.375,2,368.7950000000002
99.4025,1.375,2,368.7950000000002
99.4025,1.375,1,369.4825000000002
99.4025,1.375,1,369.4825000000002
99.4025,1.375,2,370.1700000000002
99.4025,1.375,2,370.1700000000002
99.4025,1.375,2,370.1700000000002
99.4025,1.375,2,370.1700000000002
99.4025,1.375,2,370.1700000000002
99.4025,1.375,2,370.1700000000002
99.4025,1.375,3,370.85750000000013
99.4025,1.375,3,370.85750000000013
99.4025,1.375,3,370.85750000000013
99.4025,1.375,3,370.85750000000013
99.4025,1.375,3,370.85750000000013
99.4025,1.375,4,371.5450000000002
99.4025,1.375,8,374.2950000000002
99.4025,1.375,8,374.2950000000002
99.4025,1.375,9,374.9825000000002
99.4025,1.375,9,374.9825000000002
99.4025,1.375,9,374.9825000000002
99.4025,1.375,9,374.9825000000002
99.4025,1.375,9,374.9825000000002
99.4025,1.375,8,375.6700000000002
99.4025,1.375,8,375.6700000000002
99.4025,1.375,8,375.6700000000002
99.4025,1.375,7,376.3575000000002
99.4025,1.375,7,376.3575000000002
99.4025,1.375,1,380.4825000000002
99.4025,1.375,1,380.4825000000002
99.4025,1.375,3,381.85750000000013
99.4125,1.394999999999996,0,383.96000000000015
99.4125,1.394999999999996,0,383.96000000000015
99.4125,1.394999999999996,0,383.96000000000015
99.4125,1.394999999999996,-1,384.65750000000014
99.4125,1.394999999999996,-1,384.65750000000014
99.4125,1.394999999999996,-1,384.65750000000014
99.4325,1.4350000000000023,-17,395.77750000000015
99.4325,1.4350000000000023,-20,397.92999999999984
99.4325,1.4350000000000023,-20,397.92999999999984
99.4325,1.4350000000000023,-20,397.92999999999984
99.4325,1.4350000000000023,-20,397.92999999999984
99.4325,1.4350000000000023,-21,398.64750000000004
99.4325,1.4350000000000023,-21,398.64750000000004
99.4325,1.4350000000000023,-21,398.64750000000004
99.4375,1.4449999999999932,-32,406.4300000000003
99.46000000000001,1.3999999999999915,-33,406.40999999999985
99.48500000000001,1.3900000000000006,-39,409.6749999999997
99.53,1.3000000000000114,-39,407.9200000000001
99.55000000000001,1.2600000000000051,-40,407.77
99.565,1.230000000000004,-40,407.1700000000005
99.575,1.210000000000008,-42,407.97999999999956
99.59,1.1800000000000068,-41,407.94000000000005
99.59,1.1800000000000068,-41,407.94000000000005
99.59,1.1800000000000068,-40,408.52999999999975
99.6,1.2000000000000028,-46,411.6300000000001
99.63,1.1400000000000006,-46,410.25
99.64500000000001,1.1099999999999994,-46,409.5599999999995
99.655,1.0900000000000034,-46,409.09999999999945
99.655,1.0900000000000034,-43,410.7349999999997
99.655,1.0900000000000034,-43,410.7349999999997
99.655,1.0900000000000034,-44,411.27999999999975
99.655,1.0900000000000034,-41,412.9149999999995
99.655,1.0900000000000034,-41,412.9149999999995
99.655,1.0900000000000034,-29,419.4549999999999
99.64500000000001,1.1099999999999994,-4,433.5799999999998
99.64500000000001,1.1099999999999994,-6,434.6899999999998
99.64500000000001,1.1099999999999994,-13,438.5749999999998
99.64500000000001,1.1099999999999994,-12,439.1299999999999
99.64500000000001,1.1099999999999994,-15,440.7950000000001
99.64500000000001,1.1099999999999994,-15,440.7950000000001
99.64500000000001,1.1099999999999994,-18,442.46000000000004
99.64500000000001,1.1099999999999994,-18,442.46000000000004
99.64500000000001,1.1099999999999994,-17,443.0149999999999
99.64500000000001,1.1099999999999994,-18,443.5699999999997
99.64500000000001,1.1099999999999994,-17,444.12499999999955
99.64500000000001,1.1099999999999994,-17,444.12499999999955
99.64500000000001,1.1099999999999994,-17,444.12499999999955
99.66,1.1400000000000006,-20,445.52
99.66,1.1400000000000006,-26,448.94000000000005
99.66,1.1400000000000006,-20,452.3600000000001
99.66,1.1400000000000006,-19,452.92999999999984
99.66,1.1400000000000006,-19,452.92999999999984
99.64500000000001,1.1700000000000017,-10,458.26999999999975
99.64500000000001,1.1700000000000017,-9,458.8549999999998
99.64500000000001,1.1700000000000017,-13,461.1949999999997
99.64500000000001,1.1700000000000017,-14,461.77999999999975
99.64500000000001,1.1700000000000017,-13,462.3649999999998
99.64500000000001,1.1700000000000017,-11,463.5350000000001
99.64500000000001,1.1700000000000017,-11,463.5350000000001
99.64500000000001,1.1700000000000017,-11,463.5350000000001
99.64500000000001,1.1700000000000017,-11,463.5350000000001
99.64500000000001,1.1700000000000017,-20,468.8000000000002
99.64500000000001,1.1700000000000017,-20,468.8000000000002
99.64500000000001,1.1700000000000017,-21,469.3850000000002
99.64500000000001,1.1700000000000017,-21,469.3850000000002
99.64500000000001,1.1700000000000017,-22,469.97000000000025
99.64500000000001,1.1700000000000017,-24,471.1399999999999
99.64500000000001,1.1700000000000017,-23,471.72500000000036
99.64500000000001,1.1700000000000017,-23,471.72500000000036
99.64500000000001,1.1700000000000017,-23,471.72500000000036
99.64500000000001,1.1700000000000017,-23,471.72500000000036
99.64500000000001,1.1700000000000017,-24,472.30999999999995
99.64500000000001,1.1700000000000017,-25,472.895
99.64500000000001,1.1700000000000017,-22,474.65000000000055
99.64500000000001,1.1700000000000017,-22,474.65000000000055
99.64500000000001,1.1700000000000017,-18,476.99000000000024
99.64500000000001,1.1700000000000017,-19,477.5750000000003
99.65,1.1799999999999926,-21,478.6400000000003
99.65,1.1799999999999926,-21,478.6400000000003
99.65,1.1799999999999926,-25,481.00000000000045
99.65,1.1799999999999926,-30,483.9500000000003
99.65,1.1799999999999926,-32,485.1300000000001
99.65,1.1799999999999926,-32,485.1300000000001
99.65,1.1799999999999926,-28,487.49000000000024
99.65,1.1799999999999926,-28,487.49000000000024
99.65,1.1799999999999926,-28,487.49000000000024
99.65,1.1799999999999926,-26,488.6700000000005
99.65,1.1799999999999926,-27,489.2600000000002
99.65,1.1799999999999926,-27,489.2600000000002
99.65,1.1799999999999926,-27,489.2600000000002
99.65,1.1799999999999926,-24,491.0300000000002
99.65,1.1799999999999926,-24,491.0300000000002
99.65,1.1799999999999926,-25,491.62000000000035
99.65,1.1799999999999926,-26,492.21000000000004
99.65,1.1799999999999926,-27,492.7999999999997
99.65,1.1799999999999926,-27,492.7999999999997
99.65,1.1799999999999926,-30,494.5699999999997
99.65,1.1799999999999926,-30,494.5699999999997
99.62,1.2399999999999949,-18,502.48999999999955
99.62,1.2399999999999949,-18,502.48999999999955
99.62,1.2399999999999949,-18,502.48999999999955
99.62,1.2399999999999949,-18,502.48999999999955
99.62,1.2399999999999949,-18,502.48999999999955
99.62,1.2399999999999949,-18,502.48999999999955
99.62,1.2399999999999949,-20,503.72999999999956
99.62,1.2399999999999949,-20,503.72999999999956
99.62,1.2399999999999949,-13,508.0699999999997
99.62,1.2399999999999949,-12,508.6899999999996
99.62,1.2399999999999949,-7,511.7899999999996
99.615,1.25,8,521.0999999999997
99.615,1.25,8,521.0999999999997
99.60499999999999,1.269999999999996,14,524.7299999999994
99.60499999999999,1.269999999999996,13,525.3649999999994
99.60499999999999,1.269999999999996,13,525.3649999999994
99.60499999999999,1.269999999999996,13,525.3649999999994
99.60499999999999,1.269999999999996,13,525.3649999999994
99.60499999999999,1.269999999999996,13,525.3649999999994
99.60499999999999,1.269999999999996,13,525.3649999999994
99.60499999999999,1.269999999999996,13,525.3649999999994
99.60499999999999,1.269999999999996,13,525.3649999999994
99.60499999999999,1.269999999999996,17,527.9049999999995
99.60499999999999,1.269999999999996,20,529.8099999999995
99.60499999999999,1.269999999999996,20,529.8099999999995
99.60499999999999,1.269999999999996,14,533.6199999999993
99.60499999999999,1.269999999999996,11,535.5249999999994
99.60499999999999,1.269999999999996,23,543.1449999999995
99.60499999999999,1.269999999999996,23,543.1449999999995
99.60499999999999,1.269999999999996,24,543.7799999999991
99.60499999999999,1.269999999999996,24,543.7799999999991
99.60499999999999,1.269999999999996,23,544.4149999999995
99.60499999999999,1.269999999999996,27,546.954999999999
99.61,1.2800000000000011,14,555.3199999999993
99.6,1.2999999999999972,19,558.3299999999992
99.6,1.2999999999999972,19,558.3299999999992
99.6,1.2999999999999972,17,559.6299999999992
99.6,1.2999999999999972,3,568.7299999999993
99.6,1.2999999999999972,-2,571.9799999999993
99.6,1.2999999999999972,-1,572.6299999999993
99.6,1.2999999999999972,-1,572.6299999999993
99.6,1.2999999999999972,19,585.6299999999992
99.6,1.2999999999999972,19,585.6299999999992
99.6,1.2999999999999972,13,589.5299999999993
99.6,1.2999999999999972,13,589.5299999999993
99.6,1.2999999999999972,16,591.4799999999992
99.6,1.2999999999999972,19,593.4299999999992
99.6,1.2999999999999972,22,595.3799999999992
99.6,1.2999999999999972,25,597.3299999999995
99.6,1.2999999999999972,25,597.3299999999995
99.6,1.2999999999999972,26,597.9799999999993
99.6,1.2999999999999972,26,597.9799999999993
99.6,1.2999999999999972,26,597.9799999999993
99.6,1.2999999999999972,27,598.6299999999992
99.6,1.2999999999999972,27,598.6299999999992
99.6,1.2999999999999972,27,598.6299999999992
99.6,1.2999999999999972,27,598.6299999999992
99.6,1.2999999999999972,27,598.6299999999992
99.6,1.2999999999999972,27,598.6299999999992
99.6,1.2999999999999972,25,599.9299999999994
99.6,1.2999999999999972,25,599.9299999999994
99.6,1.2999999999999972,25,599.9299999999994
99.6,1.2999999999999972,24,600.579999999999
99.6,1.2999999999999972,25,601.2299999999993
99.6,1.2999999999999972,17,606.4299999999992
99.6,1.2999999999999972,17,606.4299999999992
99.6,1.2999999999999972,17,606.4299999999992
99.6,1.2999999999999972,18,607.0799999999992
99.6,1.2999999999999972,19,607.7299999999991
99.6,1.2999999999999972,19,607.7299999999991
99.6,1.2999999999999972,17,609.0299999999991
99.6,1.2999999999999972,17,609.0299999999991
99.6,1.2999999999999972,17,609.0299999999991
99.6,1.2999999999999972,12,612.2799999999991
99.6,1.2999999999999972,12,612.2799999999991
99.605,1.3100000000000023,9,614.2949999999993
99.605,1.3100000000000023,10,614.9499999999994
99.605,1.3100000000000023,10,614.9499999999994
99.605,1.3100000000000023,10,614.9499999999994
99.605,1.3100000000000023,11,615.6049999999992
99.605,1.3100000000000023,11,615.6049999999992
99.605,1.3100000000000023,13,616.9149999999993
99.605,1.3100000000000023,13,616.9149999999993
99.605,1.3100000000000023,13,616.9149999999993
99.605,1.3100000000000023,13,616.9149999999993
99.605,1.3100000000000023,14,617.5699999999993
99.605,1.3100000000000023,13,618.2249999999992
99.605,1.3100000000000023,10,620.1899999999994
99.605,1.3100000000000023,10,620.1899999999994
99.605,1.3100000000000023,11,620.8449999999992
99.605,1.3100000000000023,11,620.8449999999992
99.605,1.3100000000000023,10,621.4999999999993
99.595,1.3299999999999983,17,625.9349999999993
99.595,1.3299999999999983,19,627.2649999999992
99.595,1.3299999999999983,18,627.9299999999992
99.595,1.3299999999999983,19,628.5949999999991
99.595,1.3299999999999983,18,629.2599999999991
99.595,1.3299999999999983,17,629.924999999999
99.595,1.3299999999999983,23,633.914999999999
99.595,1.3299999999999983,19,636.5749999999991
99.595,1.3299999999999983,16,638.569999999999
99.6,1.3399999999999892,11,641.9699999999989
99.6,1.3399999999999892,14,643.9799999999989
99.6,1.3399999999999892,14,643.9799999999989
99.6,1.3399999999999892,14,643.9799999999989
99.6,1.3399999999999892,10,646.659999999999
99.6,1.3399999999999892,-3,655.369999999999
99.6,1.3399999999999892,1,658.0499999999989
99.6,1.3399999999999892,1,658.0499999999989
99.6,1.3399999999999892,1,658.0499999999989
99.6,1.3399999999999892,4,660.0599999999988
99.6,1.3399999999999892,7,662.0699999999988
99.6,1.3399999999999892,7,662.0699999999988
99.6,1.3399999999999892,8,662.7399999999989
99.6,1.3399999999999892,9,663.4099999999988
99.6,1.3399999999999892,9,663.4099999999988
99.6,1.3399999999999892,9,663.4099999999988
99.6,1.3399999999999892,11,664.7499999999987
99.595,1.3499999999999943,20,670.7399999999989
99.595,1.3499999999999943,30,677.4899999999984
99.595,1.3499999999999943,31,678.1649999999986
99.595,1.3499999999999943,30,678.8399999999983
99.595,1.3499999999999943,33,680.8649999999984
99.595,1.3499999999999943,35,682.2149999999983
99.58500000000001,1.3299999999999983,28,686.5199999999986
99.58500000000001,1.3299999999999983,40,694.4999999999991
99.555,1.269999999999996,40,693.2999999999988
99.53999999999999,1.2399999999999949,40,692.699999999998
99.53,1.2199999999999989,39,692.9099999999985
99.53,1.2199999999999989,39,692.9099999999985
99.53,1.2199999999999989,39,692.9099999999985
99.53,1.2199999999999989,33,696.5699999999988
99.53,1.2199999999999989,33,696.5699999999988
99.53,1.2199999999999989,32,697.1799999999985
99.53,1.2199999999999989,31,697.7899999999981
99.53,1.2199999999999989,26,700.8399999999986
99.53,1.2199999999999989,30,703.2799999999984
99.53,1.2199999999999989,31,703.889999999998
99.53,1.2199999999999989,31,703.889999999998
99.53,1.2199999999999989,26,706.9399999999985
99.53,1.2199999999999989,21,709.9899999999984
99.53,1.2199999999999989,23,711.2099999999984
99.53,1.2199999999999989,31,716.0899999999983
99.53,1.2199999999999989,31,716.0899999999983
99.53,1.2199999999999989,30,716.6999999999985
99.53,1.2199999999999989,25,719.7499999999984
99.53,1.2199999999999989,32,724.0199999999986
99.53,1.2199999999999989,35,725.8499999999985
99.53,1.2199999999999989,35,725.8499999999985
99.53,1.2199999999999989,36,726.4599999999982
99.53,1.2199999999999989,36,726.4599999999982
99.53,1.2199999999999989,36,726.4599999999982
99.53,1.2199999999999989,38,727.679999999998
99.53,1.2199999999999989,38,727.679999999998
99.53,1.2199999999999989,38,727.679999999998
99.53,1.2199999999999989,30,732.5599999999981
99.53,1.2199999999999989,30,732.5599999999981
99.525,1.230000000000004,39,737.8649999999984
99.525,1.230000000000004,39,737.8649999999984
99.525,1.230000000000004,39,737.8649999999984
99.525,1.230000000000004,30,743.3999999999978
99.525,1.230000000000004,30,743.3999999999978
99.525,1.230000000000004,24,747.0899999999983
99.525,1.230000000000004,22,748.3199999999981
99.525,1.230000000000004,22,748.3199999999981
99.525,1.230000000000004,19,750.1649999999981
99.525,1.230000000000004,17,751.3949999999982
99.525,1.230000000000004,17,751.3949999999982
99.525,1.230000000000004,12,754.4699999999982
99.525,1.230000000000004,14,755.6999999999981
99.525,1.230000000000004,14,755.6999999999981
99.525,1.230000000000004,14,755.6999999999981
99.525,1.230000000000004,14,755.6999999999981
99.525,1.230000000000004,10,758.159999999998
99.525,1.230000000000004,12,759.3899999999982
99.525,1.230000000000004,13,760.0049999999981
99.525,1.230000000000004,13,760.0049999999981
99.53,1.240000000000009,4,765.639999999998
99.53,1.240000000000009,1,767.4999999999981
99.53,1.240000000000009,1,767.4999999999981
99.53,1.240000000000009,0,768.1199999999981
99.53,1.240000000000009,0,768.1199999999981
99.53,1.240000000000009,1,768.7399999999981
99.53,1.240000000000009,0,769.3599999999981
99.53,1.240000000000009,-1,769.9799999999981
99.53,1.240000000000009,-1,769.9799999999981
99.53,1.240000000000009,-1,769.9799999999981
99.53,1.240000000000009,-2,770.5999999999981
99.53,1.240000000000009,-2,770.5999999999981
99.53,1.240000000000009,-2,770.5999999999981
99.53,1.240000000000009,-2,770.5999999999981
99.53,1.240000000000009,-3,771.2199999999981
99.53,1.240000000000009,-3,771.2199999999981
99.53,1.240000000000009,-6,773.0799999999981
99.53,1.240000000000009,-7,773.6999999999982
99.53,1.240000000000009,-6,774.3199999999981
99.53,1.240000000000009,-5,774.9399999999981
99.525,1.25,9,783.6049999999981
99.525,1.25,9,783.6049999999981
99.525,1.25,9,783.6049999999981
99.525,1.25,8,784.2299999999981
99.525,1.25,8,784.2299999999981
99.525,1.25,8,784.2299999999981
99.525,1.25,9,784.8549999999981
99.525,1.25,9,784.8549999999981
99.525,1.25,8,785.4799999999981
99.525,1.25,25,796.104999999998
99.525,1.25,24,796.7299999999984
99.525,1.25,24,796.7299999999984
99.525,1.25,29,799.8549999999987
99.525,1.25,29,799.8549999999987
99.53,1.259999999999991,18,806.8599999999984
99.525,1.269999999999996,26,811.8099999999986
99.525,1.269999999999996,26,811.8099999999986
99.525,1.269999999999996,35,817.5249999999987
99.525,1.269999999999996,38,819.4299999999989
99.52000000000001,1.2600000000000051,38,819.2399999999989
99.515,1.25,32,822.7999999999988
99.515,1.25,36,825.2999999999988
99.525,1.269999999999996,21,835.004999999999
99.525,1.269999999999996,21,835.004999999999
99.525,1.269999999999996,21,835.004999999999
99.525,1.269999999999996,21,835.004999999999
99.525,1.269999999999996,18,836.909999999999
99.525,1.269999999999996,18,836.909999999999
99.525,1.269999999999996,18,836.909999999999
99.525,1.269999999999996,18,836.909999999999
99.525,1.269999999999996,27,842.6249999999991
99.525,1.269999999999996,21,846.434999999999
99.525,1.269999999999996,16,849.609999999999
99.525,1.269999999999996,16,849.609999999999
99.525,1.269999999999996,16,849.609999999999
99.525,1.269999999999996,19,851.514999999999
99.525,1.269999999999996,19,851.514999999999
99.52,1.2800000000000011,36,862.2199999999984
99.52,1.2800000000000011,35,862.8599999999983
99.52,1.2800000000000011,37,864.1399999999985
99.515,1.2700000000000102,34,865.8599999999988
99.515,1.2700000000000102,34,865.8599999999988
99.515,1.2700000000000102,40,869.6699999999987
99.495,1.230000000000004,42,870.0999999999985
99.47999999999999,1.2000000000000028,57,878.4699999999984
99.395,1.0300000000000011,51,876.7149999999983
99.38,1.0,50,876.4499999999989
99.38,1.0,50,876.4499999999989
99.38,1.0,49,876.9499999999989
99.38,1.0,40,881.4499999999989
99.38,1.0,41,881.9499999999989
99.38,1.0,40,882.4499999999989
99.38,1.0,40,882.4499999999989
99.38,1.0,51,887.9499999999998
99.375,0.9900000000000091,51,887.6949999999997
99.36500000000001,0.9899999999999949,62,892.5900000000001
99.36500000000001,0.9899999999999949,47,898.915
99.36500000000001,0.9899999999999949,47,898.915
99.36500000000001,0.9899999999999949,47,898.915
99.36500000000001,0.9899999999999949,47,898.915
99.37,1.0,40,902.5999999999995
99.37,1.0,40,902.5999999999995
99.37,1.0,48,906.5999999999995
99.37,1.0,48,906.5999999999995
99.37,1.0,47,907.0999999999995
99.37,1.0,47,907.0999999999995
99.375,1.009999999999991,34,913.829999999999
99.375,1.009999999999991,33,914.3349999999991
99.375,1.009999999999991,33,914.3349999999991
99.375,1.009999999999991,41,918.3749999999991
99.375,1.009999999999991,39,919.3849999999993
99.375,1.009999999999991,39,919.3849999999993
99.375,1.009999999999991,44,921.9099999999994
99.375,1.009999999999991,44,921.9099999999994
99.375,1.009999999999991,44,921.9099999999994
99.375,1.009999999999991,44,921.9099999999994
99.375,1.009999999999991,43,922.4149999999995
99.375,1.009999999999991,36,925.9499999999994
99.375,1.009999999999991,36,925.9499999999994
99.38,1.019999999999996,33,927.6499999999996
99.375,1.0300000000000011,36,929.0099999999998
99.375,1.0300000000000011,36,929.0099999999998
99.375,1.0300000000000011,37,929.5249999999996
99.375,1.0300000000000011,36,930.0399999999995
99.375,1.0300000000000011,23,936.7349999999994
99.375,1.0300000000000011,22,937.2499999999995
99.375,1.0300000000000011,25,938.7949999999996
99.375,1.0300000000000011,26,939.3099999999997
99.375,1.0300000000000011,26,939.3099999999997
99.375,1.0300000000000011,28,940.3399999999997
99.375,1.0300000000000011,30,941.3699999999997
99.375,1.0300000000000011,30,941.3699999999997
99.375,1.0300000000000011,24,944.4599999999996
99.375,1.0300000000000011,23,944.9749999999997
99.375,1.0300000000000011,23,944.9749999999997
99.375,1.0300000000000011,27,947.0349999999996
99.375,1.0300000000000011,32,949.6099999999997
99.375,1.0300000000000011,32,949.6099999999997
99.375,1.0300000000000011,33,950.1249999999995
99.375,1.0300000000000011,33,950.1249999999995
99.375,1.0300000000000011,34,950.6399999999994
99.375,1.0300000000000011,30,952.6999999999994
99.375,1.0300000000000011,30,952.6999999999994
99.375,1.0300000000000011,36,955.7899999999995
99.375,1.0300000000000011,36,955.7899999999995
99.375,1.0300000000000011,36,955.7899999999995
99.375,1.0300000000000011,36,955.7899999999995
99.38,1.0400000000000063,33,957.5099999999998
99.38,1.0400000000000063,33,957.5099999999998
99.38,1.0400000000000063,35,958.5499999999997
99.38,1.0400000000000063,30,961.1499999999996
99.38,1.0400000000000063,38,965.3099999999995
99.38,1.0400000000000063,23,973.1099999999997
99.38,1.0400000000000063,10,979.8699999999999
99.38,1.0400000000000063,20,985.0699999999998
99.38,1.0400000000000063,20,985.0699999999998
99.38,1.0400000000000063,15,987.6699999999997
99.38,1.0400000000000063,15,987.6699999999997
99.38,1.0400000000000063,15,987.6699999999997
99.375,1.0500000000000114,31,995.8649999999998
99.375,1.0500000000000114,31,995.8649999999998
99.375,1.0500000000000114,24,999.54
99.375,1.0500000000000114,20,1001.64
99.375,1.0500000000000114,21,1002.165
99.375,1.0500000000000114,21,1002.165
99.375,1.0500000000000114,21,1002.165
99.375,1.0500000000000114,18,1003.74
99.375,1.0500000000000114,18,1003.74
99.375,1.0500000000000114,18,1003.74
99.375,1.0500000000000114,14,1005.84
99.375,1.0500000000000114,13,1006.365
99.375,1.0500000000000114,12,1006.89
99.38,1.0600000000000023,10,1008.0
99.38,1.0600000000000023,13,1009.5900000000001
99.395,1.0900000000000034,3,1015.145
99.395,1.0900000000000034,3,1015.145
99.395,1.0900000000000034,4,1015.69
99.395,1.0900000000000034,4,1015.69
99.395,1.0900000000000034,5,1016.2349999999999
99.395,1.0900000000000034,6,1016.78
99.395,1.0900000000000034,5,1017.3249999999998
99.395,1.0900000000000034,3,1018.415
99.395,1.0900000000000034,-2,1021.1399999999999
99.395,1.0900000000000034,-9,1024.955
99.395,1.0900000000000034,-11,1026.0449999999998
99.395,1.0900000000000034,-14,1027.68
99.395,1.0900000000000034,-8,1030.9500000000003
99.395,1.0900000000000034,-9,1031.4950000000003
99.395,1.0900000000000034,-10,1032.0400000000004
99.395,1.0900000000000034,-9,1032.5850000000005
99.395,1.0900000000000034,-10,1033.1300000000006
99.395,1.0900000000000034,-10,1033.1300000000006
99.395,1.0900000000000034,-10,1033.1300000000006
99.395,1.0900000000000034,-8,1034.2200000000003
99.395,1.0900000000000034,-8,1034.2200000000003
99.395,1.0900000000000034,-3,1036.9450000000004
99.395,1.0900000000000034,-3,1036.9450000000004
99.395,1.0900000000000034,-2,1037.4900000000005
99.395,1.0900000000000034,0,1038.5800000000004
99.395,1.0900000000000034,4,1040.7600000000004
99.395,1.0900000000000034,3,1041.3050000000003
99.395,1.0900000000000034,3,1041.3050000000003
99.395,1.0900000000000034,4,1041.8500000000004
99.395,1.0900000000000034,5,1042.3950000000002
99.395,1.0900000000000034,5,1042.3950000000002
99.395,1.0900000000000034,5,1042.3950000000002
99.395,1.0900000000000034,5,1042.3950000000002
99.395,1.0900000000000034,5,1042.3950000000002
99.395,1.0900000000000034,5,1042.3950000000002
99.395,1.0900000000000034,5,1042.3950000000002
99.395,1.0900000000000034,4,1042.9400000000003
99.395,1.0900000000000034,4,1042.9400000000003
99.395,1.0900000000000034,9,1045.6650000000004
99.395,1.0900000000000034,6,1047.3000000000004
99.39,1.0999999999999943,8,1048.3500000000004
99.39,1.0999999999999943,11,1050.0000000000005
99.39,1.0999999999999943,11,1050.0000000000005
99.39,1.0999999999999943,11,1050.0000000000005
99.39,1.0999999999999943,13,1051.1000000000004
99.39,1.0999999999999943,12,1051.6500000000005
99.39,1.0999999999999943,11,1052.2000000000003
99.38499999999999,1.1099999999999994,17,1055.4250000000002
99.38499999999999,1.1099999999999994,17,1055.4250000000002
99.38499999999999,1.1099999999999994,8,1060.42
99.38499999999999,1.1099999999999994,8,1060.42
99.4,1.1400000000000006,3,1063.2700000000004
99.4,1.1400000000000006,2,1063.8400000000004
99.4,1.1400000000000006,-2,1066.1200000000003
99.4,1.1400000000000006,1,1067.8300000000004
99.4,1.1400000000000006,-4,1070.6800000000003
99.4,1.1400000000000006,-2,1071.8200000000002
99.4,1.1400000000000006,-2,1071.8200000000002
99.4,1.1400000000000006,-2,1071.8200000000002
99.4,1.1400000000000006,-6,1074.1
99.4,1.1400000000000006,-2,1076.38
99.4,1.1400000000000006,3,1079.23
99.4,1.1400000000000006,3,1079.23
99.4,1.1400000000000006,3,1079.23
99.4,1.1400000000000006,4,1079.8000000000002
99.4,1.1400000000000006,12,1084.3600000000001
99.4,1.1400000000000006,-1,1091.77
99.4,1.1400000000000006,-1,1091.77
99.4,1.1400000000000006,11,1098.6100000000001
99.405,1.1500000000000057,-3,1106.5949999999998
99.405,1.1500000000000057,-4,1107.17
99.405,1.1500000000000057,-5,1107.745
99.405,1.1500000000000057,-5,1107.745
99.4,1.1600000000000108,0,1110.63
99.4,1.1600000000000108,-1,1111.21
99.4,1.1600000000000108,-15,1119.33
99.4,1.1600000000000108,-15,1119.33
99.4,1.1600000000000108,-15,1119.33
99.4,1.1600000000000108,-6,1124.55
99.4,1.1600000000000108,-1,1127.45
99.4,1.1600000000000108,1,1128.6100000000001
99.4,1.1600000000000108,2,1129.19
99.4,1.1600000000000108,-2,1131.5100000000002
99.4,1.1600000000000108,-6,1133.8300000000002
99.4,1.1600000000000108,-2,1136.1500000000003
99.4,1.1600000000000108,-2,1136.1500000000003
99.4,1.1600000000000108,-2,1136.1500000000003
99.4,1.1600000000000108,12,1144.2700000000004
99.4,1.1600000000000108,12,1144.2700000000004
99.4,1.1600000000000108,11,1144.8500000000004
99.4,1.1600000000000108,14,1146.5900000000004
99.4,1.1600000000000108,10,1148.9100000000003
99.4,1.1600000000000108,10,1148.9100000000003
99.4,1.1600000000000108,10,1148.9100000000003
99.4,1.1600000000000108,10,1148.9100000000003
99.4,1.1600000000000108,19,1154.1300000000006
99.4,1.1600000000000108,20,1154.7100000000005
99.4,1.1600000000000108,15,1157.6100000000006
99.4,1.1600000000000108,11,1159.9300000000007
99.4,1.1600000000000108,11,1159.9300000000007
99.4,1.1600000000000108,18,1163.9900000000007
99.4,1.1600000000000108,17,1164.5700000000006
99.4,1.1600000000000108,17,1164.5700000000006
99.4,1.1600000000000108,17,1164.5700000000006
99.4,1.1600000000000108,16,1165.1500000000005
99.4,1.1600000000000108,16,1165.1500000000005
99.4,1.1600000000000108,10,1168.6300000000006
99.4,1.1600000000000108,11,1169.2100000000007
99.4,1.1600000000000108,11,1169.2100000000007
99.4,1.1600000000000108,11,1169.2100000000007
99.41,1.1800000000000068,5,1172.8400000000006
99.41,1.1800000000000068,4,1173.4300000000007
99.41,1.1800000000000068,5,1174.0200000000007
99.41,1.1800000000000068,5,1174.0200000000007
99.41,1.1800000000000068,0,1176.9700000000007
99.41,1.1800000000000068,1,1177.5600000000009
99.41,1.1800000000000068,1,1177.5600000000009
99.4,1.2000000000000028,5,1179.9300000000007
99.4,1.2000000000000028,5,1179.9300000000007
99.4,1.2000000000000028,10,1182.9300000000007
99.4,1.2000000000000028,17,1187.130000000001
99.4,1.2000000000000028,27,1193.130000000001
99.4,1.2000000000000028,27,1193.130000000001
99.4,1.2000000000000028,27,1193.130000000001
99.4,1.2000000000000028,27,1193.130000000001
99.4,1.2000000000000028,27,1193.130000000001
99.4,1.2000000000000028,27,1193.130000000001
99.4,1.2000000000000028,27,1193.130000000001
99.4,1.2000000000000028,27,1193.130000000001
99.4,1.2000000000000028,27,1193.130000000001
99.4,1.2000000000000028,26,1193.730000000001
99.4,1.2000000000000028,26,1193.730000000001
99.4,1.2000000000000028,26,1193.730000000001
99.4,1.2000000000000028,40,1202.130000000001
99.4,1.2000000000000028,41,1202.730000000001
99.395,1.1899999999999977,41,1202.5250000000005
99.39,1.1800000000000068,39,1203.500000000001
99.39,1.1800000000000068,54,1212.3500000000013
99.32499999999999,1.0499999999999972,45,1213.565
99.32499999999999,1.0499999999999972,45,1213.565
99.32499999999999,1.0499999999999972,46,1214.0900000000006
99.32499999999999,1.0499999999999972,46,1214.0900000000006
99.33,1.0600000000000023,41,1216.9600000000005
99.33,1.0600000000000023,49,1221.2000000000007
99.32,1.0400000000000063,49,1220.71
99.315,1.0300000000000011,42,1224.0700000000002
99.315,1.0300000000000011,41,1224.5850000000005
99.315,1.0300000000000011,41,1224.5850000000005
99.315,1.0300000000000011,44,1226.13
99.315,1.0300000000000011,48,1228.1900000000005
99.315,1.0300000000000011,49,1228.705
99.315,1.0300000000000011,49,1228.705
99.315,1.0300000000000011,49,1228.705
99.315,1.0300000000000011,42,1232.31
99.315,1.0300000000000011,43,1232.8250000000003
99.315,1.0300000000000011,45,1233.8550000000005
99.315,1.0300000000000011,45,1233.8550000000005
99.315,1.0300000000000011,45,1233.8550000000005
99.315,1.0300000000000011,45,1233.8550000000005
99.315,1.0300000000000011,44,1234.37
99.315,1.0300000000000011,44,1234.37
99.315,1.0300000000000011,47,1235.9150000000004
99.315,1.0300000000000011,47,1235.9150000000004
99.31,1.039999999999992,49,1236.7000000000007
99.31,1.039999999999992,37,1242.8400000000001
99.31,1.039999999999992,37,1242.8400000000001
99.31,1.039999999999992,39,1243.88
99.31,1.039999999999992,39,1243.88
99.31,1.039999999999992,35,1245.96
99.31,1.039999999999992,41,1249.08
99.31,1.039999999999992,41,1249.08
99.31,1.039999999999992,34,1252.7199999999998
99.31,1.039999999999992,35,1253.2399999999998
99.31,1.039999999999992,21,1260.52
99.31,1.039999999999992,22,1261.04
99.315,1.0499999999999972,8,1268.4299999999998
99.315,1.0499999999999972,8,1268.4299999999998
99.315,1.0499999999999972,5,1270.0049999999997
99.315,1.0499999999999972,14,1274.7299999999996
99.315,1.0499999999999972,14,1274.7299999999996
99.315,1.0499999999999972,14,1274.7299999999996
99.315,1.0499999999999972,14,1274.7299999999996
99.31,1.0600000000000023,19,1277.2999999999997
99.31,1.0600000000000023,19,1277.2999999999997
99.31,1.0600000000000023,19,1277.2999999999997
99.31,1.0600000000000023,19,1277.2999999999997
99.32,1.0799999999999983,-2,1288.4299999999998
99.32,1.0799999999999983,-5,1290.0499999999997
99.32,1.0799999999999983,-5,1290.0499999999997
99.32,1.0799999999999983,-4,1290.5899999999997
99.32,1.0799999999999983,-1,1292.2099999999998
99.32,1.0799999999999983,0,1292.7499999999998
99.32,1.0799999999999983,-13,1299.77
99.32,1.0799999999999983,-13,1299.77
99.32,1.0799999999999983,-14,1300.31
99.32,1.0799999999999983,-14,1300.31
99.32,1.0799999999999983,-13,1300.85
99.32,1.0799999999999983,-14,1301.3899999999999
99.32,1.0799999999999983,-14,1301.3899999999999
99.32,1.0799999999999983,-14,1301.3899999999999
99.32,1.0799999999999983,-20,1304.6299999999999
99.32,1.0799999999999983,-21,1305.17
99.32,1.0799999999999983,-14,1308.9499999999998
99.32,1.0799999999999983,-14,1308.9499999999998
99.32,1.0799999999999983,-5,1313.81
99.32,1.0799999999999983,-6,1314.35
99.32,1.0799999999999983,-5,1314.8899999999999
99.315,1.0900000000000034,0,1317.6099999999997
99.315,1.0900000000000034,0,1317.6099999999997
99.315,1.0900000000000034,-7,1321.4249999999997
99.315,1.0900000000000034,-7,1321.4249999999997
99.315,1.0900000000000034,-7,1321.4249999999997
99.315,1.0900000000000034,-7,1321.4249999999997
99.315,1.0900000000000034,-7,1321.4249999999997
99.315,1.0900000000000034,-5,1322.5149999999996
99.315,1.0900000000000034,-2,1324.1499999999996
99.315,1.0900000000000034,-5,1325.7849999999996
99.31,1.0999999999999943,7,1332.3799999999997
99.31,1.0999999999999943,7,1332.3799999999997
99.31,1.0999999999999943,7,1332.3799999999997
99.31,1.0999999999999943,-1,1336.7799999999997
99.31,1.0999999999999943,-3,1337.8799999999997
99.31,1.0999999999999943,-3,1337.8799999999997
99.31,1.0999999999999943,-2,1338.4299999999998
99.31,1.0999999999999943,3,1341.1799999999998
99.31,1.0999999999999943,3,1341.1799999999998
99.31,1.0999999999999943,3,1341.1799999999998
99.31,1.0999999999999943,3,1341.1799999999998
99.31,1.0999999999999943,4,1341.7299999999998
99.31,1.0999999999999943,2,1342.83
99.31,1.0999999999999943,4,1343.9299999999998
99.31,1.0999999999999943,4,1343.9299999999998
99.31,1.0999999999999943,5,1344.4799999999998
99.31,1.0999999999999943,5,1344.4799999999998
99.32,1.1199999999999903,-25,1360.9899999999998
99.32,1.1199999999999903,-25,1360.9899999999998
99.32,1.1199999999999903,-25,1360.9899999999998
99.32,1.1199999999999903,-27,1362.1100000000001
99.32,1.1199999999999903,-26,1362.67
99.32,1.1199999999999903,-26,1362.67
99.32,1.1199999999999903,-19,1366.5899999999997
99.32,1.1199999999999903,-20,1367.1499999999999
99.32,1.1199999999999903,-19,1367.7099999999996
99.32,1.1199999999999903,-15,1369.9499999999996
99.32,1.1199999999999903,-15,1369.9499999999996
99.32,1.1199999999999903,-15,1369.9499999999996
99.32,1.1199999999999903,0,1378.3499999999995
99.315,1.1299999999999955,3,1380.0149999999994
99.315,1.1299999999999955,7,1382.2749999999994
99.315,1.1299999999999955,6,1382.8399999999995
99.315,1.1299999999999955,6,1382.8399999999995
99.315,1.1299999999999955,5,1383.4049999999995
99.315,1.1299999999999955,6,1383.9699999999993
99.31,1.1400000000000006,21,1392.3399999999997
99.31,1.1400000000000006,21,1392.3399999999997
99.31,1.1400000000000006,22,1392.9099999999996
99.31,1.1400000000000006,22,1392.9099999999996
99.31,1.1400000000000006,21,1393.4799999999996
99.31,1.1400000000000006,27,1396.8999999999994
99.31,1.1400000000000006,27,1396.8999999999994
99.31,1.1400000000000006,26,1397.4699999999993
99.31,1.1400000000000006,26,1397.4699999999993
99.31,1.1400000000000006,26,1397.4699999999993
99.31,1.1400000000000006,26,1397.4699999999993
99.31,1.1400000000000006,25,1398.0399999999995
99.31,1.1400000000000006,25,1398.0399999999995
99.31,1.1400000000000006,25,1398.0399999999995
99.31,1.1400000000000006,25,1398.0399999999995
99.31,1.1400000000000006,28,1399.7499999999998
99.31,1.1400000000000006,28,1399.7499999999998
99.31,1.1400000000000006,25,1401.4599999999996
99.31,1.1400000000000006,31,1404.8799999999997
99.31,1.1400000000000006,31,1404.8799999999997
99.31,1.1400000000000006,31,1404.8799999999997
99.31,1.1400000000000006,14,1414.5699999999997
99.31,1.1400000000000006,14,1414.5699999999997
99.31,1.1400000000000006,14,1414.5699999999997
99.31,1.1400000000000006,14,1414.5699999999997
99.31,1.1400000000000006,14,1414.5699999999997
99.31,1.1400000000000006,16,1415.7099999999996
99.31,1.1400000000000006,14,1416.8499999999997
99.31,1.1400000000000006,15,1417.4199999999996
99.31,1.1400000000000006,13,1418.5599999999995
99.2975,1.164999999999992,18,1421.2849999999996
99.2975,1.164999999999992,18,1421.2849999999996
99.2975,1.164999999999992,18,1421.2849999999996
99.2975,1.164999999999992,16,1422.4499999999996
99.2975,1.164999999999992,22,1425.9449999999997
99.2975,1.164999999999992,23,1426.5274999999997
99.2975,1.164999999999992,41,1437.0124999999994
99.2975,1.164999999999992,41,1437.0124999999994
99.2975,1.164999999999992,41,1437.0124999999994
99.2975,1.164999999999992,41,1437.0124999999994
99.2975,1.164999999999992,43,1438.1774999999993
99.2925,1.1550000000000011,52,1443.1599999999999
99.2425,1.0549999999999926,56,1442.67
99.1975,0.9650000000000034,56,1440.1500000000005
99.17750000000001,0.9249999999999972,56,1439.0300000000007
99.1675,0.9050000000000011,57,1438.9225000000006
99.1575,0.8849999999999909,57,1438.3525
99.1525,0.875,63,1440.6925
99.1175,0.8049999999999926,63,1438.4875000000002
99.10249999999999,0.7749999999999915,61,1438.3174999999992
99.10249999999999,0.7749999999999915,61,1438.3174999999992
99.10249999999999,0.7749999999999915,62,1438.704999999999
99.0975,0.7650000000000006,56,1440.6899999999996
99.0975,0.7650000000000006,56,1440.6899999999996
99.10249999999999,0.7749999999999915,41,1446.7424999999994
99.10249999999999,0.7749999999999915,41,1446.7424999999994
99.10249999999999,0.7749999999999915,41,1446.7424999999994
99.10249999999999,0.7749999999999915,41,1446.7424999999994
99.10249999999999,0.7749999999999915,30,1451.0049999999992
99.10249999999999,0.7749999999999915,31,1451.3924999999992
99.10249999999999,0.7749999999999915,29,1452.1674999999993
99.10249999999999,0.7749999999999915,30,1452.5549999999994
99.10249999999999,0.7749999999999915,41,1456.8174999999997
99.10249999999999,0.7749999999999915,40,1457.204999999999
99.10249999999999,0.7749999999999915,40,1457.204999999999
99.10249999999999,0.7749999999999915,40,1457.204999999999
99.10249999999999,0.7749999999999915,41,1457.5924999999993
99.1175,0.8049999999999926,33,1461.3374999999992
99.1175,0.8049999999999926,33,1461.3374999999992
99.1175,0.8049999999999926,33,1461.3374999999992
99.1175,0.8049999999999926,31,1462.1424999999995
99.1175,0.8049999999999926,31,1462.1424999999995
99.1175,0.8049999999999926,32,1462.5449999999994
99.1175,0.8049999999999926,31,1462.9474999999995
99.1175,0.8049999999999926,31,1462.9474999999995
99.1175,0.8049999999999926,31,1462.9474999999995
99.1175,0.8049999999999926,32,1463.3499999999995
99.1175,0.8049999999999926,32,1463.3499999999995
99.1175,0.8049999999999926,32,1463.3499999999995
99.1175,0.8049999999999926,33,1463.7524999999994
99.1275,0.8250000000000028,29,1465.692499999999
99.1275,0.8250000000000028,39,1469.8174999999992
99.1275,0.8250000000000028,34,1471.8799999999994
99.1275,0.8250000000000028,35,1472.2924999999996
99.125,0.8300000000000125,39,1473.8599999999992
99.125,0.8300000000000125,39,1473.8599999999992
99.125,0.8300000000000125,36,1475.104999999999
99.125,0.8300000000000125,36,1475.104999999999
99.11500000000001,0.8500000000000085,44,1478.0049999999997
99.11500000000001,0.8500000000000085,44,1478.0049999999997
99.11500000000001,0.8500000000000085,43,1478.4299999999998
99.11500000000001,0.8500000000000085,46,1479.705
99.11500000000001,0.8500000000000085,46,1479.705
99.11500000000001,0.8500000000000085,46,1479.705
99.11500000000001,0.8500000000000085,46,1479.705
99.11500000000001,0.8500000000000085,46,1479.705
99.11500000000001,0.8500000000000085,46,1479.705
99.11500000000001,0.8500000000000085,46,1479.705
99.11500000000001,0.8500000000000085,39,1482.6799999999998
99.11500000000001,0.8500000000000085,40,1483.1049999999996
99.14,0.9000000000000057,35,1486.2549999999992
99.14,0.9000000000000057,35,1486.2549999999992
99.14,0.9000000000000057,35,1486.2549999999992
99.14,0.9000000000000057,38,1487.604999999999
99.14,0.9000000000000057,34,1489.4049999999993
99.14,0.9000000000000057,34,1489.4049999999993
99.14,0.9000000000000057,34,1489.4049999999993
99.14,0.9000000000000057,34,1489.4049999999993
99.14,0.9000000000000057,35,1489.854999999999
99.145,0.9099999999999966,29,1492.7299999999989
99.145,0.9099999999999966,26,1494.094999999999
99.145,0.9099999999999966,37,1499.0999999999985
99.145,0.9099999999999966,43,1501.8299999999986
99.145,0.9099999999999966,43,1501.8299999999986
99.145,0.9099999999999966,43,1501.8299999999986
99.155,0.9300000000000068,36,1505.434999999999
99.16499999999999,0.9500000000000028,29,1508.979999999999
99.16499999999999,0.9500000000000028,29,1508.979999999999
99.16499999999999,0.9500000000000028,27,1509.9299999999992
99.16499999999999,0.9500000000000028,27,1509.9299999999992
99.16499999999999,0.9500000000000028,27,1509.9299999999992
99.16499999999999,0.9500000000000028,27,1509.9299999999992
99.16499999999999,0.9500000000000028,27,1509.9299999999992
99.16,0.9599999999999937,42,1516.9549999999995
99.16,0.9599999999999937,55,1523.1949999999993
99.14500000000001,0.9299999999999926,49,1525.1599999999994
99.14500000000001,0.9299999999999926,48,1525.625
99.14500000000001,0.9299999999999926,47,1526.0899999999997
99.14500000000001,0.9299999999999926,50,1527.4850000000001
99.14500000000001,0.9299999999999926,50,1527.4850000000001
99.14500000000001,0.9299999999999926,51,1527.9499999999998
99.14500000000001,0.9299999999999926,51,1527.9499999999998
99.14500000000001,0.9299999999999926,51,1527.9499999999998
99.14500000000001,0.9299999999999926,51,1527.9499999999998
99.14500000000001,0.9299999999999926,50,1528.4150000000004
99.16,0.9599999999999937,46,1531.0549999999994
99.16,0.9599999999999937,48,1532.0149999999999
99.16,0.9599999999999937,60,1537.7749999999987
99.12,0.8799999999999955,60,1535.375
99.16,0.9599999999999937,39,1545.8549999999987
99.155,0.9699999999999989,52,1551.8849999999993
99.155,0.9699999999999989,52,1551.8849999999993
99.155,0.9699999999999989,52,1551.8849999999993
99.155,0.9699999999999989,53,1552.369999999999
99.14500000000001,0.9500000000000028,54,1552.3149999999996
99.14,0.9399999999999977,57,1553.454999999999
99.12,0.8999999999999915,57,1552.3149999999987
99.11,0.8799999999999955,57,1551.744999999998
99.105,0.8700000000000045,57,1551.4599999999991
99.105,0.8700000000000045,40,1558.854999999999
99.11,0.8799999999999955,36,1560.7849999999987
99.11,0.8799999999999955,36,1560.7849999999987
99.12,0.8999999999999915,23,1566.814999999999
99.14,0.9399999999999977,16,1570.3249999999987
99.14,0.9399999999999977,16,1570.3249999999987
99.14,0.9399999999999977,16,1570.3249999999987
99.14,0.9399999999999977,17,1570.7949999999987
99.14,0.9399999999999977,15,1571.7349999999985
99.14,0.9399999999999977,14,1572.2049999999986
99.14,0.9399999999999977,14,1572.2049999999986
99.14,0.9399999999999977,14,1572.2049999999986
99.14,0.9399999999999977,10,1574.0849999999987
99.14,0.9399999999999977,9,1574.5549999999985
99.14,0.9399999999999977,10,1575.0249999999987
99.14,0.9399999999999977,10,1575.0249999999987
99.14,0.9399999999999977,10,1575.0249999999987
99.14,0.9399999999999977,10,1575.0249999999987
99.14,0.9399999999999977,10,1575.0249999999987
99.14,0.9399999999999977,15,1577.3749999999986
99.14,0.9399999999999977,17,1578.3149999999987
99.14,0.9399999999999977,17,1578.3149999999987
99.14,0.9399999999999977,17,1578.3149999999987
99.14500000000001,0.9500000000000028,16,1578.8649999999989
99.14500000000001,0.9500000000000028,16,1578.8649999999989
99.14500000000001,0.9500000000000028,13,1580.2899999999988
99.14500000000001,0.9500000000000028,13,1580.2899999999988
99.14500000000001,0.9500000000000028,13,1580.2899999999988
99.14500000000001,0.9500000000000028,13,1580.2899999999988
99.14500000000001,0.9500000000000028,13,1580.2899999999988
99.14500000000001,0.9500000000000028,13,1580.2899999999988
99.1375,0.9650000000000034,16,1581.5949999999987
99.1375,0.9650000000000034,13,1583.0424999999987
99.1375,0.9650000000000034,13,1583.0424999999987
99.1375,0.9650000000000034,13,1583.0424999999987
99.14750000000001,0.9849999999999994,-2,1590.4799999999987
99.14750000000001,0.9849999999999994,10,1596.3899999999987
99.14750000000001,0.9849999999999994,10,1596.3899999999987
99.14750000000001,0.9849999999999994,10,1596.3899999999987
99.14750000000001,0.9849999999999994,3,1599.8374999999987
99.14750000000001,0.9849999999999994,-1,1601.8074999999985
99.14750000000001,0.9849999999999994,-8,1605.2549999999985
99.14750000000001,0.9849999999999994,-3,1607.7174999999984
99.14750000000001,0.9849999999999994,-2,1608.2099999999984
99.14750000000001,0.9849999999999994,11,1614.6124999999986
99.14750000000001,0.9849999999999994,11,1614.6124999999986
99.14750000000001,0.9849999999999994,11,1614.6124999999986
99.14750000000001,0.9849999999999994,11,1614.6124999999986
99.14750000000001,0.9849999999999994,11,1614.6124999999986
99.14750000000001,0.9849999999999994,-3,1621.5074999999983
99.14750000000001,0.9849999999999994,-5,1622.4924999999985
99.14750000000001,0.9849999999999994,-6,1622.9849999999985
99.14750000000001,0.9849999999999994,-9,1624.4624999999985
99.14750000000001,0.9849999999999994,-24,1631.8499999999985
99.14750000000001,0.9849999999999994,-25,1632.3424999999988
99.14750000000001,0.9849999999999994,-24,1632.8349999999987
99.14750000000001,0.9849999999999994,-27,1634.3124999999982
99.14750000000001,0.9849999999999994,-27,1634.3124999999982
99.14750000000001,0.9849999999999994,-27,1634.3124999999982
99.14750000000001,0.9849999999999994,-27,1634.3124999999982
99.14750000000001,0.9849999999999994,-15,1640.222499999998
99.1525,0.9950000000000045,-32,1648.5449999999983
99.1525,0.9950000000000045,-32,1648.5449999999983
99.1525,0.9950000000000045,-32,1648.5449999999983
99.1525,0.9950000000000045,-32,1648.5449999999983
99.1525,0.9950000000000045,-32,1648.5449999999983
99.1525,0.9950000000000045,-31,1649.0424999999987
99.1525,0.9950000000000045,-31,1649.0424999999987
99.1525,0.9950000000000045,-35,1651.032499999999
99.1525,0.9950000000000045,-37,1652.0274999999992
99.1525,0.9950000000000045,-30,1655.5099999999989
99.1525,0.9950000000000045,-22,1659.4899999999993
99.1525,0.9950000000000045,-33,1664.9624999999987
99.1525,0.9950000000000045,-33,1664.9624999999987
99.1525,0.9950000000000045,-33,1664.9624999999987
99.1525,0.9950000000000045,-33,1664.9624999999987
99.1525,0.9950000000000045,-33,1664.9624999999987
99.1525,0.9950000000000045,-33,1664.9624999999987
99.15,1.0,-26,1668.5399999999986
99.15,1.0,-26,1668.5399999999986
99.15,1.0,-26,1668.5399999999986
99.15,1.0,-26,1668.5399999999986
99.15,1.0,-25,1669.039999999999
99.155,1.009999999999991,-45,1678.994999999999
99.155,1.009999999999991,-45,1678.994999999999
99.155,1.009999999999991,-41,1681.014999999999
99.155,1.009999999999991,-41,1681.014999999999
99.155,1.009999999999991,-41,1681.014999999999
99.155,1.009999999999991,-42,1681.5199999999986
99.155,1.009999999999991,-46,1683.539999999999
99.155,1.009999999999991,-46,1683.539999999999
99.155,1.009999999999991,-46,1683.539999999999
99.155,1.009999999999991,-44,1684.5499999999993
99.155,1.009999999999991,-45,1685.0549999999985
99.155,1.009999999999991,-45,1685.0549999999985
99.1525,1.0149999999999864,-26,1694.7899999999981
99.1525,1.0149999999999864,-23,1696.3124999999982
99.1525,1.0149999999999864,-34,1701.8949999999982
99.1525,1.0149999999999864,-34,1701.8949999999982
99.1525,1.0149999999999864,-34,1701.8949999999982
99.1525,1.0149999999999864,-37,1703.4174999999977
99.1525,1.0149999999999864,-44,1706.9699999999975
99.1525,1.0149999999999864,-43,1707.4774999999972
99.1525,1.0149999999999864,-38,1710.0149999999967
99.1525,1.0149999999999864,-53,1717.627499999996
99.17,0.9799999999999898,-53,1716.6999999999962
99.18,0.9599999999999937,-53,1716.1699999999964
99.185,0.9500000000000028,-54,1716.3799999999965
99.195,0.9299999999999926,-59,1718.1649999999972
99.22,0.8799999999999955,-63,1718.449999999997
99.255,0.8100000000000023,-68,1718.2699999999968
99.3,0.7199999999999989,-66,1715.9299999999976
99.31,0.7000000000000028,-68,1715.9699999999975
99.32499999999999,0.6700000000000017,-68,1714.949999999998
99.33,0.6599999999999966,-69,1714.9399999999978
99.34,0.6400000000000006,-65,1715.529999999997
99.35,0.6600000000000108,-81,1720.0199999999977
99.42,0.5200000000000102,-89,1716.4299999999967
99.495,0.37000000000000455,-90,1709.9399999999969
99.54,0.28000000000000114,-90,1705.8899999999976
99.56,0.2400000000000091,-85,1704.6899999999969
99.56,0.2400000000000091,-85,1704.6899999999969
99.56,0.2400000000000091,-85,1704.6899999999969
99.545,0.27000000000001023,-76,1707.029999999997
99.545,0.27000000000001023,-71,1707.704999999998
99.545,0.27000000000001023,-70,1707.8399999999974
99.545,0.27000000000001023,-70,1707.8399999999974
99.545,0.27000000000001023,-71,1707.9749999999985
99.545,0.27000000000001023,-71,1707.9749999999985
99.545,0.27000000000001023,-71,1707.9749999999985
99.545,0.27000000000001023,-71,1707.9749999999985
99.545,0.27000000000001023,-71,1707.9749999999985
99.545,0.27000000000001023,-71,1707.9749999999985
99.545,0.27000000000001023,-71,1707.9749999999985
99.545,0.27000000000001023,-76,1708.6499999999978
99.545,0.27000000000001023,-76,1708.6499999999978
99.545,0.27000000000001023,-86,1709.9999999999964
99.545,0.27000000000001023,-73,1711.7549999999974
99.545,0.27000000000001023,-68,1712.4299999999976
99.545,0.27000000000001023,-68,1712.4299999999976
99.545,0.27000000000001023,-68,1712.4299999999976
99.545,0.27000000000001023,-68,1712.4299999999976
99.545,0.27000000000001023,-69,1712.5649999999978
99.545,0.27000000000001023,-61,1713.6449999999986
99.54,0.28000000000000114,-53,1715.029999999998
99.54,0.28000000000000114,-53,1715.029999999998
99.54,0.28000000000000114,-53,1715.029999999998
99.495,0.37000000000000455,-39,1719.4649999999983
99.495,0.37000000000000455,-38,1719.6499999999978
99.495,0.37000000000000455,-39,1719.8349999999982
99.495,0.37000000000000455,-39,1719.8349999999982
99.495,0.37000000000000455,-39,1719.8349999999982
99.495,0.37000000000000455,-39,1719.8349999999982
99.495,0.37000000000000455,-44,1720.7599999999975
99.495,0.37000000000000455,-44,1720.7599999999975
99.495,0.37000000000000455,-44,1720.7599999999975
99.495,0.37000000000000455,-44,1720.7599999999975
99.495,0.37000000000000455,-44,1720.7599999999975
99.495,0.37000000000000455,-47,1721.3149999999978
99.495,0.37000000000000455,-46,1721.4999999999973
99.495,0.37000000000000455,-55,1723.1649999999972
99.495,0.37000000000000455,-33,1727.2349999999979
99.495,0.37000000000000455,-27,1728.344999999998
99.495,0.37000000000000455,-27,1728.344999999998
99.5,0.37999999999999545,-37,1730.0899999999983
99.5,0.37999999999999545,-36,1730.279999999998
99.485,0.4099999999999966,-28,1732.4299999999976
99.485,0.4099999999999966,-27,1732.634999999998
99.485,0.4099999999999966,-27,1732.634999999998
99.485,0.4099999999999966,-26,1732.8399999999979
99.47,0.4399999999999977,-25,1733.4199999999983
99.47,0.4399999999999977,-25,1733.4199999999983
99.47,0.4399999999999977,-38,1736.2799999999984
99.47,0.4399999999999977,-38,1736.2799999999984
99.47,0.4399999999999977,-37,1736.4999999999986
99.47,0.4399999999999977,-37,1736.4999999999986
99.47,0.4399999999999977,-37,1736.4999999999986
99.47,0.4399999999999977,-32,1737.5999999999985
99.47,0.4399999999999977,-32,1737.5999999999985
99.47,0.4399999999999977,-32,1737.5999999999985
99.47,0.4399999999999977,-21,1740.0199999999986
99.47,0.4399999999999977,-33,1742.6599999999985
99.47,0.4399999999999977,-33,1742.6599999999985
99.47,0.4399999999999977,-33,1742.6599999999985
99.47,0.4399999999999977,-33,1742.6599999999985
99.47,0.4399999999999977,-34,1742.8799999999978
99.47,0.4399999999999977,-34,1742.8799999999978
99.47,0.4399999999999977,-34,1742.8799999999978
99.47,0.4399999999999977,-34,1742.8799999999978
99.47,0.4399999999999977,-34,1742.8799999999978
99.47,0.4399999999999977,-32,1743.319999999998
99.47,0.4399999999999977,-33,1743.5399999999977
99.47,0.4399999999999977,-36,1744.199999999997
99.47,0.4399999999999977,-34,1744.6399999999971
99.47,0.4399999999999977,-34,1744.6399999999971
99.47,0.4399999999999977,-33,1744.8599999999974
99.47,0.4399999999999977,-32,1745.0799999999972
99.47,0.4399999999999977,-33,1745.299999999997
99.47,0.4399999999999977,-33,1745.299999999997
99.47,0.4399999999999977,-33,1745.299999999997
99.47,0.4399999999999977,-32,1745.5199999999968
99.47,0.4399999999999977,-25,1747.0599999999968
99.47,0.4399999999999977,-21,1747.9399999999969
99.47,0.4399999999999977,-20,1748.1599999999967
99.47,0.4399999999999977,-20,1748.1599999999967
99.47,0.4399999999999977,-23,1748.819999999997
99.47,0.4399999999999977,-23,1748.819999999997
99.47,0.4399999999999977,-27,1749.6999999999966
99.47,0.4399999999999977,-27,1749.6999999999966
99.47,0.4399999999999977,-27,1749.6999999999966
99.47,0.4399999999999977,-35,1751.4599999999964
99.47,0.4399999999999977,-35,1751.4599999999964
99.47,0.4399999999999977,-37,1751.8999999999965
99.47,0.4399999999999977,-37,1751.8999999999965
99.47,0.4399999999999977,-36,1752.1199999999963
99.47,0.4399999999999977,-36,1752.1199999999963
99.475,0.45000000000000284,-53,1755.6249999999973
99.475,0.45000000000000284,-56,1756.2999999999975
99.475,0.45000000000000284,-56,1756.2999999999975
99.475,0.45000000000000284,-53,1756.9749999999976
99.475,0.45000000000000284,-53,1756.9749999999976
99.475,0.45000000000000284,-58,1758.0999999999976
99.475,0.45000000000000284,-57,1758.324999999997
99.475,0.45000000000000284,-56,1758.5499999999975
99.475,0.45000000000000284,-56,1758.5499999999975
99.475,0.45000000000000284,-57,1758.774999999997
99.475,0.45000000000000284,-42,1762.149999999997
99.475,0.45000000000000284,-42,1762.149999999997
99.475,0.45000000000000284,-42,1762.149999999997
99.475,0.45000000000000284,-5,1770.4749999999967
99.475,0.45000000000000284,-5,1770.4749999999967
99.475,0.45000000000000284,-5,1770.4749999999967
99.475,0.45000000000000284,-7,1770.924999999997
99.475,0.45000000000000284,-7,1770.924999999997
99.475,0.45000000000000284,-7,1770.924999999997
99.475,0.45000000000000284,-7,1770.924999999997
99.475,0.45000000000000284,-8,1771.1499999999967
99.475,0.45000000000000284,-8,1771.1499999999967
99.475,0.45000000000000284,-8,1771.1499999999967
99.475,0.45000000000000284,-12,1772.049999999997
99.475,0.45000000000000284,-12,1772.049999999997
99.475,0.45000000000000284,-8,1772.9499999999969
99.475,0.45000000000000284,-8,1772.9499999999969
99.475,0.45000000000000284,-16,1774.7499999999968
99.475,0.45000000000000284,-16,1774.7499999999968
99.465,0.46999999999999886,-8,1776.7499999999966
99.465,0.46999999999999886,-8,1776.7499999999966
99.465,0.46999999999999886,-8,1776.7499999999966
99.465,0.46999999999999886,-5,1777.4549999999965
99.465,0.46999999999999886,-3,1777.9249999999965
99.465,0.46999999999999886,5,1779.8049999999964
99.465,0.46999999999999886,9,1780.7449999999963
99.465,0.46999999999999886,9,1780.7449999999963
99.465,0.46999999999999886,-3,1783.5649999999964
99.465,0.46999999999999886,-3,1783.5649999999964
99.465,0.46999999999999886,2,1784.7399999999964
99.465,0.46999999999999886,3,1784.9749999999963
99.465,0.46999999999999886,17,1788.2649999999962
99.465,0.46999999999999886,12,1789.4399999999962
99.465,0.46999999999999886,11,1789.6749999999963
99.465,0.46999999999999886,12,1789.9099999999962
99.465,0.46999999999999886,11,1790.1449999999963
99.465,0.46999999999999886,11,1790.1449999999963
99.47,0.47999999999998977,0,1792.799999999996
99.47,0.47999999999998977,-3,1793.5199999999963
99.435,0.5499999999999972,6,1795.6799999999962
99.435,0.5499999999999972,7,1795.954999999996
99.435,0.5499999999999972,3,1797.054999999996
99.435,0.5499999999999972,4,1797.3299999999958
99.435,0.5499999999999972,-4,1799.5299999999959
99.435,0.5499999999999972,-3,1799.804999999996
99.435,0.5499999999999972,-3,1799.804999999996
99.435,0.5499999999999972,-3,1799.804999999996
99.435,0.5499999999999972,0,1800.629999999996
99.435,0.5499999999999972,1,1800.9049999999959
99.435,0.5499999999999972,0,1801.179999999996
99.435,0.5499999999999972,0,1801.179999999996
99.435,0.5499999999999972,0,1801.179999999996
99.435,0.5499999999999972,2,1801.729999999996
99.435,0.5499999999999972,-2,1802.8299999999958
99.44,0.5600000000000023,-9,1804.749999999996
99.44,0.5600000000000023,-8,1805.029999999996
99.44,0.5600000000000023,-8,1805.029999999996
99.44,0.5600000000000023,-8,1805.029999999996
99.44,0.5600000000000023,-8,1805.029999999996
99.44,0.5600000000000023,-11,1805.869999999996
99.44,0.5600000000000023,-9,1806.4299999999957
99.395,0.6500000000000057,-2,1808.6599999999958
99.395,0.6500000000000057,4,1810.6099999999956
99.4,0.6600000000000108,-2,1812.5799999999956
99.4,0.6600000000000108,-3,1812.9099999999955
99.4,0.6600000000000108,-3,1812.9099999999955
99.4,0.6600000000000108,-3,1812.9099999999955
99.4,0.6600000000000108,-10,1815.2199999999957
99.4,0.6600000000000108,-7,1816.2099999999955
99.4,0.6600000000000108,-7,1816.2099999999955
99.4,0.6600000000000108,-7,1816.2099999999955
99.4,0.6600000000000108,-8,1816.5399999999956
99.4,0.6600000000000108,-8,1816.5399999999956
99.39,0.6800000000000068,26,1827.7999999999956
99.39,0.6800000000000068,26,1827.7999999999956
99.39,0.6800000000000068,26,1827.7999999999956
99.39,0.6800000000000068,22,1829.1599999999958
99.39,0.6800000000000068,22,1829.1599999999958
99.385,0.6899999999999977,45,1836.9349999999959
99.385,0.6899999999999977,45,1836.9349999999959
99.39,0.6999999999999886,28,1842.9699999999962
99.39,0.6999999999999886,24,1844.3699999999963
99.39,0.6999999999999886,25,1844.7199999999962
99.38499999999999,0.7099999999999937,27,1845.2949999999958
99.38499999999999,0.7099999999999937,27,1845.2949999999958
99.38499999999999,0.7099999999999937,23,1846.7149999999958
99.38499999999999,0.7099999999999937,23,1846.7149999999958
99.38499999999999,0.7099999999999937,23,1846.7149999999958
99.38499999999999,0.7099999999999937,26,1847.7799999999959
99.38499999999999,0.7099999999999937,26,1847.7799999999959
99.38499999999999,0.7099999999999937,26,1847.7799999999959
99.38499999999999,0.7099999999999937,29,1848.8449999999962
99.38499999999999,0.7099999999999937,29,1848.8449999999962
99.38499999999999,0.7099999999999937,27,1849.5549999999957
99.38499999999999,0.7099999999999937,26,1849.909999999996
99.38499999999999,0.7099999999999937,25,1850.2649999999962
99.38499999999999,0.7099999999999937,25,1850.2649999999962
99.38499999999999,0.7099999999999937,26,1850.619999999996
99.38499999999999,0.7099999999999937,26,1850.619999999996
99.38499999999999,0.7099999999999937,26,1850.619999999996
99.38499999999999,0.7099999999999937,27,1850.9749999999958
99.39,0.7199999999999989,20,1853.5799999999963
99.39,0.7199999999999989,18,1854.2999999999963
99.39,0.7199999999999989,12,1856.4599999999964
99.39,0.7199999999999989,12,1856.4599999999964
99.39,0.7199999999999989,12,1856.4599999999964
99.39,0.7199999999999989,12,1856.4599999999964
99.39,0.7199999999999989,12,1856.4599999999964
99.39,0.7199999999999989,12,1856.4599999999964
99.39500000000001,0.730000000000004,-2,1861.5299999999966
99.39500000000001,0.730000000000004,-1,1861.8949999999966
99.39500000000001,0.730000000000004,3,1863.3549999999964
99.39500000000001,0.730000000000004,6,1864.4499999999964
99.39500000000001,0.730000000000004,5,1864.8149999999964
99.39500000000001,0.730000000000004,14,1868.0999999999965
99.39500000000001,0.730000000000004,14,1868.0999999999965
99.39500000000001,0.730000000000004,13,1868.4649999999965
99.39500000000001,0.730000000000004,13,1868.4649999999965
99.4,0.7399999999999949,2,1872.559999999996
99.4,0.7399999999999949,2,1872.559999999996
99.4,0.7399999999999949,9,1875.149999999996
99.4,0.7399999999999949,9,1875.149999999996
99.4,0.7399999999999949,9,1875.149999999996
99.4,0.7399999999999949,9,1875.149999999996
99.4,0.7399999999999949,5,1876.629999999996
99.4,0.7399999999999949,5,1876.629999999996
99.4,0.7399999999999949,1,1878.109999999996
99.4,0.7399999999999949,0,1878.479999999996
99.4,0.7399999999999949,0,1878.479999999996
99.4,0.7399999999999949,0,1878.479999999996
99.4,0.7399999999999949,0,1878.479999999996
99.4,0.7399999999999949,0,1878.479999999996
99.4,0.7399999999999949,3,1879.5899999999958
99.4,0.7399999999999949,3,1879.5899999999958
99.4,0.7399999999999949,4,1879.959999999996
99.4,0.7399999999999949,4,1879.959999999996
99.4,0.7399999999999949,-4,1882.919999999996
99.4,0.7399999999999949,-4,1882.919999999996
99.4,0.7399999999999949,-4,1882.919999999996
99.38499999999999,0.769999999999996,16,1890.4699999999957
99.38499999999999,0.769999999999996,16,1890.4699999999957
99.38499999999999,0.769999999999996,18,1891.2399999999957
99.38499999999999,0.769999999999996,26,1894.3199999999956
99.38499999999999,0.769999999999996,26,1894.3199999999956
99.38499999999999,0.769999999999996,27,1894.7049999999954
99.38499999999999,0.769999999999996,27,1894.7049999999954
99.38499999999999,0.769999999999996,26,1895.0899999999956
99.38499999999999,0.769999999999996,39,1900.0949999999953
99.38499999999999,0.769999999999996,39,1900.0949999999953
99.38499999999999,0.769999999999996,39,1900.0949999999953
99.38499999999999,0.769999999999996,40,1900.4799999999955
99.38,0.7800000000000011,53,1905.3099999999954
99.38,0.7800000000000011,53,1905.3099999999954
99.38,0.7800000000000011,46,1908.0399999999954
99.38,0.7800000000000011,54,1911.1599999999953
99.38,0.7800000000000011,52,1911.939999999996
99.37,0.7999999999999972,62,1915.359999999997
99.36,0.7800000000000011,62,1914.7399999999961
99.35499999999999,0.769999999999996,56,1916.7399999999957
99.35499999999999,0.769999999999996,57,1917.1249999999964
99.35499999999999,0.769999999999996,56,1917.5099999999957
99.35499999999999,0.769999999999996,56,1917.5099999999957
99.35499999999999,0.769999999999996,56,1917.5099999999957
99.35499999999999,0.769999999999996,56,1917.5099999999957
99.35499999999999,0.769999999999996,56,1917.5099999999957
99.35499999999999,0.769999999999996,56,1917.5099999999957
99.35,0.7800000000000011,64,1920.3299999999963
99.335,0.75,64,1919.3699999999963
99.32499999999999,0.730000000000004,64,1918.729999999996
99.32,0.7200000000000131,58,1920.569999999996
99.32,0.7200000000000131,58,1920.569999999996
99.315,0.730000000000004,62,1921.6999999999962
99.315,0.730000000000004,62,1921.6999999999962
99.315,0.730000000000004,67,1923.524999999996
99.295,0.6899999999999977,69,1922.8749999999973
99.28,0.6599999999999966,69,1921.8399999999965
99.27000000000001,0.6400000000000006,69,1921.1499999999978
99.265,0.6299999999999955,69,1920.8049999999967
99.25999999999999,0.6400000000000006,75,1922.3499999999958
99.225,0.5700000000000074,82,1921.7199999999966
99.225,0.5700000000000074,63,1926.1349999999966
99.25999999999999,0.6400000000000006,60,1929.2299999999968
99.25999999999999,0.6400000000000006,60,1929.2299999999968
99.25999999999999,0.6400000000000006,63,1930.1899999999969
99.25999999999999,0.6400000000000006,63,1930.1899999999969
99.25999999999999,0.6400000000000006,63,1930.1899999999969
99.25999999999999,0.6400000000000006,57,1932.1099999999974
99.25999999999999,0.6400000000000006,46,1935.6299999999965
99.265,0.6500000000000057,45,1936.1749999999975
99.265,0.6500000000000057,45,1936.1749999999975
99.265,0.6500000000000057,45,1936.1749999999975
99.265,0.6500000000000057,45,1936.1749999999975
99.265,0.6500000000000057,46,1936.4999999999968
99.265,0.6500000000000057,46,1936.4999999999968
99.265,0.6500000000000057,49,1937.4749999999967
99.265,0.6500000000000057,63,1942.024999999997
99.265,0.6500000000000057,63,1942.024999999997
99.265,0.6500000000000057,61,1942.6749999999975
99.265,0.6500000000000057,61,1942.6749999999975
99.265,0.6500000000000057,61,1942.6749999999975
99.265,0.6500000000000057,57,1943.974999999998
99.265,0.6500000000000057,58,1944.2999999999975
99.265,0.6500000000000057,58,1944.2999999999975
99.265,0.6500000000000057,49,1947.2249999999972
99.265,0.6500000000000057,54,1948.849999999998
99.275,0.6700000000000017,48,1951.2999999999988
99.275,0.6700000000000017,47,1951.6349999999984
99.275,0.6700000000000017,47,1951.6349999999984
99.285,0.6899999999999977,35,1956.0849999999982
99.285,0.6899999999999977,35,1956.0849999999982
99.285,0.6899999999999977,35,1956.0849999999982
99.285,0.6899999999999977,35,1956.0849999999982
99.285,0.6899999999999977,35,1956.0849999999982
99.285,0.6899999999999977,35,1956.0849999999982
99.285,0.6899999999999977,43,1958.8449999999984
99.285,0.6899999999999977,43,1958.8449999999984
99.285,0.6899999999999977,47,1960.2249999999976
99.285,0.6899999999999977,47,1960.2249999999976
99.285,0.6899999999999977,47,1960.2249999999976
99.285,0.6899999999999977,39,1962.9849999999979
99.285,0.6899999999999977,39,1962.9849999999979
99.285,0.6899999999999977,39,1962.9849999999979
99.285,0.6899999999999977,37,1963.6749999999981
99.285,0.6899999999999977,37,1963.6749999999981
99.285,0.6899999999999977,37,1963.6749999999981
99.285,0.6899999999999977,36,1964.0199999999977
99.285,0.6899999999999977,35,1964.364999999998
99.285,0.6899999999999977,35,1964.364999999998
99.285,0.6899999999999977,23,1968.5049999999978
99.285,0.6899999999999977,23,1968.5049999999978
99.285,0.6899999999999977,23,1968.5049999999978
99.285,0.6899999999999977,22,1968.849999999998
99.285,0.6899999999999977,23,1969.194999999998
99.25999999999999,0.7399999999999949,34,1972.2899999999977
99.25999999999999,0.7399999999999949,34,1972.2899999999977
99.265,0.75,33,1972.824999999998
99.265,0.75,31,1973.5749999999982
99.265,0.75,33,1974.324999999998
99.265,0.75,33,1974.324999999998
99.265,0.75,25,1977.324999999998
99.265,0.75,20,1979.199999999998
99.265,0.75,21,1979.5749999999982
99.265,0.75,20,1979.949999999998
99.265,0.75,20,1979.949999999998
99.265,0.75,20,1979.949999999998
99.265,0.75,24,1981.4499999999982
99.265,0.75,31,1984.0749999999982
99.265,0.75,27,1985.5749999999982
99.265,0.75,27,1985.5749999999982
99.265,0.75,33,1987.824999999998
99.265,0.75,33,1987.824999999998
99.265,0.75,33,1987.824999999998
99.265,0.75,26,1990.449999999998
99.265,0.75,26,1990.449999999998
99.265,0.75,26,1990.449999999998
99.265,0.75,26,1990.449999999998
99.265,0.75,32,1992.699999999998
99.265,0.75,33,1993.0749999999978
99.265,0.75,41,1996.074999999998
99.265,0.75,41,1996.074999999998
99.265,0.75,44,1997.1999999999975
99.265,0.75,43,1997.574999999998
99.265,0.75,43,1997.574999999998
99.275,0.769999999999996,39,1999.504999999998
99.275,0.769999999999996,39,1999.504999999998
99.275,0.769999999999996,34,2001.429999999998
99.275,0.769999999999996,35,2001.8149999999976
99.275,0.769999999999996,35,2001.8149999999976
99.275,0.769999999999996,32,2002.9699999999978
99.275,0.769999999999996,34,2003.739999999998
99.275,0.769999999999996,34,2003.739999999998
99.275,0.769999999999996,35,2004.1249999999975
99.275,0.769999999999996,27,2007.2049999999977
99.275,0.769999999999996,27,2007.2049999999977
99.275,0.769999999999996,27,2007.2049999999977
99.275,0.769999999999996,27,2007.2049999999977
99.275,0.769999999999996,28,2007.5899999999979
99.275,0.769999999999996,27,2007.9749999999976
99.275,0.769999999999996,27,2007.9749999999976
99.275,0.769999999999996,28,2008.3599999999979
99.275,0.769999999999996,28,2008.3599999999979
99.275,0.769999999999996,31,2009.5149999999976
99.275,0.769999999999996,30,2009.8999999999974
99.275,0.769999999999996,31,2010.2849999999976
99.275,0.769999999999996,16,2016.0599999999974
99.275,0.769999999999996,13,2017.2149999999974
99.275,0.769999999999996,12,2017.5999999999976
99.275,0.769999999999996,12,2017.5999999999976
99.275,0.769999999999996,8,2019.1399999999974
99.275,0.769999999999996,8,2019.1399999999974
99.275,0.769999999999996,11,2020.2949999999973
99.275,0.769999999999996,9,2021.0649999999973
99.28999999999999,0.7999999999999972,-22,2033.4099999999976
99.28999999999999,0.7999999999999972,-22,2033.4099999999976
99.28999999999999,0.7999999999999972,-25,2034.609999999997
99.28999999999999,0.7999999999999972,-14,2039.009999999997
99.28999999999999,0.7999999999999972,-14,2039.009999999997
99.28999999999999,0.7999999999999972,-15,2039.4099999999971
99.28999999999999,0.7999999999999972,-14,2039.8099999999972
99.285,0.8100000000000023,1,2045.814999999997
99.285,0.8100000000000023,2,2046.2199999999968
99.285,0.8100000000000023,6,2047.839999999997
99.285,0.8100000000000023,6,2047.839999999997
99.285,0.8100000000000023,1,2049.864999999997
99.285,0.8100000000000023,-6,2052.699999999997
99.285,0.8100000000000023,-8,2053.5099999999975
99.285,0.8100000000000023,-8,2053.5099999999975
99.285,0.8100000000000023,-8,2053.5099999999975
99.28,0.8199999999999932,-1,2056.379999999997
99.28,0.8199999999999932,-1,2056.379999999997
99.28,0.8199999999999932,-1,2056.379999999997
99.28,0.8199999999999932,-6,2058.4299999999967
99.28,0.8199999999999932,-7,2058.839999999997
99.28,0.8199999999999932,-15,2062.119999999997
99.28,0.8199999999999932,-15,2062.119999999997
99.28,0.8199999999999932,-15,2062.119999999997
99.28,0.8199999999999932,-15,2062.119999999997
99.28,0.8199999999999932,-15,2062.119999999997
99.28,0.8199999999999932,-9,2064.5799999999967
99.28,0.8199999999999932,-9,2064.5799999999967
99.28,0.8199999999999932,-9,2064.5799999999967
99.28,0.8199999999999932,-9,2064.5799999999967
99.275,0.8299999999999983,-6,2065.859999999997
99.275,0.8299999999999983,-2,2067.519999999997
99.275,0.8299999999999983,-2,2067.519999999997
99.27,0.8400000000000034,13,2073.7899999999972
99.27,0.8400000000000034,13,2073.7899999999972
99.27,0.8400000000000034,11,2074.629999999997
99.27,0.8400000000000034,11,2074.629999999997
99.27,0.8400000000000034,17,2077.149999999997
99.27,0.8400000000000034,17,2077.149999999997
99.27,0.8400000000000034,17,2077.149999999997
99.27,0.8400000000000034,18,2077.569999999997
99.27,0.8400000000000034,18,2077.569999999997
99.27,0.8400000000000034,17,2077.989999999997
99.27,0.8400000000000034,28,2082.609999999997
99.28,0.8599999999999994,9,2090.899999999997
99.28,0.8599999999999994,9,2090.899999999997
99.28,0.8599999999999994,9,2090.899999999997
99.275,0.8699999999999903,10,2091.279999999997
99.275,0.8699999999999903,11,2091.7149999999974
99.275,0.8699999999999903,11,2091.7149999999974
99.275,0.8699999999999903,11,2091.7149999999974
99.275,0.8699999999999903,11,2091.7149999999974
99.275,0.8699999999999903,11,2091.7149999999974
99.275,0.8699999999999903,12,2092.1499999999974
99.275,0.8699999999999903,20,2095.6299999999974
99.275,0.8699999999999903,19,2096.0649999999973
99.275,0.8699999999999903,30,2100.849999999997
99.275,0.8699999999999903,30,2100.849999999997
99.275,0.8699999999999903,30,2100.849999999997
99.275,0.8699999999999903,29,2101.2849999999976
99.275,0.8699999999999903,29,2101.2849999999976
99.275,0.8699999999999903,29,2101.2849999999976
99.275,0.8699999999999903,29,2101.2849999999976
99.275,0.8699999999999903,30,2101.719999999997
99.28,0.8799999999999955,24,2104.4899999999975
99.28,0.8799999999999955,23,2104.929999999997
99.28,0.8799999999999955,23,2104.929999999997
99.28,0.8799999999999955,26,2106.2499999999973
99.28,0.8799999999999955,26,2106.2499999999973
99.28,0.8799999999999955,26,2106.2499999999973
99.28,0.8799999999999955,31,2108.449999999997
99.28,0.8799999999999955,31,2108.449999999997
99.28,0.8799999999999955,32,2108.889999999997
99.28,0.8799999999999955,35,2110.2099999999973
99.28,0.8799999999999955,40,2112.409999999997
99.28,0.8799999999999955,42,2113.2899999999972
99.28,0.8799999999999955,42,2113.2899999999972
99.28,0.8799999999999955,42,2113.2899999999972
99.28,0.8799999999999955,50,2116.8099999999968
99.275,0.8900000000000006,59,2120.554999999997
99.25999999999999,0.8599999999999994,69,2123.9699999999966
99.19999999999999,0.7399999999999949,78,2123.159999999996
99.125,0.5900000000000034,79,2117.604999999997
99.08,0.5,79,2114.0499999999965
99.06,0.46000000000000796,76,2113.159999999997
99.06,0.46000000000000796,74,2113.619999999997
99.065,0.46999999999999886,68,2115.3499999999967
99.065,0.46999999999999886,73,2116.524999999997
99.06,0.480000000000004,81,2118.0099999999984
99.03,0.4399999999999977,106,2120.8899999999976
98.89,0.1599999999999966,106,2106.0499999999975
98.82,0.01999999999999602,106,2098.6299999999974
98.785,-0.04999999999999716,106,2094.9199999999964
98.765,-0.09000000000000341,106,2092.7999999999975
98.755,-0.10999999999999943,103,2091.574999999997
98.755,-0.10999999999999943,103,2091.574999999997
98.755,-0.10999999999999943,103,2091.574999999997
98.755,-0.10999999999999943,103,2091.574999999997
98.765,-0.09000000000000341,90,2091.8799999999974
98.765,-0.09000000000000341,90,2091.8799999999974
98.765,-0.09000000000000341,89,2091.834999999998
98.765,-0.09000000000000341,89,2091.834999999998
98.765,-0.09000000000000341,91,2091.744999999997
98.765,-0.09000000000000341,92,2091.699999999996
98.765,-0.09000000000000341,88,2091.519999999997
98.765,-0.09000000000000341,85,2091.3849999999966
98.765,-0.09000000000000341,94,2090.979999999997
98.765,-0.09000000000000341,94,2090.979999999997
98.765,-0.09000000000000341,92,2090.889999999996
98.765,-0.09000000000000341,79,2090.3049999999967
98.765,-0.09000000000000341,79,2090.3049999999967
98.765,-0.09000000000000341,73,2090.034999999996
98.765,-0.09000000000000341,73,2090.034999999996
98.765,-0.09000000000000341,73,2090.034999999996
98.765,-0.09000000000000341,78,2089.809999999996
98.765,-0.09000000000000341,78,2089.809999999996
98.765,-0.09000000000000341,76,2089.7199999999957
98.765,-0.09000000000000341,76,2089.7199999999957
98.765,-0.09000000000000341,76,2089.7199999999957
98.765,-0.09000000000000341,76,2089.7199999999957
98.765,-0.09000000000000341,75,2089.6749999999956
98.765,-0.09000000000000341,75,2089.6749999999956
98.765,-0.09000000000000341,75,2089.6749999999956
98.765,-0.09000000000000341,76,2089.6299999999956
98.765,-0.09000000000000341,68,2089.269999999996
98.765,-0.09000000000000341,68,2089.269999999996
98.765,-0.09000000000000341,68,2089.269999999996
98.785,-0.04999999999999716,62,2090.3199999999956
98.785,-0.04999999999999716,66,2090.219999999995
98.785,-0.04999999999999716,71,2090.094999999995
98.785,-0.04999999999999716,71,2090.094999999995
98.82,0.01999999999999602,56,2092.169999999995
98.82,0.01999999999999602,54,2092.1899999999946
98.82,0.01999999999999602,50,2092.229999999995
98.82,0.01999999999999602,50,2092.229999999995
98.82,0.01999999999999602,50,2092.229999999995
98.82,0.01999999999999602,41,2092.319999999995
98.82,0.01999999999999602,49,2092.399999999994
98.82,0.01999999999999602,48,2092.4099999999944
98.82,0.01999999999999602,60,2092.5299999999943
98.82,0.01999999999999602,60,2092.5299999999943
98.82,0.01999999999999602,60,2092.5299999999943
98.82,0.01999999999999602,60,2092.5299999999943
98.82,0.01999999999999602,60,2092.5299999999943
98.82,0.01999999999999602,60,2092.5299999999943
98.82,0.01999999999999602,60,2092.5299999999943
98.82,0.01999999999999602,60,2092.5299999999943
98.82,0.01999999999999602,58,2092.549999999994
98.82,0.01999999999999602,57,2092.559999999994
98.82,0.01999999999999602,57,2092.559999999994
98.82,0.01999999999999602,57,2092.559999999994
98.82,0.01999999999999602,57,2092.559999999994
98.82,0.01999999999999602,58,2092.569999999994
98.82,0.01999999999999602,58,2092.569999999994
98.82,0.01999999999999602,58,2092.569999999994
98.82,0.01999999999999602,58,2092.569999999994
98.82,0.01999999999999602,57,2092.579999999994
98.82,0.01999999999999602,57,2092.579999999994
98.82,0.01999999999999602,57,2092.579999999994
98.82,0.01999999999999602,57,2092.579999999994
98.82,0.01999999999999602,57,2092.579999999994
98.82,0.01999999999999602,57,2092.579999999994
98.82,0.01999999999999602,59,2092.5999999999935
98.82,0.01999999999999602,60,2092.609999999994
98.82,0.01999999999999602,60,2092.609999999994
98.82,0.01999999999999602,60,2092.609999999994
98.82,0.01999999999999602,60,2092.609999999994
98.82,0.01999999999999602,60,2092.609999999994
98.82,0.01999999999999602,60,2092.609999999994
98.82,0.01999999999999602,58,2092.6299999999937
98.825,0.030000000000001137,57,2092.9249999999947
98.825,0.030000000000001137,57,2092.9249999999947
98.825,0.030000000000001137,60,2092.9699999999943
98.825,0.030000000000001137,60,2092.9699999999943
98.825,0.030000000000001137,67,2093.0749999999944
98.825,0.030000000000001137,65,2093.104999999994
98.825,0.030000000000001137,63,2093.1349999999948
98.825,0.030000000000001137,63,2093.1349999999948
98.83500000000001,0.04999999999999716,44,2093.919999999995
98.83500000000001,0.04999999999999716,45,2093.944999999995
98.83500000000001,0.04999999999999716,45,2093.944999999995
98.83500000000001,0.04999999999999716,45,2093.944999999995
98.83500000000001,0.04999999999999716,45,2093.944999999995
98.83500000000001,0.04999999999999716,45,2093.944999999995
98.83500000000001,0.04999999999999716,45,2093.944999999995
98.83500000000001,0.04999999999999716,44,2093.9699999999953
98.83,0.060000000000002274,46,2093.789999999995
98.83,0.060000000000002274,46,2093.789999999995
98.83,0.060000000000002274,46,2093.789999999995
98.83,0.060000000000002274,43,2093.879999999994
98.83,0.060000000000002274,44,2093.909999999994
98.83,0.060000000000002274,44,2093.909999999994
98.83,0.060000000000002274,44,2093.909999999994
98.83,0.060000000000002274,46,2093.969999999995
98.83,0.060000000000002274,45,2093.999999999995
98.83,0.060000000000002274,45,2093.999999999995
98.83,0.060000000000002274,45,2093.999999999995
98.83,0.060000000000002274,42,2094.0899999999942
98.83,0.060000000000002274,38,2094.2099999999946
98.83,0.060000000000002274,34,2094.3299999999945
98.83,0.060000000000002274,36,2094.389999999995
98.83,0.060000000000002274,35,2094.4199999999946
98.83,0.060000000000002274,35,2094.4199999999946
98.83,0.060000000000002274,35,2094.4199999999946
98.83,0.060000000000002274,35,2094.4199999999946
98.83,0.060000000000002274,30,2094.5699999999947
98.83,0.060000000000002274,33,2094.6599999999944
98.83,0.060000000000002274,30,2094.7499999999945
98.83,0.060000000000002274,34,2094.8699999999944
98.83,0.060000000000002274,34,2094.8699999999944
98.83,0.060000000000002274,33,2094.899999999994
98.83,0.060000000000002274,36,2094.9899999999943
98.83,0.060000000000002274,36,2094.9899999999943
98.83,0.060000000000002274,45,2095.2599999999948
98.84,0.0799999999999983,28,2096.3699999999944
98.84,0.0799999999999983,28,2096.3699999999944
98.84,0.0799999999999983,34,2096.609999999994
98.84,0.0799999999999983,34,2096.609999999994
98.84,0.0799999999999983,33,2096.6499999999946
98.84,0.0799999999999983,33,2096.6499999999946
98.84,0.0799999999999983,40,2096.929999999995
98.84,0.0799999999999983,40,2096.929999999995
98.84,0.0799999999999983,41,2096.969999999995
98.84,0.0799999999999983,41,2096.969999999995
98.845,0.09000000000000341,38,2097.2799999999947
98.845,0.09000000000000341,38,2097.2799999999947
98.845,0.09000000000000341,38,2097.2799999999947
98.845,0.09000000000000341,38,2097.2799999999947
98.845,0.09000000000000341,45,2097.5949999999943
98.845,0.09000000000000341,45,2097.5949999999943
98.845,0.09000000000000341,47,2097.684999999995
98.845,0.09000000000000341,43,2097.864999999995
98.845,0.09000000000000341,52,2098.2699999999945
98.845,0.09000000000000341,64,2098.809999999995
98.845,0.09000000000000341,66,2098.899999999994
98.845,0.09000000000000341,65,2098.944999999995
98.845,0.09000000000000341,65,2098.944999999995
98.845,0.09000000000000341,65,2098.944999999995
98.845,0.09000000000000341,74,2099.349999999995
98.845,0.09000000000000341,74,2099.349999999995
98.86,0.12000000000000455,68,2100.6699999999946
98.86,0.12000000000000455,69,2100.729999999995
98.86,0.12000000000000455,71,2100.849999999995
98.86,0.12000000000000455,71,2100.849999999995
98.86,0.12000000000000455,71,2100.849999999995
98.86,0.12000000000000455,71,2100.849999999995
98.855,0.12999999999999545,84,2101.2599999999948
98.855,0.12999999999999545,80,2101.519999999996
98.855,0.12999999999999545,79,2101.5849999999955
98.855,0.12999999999999545,76,2101.779999999996
98.88,0.1799999999999926,75,2103.7199999999957
98.88,0.1799999999999926,76,2103.809999999995
98.88,0.1799999999999926,74,2103.9899999999952
98.88,0.1799999999999926,74,2103.9899999999952
98.88,0.1799999999999926,74,2103.9899999999952
98.88,0.1799999999999926,70,2104.349999999995
98.88,0.1799999999999926,93,2106.4199999999955
98.87,0.1599999999999966,93,2105.4899999999952
98.86500000000001,0.14999999999999147,93,2105.024999999997
98.86500000000001,0.14999999999999147,93,2105.024999999997
98.86500000000001,0.14999999999999147,105,2105.9249999999956
98.805,0.029999999999986926,106,2099.639999999994
98.77000000000001,-0.04000000000000625,106,2095.929999999995
98.75,-0.0800000000000125,106,2093.809999999994
98.74000000000001,-0.10000000000000853,106,2092.7499999999945
98.73500000000001,-0.10999999999999943,98,2091.779999999995
98.73500000000001,-0.10999999999999943,98,2091.779999999995
98.74000000000001,-0.10000000000000853,95,2092.099999999995
98.74000000000001,-0.10000000000000853,95,2092.099999999995
98.74000000000001,-0.10000000000000853,105,2091.599999999995
98.74000000000001,-0.10000000000000853,105,2091.599999999995
98.74000000000001,-0.10000000000000853,105,2091.599999999995
98.74000000000001,-0.10000000000000853,102,2091.4499999999953
98.74000000000001,-0.10000000000000853,106,2091.2499999999945
98.73500000000001,-0.10999999999999943,103,2090.5549999999957
98.73500000000001,-0.10999999999999943,103,2090.5549999999957
98.73500000000001,-0.10999999999999943,101,2090.4449999999943
98.73500000000001,-0.10999999999999943,101,2090.4449999999943
98.73500000000001,-0.10999999999999943,101,2090.4449999999943
98.73500000000001,-0.10999999999999943,101,2090.4449999999943
98.73500000000001,-0.10999999999999943,104,2090.279999999996
98.73,-0.09999999999999432,107,2089.599999999995
98.72,-0.12000000000000455,114,2088.109999999995
98.675,-0.18999999999999773,136,2080.8799999999937
98.53,-0.4399999999999977,147,2058.559999999994
98.405,-0.6899999999999977,148,2039.8399999999947
98.33500000000001,-0.8299999999999983,143,2027.4049999999952
98.33,-0.8400000000000034,143,2026.689999999995
98.325,-0.8499999999999943,140,2024.6999999999953
98.325,-0.8499999999999943,139,2024.274999999996
98.325,-0.8499999999999943,145,2021.724999999995
98.315,-0.8700000000000045,145,2020.2749999999942
98.305,-0.8900000000000006,145,2018.8249999999953
98.305,-0.8900000000000006,147,2017.9349999999959
98.295,-0.9099999999999966,147,2016.4649999999947
98.28999999999999,-0.9200000000000017,147,2015.729999999994
98.285,-0.9300000000000068,147,2014.9949999999935
98.28,-0.9399999999999977,141,2011.439999999995
98.28,-0.9399999999999977,143,2010.4999999999964
98.28,-0.9399999999999977,144,2010.0299999999952
98.28,-0.9399999999999977,145,2009.5599999999959
98.28,-0.9399999999999977,145,2009.5599999999959
98.28,-0.9399999999999977,145,2009.5599999999959
98.28,-0.9399999999999977,146,2009.0899999999965
98.28,-0.9399999999999977,146,2009.0899999999965
98.28,-0.9399999999999977,146,2009.0899999999965
98.28,-0.9399999999999977,146,2009.0899999999965
98.28,-0.9399999999999977,146,2009.0899999999965
98.28,-0.9399999999999977,146,2009.0899999999965
98.28,-0.9399999999999977,146,2009.0899999999965
98.28,-0.9399999999999977,146,2009.0899999999965
98.28,-0.9399999999999977,144,2008.149999999996
98.28,-0.9399999999999977,154,2003.449999999997
98.245,-1.0100000000000051,154,1998.0599999999977
98.225,-1.0499999999999972,154,1994.979999999996
98.215,-1.0699999999999932,157,1991.8349999999973
98.195,-1.0899999999999892,158,1988.1399999999958
98.175,-1.1299999999999955,158,1984.979999999996
98.16499999999999,-1.1499999999999915,159,1982.8249999999953
98.155,-1.1700000000000017,158,1980.649999999996
98.155,-1.1700000000000017,158,1980.649999999996
98.155,-1.1700000000000017,154,1978.3099999999977
98.155,-1.1700000000000017,153,1977.7249999999967
98.155,-1.1700000000000017,153,1977.7249999999967
98.155,-1.1700000000000017,153,1977.7249999999967
98.155,-1.1700000000000017,153,1977.7249999999967
98.155,-1.1700000000000017,153,1977.7249999999967
98.155,-1.1700000000000017,152,1977.1399999999958
98.155,-1.1700000000000017,152,1977.1399999999958
98.155,-1.1700000000000017,152,1977.1399999999958
98.155,-1.1700000000000017,152,1977.1399999999958
98.16,-1.1599999999999966,135,1968.0099999999966
98.16,-1.1599999999999966,133,1966.849999999995
98.16,-1.1599999999999966,133,1966.849999999995
98.16,-1.1599999999999966,133,1966.849999999995
98.16,-1.1599999999999966,133,1966.849999999995
98.16,-1.1599999999999966,143,1961.0499999999956
98.16,-1.1599999999999966,144,1960.4699999999957
98.16499999999999,-1.1499999999999915,140,1958.849999999995
98.16499999999999,-1.1499999999999915,140,1958.849999999995
98.16499999999999,-1.1499999999999915,140,1958.849999999995
98.16499999999999,-1.1499999999999915,140,1958.849999999995
98.16499999999999,-1.1499999999999915,140,1958.849999999995
98.16499999999999,-1.1499999999999915,144,1956.5499999999956
98.16499999999999,-1.1499999999999915,143,1955.9749999999967
98.175,-1.1299999999999955,131,1950.444999999996
98.175,-1.1299999999999955,131,1950.444999999996
98.175,-1.1299999999999955,131,1950.444999999996
98.175,-1.1299999999999955,136,1947.6199999999953
98.175,-1.1299999999999955,136,1947.6199999999953
98.175,-1.1299999999999955,136,1947.6199999999953
98.175,-1.1299999999999955,135,1947.0549999999967
98.175,-1.1299999999999955,140,1944.229999999996
98.175,-1.1299999999999955,140,1944.229999999996
98.175,-1.1299999999999955,130,1938.5799999999963
98.175,-1.1299999999999955,130,1938.5799999999963
98.175,-1.1299999999999955,133,1936.8849999999966
98.175,-1.1299999999999955,133,1936.8849999999966
98.17,-1.1200000000000045,134,1935.6499999999978
98.17,-1.1200000000000045,134,1935.6499999999978
98.17500000000001,-1.1099999999999994,120,1928.4899999999998
98.17500000000001,-1.1099999999999994,109,1922.3849999999984
98.17500000000001,-1.1099999999999994,100,1917.3899999999994
98.17500000000001,-1.1099999999999994,100,1917.3899999999994
98.17500000000001,-1.1099999999999994,99,1916.8349999999982
98.17500000000001,-1.1099999999999994,96,1915.1699999999983
98.17500000000001,-1.1099999999999994,96,1915.1699999999983
98.17500000000001,-1.1099999999999994,96,1915.1699999999983
98.17500000000001,-1.1099999999999994,89,1911.284999999998
98.17500000000001,-1.1099999999999994,95,1907.954999999999
98.17500000000001,-1.1099999999999994,96,1907.3999999999987
98.17500000000001,-1.1099999999999994,96,1907.3999999999987
98.17500000000001,-1.1099999999999994,96,1907.3999999999987
98.17,-1.0999999999999943,99,1905.239999999998
98.17,-1.0999999999999943,103,1903.039999999999
98.17,-1.0999999999999943,103,1903.039999999999
98.17,-1.0999999999999943,100,1901.3899999999985
98.17,-1.0999999999999943,100,1901.3899999999985
98.17,-1.0999999999999943,99,1900.8399999999983
98.17,-1.0999999999999943,119,1889.8399999999983
98.16499999999999,-1.0899999999999892,130,1883.1899999999987
98.16499999999999,-1.0899999999999892,130,1883.1899999999987
98.16499999999999,-1.0899999999999892,130,1883.1899999999987
98.16499999999999,-1.0899999999999892,130,1883.1899999999987
98.16499999999999,-1.0899999999999892,129,1882.6450000000004
98.16,-1.0799999999999983,134,1879.25
98.17,-1.0600000000000023,109,1867.2200000000012
98.17,-1.0600000000000023,109,1867.2200000000012
98.17,-1.0600000000000023,109,1867.2200000000012
98.17,-1.0600000000000023,108,1866.6900000000005
98.17,-1.0600000000000023,103,1864.0400000000009
98.17,-1.0600000000000023,117,1856.6200000000008
98.17,-1.0600000000000023,118,1856.0900000000001
98.17,-1.0600000000000023,121,1854.5
98.17,-1.0600000000000023,121,1854.5
98.17,-1.0600000000000023,121,1854.5
98.17,-1.0600000000000023,121,1854.5
98.17,-1.0600000000000023,121,1854.5
98.17,-1.0600000000000023,121,1854.5
98.17,-1.0600000000000023,122,1853.9699999999993
98.17,-1.0600000000000023,125,1852.3799999999992
98.16,-1.0400000000000063,136,1845.2499999999982
98.16,-1.0400000000000063,122,1837.9699999999975
98.165,-1.0300000000000011,116,1835.4799999999977
98.165,-1.0300000000000011,116,1835.4799999999977
98.165,-1.0300000000000011,115,1834.9649999999965
98.165,-1.0300000000000011,115,1834.9649999999965
98.165,-1.0300000000000011,115,1834.9649999999965
98.165,-1.0300000000000011,115,1834.9649999999965
98.165,-1.0300000000000011,116,1834.449999999997
98.165,-1.0300000000000011,116,1834.449999999997
98.18,-1.0,107,1831.569999999996
98.18,-1.0,108,1831.069999999996
98.18,-1.0,108,1831.069999999996
98.19,-0.980000000000004,102,1829.1099999999942
98.19,-0.980000000000004,103,1828.6199999999953
98.2,-0.960000000000008,84,1820.3499999999967
98.2,-0.960000000000008,84,1820.3499999999967
98.2,-0.960000000000008,81,1818.9099999999953
98.2,-0.960000000000008,81,1818.9099999999953
98.2,-0.960000000000008,81,1818.9099999999953
98.2,-0.960000000000008,81,1818.9099999999953
98.2,-0.960000000000008,78,1817.4699999999957
98.2,-0.960000000000008,78,1817.4699999999957
98.2,-0.960000000000008,78,1817.4699999999957
98.2,-0.960000000000008,78,1817.4699999999957
98.2,-0.960000000000008,90,1811.7099999999955
98.20500000000001,-0.9500000000000028,84,1809.2699999999968
98.20500000000001,-0.9500000000000028,86,1808.319999999997
98.20500000000001,-0.9500000000000028,83,1806.8949999999968
98.20500000000001,-0.9500000000000028,84,1806.4199999999964
98.20500000000001,-0.9500000000000028,89,1804.0449999999964
98.20500000000001,-0.9500000000000028,90,1803.569999999996
98.20500000000001,-0.9500000000000028,91,1803.0949999999957
98.20500000000001,-0.9500000000000028,90,1802.6199999999953
98.2,-0.9399999999999977,104,1795.569999999996
98.2,-0.9399999999999977,104,1795.569999999996
98.2,-0.9399999999999977,110,1792.7499999999945
98.1875,-0.9150000000000063,113,1789.952499999994
98.1875,-0.9150000000000063,113,1789.952499999994
98.1875,-0.9150000000000063,105,1786.292499999994
98.1875,-0.9150000000000063,103,1785.3774999999932
98.1875,-0.9150000000000063,102,1784.9199999999928
98.1875,-0.9150000000000063,113,1779.8874999999935
98.1875,-0.9150000000000063,113,1779.8874999999935
98.1875,-0.9150000000000063,113,1779.8874999999935
98.1875,-0.9150000000000063,112,1779.429999999993
98.1875,-0.9150000000000063,112,1779.429999999993
98.1875,-0.9150000000000063,111,1778.9724999999926
98.1875,-0.9150000000000063,117,1776.2274999999918
98.1875,-0.9150000000000063,132,1769.3649999999907
98.1875,-0.9150000000000063,132,1769.3649999999907
98.185,-0.9099999999999966,136,1767.204999999989
98.185,-0.9099999999999966,136,1767.204999999989
98.19,-0.9000000000000057,134,1766.9749999999876
98.19,-0.9000000000000057,134,1766.9749999999876
98.19,-0.9000000000000057,134,1766.9749999999876
98.19,-0.9000000000000057,131,1765.6249999999873
98.19,-0.9000000000000057,131,1765.6249999999873
98.2,-0.8799999999999955,125,1764.1749999999884
98.2,-0.8799999999999955,133,1760.654999999988
98.2,-0.8799999999999955,134,1760.2149999999892
98.2,-0.8799999999999955,134,1760.2149999999892
98.2,-0.8799999999999955,134,1760.2149999999892
98.2,-0.8799999999999955,134,1760.2149999999892
98.2,-0.8799999999999955,134,1760.2149999999892
98.2,-0.8799999999999955,134,1760.2149999999892
98.2,-0.8799999999999955,134,1760.2149999999892
98.2,-0.8799999999999955,134,1760.2149999999892
98.2,-0.8799999999999955,140,1757.574999999988
98.2,-0.8799999999999955,145,1755.3749999999873
98.2,-0.8799999999999955,135,1750.8749999999873
98.2,-0.8799999999999955,135,1750.8749999999873
98.2,-0.8799999999999955,135,1750.8749999999873
98.2,-0.8799999999999955,141,1748.2349999999878
98.2,-0.8799999999999955,141,1748.2349999999878
98.2,-0.8799999999999955,141,1748.2349999999878
98.2,-0.8799999999999955,148,1745.154999999988
98.18,-0.9200000000000017,150,1741.2749999999887
98.16,-0.9599999999999937,150,1738.274999999987
98.15,-0.980000000000004,145,1734.3249999999862
98.15,-0.980000000000004,145,1734.3249999999862
98.15,-0.980000000000004,156,1728.9349999999868
98.11500000000001,-1.0499999999999972,161,1720.8499999999858
98.075,-1.1299999999999955,161,1714.4099999999853
98.055,-1.1700000000000017,161,1711.189999999986
98.045,-1.1899999999999977,161,1709.5799999999854
98.03999999999999,-1.2000000000000028,161,1708.7749999999833
98.035,-1.2099999999999937,171,1701.9199999999855
97.985,-1.3100000000000023,171,1693.3699999999862
97.96000000000001,-1.3599999999999994,164,1684.3349999999864
97.96000000000001,-1.3599999999999994,164,1684.3349999999864
97.96000000000001,-1.3599999999999994,164,1684.3349999999864
97.96000000000001,-1.3599999999999994,164,1684.3349999999864
97.96000000000001,-1.3599999999999994,168,1681.6149999999889
97.96000000000001,-1.3599999999999994,163,1678.2149999999874
97.96000000000001,-1.3599999999999994,163,1678.2149999999874
97.96000000000001,-1.3599999999999994,163,1678.2149999999874
97.96000000000001,-1.3599999999999994,157,1674.1349999999875
97.97999999999999,-1.3200000000000074,152,1673.894999999984
97.97999999999999,-1.3200000000000074,153,1673.2349999999842
97.97999999999999,-1.3200000000000074,153,1673.2349999999842
97.97999999999999,-1.3200000000000074,168,1663.3349999999846
97.97,-1.3400000000000034,171,1659.644999999984
97.95,-1.3799999999999955,169,1654.8449999999848
97.95,-1.3799999999999955,163,1650.7049999999854
97.95,-1.3799999999999955,177,1641.0449999999873
97.91,-1.4599999999999937,176,1633.234999999986
97.89500000000001,-1.4899999999999949,176,1630.5949999999866
97.89,-1.5,174,1628.2149999999874
97.89,-1.5,175,1627.4649999999874
97.89,-1.5,175,1627.4649999999874
97.89,-1.5,175,1627.4649999999874
97.89,-1.5,169,1622.9649999999874
97.89,-1.5,169,1622.9649999999874
97.89,-1.5,169,1622.9649999999874
97.89,-1.5,169,1622.9649999999874
97.89,-1.5,176,1617.7149999999874
97.88499999999999,-1.5100000000000051,176,1616.8349999999864
97.88,-1.519999999999996,175,1615.1949999999888
97.88,-1.519999999999996,175,1615.1949999999888
97.88,-1.519999999999996,194,1600.7549999999865
97.78999999999999,-1.7000000000000028,197,1580.744999999988
97.72999999999999,-1.8200000000000074,192,1564.3749999999854
97.725,-1.8299999999999983,194,1561.5849999999882
97.71000000000001,-1.8599999999999994,197,1555.8849999999948
97.69,-1.9000000000000057,197,1551.9449999999924
97.68,-1.9200000000000017,194,1547.094999999994
97.69,-1.9000000000000057,183,1538.4449999999924
97.69,-1.9000000000000057,189,1532.7449999999917
97.69,-1.9000000000000057,189,1532.7449999999917
97.69,-1.9000000000000057,188,1531.7949999999946
97.69,-1.9000000000000057,188,1531.7949999999946
97.69,-1.9000000000000057,188,1531.7949999999946
97.69,-1.9000000000000057,195,1525.1449999999932
97.69,-1.9000000000000057,191,1521.344999999994
97.69,-1.9000000000000057,190,1520.3949999999932
97.69,-1.9000000000000057,204,1507.094999999994
97.64500000000001,-1.9899999999999949,206,1495.9249999999993
97.61500000000001,-2.049999999999997,207,1488.7199999999975
97.595,-2.0900000000000034,207,1484.579999999998
97.58500000000001,-2.1099999999999994,207,1482.5099999999984
97.58,-2.1200000000000045,210,1478.2949999999983
97.56,-2.1599999999999966,209,1473.0149999999994
97.555,-2.1700000000000017,210,1470.885000000002
97.55,-2.180000000000007,210,1469.8349999999991
97.545,-2.1899999999999977,209,1467.6899999999987
97.545,-2.1899999999999977,209,1467.6899999999987
97.545,-2.1899999999999977,208,1466.5950000000012
97.545,-2.1899999999999977,204,1462.2150000000001
97.545,-2.1899999999999977,197,1454.550000000003
97.545,-2.1899999999999977,197,1454.550000000003
97.545,-2.1899999999999977,194,1451.2649999999994
97.545,-2.1899999999999977,194,1451.2649999999994
97.545,-2.1899999999999977,194,1451.2649999999994
97.545,-2.1899999999999977,194,1451.2649999999994
97.545,-2.1899999999999977,194,1451.2649999999994
97.545,-2.1899999999999977,192,1449.0750000000007
97.545,-2.1899999999999977,192,1449.0750000000007
97.545,-2.1899999999999977,192,1449.0750000000007
97.545,-2.1899999999999977,192,1449.0750000000007
97.545,-2.1899999999999977,192,1449.0750000000007
97.545,-2.1899999999999977,193,1447.9800000000032
97.545,-2.1899999999999977,193,1447.9800000000032
97.545,-2.1899999999999977,193,1447.9800000000032
97.545,-2.1899999999999977,185,1439.2200000000012
97.545,-2.1899999999999977,185,1439.2200000000012
97.545,-2.1899999999999977,185,1439.2200000000012
97.545,-2.1899999999999977,187,1437.0300000000025
97.545,-2.1899999999999977,186,1435.9350000000013
97.545,-2.1899999999999977,186,1435.9350000000013
97.545,-2.1899999999999977,186,1435.9350000000013
97.545,-2.1899999999999977,186,1435.9350000000013
97.545,-2.1899999999999977,184,1433.7450000000026
97.545,-2.1899999999999977,208,1407.4650000000038
97.545,-2.1899999999999977,208,1407.4650000000038
97.545,-2.1899999999999977,208,1407.4650000000038
97.545,-2.1899999999999977,208,1407.4650000000038
97.545,-2.1899999999999977,209,1406.3700000000026
97.545,-2.1899999999999977,210,1405.275000000005
97.545,-2.1899999999999977,210,1405.275000000005
97.545,-2.1899999999999977,209,1404.180000000004
97.545,-2.1899999999999977,210,1403.0850000000064
97.53999999999999,-2.1799999999999926,211,1400.935000000005
97.53,-2.1999999999999886,210,1397.7250000000058
97.53,-2.1999999999999886,207,1394.4250000000065
97.53,-2.1999999999999886,207,1394.4250000000065
97.53,-2.1999999999999886,207,1394.4250000000065
97.53,-2.1999999999999886,219,1381.2250000000058
97.485,-2.289999999999992,219,1371.3700000000063
97.465,-2.3299999999999983,219,1366.9900000000052
97.455,-2.3499999999999943,217,1362.450000000008
97.455,-2.3499999999999943,217,1362.450000000008
97.455,-2.3499999999999943,225,1353.0500000000065
97.41499999999999,-2.4299999999999926,225,1344.0500000000065
97.395,-2.469999999999999,231,1332.1400000000067
97.395,-2.469999999999999,218,1315.2850000000071
97.395,-2.469999999999999,217,1314.0500000000065
97.395,-2.469999999999999,217,1314.0500000000065
97.395,-2.469999999999999,216,1312.815000000006
97.395,-2.469999999999999,216,1312.815000000006
97.395,-2.469999999999999,216,1312.815000000006
97.395,-2.469999999999999,215,1311.5800000000054
97.41499999999999,-2.4299999999999926,211,1310.8600000000042
97.41499999999999,-2.4299999999999926,211,1310.8600000000042
97.41499999999999,-2.4299999999999926,211,1310.8600000000042
97.41499999999999,-2.4299999999999926,209,1308.430000000004
97.41499999999999,-2.4299999999999926,209,1308.430000000004
97.41499999999999,-2.4299999999999926,209,1308.430000000004
97.41499999999999,-2.4299999999999926,212,1304.7850000000071
97.41499999999999,-2.4299999999999926,212,1304.7850000000071
97.41499999999999,-2.4299999999999926,206,1297.4950000000063
97.41499999999999,-2.4299999999999926,206,1297.4950000000063
97.41499999999999,-2.4299999999999926,208,1295.0650000000096
97.41999999999999,-2.4200000000000017,206,1293.6650000000081
97.425,-2.4099999999999966,183,1266.8800000000083
97.425,-2.4099999999999966,184,1265.6750000000102
97.43,-2.3999999999999915,171,1250.925000000012
97.43,-2.3999999999999915,173,1248.5250000000087
97.43,-2.3999999999999915,174,1247.3250000000098
97.43,-2.3999999999999915,183,1236.5250000000124
97.43,-2.3999999999999915,187,1231.7250000000095
97.43,-2.3999999999999915,187,1231.7250000000095
97.43,-2.3999999999999915,186,1230.5250000000087
97.43,-2.3999999999999915,188,1228.125000000011
97.43,-2.3999999999999915,188,1228.125000000011
97.43,-2.3999999999999915,186,1225.7250000000095
97.43,-2.3999999999999915,196,1213.725000000013
97.43,-2.3999999999999915,196,1213.725000000013
97.43,-2.3999999999999915,196,1213.725000000013
97.43,-2.3999999999999915,195,1212.5250000000124
97.43,-2.3999999999999915,193,1210.125000000011
97.43,-2.3999999999999915,193,1210.125000000011
97.435,-2.3900000000000006,170,1183.4250000000102
97.435,-2.3900000000000006,169,1182.2300000000087
97.435,-2.3900000000000006,169,1182.2300000000087
97.435,-2.3900000000000006,170,1181.0350000000108
97.435,-2.3900000000000006,170,1181.0350000000108
97.435,-2.3900000000000006,170,1181.0350000000108
97.435,-2.3900000000000006,169,1179.8400000000092
97.455,-2.3499999999999943,164,1177.2250000000076
97.455,-2.3499999999999943,169,1171.3500000000095
97.455,-2.3499999999999943,170,1170.1750000000084
97.455,-2.3499999999999943,170,1170.1750000000084
97.455,-2.3499999999999943,170,1170.1750000000084
97.455,-2.3499999999999943,176,1163.1250000000073
97.455,-2.3499999999999943,177,1161.9500000000098
97.455,-2.3499999999999943,177,1161.9500000000098
97.455,-2.3499999999999943,178,1160.7750000000087
97.455,-2.3499999999999943,178,1160.7750000000087
97.455,-2.3499999999999943,178,1160.7750000000087
97.455,-2.3499999999999943,181,1157.250000000011
97.455,-2.3499999999999943,185,1152.5500000000102
97.455,-2.3499999999999943,186,1151.375000000011
97.455,-2.3499999999999943,186,1151.375000000011
97.455,-2.3499999999999943,175,1138.4500000000098
97.455,-2.3499999999999943,175,1138.4500000000098
97.455,-2.3499999999999943,164,1125.5250000000087
97.455,-2.3499999999999943,169,1119.6500000000106
97.455,-2.3499999999999943,170,1118.4750000000095
97.455,-2.3499999999999943,175,1112.6000000000113
97.455,-2.3499999999999943,175,1112.6000000000113
97.455,-2.3499999999999943,174,1111.4250000000102
97.455,-2.3499999999999943,175,1110.2500000000127
97.455,-2.3499999999999943,187,1096.1500000000124
97.455,-2.3499999999999943,187,1096.1500000000124
97.46000000000001,-2.339999999999989,169,1075.9950000000154
97.45500000000001,-2.3299999999999983,172,1071.6250000000164
97.45500000000001,-2.3299999999999983,184,1057.645000000015
97.45500000000001,-2.3299999999999983,188,1052.9850000000151
97.45500000000001,-2.3299999999999983,188,1052.9850000000151
97.45500000000001,-2.3299999999999983,185,1049.4900000000162
97.45500000000001,-2.3299999999999983,185,1049.4900000000162
97.45500000000001,-2.3299999999999983,186,1048.3250000000153
97.45500000000001,-2.3299999999999983,186,1048.3250000000153
97.46000000000001,-2.3200000000000074,183,1045.7550000000156
97.46000000000001,-2.3200000000000074,178,1039.9550000000163
97.46000000000001,-2.3200000000000074,178,1039.9550000000163
97.46000000000001,-2.3200000000000074,179,1038.7950000000164
97.46000000000001,-2.3200000000000074,182,1035.3150000000169
97.46000000000001,-2.3200000000000074,183,1034.155000000017
97.46000000000001,-2.3200000000000074,183,1034.155000000017
97.46000000000001,-2.3200000000000074,178,1028.3550000000178
97.46000000000001,-2.3200000000000074,184,1021.3950000000186
97.46000000000001,-2.3200000000000074,185,1020.2350000000188
97.46000000000001,-2.3200000000000074,184,1019.0750000000189
97.46000000000001,-2.3200000000000074,184,1019.0750000000189
97.46000000000001,-2.3200000000000074,182,1016.7550000000156
97.46000000000001,-2.3200000000000074,182,1016.7550000000156
97.46000000000001,-2.3200000000000074,182,1016.7550000000156
97.46000000000001,-2.3200000000000074,181,1015.5950000000157
97.46000000000001,-2.3200000000000074,189,1006.3150000000169
97.46000000000001,-2.3200000000000074,181,997.035000000018
97.46000000000001,-2.3200000000000074,182,995.8750000000182
97.46000000000001,-2.3200000000000074,182,995.8750000000182
97.46000000000001,-2.3200000000000074,182,995.8750000000182
97.46000000000001,-2.3200000000000074,179,992.3950000000186
97.46000000000001,-2.3200000000000074,178,991.2350000000188
97.46000000000001,-2.3200000000000074,185,983.1150000000198
97.46000000000001,-2.3200000000000074,180,977.3150000000205
97.46000000000001,-2.3200000000000074,180,977.3150000000205
97.46000000000001,-2.3200000000000074,185,971.5150000000212
97.47,-2.3000000000000114,173,959.4050000000207
97.47,-2.3000000000000114,173,959.4050000000207
97.47,-2.3000000000000114,174,958.2550000000174
97.47,-2.3000000000000114,174,958.2550000000174
97.47,-2.3000000000000114,165,947.905000000017
97.47,-2.3000000000000114,165,947.905000000017
97.47,-2.3000000000000114,164,946.7550000000174
97.47,-2.3000000000000114,160,942.1550000000188
97.47,-2.3000000000000114,160,942.1550000000188
97.47,-2.3000000000000114,166,935.2550000000192
97.47,-2.3000000000000114,195,901.9050000000207
97.47,-2.3000000000000114,195,901.9050000000207
97.47,-2.3000000000000114,198,898.4550000000199
97.47,-2.3000000000000114,198,898.4550000000199
97.475,-2.2900000000000063,186,885.5850000000173
97.475,-2.2900000000000063,190,881.0050000000192
97.475,-2.2900000000000063,195,875.2800000000207
97.475,-2.2900000000000063,195,875.2800000000207
97.475,-2.2900000000000063,190,869.5550000000221
97.475,-2.2900000000000063,190,869.5550000000221
97.475,-2.2900000000000063,190,869.5550000000221
97.48,-2.280000000000001,184,863.6150000000234
97.48,-2.280000000000001,184,863.6150000000234
97.48,-2.280000000000001,184,863.6150000000234
97.48,-2.280000000000001,179,857.9150000000263
97.48,-2.280000000000001,179,857.9150000000263
97.48,-2.280000000000001,179,857.9150000000263
97.48,-2.280000000000001,184,852.2150000000256
97.48,-2.280000000000001,189,846.5150000000285
97.48,-2.280000000000001,189,846.5150000000285
97.48,-2.280000000000001,189,846.5150000000285
97.48,-2.280000000000001,190,845.3750000000291
97.48,-2.280000000000001,199,835.1150000000271
97.48,-2.280000000000001,199,835.1150000000271
97.48,-2.280000000000001,200,833.9750000000276
97.485,-2.2700000000000102,195,829.2600000000275
97.485,-2.2700000000000102,195,829.2600000000275
97.485,-2.2700000000000102,195,829.2600000000275
97.485,-2.2700000000000102,198,825.855000000025
97.485,-2.2700000000000102,199,824.7200000000266
97.485,-2.2700000000000102,199,824.7200000000266
97.485,-2.2700000000000102,200,823.5850000000282
97.485,-2.2700000000000102,209,813.3700000000281
97.485,-2.2700000000000102,198,800.8850000000239
97.485,-2.2700000000000102,199,799.7500000000255
97.485,-2.2700000000000102,199,799.7500000000255
97.485,-2.2700000000000102,209,788.4000000000269
97.485,-2.2700000000000102,210,787.2650000000249
97.485,-2.2700000000000102,210,787.2650000000249
97.485,-2.2700000000000102,214,782.7250000000276
97.48,-2.280000000000001,212,779.3750000000291
97.48,-2.280000000000001,212,779.3750000000291
97.48,-2.280000000000001,212,779.3750000000291
97.48,-2.280000000000001,212,779.3750000000291
97.49000000000001,-2.260000000000005,191,757.5250000000269
97.49000000000001,-2.260000000000005,191,757.5250000000269
97.49000000000001,-2.260000000000005,196,751.8750000000291
97.49000000000001,-2.260000000000005,196,751.8750000000291
97.49000000000001,-2.260000000000005,188,742.8350000000319
97.49000000000001,-2.260000000000005,185,739.4450000000325
97.49000000000001,-2.260000000000005,185,739.4450000000325
97.49000000000001,-2.260000000000005,169,721.3650000000325
97.485,-2.25,178,710.3100000000268
97.485,-2.25,184,703.5600000000304
97.485,-2.25,184,703.5600000000304
97.485,-2.25,184,703.5600000000304
97.485,-2.25,182,701.3100000000304
97.485,-2.25,180,699.0600000000304
97.485,-2.25,177,695.685000000034
97.485,-2.25,178,694.5600000000304
97.485,-2.25,178,694.5600000000304
97.485,-2.25,177,693.435000000034
97.485,-2.25,175,691.1850000000322
97.485,-2.25,175,691.1850000000322
97.485,-2.25,176,690.060000000034
97.485,-2.25,175,688.935000000034
97.485,-2.25,175,688.935000000034
97.485,-2.25,175,688.935000000034
97.485,-2.25,185,677.685000000034
97.485,-2.25,189,673.1850000000377
97.485,-2.25,193,668.6850000000377
97.485,-2.25,194,667.5600000000377
97.5,-2.219999999999999,181,655.8300000000381
97.5,-2.219999999999999,186,650.2800000000389
97.5,-2.219999999999999,186,650.2800000000389
97.5,-2.219999999999999,186,650.2800000000389
97.5,-2.219999999999999,186,650.2800000000389
97.5,-2.219999999999999,186,650.2800000000389
97.5,-2.219999999999999,187,649.1700000000383
97.5,-2.219999999999999,187,649.1700000000383
97.5,-2.219999999999999,187,649.1700000000383
97.5,-2.219999999999999,163,622.5300000000389
97.5,-2.219999999999999,170,614.7600000000384
97.5,-2.219999999999999,171,613.6500000000378
97.5,-2.219999999999999,169,611.4300000000385
97.5,-2.219999999999999,169,611.4300000000385
97.5,-2.219999999999999,170,610.3200000000379
97.52000000000001,-2.1799999999999926,162,604.6800000000403
97.52000000000001,-2.1799999999999926,170,595.960000000041
97.52000000000001,-2.1799999999999926,192,571.9800000000432
97.52000000000001,-2.1799999999999926,199,564.3500000000422
97.52000000000001,-2.1799999999999926,202,561.0800000000381
97.52000000000001,-2.1799999999999926,202,561.0800000000381
97.52000000000001,-2.1799999999999926,203,559.990000000038
97.52000000000001,-2.1799999999999926,203,559.990000000038
97.52000000000001,-2.1799999999999926,205,557.8100000000377
97.52000000000001,-2.1799999999999926,205,557.8100000000377
97.52000000000001,-2.1799999999999926,205,557.8100000000377
97.52000000000001,-2.1799999999999926,204,556.7200000000375
97.52000000000001,-2.1799999999999926,204,556.7200000000375
97.52000000000001,-2.1799999999999926,203,555.6300000000374
97.52000000000001,-2.1799999999999926,207,551.2700000000405
97.52000000000001,-2.1799999999999926,207,551.2700000000405
97.52000000000001,-2.1799999999999926,207,551.2700000000405
97.52000000000001,-2.1799999999999926,197,540.370000000039
97.52000000000001,-2.1799999999999926,198,539.2800000000389
97.52000000000001,-2.1799999999999926,198,539.2800000000389
97.53,-2.1599999999999966,187,529.3000000000393
97.53,-2.1599999999999966,182,523.9000000000378
97.53,-2.1599999999999966,175,516.3400000000402
97.53,-2.1599999999999966,175,516.3400000000402
97.53,-2.1599999999999966,187,503.38000000004104
97.53,-2.1599999999999966,187,503.38000000004104
97.53,-2.1599999999999966,192,497.9800000000432
97.53,-2.1599999999999966,192,497.9800000000432
97.53,-2.1599999999999966,192,497.9800000000432
97.53,-2.1599999999999966,186,491.50000000004366
97.53,-2.1599999999999966,186,491.50000000004366
97.53,-2.1599999999999966,186,491.50000000004366
97.53,-2.1599999999999966,187,490.4200000000419
97.53,-2.1599999999999966,184,487.1800000000403
97.53,-2.1599999999999966,186,485.02000000004045
97.53,-2.1599999999999966,191,479.620000000039
97.53,-2.1599999999999966,191,479.620000000039
97.53,-2.1599999999999966,197,473.14000000003944
97.53,-2.1599999999999966,199,470.9800000000396
97.53,-2.1599999999999966,199,470.9800000000396
97.53,-2.1599999999999966,190,461.2600000000384
97.53,-2.1599999999999966,184,454.78000000003885
97.53,-2.1599999999999966,184,454.78000000003885
97.53,-2.1599999999999966,190,448.3000000000393
97.53,-2.1599999999999966,190,448.3000000000393
97.53,-2.1599999999999966,190,448.3000000000393
97.53,-2.1599999999999966,190,448.3000000000393
97.53,-2.1599999999999966,195,442.90000000003783
97.53,-2.1599999999999966,196,441.8200000000397
97.53,-2.1599999999999966,196,441.8200000000397
97.5275,-2.155000000000001,204,432.6800000000403
97.5275,-2.155000000000001,203,431.6025000000409
97.5275,-2.155000000000001,203,431.6025000000409
97.5275,-2.155000000000001,203,431.6025000000409
97.5275,-2.155000000000001,203,431.6025000000409
97.5275,-2.155000000000001,194,421.90500000003885
97.5275,-2.155000000000001,194,421.90500000003885
97.5275,-2.155000000000001,188,415.44000000004235
97.5275,-2.155000000000001,188,415.44000000004235
97.5275,-2.155000000000001,188,415.44000000004235
97.5275,-2.155000000000001,188,415.44000000004235
97.5275,-2.155000000000001,181,407.8975000000428
97.5275,-2.155000000000001,182,406.82000000004336
97.5275,-2.155000000000001,187,401.43250000004264
97.5275,-2.155000000000001,187,401.43250000004264
97.5275,-2.155000000000001,180,393.8900000000431
97.5275,-2.155000000000001,180,393.8900000000431
97.5275,-2.155000000000001,184,389.5800000000454
97.5275,-2.155000000000001,182,387.42500000004657
97.5275,-2.155000000000001,181,386.34750000004715
97.5275,-2.155000000000001,181,386.34750000004715
97.5275,-2.155000000000001,179,384.1925000000483
97.5325,-2.1450000000000102,172,377.5600000000486
97.5325,-2.1450000000000102,172,377.5600000000486
97.5325,-2.1450000000000102,172,377.5600000000486
97.5325,-2.1450000000000102,173,376.4875000000502
97.5325,-2.1450000000000102,164,366.83500000004824
97.5325,-2.1450000000000102,164,366.83500000004824
97.5325,-2.1450000000000102,171,359.3275000000467
97.5325,-2.1450000000000102,171,359.3275000000467
97.5325,-2.144999999999996,173,357.1825000000499
97.5325,-2.144999999999996,173,357.1825000000499
97.5325,-2.144999999999996,167,350.7475000000486
97.5325,-2.144999999999996,167,350.7475000000486
97.5325,-2.144999999999996,169,348.60250000005
97.5375,-2.134999999999991,148,326.8300000000472
97.5375,-2.134999999999991,148,326.8300000000472
97.5375,-2.134999999999991,148,326.8300000000472
97.5375,-2.134999999999991,148,326.8300000000472
97.5375,-2.134999999999991,129,306.5475000000479
97.5375,-2.134999999999991,131,304.41250000004766
97.5375,-2.134999999999991,131,304.41250000004766
97.5375,-2.134999999999991,123,295.8725000000486
97.5375,-2.134999999999991,119,291.60250000004817
97.5375,-2.134999999999991,109,280.9275000000489
97.5375,-2.134999999999991,106,277.72500000004766
97.5375,-2.134999999999991,106,277.72500000004766
97.5375,-2.134999999999991,111,272.387500000048
97.5375,-2.134999999999991,111,272.387500000048
97.5375,-2.134999999999991,111,272.387500000048
97.5375,-2.134999999999991,123,259.57750000004853
97.5375,-2.134999999999991,132,249.97000000004846
97.5375,-2.134999999999991,132,249.97000000004846
97.5375,-2.134999999999991,143,238.22750000004817
97.5375,-2.134999999999991,130,224.35000000004948
97.535,-2.1299999999999955,136,217.62500000005093
97.535,-2.1299999999999955,137,216.56000000005042
97.535,-2.1299999999999955,136,215.4950000000499
97.535,-2.1299999999999955,136,215.4950000000499
97.535,-2.1299999999999955,136,215.4950000000499
97.535,-2.1299999999999955,139,212.3000000000502
97.535,-2.1299999999999955,144,206.97500000004948
97.535,-2.1299999999999955,151,199.52000000004955
97.535,-2.1299999999999955,151,199.52000000004955
97.535,-2.1299999999999955,151,199.52000000004955
97.535,-2.1299999999999955,151,199.52000000004955
97.535,-2.1299999999999955,152,198.45500000004904
97.535,-2.1299999999999955,156,194.19500000004882
97.535,-2.1299999999999955,155,193.1300000000483
97.535,-2.1299999999999955,155,193.1300000000483
97.535,-2.1299999999999955,155,193.1300000000483
97.535,-2.1299999999999955,155,193.1300000000483
97.535,-2.1299999999999955,155,193.1300000000483
97.535,-2.1299999999999955,155,193.1300000000483
97.535,-2.1299999999999955,155,193.1300000000483
97.535,-2.1299999999999955,143,180.35000000004766
97.535,-2.1299999999999955,141,178.22000000004846
97.535,-2.1299999999999955,141,178.22000000004846
97.535,-2.1299999999999955,143,176.09000000004744
97.535,-2.1299999999999955,169,148.40000000004875
97.535,-2.1299999999999955,168,147.33500000004824
97.535,-2.1299999999999955,168,147.33500000004824
97.535,-2.1299999999999955,167,146.2700000000459
97.535,-2.1299999999999955,181,131.36000000004424
97.535,-2.1299999999999955,181,131.36000000004424
97.535,-2.1299999999999955,170,119.64500000004409
97.535,-2.1299999999999955,171,118.5800000000454
97.535,-2.1299999999999955,171,118.5800000000454
97.535,-2.1299999999999955,171,118.5800000000454
97.535,-2.1299999999999955,171,118.5800000000454
97.535,-2.1299999999999955,171,118.5800000000454
97.535,-2.1299999999999955,169,116.4500000000462
97.535,-2.1299999999999955,169,116.4500000000462
97.535,-2.1299999999999955,169,116.4500000000462
97.535,-2.1299999999999955,169,116.4500000000462
97.535,-2.1299999999999955,169,116.4500000000462
97.535,-2.1299999999999955,168,115.3850000000457
97.535,-2.1299999999999955,161,107.93000000004577
97.535,-2.1299999999999955,161,107.93000000004577
97.53,-2.1200000000000045,186,80.4550000000454
97.53,-2.1200000000000045,186,80.4550000000454
97.53,-2.1200000000000045,186,80.4550000000454
97.53,-2.1200000000000045,183,77.27500000004511
97.53,-2.1200000000000045,181,75.15500000004249
97.53,-2.1200000000000045,181,75.15500000004249
97.53,-2.1200000000000045,181,75.15500000004249
97.53,-2.1200000000000045,182,74.09500000004118
97.53,-2.1200000000000045,175,66.67500000004293
97.53,-2.1200000000000045,171,62.435000000044965
97.53,-2.1200000000000045,171,62.435000000044965
97.53,-2.1200000000000045,171,62.435000000044965
97.53,-2.1200000000000045,172,61.375000000043656
97.53,-2.1200000000000045,172,61.375000000043656
97.53,-2.1200000000000045,172,61.375000000043656
97.53,-2.1200000000000045,169,58.195000000043365
97.53,-2.1200000000000045,169,58.195000000043365
97.53,-2.1200000000000045,169,58.195000000043365
97.53,-2.1200000000000045,169,58.195000000043365
97.53,-2.1200000000000045,169,58.195000000043365
97.53,-2.1200000000000045,187,39.11500000004526
97.53,-2.1200000000000045,188,38.05500000004395
97.53,-2.1200000000000045,188,38.05500000004395
97.53,-2.1200000000000045,188,38.05500000004395
97.53,-2.1200000000000045,188,38.05500000004395
97.53,-2.1200000000000045,188,38.05500000004395
97.53,-2.1200000000000045,188,38.05500000004395
97.53,-2.1200000000000045,189,36.995000000046275
97.53,-2.1200000000000045,189,36.995000000046275
97.535,-2.1099999999999994,178,26.295000000045547
97.535,-2.1099999999999994,186,17.85500000004322
97.535,-2.1099999999999994,186,17.85500000004322
97.535,-2.1099999999999994,186,17.85500000004322
97.535,-2.1099999999999994,186,17.85500000004322
97.535,-2.1099999999999994,178,9.415000000044529
97.535,-2.1099999999999994,178,9.415000000044529
97.535,-2.1099999999999994,167,-2.1899999999550346
97.535,-2.1099999999999994,167,-2.1899999999550346
97.535,-2.1099999999999994,183,-19.069999999956053
97.535,-2.1099999999999994,183,-19.069999999956053
97.535,-2.1099999999999994,189,-25.3999999999578
97.535,-2.1099999999999994,189,-25.3999999999578
97.535,-2.1099999999999994,187,-27.50999999995838
97.535,-2.1099999999999994,187,-27.50999999995838
97.535,-2.1099999999999994,187,-27.50999999995838
97.535,-2.1099999999999994,187,-27.50999999995838
97.535,-2.1099999999999994,195,-35.94999999995707
97.535,-2.1099999999999994,190,-41.22499999995853
97.535,-2.1099999999999994,188,-43.33499999995911
97.535,-2.1099999999999994,188,-43.33499999995911
97.535,-2.1099999999999994,188,-43.33499999995911
97.535,-2.1099999999999994,187,-44.3899999999594
97.535,-2.1099999999999994,188,-45.44499999995969
97.535,-2.1099999999999994,197,-54.93999999995867
97.535,-2.1099999999999994,197,-54.93999999995867
97.535,-2.1099999999999994,199,-57.049999999959255
97.535,-2.1099999999999994,198,-58.104999999959546
97.535,-2.1099999999999994,198,-58.104999999959546
97.535,-2.1099999999999994,198,-58.104999999959546
97.535,-2.1099999999999994,192,-64.43499999995765
97.535,-2.1099999999999994,192,-64.43499999995765
97.535,-2.1099999999999994,190,-66.54499999996187
97.535,-2.1099999999999994,190,-66.54499999996187
97.535,-2.1099999999999994,190,-66.54499999996187
97.535,-2.1099999999999994,189,-67.59999999996217
97.535,-2.1099999999999994,189,-67.59999999996217
97.535,-2.1099999999999994,180,-77.09499999996115
97.535,-2.1099999999999994,183,-80.25999999996202
97.535,-2.1099999999999994,182,-81.31499999996231
97.535,-2.1099999999999994,182,-81.31499999996231
97.535,-2.1099999999999994,181,-82.3699999999626
97.535,-2.1099999999999994,181,-82.3699999999626
97.535,-2.1099999999999994,189,-90.80999999996493
97.535,-2.1099999999999994,195,-97.13999999996304
97.535,-2.1099999999999994,195,-97.13999999996304
97.535,-2.1099999999999994,204,-106.63499999996566
97.535,-2.1099999999999994,210,-112.9649999999674
97.515,-2.1500000000000057,210,-117.1649999999645
97.505,-2.1700000000000017,210,-119.26499999996668
97.5,-2.180000000000007,210,-120.31499999996595
97.495,-2.1899999999999977,213,-124.64999999996508
97.48,-2.219999999999999,213,-127.84499999996478
97.47,-2.240000000000009,213,-129.9749999999658
97.465,-2.25,213,-131.0399999999645
97.465,-2.25,207,-137.7899999999645
97.465,-2.25,207,-137.7899999999645
97.465,-2.25,204,-141.1649999999645
97.465,-2.25,204,-141.1649999999645
97.465,-2.25,204,-141.1649999999645
97.465,-2.25,203,-142.2899999999645
97.465,-2.25,203,-142.2899999999645
97.465,-2.25,203,-142.2899999999645
97.465,-2.25,204,-143.4149999999645
97.48,-2.219999999999999,184,-163.0549999999639
97.48,-2.219999999999999,184,-163.0549999999639
97.48,-2.219999999999999,184,-163.0549999999639
97.48,-2.219999999999999,182,-165.27499999996144
97.495,-2.1899999999999977,152,-195.63499999996202
97.495,-2.1899999999999977,152,-195.63499999996202
97.495,-2.1899999999999977,152,-195.63499999996202
97.495,-2.1899999999999977,152,-195.63499999996202
97.495,-2.1899999999999977,152,-195.63499999996202
97.495,-2.1899999999999977,152,-195.63499999996202
97.5,-2.180000000000007,143,-204.76499999996304
97.5,-2.180000000000007,146,-208.03499999996347
97.5,-2.180000000000007,153,-215.66499999996267
97.5,-2.180000000000007,153,-215.66499999996267
97.5,-2.180000000000007,154,-216.75499999996282
97.5,-2.180000000000007,161,-224.38499999996202
97.5,-2.180000000000007,160,-225.47499999996217
97.5,-2.180000000000007,160,-225.47499999996217
97.5,-2.180000000000007,160,-225.47499999996217
97.5,-2.180000000000007,161,-226.5649999999623
97.5,-2.180000000000007,161,-226.5649999999623
97.5,-2.180000000000007,161,-226.5649999999623
97.5,-2.180000000000007,161,-226.5649999999623
97.5,-2.180000000000007,162,-227.65499999996246
97.5,-2.180000000000007,162,-227.65499999996246
97.5,-2.180000000000007,162,-227.65499999996246
97.5,-2.180000000000007,162,-227.65499999996246
97.5,-2.180000000000007,162,-227.65499999996246
97.5,-2.180000000000007,161,-228.7449999999626
97.5,-2.180000000000007,162,-229.83499999996275
97.5,-2.180000000000007,166,-234.19499999996333
97.5,-2.180000000000007,166,-234.19499999996333
97.5,-2.180000000000007,167,-235.28499999996347
97.5,-2.180000000000007,167,-235.28499999996347
97.5,-2.180000000000007,173,-241.82499999996435
97.5,-2.180000000000007,179,-248.36499999996522
97.5,-2.180000000000007,181,-250.5449999999655
97.505,-2.1700000000000017,166,-265.984999999966
97.505,-2.1700000000000017,158,-274.6649999999663
97.505,-2.1700000000000017,158,-274.6649999999663
97.505,-2.1700000000000017,141,-293.109999999966
97.505,-2.1700000000000017,141,-293.109999999966
97.505,-2.1700000000000017,139,-295.2799999999661
97.505,-2.1700000000000017,141,-297.44999999996617
97.505,-2.1700000000000017,137,-301.7899999999663
97.505,-2.1700000000000017,137,-301.7899999999663
97.505,-2.1700000000000017,130,-309.38499999996566
97.505,-2.1700000000000017,130,-309.38499999996566
97.505,-2.1700000000000017,135,-314.80999999996675
97.505,-2.1700000000000017,135,-314.80999999996675
97.505,-2.1700000000000017,134,-315.8949999999659
97.505,-2.1700000000000017,134,-315.8949999999659
97.505,-2.1700000000000017,134,-315.8949999999659
97.505,-2.1700000000000017,132,-318.06499999996595
97.505,-2.1700000000000017,132,-318.06499999996595
97.505,-2.1700000000000017,132,-318.06499999996595
97.515,-2.1500000000000057,131,-317.8399999999656
97.515,-2.1500000000000057,130,-318.9149999999645
97.515,-2.1500000000000057,130,-318.9149999999645
97.515,-2.1500000000000057,130,-318.9149999999645
97.515,-2.1500000000000057,130,-318.9149999999645
97.50999999999999,-2.1400000000000006,139,-329.26499999996486
97.50999999999999,-2.1400000000000006,138,-330.33499999996457
97.50999999999999,-2.1400000000000006,140,-332.4749999999658
97.50999999999999,-2.1400000000000006,140,-332.4749999999658
97.50999999999999,-2.1400000000000006,132,-341.0349999999635
97.50999999999999,-2.1400000000000006,132,-341.0349999999635
97.50999999999999,-2.1400000000000006,130,-343.1749999999647
97.50999999999999,-2.1400000000000006,127,-346.38499999996566
97.50999999999999,-2.1400000000000006,135,-354.94499999996515
97.50999999999999,-2.1400000000000006,130,-360.2949999999637
97.50999999999999,-2.1400000000000006,130,-360.2949999999637
97.50999999999999,-2.1400000000000006,130,-360.2949999999637
97.50999999999999,-2.1400000000000006,130,-360.2949999999637
97.50999999999999,-2.1400000000000006,133,-363.50499999996464
97.50999999999999,-2.1400000000000006,141,-372.06499999996413
97.50999999999999,-2.1400000000000006,141,-372.06499999996413
97.50999999999999,-2.1400000000000006,141,-372.06499999996413
97.50999999999999,-2.1400000000000006,141,-372.06499999996413
97.50999999999999,-2.1400000000000006,136,-377.4149999999627
97.50999999999999,-2.1400000000000006,135,-378.4849999999624
97.50999999999999,-2.1400000000000006,135,-378.4849999999624
97.50999999999999,-2.1400000000000006,135,-378.4849999999624
97.50999999999999,-2.1400000000000006,135,-378.4849999999624
97.50999999999999,-2.1400000000000006,134,-379.5549999999621
97.50999999999999,-2.1400000000000006,139,-384.90499999996064
97.50999999999999,-2.1400000000000006,139,-384.90499999996064
97.50999999999999,-2.1400000000000006,153,-399.884999999962
97.50999999999999,-2.1400000000000006,153,-399.884999999962
97.50999999999999,-2.1400000000000006,153,-399.884999999962
97.50999999999999,-2.1400000000000006,153,-399.884999999962
97.50999999999999,-2.1400000000000006,153,-399.884999999962
97.50999999999999,-2.1400000000000006,155,-402.02499999996144
97.50999999999999,-2.1400000000000006,171,-419.1449999999604
97.50999999999999,-2.1400000000000006,181,-429.84499999996115
97.50999999999999,-2.1400000000000006,181,-429.84499999996115
97.50999999999999,-2.1400000000000006,175,-436.2649999999594
97.50999999999999,-2.1400000000000006,175,-436.2649999999594
97.50999999999999,-2.1400000000000006,176,-437.33499999996275
97.50999999999999,-2.1400000000000006,175,-438.40499999996246
97.50999999999999,-2.1400000000000006,175,-438.40499999996246
97.50999999999999,-2.1400000000000006,172,-441.6149999999652
97.50999999999999,-2.1400000000000006,172,-441.6149999999652
97.50999999999999,-2.1400000000000006,172,-441.6149999999652
97.50999999999999,-2.1400000000000006,172,-441.6149999999652
97.53,-2.0999999999999943,169,-441.44499999996333
97.53,-2.0999999999999943,169,-441.44499999996333
97.535,-2.0900000000000034,161,-448.9799999999632
97.535,-2.0900000000000034,154,-456.2949999999637
97.535,-2.0900000000000034,151,-459.4299999999639
97.535,-2.0900000000000034,151,-459.4299999999639
97.535,-2.0900000000000034,156,-464.6549999999643
97.535,-2.0900000000000034,156,-464.6549999999643
97.535,-2.0900000000000034,163,-471.96999999996297
97.535,-2.0900000000000034,163,-471.96999999996297
97.535,-2.0900000000000034,163,-471.96999999996297
97.535,-2.0900000000000034,165,-474.0599999999631
97.535,-2.0900000000000034,162,-477.19499999996333
97.535,-2.0900000000000034,161,-478.2399999999634
97.535,-2.0900000000000034,161,-478.2399999999634
97.535,-2.0900000000000034,169,-486.59999999996217
97.535,-2.0900000000000034,169,-486.59999999996217
97.535,-2.0900000000000034,169,-486.59999999996217
97.535,-2.0900000000000034,168,-487.6449999999604
97.535,-2.0900000000000034,169,-488.6899999999623
97.535,-2.0900000000000034,167,-490.7799999999643
97.535,-2.0900000000000034,167,-490.7799999999643
97.535,-2.0900000000000034,167,-490.7799999999643
97.535,-2.0900000000000034,169,-492.8699999999626
97.535,-2.0900000000000034,169,-492.8699999999626
97.535,-2.0900000000000034,169,-492.8699999999626
97.535,-2.0900000000000034,169,-492.8699999999626
97.535,-2.0900000000000034,169,-492.8699999999626
97.535,-2.0900000000000034,169,-492.8699999999626
97.535,-2.0900000000000034,169,-492.8699999999626
97.535,-2.0900000000000034,170,-493.9149999999645
97.535,-2.0900000000000034,171,-494.9599999999664
97.535,-2.0900000000000034,171,-494.9599999999664
97.535,-2.0900000000000034,171,-494.9599999999664
97.535,-2.0900000000000034,175,-499.1399999999667
97.535,-2.0900000000000034,175,-499.1399999999667
97.535,-2.0900000000000034,183,-507.49999999996726
97.535,-2.0900000000000034,183,-507.49999999996726
97.535,-2.0900000000000034,183,-507.49999999996726
97.535,-2.0900000000000034,184,-508.54499999996915
97.535,-2.0900000000000034,184,-508.54499999996915
97.535,-2.0900000000000034,184,-508.54499999996915
97.535,-2.0900000000000034,180,-512.7249999999694
97.535,-2.0900000000000034,180,-512.7249999999694
97.535,-2.0900000000000034,180,-512.7249999999694
97.535,-2.0900000000000034,181,-513.7699999999713
97.535,-2.0900000000000034,179,-515.8599999999715
97.535,-2.0900000000000034,176,-518.9949999999699
97.535,-2.0900000000000034,177,-520.0399999999718
97.535,-2.0900000000000034,176,-521.08499999997
97.535,-2.0900000000000034,176,-521.08499999997
97.535,-2.0900000000000034,173,-524.2199999999684
97.535,-2.0900000000000034,156,-541.9849999999697
97.535,-2.0900000000000034,144,-554.5249999999705
97.535,-2.0900000000000034,145,-555.5699999999706
97.535,-2.0900000000000034,145,-555.5699999999706
97.535,-2.0900000000000034,145,-555.5699999999706
97.535,-2.0900000000000034,151,-561.8399999999692
97.535,-2.0900000000000034,151,-561.8399999999692
97.535,-2.0900000000000034,152,-562.8849999999693
97.535,-2.0900000000000034,151,-563.9299999999694
97.535,-2.0900000000000034,150,-564.9749999999694
97.535,-2.0900000000000034,150,-564.9749999999694
97.535,-2.0900000000000034,151,-566.0199999999695
97.535,-2.0900000000000034,151,-566.0199999999695
97.535,-2.0900000000000034,151,-566.0199999999695
97.535,-2.0900000000000034,151,-566.0199999999695
97.535,-2.0900000000000034,149,-568.1099999999697
97.535,-2.0900000000000034,148,-569.1549999999697
97.535,-2.0900000000000034,148,-569.1549999999697
97.535,-2.0900000000000034,140,-577.5149999999703
97.535,-2.0900000000000034,140,-577.5149999999703
97.535,-2.0900000000000034,140,-577.5149999999703
97.535,-2.0900000000000034,139,-578.5599999999704
97.535,-2.0900000000000034,139,-578.5599999999704
97.535,-2.0900000000000034,146,-585.8749999999709
97.535,-2.0900000000000034,146,-585.8749999999709
97.535,-2.0900000000000034,144,-587.964999999971
97.535,-2.0900000000000034,143,-589.0099999999711
97.535,-2.0900000000000034,143,-589.0099999999711
97.535,-2.0900000000000034,146,-592.1449999999713
97.535,-2.0900000000000034,146,-592.1449999999713
97.535,-2.0900000000000034,151,-597.3699999999699
97.535,-2.0900000000000034,150,-598.41499999997
97.535,-2.0900000000000034,148,-600.5049999999701
97.535,-2.0900000000000034,148,-600.5049999999701
97.535,-2.0900000000000034,148,-600.5049999999701
97.535,-2.0900000000000034,148,-600.5049999999701
97.535,-2.0900000000000034,149,-601.5499999999702
97.535,-2.0900000000000034,149,-601.5499999999702
97.53,-2.0799999999999983,151,-604.3949999999695
97.53,-2.0799999999999983,151,-604.3949999999695
97.53,-2.0799999999999983,151,-604.3949999999695
97.53,-2.0799999999999983,147,-608.5549999999712
97.53,-2.0799999999999983,148,-609.5949999999702
97.53,-2.0799999999999983,149,-610.6349999999711
97.535,-2.069999999999993,148,-610.9349999999704
97.535,-2.069999999999993,149,-611.9699999999702
97.535,-2.069999999999993,155,-618.1799999999712
97.535,-2.069999999999993,155,-618.1799999999712
97.535,-2.069999999999993,155,-618.1799999999712
97.535,-2.069999999999993,149,-624.3899999999703
97.535,-2.069999999999993,149,-624.3899999999703
97.535,-2.069999999999993,150,-625.4249999999702
97.535,-2.069999999999993,150,-625.4249999999702
97.53,-2.0600000000000023,180,-657.3749999999673
97.53,-2.0600000000000023,168,-669.7349999999678
97.53,-2.0600000000000023,168,-669.7349999999678
97.53,-2.0600000000000023,159,-679.0049999999683
97.53,-2.0600000000000023,157,-681.0649999999678
97.53,-2.0600000000000023,164,-688.2749999999705
97.53,-2.0600000000000023,163,-689.3049999999712
97.53,-2.0600000000000023,163,-689.3049999999712
97.53,-2.0600000000000023,163,-689.3049999999712
97.53,-2.0600000000000023,176,-702.6949999999706
97.53,-2.0600000000000023,178,-704.7549999999683
97.53,-2.0600000000000023,178,-704.7549999999683
97.53,-2.0600000000000023,179,-705.7849999999708
97.53,-2.0600000000000023,182,-708.8749999999709
97.53,-2.0600000000000023,182,-708.8749999999709
97.53,-2.0600000000000023,173,-718.1449999999713
97.53,-2.0600000000000023,184,-729.4749999999694
97.53,-2.0600000000000023,184,-729.4749999999694
97.53,-2.0600000000000023,184,-729.4749999999694
97.53,-2.0600000000000023,184,-729.4749999999694
97.53,-2.0600000000000023,184,-729.4749999999694
97.53,-2.0600000000000023,183,-730.5049999999683
97.53,-2.0600000000000023,185,-732.5649999999696
97.53,-2.0600000000000023,185,-732.5649999999696
97.53,-2.0600000000000023,185,-732.5649999999696
97.53,-2.0600000000000023,181,-736.6849999999686
97.53,-2.0600000000000023,181,-736.6849999999686
97.53,-2.0600000000000023,179,-738.7449999999699
97.53,-2.0600000000000023,182,-741.83499999997
97.53,-2.0600000000000023,182,-741.83499999997
97.53,-2.0600000000000023,184,-743.8949999999677
97.53,-2.0600000000000023,179,-749.0449999999691
97.53,-2.0600000000000023,176,-752.1349999999693
97.53,-2.0600000000000023,176,-752.1349999999693
97.53,-2.0600000000000023,189,-765.5249999999651
97.53,-2.0600000000000023,194,-770.6749999999665
97.53,-2.0600000000000023,193,-771.7049999999654
97.53,-2.0600000000000023,193,-771.7049999999654
97.53,-2.0600000000000023,193,-771.7049999999654
97.53,-2.0600000000000023,193,-771.7049999999654
97.53,-2.0600000000000023,193,-771.7049999999654
97.53,-2.0600000000000023,192,-772.7349999999642
97.53,-2.0600000000000023,193,-773.7649999999667
97.53,-2.0600000000000023,193,-773.7649999999667
97.53,-2.0600000000000023,193,-773.7649999999667
97.53,-2.0600000000000023,195,-775.824999999968
97.53,-2.0600000000000023,194,-776.8549999999668
97.53,-2.0600000000000023,187,-784.064999999966
97.53,-2.0600000000000023,186,-785.0949999999648
97.53,-2.0600000000000023,186,-785.0949999999648
97.53,-2.0600000000000023,190,-789.2149999999674
97.53,-2.0600000000000023,192,-791.2749999999651
97.53,-2.0600000000000023,192,-791.2749999999651
97.53,-2.0600000000000023,192,-791.2749999999651
97.53,-2.0600000000000023,192,-791.2749999999651
97.53,-2.0600000000000023,192,-791.2749999999651
97.53,-2.0600000000000023,196,-795.3949999999677
97.53,-2.0600000000000023,197,-796.4249999999702
97.53,-2.0600000000000023,197,-796.4249999999702
97.53,-2.0600000000000023,197,-796.4249999999702
97.53,-2.0600000000000023,197,-796.4249999999702
97.53,-2.0600000000000023,193,-800.5449999999691
97.53,-2.0600000000000023,193,-800.5449999999691
97.53,-2.0600000000000023,193,-800.5449999999691
97.53,-2.0600000000000023,188,-805.6949999999706
97.53,-2.0600000000000023,194,-811.8749999999709
97.53,-2.0600000000000023,195,-812.9049999999734
97.53,-2.0600000000000023,198,-815.9949999999735
97.53,-2.0600000000000023,190,-824.2349999999715
97.53,-2.0600000000000023,179,-835.5649999999732
97.53,-2.0600000000000023,184,-840.714999999971
97.53,-2.0600000000000023,183,-841.7449999999699
97.53,-2.0600000000000023,182,-842.7749999999724
97.53,-2.0600000000000023,182,-842.7749999999724
97.53,-2.0600000000000023,182,-842.7749999999724
97.53,-2.0600000000000023,183,-843.8049999999712
97.53,-2.0600000000000023,183,-843.8049999999712
97.53,-2.0600000000000023,185,-845.8649999999725
97.53,-2.0600000000000023,185,-845.8649999999725
97.53,-2.0600000000000023,193,-854.1049999999705
97.53,-2.0600000000000023,196,-857.1949999999706
97.53,-2.0600000000000023,197,-858.2249999999731
97.53,-2.0600000000000023,197,-858.2249999999731
97.53,-2.0600000000000023,194,-861.3149999999732
97.53,-2.0600000000000023,194,-861.3149999999732
97.53,-2.0600000000000023,193,-862.3449999999721
97.53,-2.0600000000000023,193,-862.3449999999721
97.53,-2.0600000000000023,200,-869.5549999999712
97.53,-2.0600000000000023,206,-875.7349999999715
97.515,-2.0900000000000034,204,-880.9149999999718
97.515,-2.0900000000000034,202,-883.0049999999756
97.515,-2.0900000000000034,200,-885.0949999999757
97.515,-2.0900000000000034,200,-885.0949999999757
97.515,-2.0900000000000034,200,-885.0949999999757
97.515,-2.0900000000000034,198,-887.1849999999758
97.515,-2.0900000000000034,198,-887.1849999999758
97.515,-2.0900000000000034,198,-887.1849999999758
97.515,-2.0900000000000034,198,-887.1849999999758
97.515,-2.0900000000000034,198,-887.1849999999758
97.515,-2.0900000000000034,198,-887.1849999999758
97.515,-2.0900000000000034,198,-887.1849999999758
97.515,-2.0900000000000034,198,-887.1849999999758
97.515,-2.0900000000000034,190,-895.5449999999801
97.515,-2.0900000000000034,188,-897.6349999999802
97.515,-2.0900000000000034,193,-902.8599999999788
97.50999999999999,-2.0799999999999983,197,-907.9949999999844
97.50999999999999,-2.0799999999999983,197,-907.9949999999844
97.50999999999999,-2.0799999999999983,197,-907.9949999999844
97.50999999999999,-2.0799999999999983,197,-907.9949999999844
97.525,-2.049999999999997,189,-913.2999999999811
97.525,-2.049999999999997,188,-914.3249999999825
97.525,-2.049999999999997,188,-914.3249999999825
97.525,-2.049999999999997,196,-922.5249999999833
97.525,-2.049999999999997,196,-922.5249999999833
97.525,-2.049999999999997,196,-922.5249999999833
97.525,-2.049999999999997,196,-922.5249999999833
97.525,-2.049999999999997,196,-922.5249999999833
97.525,-2.049999999999997,203,-929.6999999999825
97.525,-2.049999999999997,208,-934.8249999999825
97.5,-2.0999999999999943,208,-940.0249999999833
97.485,-2.1299999999999955,208,-943.1449999999822
97.47999999999999,-2.1400000000000006,209,-945.2549999999865
97.47,-2.1599999999999966,208,-948.4249999999847
97.47,-2.1599999999999966,208,-948.4249999999847
97.47,-2.1599999999999966,208,-948.4249999999847
97.47,-2.1599999999999966,203,-953.8249999999825
97.47,-2.1599999999999966,203,-953.8249999999825
97.47,-2.1599999999999966,200,-957.0649999999841
97.47,-2.1599999999999966,200,-957.0649999999841
97.47,-2.1599999999999966,201,-958.1449999999822
97.47,-2.1599999999999966,196,-963.5449999999837
97.47,-2.1599999999999966,196,-963.5449999999837
97.47,-2.1599999999999966,180,-980.8249999999825
97.47,-2.1599999999999966,184,-985.1449999999822
97.47,-2.1599999999999966,180,-989.464999999982
97.47,-2.1599999999999966,180,-989.464999999982
97.47,-2.1599999999999966,183,-992.7049999999836
97.47,-2.1599999999999966,183,-992.7049999999836
97.47,-2.1599999999999966,183,-992.7049999999836
97.47,-2.1599999999999966,183,-992.7049999999836
97.47,-2.1599999999999966,184,-993.7849999999817
97.47,-2.1599999999999966,184,-993.7849999999817
97.47999999999999,-2.1400000000000006,178,-998.4849999999824
97.47999999999999,-2.1400000000000006,178,-998.4849999999824
97.47999999999999,-2.1400000000000006,179,-999.5549999999821
97.47999999999999,-2.1400000000000006,174,-1004.9049999999843
97.47999999999999,-2.1400000000000006,174,-1004.9049999999843
97.47999999999999,-2.1400000000000006,174,-1004.9049999999843
97.47999999999999,-2.1400000000000006,179,-1010.2549999999828
97.47999999999999,-2.1400000000000006,179,-1010.2549999999828
97.47999999999999,-2.1400000000000006,179,-1010.2549999999828
97.47999999999999,-2.1400000000000006,179,-1010.2549999999828
97.47999999999999,-2.1400000000000006,183,-1014.5349999999853
97.495,-2.1099999999999994,156,-1040.62499999998
97.495,-2.1099999999999994,156,-1040.62499999998
97.495,-2.1099999999999994,156,-1040.62499999998
97.495,-2.1099999999999994,156,-1040.62499999998
97.495,-2.1099999999999994,156,-1040.62499999998
97.495,-2.1099999999999994,158,-1042.7349999999806
97.495,-2.1099999999999994,155,-1045.8999999999814
97.495,-2.1099999999999994,155,-1045.8999999999814
97.495,-2.1099999999999994,172,-1063.834999999981
97.495,-2.1099999999999994,173,-1064.8899999999776
97.495,-2.1099999999999994,173,-1064.8899999999776
97.495,-2.1099999999999994,171,-1066.9999999999782
97.495,-2.1099999999999994,178,-1074.3849999999766
97.495,-2.1099999999999994,182,-1078.6049999999777
97.495,-2.1099999999999994,190,-1087.04499999998
97.495,-2.1099999999999994,190,-1087.04499999998
97.495,-2.1099999999999994,190,-1087.04499999998
97.495,-2.1099999999999994,190,-1087.04499999998
97.495,-2.1099999999999994,190,-1087.04499999998
97.495,-2.1099999999999994,190,-1087.04499999998
97.495,-2.1099999999999994,190,-1087.04499999998
97.495,-2.1099999999999994,193,-1090.209999999981
97.495,-2.1099999999999994,198,-1095.4849999999788
97.495,-2.1099999999999994,198,-1095.4849999999788
97.5,-2.0999999999999943,193,-1099.7749999999796
97.505,-2.0900000000000034,179,-1113.5199999999822
97.505,-2.0900000000000034,179,-1113.5199999999822
97.505,-2.0900000000000034,178,-1114.5649999999841
97.505,-2.0900000000000034,176,-1116.654999999988
97.50999999999999,-2.0799999999999983,170,-1122.0249999999905
97.50999999999999,-2.0799999999999983,170,-1122.0249999999905
97.50999999999999,-2.0799999999999983,162,-1130.3449999999903
97.50999999999999,-2.0799999999999983,156,-1136.5849999999919
97.50999999999999,-2.0799999999999983,156,-1136.5849999999919
97.50999999999999,-2.0799999999999983,156,-1136.5849999999919
97.50999999999999,-2.0799999999999983,162,-1142.8249999999898
97.50999999999999,-2.0799999999999983,162,-1142.8249999999898
97.50999999999999,-2.0799999999999983,167,-1148.0249999999905
97.50999999999999,-2.0799999999999983,167,-1148.0249999999905
97.50999999999999,-2.0799999999999983,167,-1148.0249999999905
97.50999999999999,-2.0799999999999983,167,-1148.0249999999905
97.50999999999999,-2.0799999999999983,174,-1155.3049999999894
97.525,-2.049999999999997,172,-1154.774999999987
97.525,-2.049999999999997,170,-1156.8249999999862
97.525,-2.049999999999997,170,-1156.8249999999862
97.525,-2.049999999999997,174,-1160.9249999999847
97.525,-2.049999999999997,174,-1160.9249999999847
97.525,-2.049999999999997,174,-1160.9249999999847
97.525,-2.049999999999997,172,-1162.9749999999876
97.525,-2.049999999999997,175,-1166.0499999999884
97.525,-2.049999999999997,176,-1167.0749999999862
97.525,-2.049999999999997,176,-1167.0749999999862
97.525,-2.049999999999997,171,-1172.1999999999862
97.525,-2.049999999999997,171,-1172.1999999999862
97.525,-2.049999999999997,164,-1179.3749999999873
97.525,-2.049999999999997,169,-1184.4999999999854
97.525,-2.049999999999997,166,-1187.5749999999862
97.525,-2.049999999999997,158,-1195.774999999987
97.525,-2.049999999999997,169,-1207.0499999999847
97.525,-2.049999999999997,169,-1207.0499999999847
97.525,-2.049999999999997,169,-1207.0499999999847
97.525,-2.049999999999997,170,-1208.0749999999862
97.525,-2.049999999999997,168,-1210.1249999999854
97.525,-2.049999999999997,168,-1210.1249999999854
97.525,-2.049999999999997,168,-1210.1249999999854
97.525,-2.049999999999997,158,-1220.3749999999854
97.525,-2.049999999999997,161,-1223.4499999999862
97.525,-2.049999999999997,159,-1225.4999999999873
97.525,-2.049999999999997,158,-1226.524999999987
97.525,-2.049999999999997,158,-1226.524999999987
97.525,-2.049999999999997,154,-1230.6249999999873
97.525,-2.049999999999997,145,-1239.8499999999876
97.525,-2.049999999999997,145,-1239.8499999999876
97.525,-2.049999999999997,146,-1240.8749999999854
97.525,-2.049999999999997,146,-1240.8749999999854
97.525,-2.049999999999997,145,-1241.899999999987
97.53,-2.039999999999992,120,-1266.7449999999862
97.53,-2.039999999999992,123,-1269.8049999999857
97.53,-2.039999999999992,123,-1269.8049999999857
97.53,-2.039999999999992,123,-1269.8049999999857
97.53,-2.039999999999992,123,-1269.8049999999857
97.53,-2.039999999999992,123,-1269.8049999999857
97.53,-2.039999999999992,124,-1270.8249999999862
97.53,-2.039999999999992,124,-1270.8249999999862
97.53,-2.039999999999992,125,-1271.8449999999848
97.53,-2.039999999999992,126,-1272.8649999999834
97.53,-2.039999999999992,126,-1272.8649999999834
97.53,-2.039999999999992,126,-1272.8649999999834
97.53,-2.039999999999992,126,-1272.8649999999834
97.53,-2.039999999999992,126,-1272.8649999999834
97.53,-2.039999999999992,126,-1272.8649999999834
97.53,-2.039999999999992,126,-1272.8649999999834
97.53,-2.039999999999992,127,-1273.8849999999838
97.53,-2.039999999999992,129,-1275.924999999983
97.535,-2.030000000000001,127,-1277.3299999999836
97.535,-2.030000000000001,127,-1277.3299999999836
97.535,-2.030000000000001,117,-1287.4799999999832
97.535,-2.030000000000001,114,-1290.5249999999833
97.535,-2.030000000000001,107,-1297.6299999999846
97.535,-2.030000000000001,107,-1297.6299999999846
97.535,-2.030000000000001,101,-1303.719999999983
97.535,-2.030000000000001,101,-1303.719999999983
97.535,-2.030000000000001,98,-1306.764999999983
97.535,-2.030000000000001,94,-1310.8249999999844
97.535,-2.030000000000001,95,-1311.8399999999838
97.535,-2.030000000000001,108,-1325.0349999999835
97.535,-2.030000000000001,107,-1326.049999999983
97.535,-2.030000000000001,112,-1331.1249999999818
97.535,-2.030000000000001,111,-1332.1399999999812
97.535,-2.030000000000001,111,-1332.1399999999812
97.535,-2.030000000000001,113,-1334.1699999999819
97.535,-2.030000000000001,113,-1334.1699999999819
97.535,-2.030000000000001,113,-1334.1699999999819
97.535,-2.030000000000001,108,-1339.2449999999826
97.535,-2.030000000000001,107,-1340.259999999982
97.535,-2.030000000000001,107,-1340.259999999982
97.535,-2.030000000000001,107,-1340.259999999982
97.535,-2.030000000000001,104,-1343.304999999982
97.535,-2.030000000000001,104,-1343.304999999982
97.535,-2.030000000000001,100,-1347.3649999999816
97.535,-2.030000000000001,101,-1348.379999999981
97.535,-2.030000000000001,101,-1348.379999999981
97.535,-2.030000000000001,101,-1348.379999999981
97.535,-2.030000000000001,95,-1354.4699999999812
97.535,-2.030000000000001,95,-1354.4699999999812
97.535,-2.030000000000001,95,-1354.4699999999812
97.535,-2.030000000000001,103,-1362.5899999999801
97.535,-2.030000000000001,104,-1363.6049999999796
97.535,-2.030000000000001,104,-1363.6049999999796
97.535,-2.030000000000001,111,-1370.7099999999791
97.535,-2.030000000000001,111,-1370.7099999999791
97.535,-2.030000000000001,111,-1370.7099999999791
97.535,-2.030000000000001,119,-1378.82999999998
97.535,-2.030000000000001,112,-1385.9349999999795
97.535,-2.030000000000001,112,-1385.9349999999795
97.535,-2.030000000000001,112,-1385.9349999999795
97.535,-2.030000000000001,114,-1387.9649999999801
97.535,-2.030000000000001,113,-1388.9799999999796
97.535,-2.030000000000001,108,-1394.0549999999803
97.535,-2.030000000000001,108,-1394.0549999999803
97.535,-2.030000000000001,117,-1403.1899999999805
97.535,-2.030000000000001,121,-1407.2499999999818
97.535,-2.030000000000001,121,-1407.2499999999818
97.535,-2.030000000000001,121,-1407.2499999999818
97.535,-2.030000000000001,121,-1407.2499999999818
97.535,-2.030000000000001,121,-1407.2499999999818
97.535,-2.030000000000001,121,-1407.2499999999818
97.535,-2.030000000000001,121,-1407.2499999999818
97.535,-2.030000000000001,120,-1408.2649999999812
97.535,-2.030000000000001,120,-1408.2649999999812
97.5325,-2.0250000000000057,138,-1426.8549999999796
97.5325,-2.0250000000000057,137,-1427.8674999999803
97.5325,-2.0250000000000057,137,-1427.8674999999803
97.5325,-2.0250000000000057,129,-1435.9674999999806
97.5325,-2.0250000000000057,129,-1435.9674999999806
97.5325,-2.0250000000000057,127,-1437.9924999999785
97.5325,-2.0250000000000057,127,-1437.9924999999785
97.5325,-2.0250000000000057,128,-1439.0049999999792
97.5325,-2.0250000000000057,128,-1439.0049999999792
97.5325,-2.0250000000000057,130,-1441.0299999999788
97.5325,-2.0250000000000057,131,-1442.0424999999796
97.5325,-2.0250000000000057,131,-1442.0424999999796
97.5325,-2.0250000000000057,131,-1442.0424999999796
97.5375,-2.0150000000000006,108,-1464.7699999999804
97.5375,-2.0150000000000006,101,-1471.8224999999802
97.5375,-2.0150000000000006,90,-1482.9049999999788
97.5375,-2.0150000000000006,93,-1485.9274999999798
97.5375,-2.0150000000000006,94,-1486.9349999999795
97.5375,-2.0150000000000006,89,-1491.9724999999798
97.5375,-2.0150000000000006,91,-1493.9874999999793
97.5375,-2.0150000000000006,91,-1493.9874999999793
97.5375,-2.0150000000000006,91,-1493.9874999999793
97.5375,-2.0150000000000006,91,-1493.9874999999793
97.5375,-2.0150000000000006,84,-1501.0399999999809
97.5375,-2.0150000000000006,75,-1510.10749999998
97.5375,-2.0150000000000006,75,-1510.10749999998
97.5375,-2.0150000000000006,75,-1510.10749999998
97.5375,-2.0150000000000006,81,-1516.152499999981
97.5375,-2.0150000000000006,82,-1517.1599999999808
97.5375,-2.0150000000000006,64,-1535.294999999981
97.5375,-2.0150000000000006,70,-1541.3399999999801
97.5375,-2.0150000000000006,69,-1542.3474999999798
97.5375,-2.0150000000000006,69,-1542.3474999999798
97.5375,-2.0150000000000006,69,-1542.3474999999798
97.5375,-2.0150000000000006,69,-1542.3474999999798
97.5375,-2.0150000000000006,69,-1542.3474999999798
97.5375,-2.0150000000000006,67,-1544.3624999999793
97.5375,-2.0150000000000006,67,-1544.3624999999793
97.5375,-2.0150000000000006,69,-1546.3774999999787
97.5375,-2.0150000000000006,69,-1546.3774999999787
97.5375,-2.0150000000000006,69,-1546.3774999999787
97.5375,-2.0150000000000006,65,-1550.4074999999784
97.5375,-2.0150000000000006,65,-1550.4074999999784
97.5375,-2.0150000000000006,65,-1550.4074999999784
97.5375,-2.0150000000000006,65,-1550.4074999999784
97.5375,-2.0150000000000006,69,-1554.4374999999782
97.5375,-2.0150000000000006,78,-1563.5049999999792
97.5375,-2.0150000000000006,67,-1574.5874999999787
97.5375,-2.0150000000000006,63,-1578.6174999999794
97.5375,-2.0150000000000006,61,-1580.6324999999788
97.5375,-2.0150000000000006,61,-1580.6324999999788
97.5375,-2.0150000000000006,54,-1587.6849999999786
97.5375,-2.0150000000000006,60,-1593.7299999999777
97.5375,-2.0150000000000006,45,-1608.842499999978
97.5375,-2.0150000000000006,46,-1609.8499999999785
97.5375,-2.0150000000000006,56,-1619.9249999999784
97.5375,-2.0150000000000006,60,-1623.954999999978
97.5375,-2.0150000000000006,60,-1623.954999999978
97.5375,-2.0150000000000006,58,-1625.9699999999784
97.535,-2.010000000000005,73,-1641.2299999999786
97.535,-2.010000000000005,63,-1651.279999999978
97.535,-2.010000000000005,71,-1659.3199999999788
97.535,-2.010000000000005,71,-1659.3199999999788
97.535,-2.010000000000005,71,-1659.3199999999788
97.535,-2.010000000000005,72,-1660.3249999999798
97.535,-2.010000000000005,71,-1661.329999999979
97.535,-2.010000000000005,71,-1661.329999999979
97.535,-2.010000000000005,67,-1665.3499999999785
97.535,-2.010000000000005,67,-1665.3499999999785
97.535,-2.010000000000005,103,-1701.5299999999788
97.535,-2.010000000000005,110,-1708.5649999999787
97.535,-2.010000000000005,105,-1713.5899999999801
97.535,-2.010000000000005,105,-1713.5899999999801
97.535,-2.010000000000005,105,-1713.5899999999801
97.535,-2.010000000000005,98,-1720.6249999999782
97.535,-2.010000000000005,98,-1720.6249999999782
97.535,-2.010000000000005,92,-1726.6549999999788
97.535,-2.010000000000005,92,-1726.6549999999788
97.535,-2.010000000000005,92,-1726.6549999999788
97.535,-2.010000000000005,92,-1726.6549999999788
97.535,-2.010000000000005,92,-1726.6549999999788
97.535,-2.010000000000005,92,-1726.6549999999788
97.535,-2.010000000000005,92,-1726.6549999999788
97.535,-2.010000000000005,92,-1726.6549999999788
97.535,-2.010000000000005,97,-1731.6799999999785
97.535,-2.010000000000005,97,-1731.6799999999785
97.535,-2.010000000000005,97,-1731.6799999999785
97.535,-2.010000000000005,97,-1731.6799999999785
97.535,-2.010000000000005,98,-1732.6849999999795
97.535,-2.010000000000005,97,-1733.6899999999787
97.535,-2.010000000000005,97,-1733.6899999999787
97.535,-2.010000000000005,96,-1734.6949999999779
97.535,-2.010000000000005,97,-1735.699999999979
97.535,-2.010000000000005,100,-1738.7149999999801
97.535,-2.010000000000005,100,-1738.7149999999801
97.535,-2.010000000000005,102,-1740.7249999999804
97.535,-2.010000000000005,102,-1740.7249999999804
97.535,-2.010000000000005,102,-1740.7249999999804
97.535,-2.010000000000005,96,-1746.7549999999792
97.535,-2.010000000000005,99,-1749.7699999999804
97.535,-2.010000000000005,99,-1749.7699999999804
97.535,-2.010000000000005,99,-1749.7699999999804
97.535,-2.010000000000005,98,-1750.7749999999796
97.54,-2.0,73,-1775.3949999999804
97.54,-2.0,76,-1778.3949999999804
97.54,-2.0,76,-1778.3949999999804
97.54,-2.0,74,-1780.3949999999813
97.54,-2.0,76,-1782.3949999999804
97.54,-2.0,81,-1787.3949999999813
97.54,-2.0,81,-1787.3949999999813
97.54,-2.0,67,-1801.3949999999822
97.54,-2.0,67,-1801.3949999999822
97.54,-2.0,67,-1801.3949999999822
97.54,-2.0,66,-1802.3949999999813
97.54,-2.0,68,-1804.3949999999813
97.54,-2.0,71,-1807.3949999999822
97.54,-2.0,64,-1814.3949999999822
97.54,-2.0,64,-1814.3949999999822
97.54,-2.0,64,-1814.3949999999822
97.54,-2.0,68,-1818.3949999999832
97.54,-2.0,75,-1825.3949999999832
97.54,-2.0,75,-1825.3949999999832
97.54,-2.0,76,-1826.394999999984
97.54,-2.0,62,-1840.394999999984
97.54,-2.0,64,-1842.394999999984
97.54,-2.0,65,-1843.394999999984
97.54,-2.0,59,-1849.394999999984
97.54,-2.0,59,-1849.394999999984
97.54,-2.0,52,-1856.394999999985
97.54,-2.0,54,-1858.394999999984
97.54,-2.0,59,-1863.394999999984
97.54,-2.0,59,-1863.394999999984
97.54,-2.0,59,-1863.394999999984
97.535,-1.9899999999999949,67,-1871.7099999999846
97.535,-1.9899999999999949,81,-1885.639999999984
97.535,-1.9899999999999949,81,-1885.639999999984
97.535,-1.9899999999999949,75,-1891.6099999999842
97.535,-1.9899999999999949,74,-1892.6049999999832
97.53999999999999,-1.980000000000004,66,-1900.2349999999842
97.53999999999999,-1.980000000000004,66,-1900.2349999999842
97.53999999999999,-1.980000000000004,70,-1904.1949999999852
97.53999999999999,-1.980000000000004,75,-1909.144999999985
97.53999999999999,-1.980000000000004,75,-1909.144999999985
97.53999999999999,-1.980000000000004,72,-1912.1149999999852
97.53999999999999,-1.980000000000004,73,-1913.104999999986
97.53999999999999,-1.980000000000004,73,-1913.104999999986
97.53999999999999,-1.980000000000004,68,-1918.0549999999857
97.53999999999999,-1.980000000000004,69,-1919.0449999999864
97.53999999999999,-1.980000000000004,80,-1929.9349999999868
97.53999999999999,-1.980000000000004,80,-1929.9349999999868
97.53999999999999,-1.980000000000004,80,-1929.9349999999868
97.53999999999999,-1.980000000000004,85,-1934.8849999999857
97.53999999999999,-1.980000000000004,84,-1935.8749999999873
97.53999999999999,-1.980000000000004,81,-1938.8449999999866
97.53999999999999,-1.980000000000004,77,-1942.8049999999866
97.53999999999999,-1.980000000000004,78,-1943.7949999999873
97.53999999999999,-1.980000000000004,78,-1943.7949999999873
97.53999999999999,-1.980000000000004,79,-1944.784999999988
97.53999999999999,-1.980000000000004,79,-1944.784999999988
97.53999999999999,-1.980000000000004,79,-1944.784999999988
97.53999999999999,-1.980000000000004,80,-1945.7749999999887
97.53999999999999,-1.980000000000004,91,-1956.6649999999881
97.53999999999999,-1.980000000000004,91,-1956.6649999999881
97.53999999999999,-1.980000000000004,87,-1960.6249999999873
97.53999999999999,-1.980000000000004,87,-1960.6249999999873
97.53999999999999,-1.980000000000004,79,-1968.5449999999882
97.53999999999999,-1.980000000000004,79,-1968.5449999999882
97.53999999999999,-1.980000000000004,79,-1968.5449999999882
97.53999999999999,-1.980000000000004,95,-1984.3849999999875
97.53999999999999,-1.980000000000004,77,-2002.204999999988
97.53999999999999,-1.980000000000004,77,-2002.204999999988
97.53999999999999,-1.980000000000004,70,-2009.1349999999875
97.53999999999999,-1.980000000000004,70,-2009.1349999999875
97.53999999999999,-1.980000000000004,65,-2014.0849999999873
97.53999999999999,-1.980000000000004,66,-2015.074999999988
97.53999999999999,-1.980000000000004,66,-2015.074999999988
97.53999999999999,-1.980000000000004,66,-2015.074999999988
97.53999999999999,-1.980000000000004,70,-2019.034999999989
97.53999999999999,-1.980000000000004,71,-2020.0249999999896
97.53999999999999,-1.980000000000004,71,-2020.0249999999896
97.53999999999999,-1.980000000000004,81,-2029.9249999999884
97.53999999999999,-1.980000000000004,81,-2029.9249999999884
97.53999999999999,-1.980000000000004,81,-2029.9249999999884
97.53999999999999,-1.980000000000004,81,-2029.9249999999884
97.53999999999999,-1.980000000000004,93,-2041.8049999999894
97.53999999999999,-1.980000000000004,85,-2049.7249999999894
97.53999999999999,-1.980000000000004,79,-2055.664999999991
97.53999999999999,-1.980000000000004,88,-2064.5749999999916
97.53999999999999,-1.980000000000004,88,-2064.5749999999916
97.53999999999999,-1.980000000000004,84,-2068.5349999999908
97.53999999999999,-1.980000000000004,88,-2072.4949999999917
97.53999999999999,-1.980000000000004,93,-2077.4449999999906
97.53999999999999,-1.980000000000004,93,-2077.4449999999906
97.53999999999999,-1.980000000000004,87,-2083.384999999991
97.53999999999999,-1.980000000000004,87,-2083.384999999991
97.53999999999999,-1.980000000000004,86,-2084.3749999999927
97.53999999999999,-1.980000000000004,78,-2092.294999999993
97.53999999999999,-1.980000000000004,77,-2093.2849999999935
97.53999999999999,-1.980000000000004,77,-2093.2849999999935
97.53999999999999,-1.980000000000004,77,-2093.2849999999935
97.53999999999999,-1.980000000000004,77,-2093.2849999999935
97.53999999999999,-1.980000000000004,76,-2094.274999999994
97.53999999999999,-1.980000000000004,76,-2094.274999999994
97.53999999999999,-1.980000000000004,81,-2099.224999999993
97.53999999999999,-1.980000000000004,67,-2113.0849999999928
97.545,-1.9699999999999989,64,-2115.7349999999924
97.545,-1.9699999999999989,63,-2116.719999999993
97.545,-1.9699999999999989,66,-2119.674999999993
97.545,-1.9699999999999989,66,-2119.674999999993
97.545,-1.9699999999999989,66,-2119.674999999993
97.545,-1.9699999999999989,66,-2119.674999999993
97.545,-1.9699999999999989,76,-2129.5249999999924
97.545,-1.9699999999999989,76,-2129.5249999999924
97.545,-1.9699999999999989,76,-2129.5249999999924
97.545,-1.9699999999999989,83,-2136.419999999991
97.545,-1.9699999999999989,83,-2136.419999999991
97.545,-1.9699999999999989,84,-2137.4049999999916
97.545,-1.9699999999999989,84,-2137.4049999999916
97.545,-1.9699999999999989,84,-2137.4049999999916
97.545,-1.9699999999999989,88,-2141.344999999992
97.545,-1.9699999999999989,88,-2141.344999999992
97.545,-1.9699999999999989,88,-2141.344999999992
97.545,-1.9699999999999989,88,-2141.344999999992
97.545,-1.9699999999999989,86,-2143.3149999999914
97.545,-1.9699999999999989,84,-2145.2849999999908
97.545,-1.9699999999999989,85,-2146.2699999999913
97.545,-1.9699999999999989,84,-2147.254999999992
97.545,-1.9699999999999989,82,-2149.2249999999913
97.545,-1.9699999999999989,82,-2149.2249999999913
97.545,-1.9699999999999989,82,-2149.2249999999913
97.545,-1.9699999999999989,82,-2149.2249999999913
97.545,-1.9699999999999989,83,-2150.209999999992
97.545,-1.9699999999999989,84,-2151.1949999999924
97.545,-1.9699999999999989,83,-2152.179999999993
97.545,-1.9699999999999989,83,-2152.179999999993
97.545,-1.9699999999999989,84,-2153.1649999999936
97.545,-1.9699999999999989,84,-2153.1649999999936
97.545,-1.9699999999999989,79,-2158.0899999999947
97.545,-1.9699999999999989,83,-2162.029999999995
97.545,-1.9699999999999989,83,-2162.029999999995
97.545,-1.9699999999999989,85,-2163.9999999999945
97.545,-1.9699999999999989,85,-2163.9999999999945
97.545,-1.9699999999999989,90,-2168.9249999999956
97.545,-1.9699999999999989,90,-2168.9249999999956
97.545,-1.9699999999999989,90,-2168.9249999999956
97.545,-1.9699999999999989,89,-2169.9099999999944
97.545,-1.9699999999999989,90,-2170.894999999997
97.545,-1.9699999999999989,91,-2171.8799999999974
97.545,-1.9699999999999989,91,-2171.8799999999974
97.545,-1.9699999999999989,91,-2171.8799999999974
97.545,-1.9699999999999989,91,-2171.8799999999974
97.545,-1.9699999999999989,91,-2171.8799999999974
97.545,-1.9699999999999989,87,-2175.819999999996
97.545,-1.9699999999999989,89,-2177.7899999999954
97.545,-1.9699999999999989,89,-2177.7899999999954
97.545,-1.9699999999999989,89,-2177.7899999999954
97.545,-1.9699999999999989,90,-2178.774999999998
97.545,-1.9699999999999989,83,-2185.6699999999964
97.545,-1.9699999999999989,58,-2210.2949999999973
97.545,-1.9699999999999989,52,-2216.204999999997
97.545,-1.9699999999999989,52,-2216.204999999997
97.545,-1.9699999999999989,61,-2225.069999999997
97.545,-1.9699999999999989,61,-2225.069999999997
97.545,-1.9699999999999989,62,-2226.0549999999976
97.545,-1.9699999999999989,63,-2227.039999999998
97.545,-1.9699999999999989,63,-2227.039999999998
97.545,-1.9699999999999989,74,-2237.874999999998
97.545,-1.9699999999999989,74,-2237.874999999998
97.545,-1.9699999999999989,73,-2238.8599999999988
97.545,-1.9699999999999989,74,-2239.8449999999993
97.545,-1.9699999999999989,74,-2239.8449999999993
97.545,-1.9699999999999989,74,-2239.8449999999993
97.545,-1.9699999999999989,74,-2239.8449999999993
97.545,-1.9699999999999989,73,-2240.83
97.545,-1.9699999999999989,72,-2241.8150000000005
97.545,-1.9699999999999989,72,-2241.8150000000005
97.545,-1.9699999999999989,73,-2242.800000000001
97.545,-1.9699999999999989,74,-2243.7850000000017
97.545,-1.9699999999999989,73,-2244.7700000000023
97.545,-1.9699999999999989,73,-2244.7700000000023
97.545,-1.9699999999999989,72,-2245.755000000003
97.545,-1.9699999999999989,73,-2246.7400000000034
97.545,-1.9699999999999989,75,-2248.7100000000028
97.545,-1.9699999999999989,75,-2248.7100000000028
97.545,-1.9699999999999989,75,-2248.7100000000028
97.545,-1.9699999999999989,75,-2248.7100000000028
97.545,-1.9699999999999989,75,-2248.7100000000028
97.545,-1.9699999999999989,78,-2251.6650000000027
97.545,-1.9699999999999989,86,-2259.545000000002
97.545,-1.9699999999999989,86,-2259.545000000002
97.545,-1.9699999999999989,86,-2259.545000000002
97.545,-1.9699999999999989,86,-2259.545000000002
97.545,-1.9699999999999989,86,-2259.545000000002
97.545,-1.9699999999999989,83,-2262.500000000002
97.545,-1.9699999999999989,83,-2262.500000000002
97.545,-1.9699999999999989,83,-2262.500000000002
97.545,-1.9699999999999989,83,-2262.500000000002
97.545,-1.9699999999999989,87,-2266.4400000000023
97.545,-1.9699999999999989,87,-2266.4400000000023
97.545,-1.9699999999999989,81,-2272.350000000002
97.545,-1.9699999999999989,81,-2272.350000000002
97.545,-1.9699999999999989,87,-2278.260000000002
97.545,-1.9699999999999989,94,-2285.1550000000025
97.545,-1.9699999999999989,94,-2285.1550000000025
97.545,-1.9699999999999989,92,-2287.125000000002
97.545,-1.9699999999999989,91,-2288.1100000000024
97.545,-1.9699999999999989,101,-2297.960000000001
97.545,-1.9699999999999989,101,-2297.960000000001
97.545,-1.9699999999999989,101,-2297.960000000001
97.545,-1.9699999999999989,92,-2306.8250000000007
97.545,-1.9699999999999989,92,-2306.8250000000007
97.545,-1.9699999999999989,86,-2312.7349999999988
97.545,-1.9699999999999989,87,-2313.7199999999993
97.545,-1.9699999999999989,87,-2313.7199999999993
97.545,-1.9699999999999989,87,-2313.7199999999993
97.545,-1.9699999999999989,88,-2314.705
97.545,-1.9699999999999989,89,-2315.6900000000005
97.545,-1.9699999999999989,89,-2315.6900000000005
97.545,-1.9699999999999989,97,-2323.5700000000015
97.545,-1.9699999999999989,97,-2323.5700000000015
97.545,-1.9699999999999989,97,-2323.5700000000015
97.545,-1.9699999999999989,94,-2326.5250000000015
97.545,-1.9699999999999989,94,-2326.5250000000015
97.545,-1.9699999999999989,90,-2330.465000000002
97.545,-1.9699999999999989,90,-2330.465000000002
97.545,-1.9699999999999989,90,-2330.465000000002
97.545,-1.9699999999999989,89,-2331.4500000000007
97.545,-1.9699999999999989,99,-2341.300000000001
97.545,-1.9699999999999989,121,-2362.970000000001
97.545,-1.9699999999999989,121,-2362.970000000001
97.545,-1.9699999999999989,122,-2363.9550000000017
97.545,-1.9699999999999989,108,-2377.745000000001
97.545,-1.9699999999999989,105,-2380.7000000000007
97.545,-1.9699999999999989,109,-2384.6400000000012
97.545,-1.9699999999999989,105,-2388.5800000000017
97.545,-1.9699999999999989,105,-2388.5800000000017
97.545,-1.9699999999999989,105,-2388.5800000000017
97.545,-1.9699999999999989,105,-2388.5800000000017
97.545,-1.9699999999999989,105,-2388.5800000000017
97.545,-1.9699999999999989,106,-2389.5650000000023
97.545,-1.9699999999999989,107,-2390.550000000003
97.55,-1.960000000000008,104,-2392.975000000004
97.55,-1.960000000000008,106,-2394.935000000003
97.55,-1.960000000000008,107,-2395.9150000000027
97.55,-1.960000000000008,100,-2402.7750000000033
97.55,-1.960000000000008,100,-2402.7750000000033
97.55,-1.960000000000008,99,-2403.7550000000047
97.55,-1.960000000000008,99,-2403.7550000000047
97.55,-1.960000000000008,104,-2408.6550000000043
97.55,-1.960000000000008,105,-2409.635000000004
97.55,-1.960000000000008,110,-2414.5350000000035
97.55,-1.960000000000008,105,-2419.435000000003
97.55,-1.960000000000008,105,-2419.435000000003
97.55,-1.960000000000008,105,-2419.435000000003
97.5475,-1.9550000000000125,118,-2432.435000000003
97.5475,-1.9550000000000125,122,-2436.345000000003
97.5475,-1.9550000000000125,122,-2436.345000000003
97.5475,-1.9550000000000125,122,-2436.345000000003
97.5475,-1.9550000000000125,121,-2437.322500000004
97.5475,-1.9550000000000125,122,-2438.300000000003
97.5475,-1.9550000000000125,128,-2444.1650000000027
97.5475,-1.9550000000000125,127,-2445.1425000000036
97.5475,-1.9550000000000125,126,-2446.1200000000026
97.5475,-1.9550000000000125,126,-2446.1200000000026
97.5475,-1.9550000000000125,125,-2447.0975000000035
97.5475,-1.9550000000000125,125,-2447.0975000000035
97.5475,-1.9550000000000125,126,-2448.0750000000025
97.5475,-1.9550000000000125,127,-2449.0525000000034
97.5475,-1.9550000000000125,134,-2455.8950000000023
97.5475,-1.9550000000000125,132,-2457.850000000002
97.5475,-1.9550000000000125,132,-2457.850000000002
97.5475,-1.9550000000000125,133,-2458.827500000003
97.5475,-1.9550000000000125,133,-2458.827500000003
97.5475,-1.9550000000000125,137,-2462.737500000003
97.5475,-1.9550000000000125,137,-2462.737500000003
97.5475,-1.9550000000000125,137,-2462.737500000003
97.5475,-1.9550000000000125,130,-2469.5800000000036
97.5475,-1.9550000000000125,130,-2469.5800000000036
97.5475,-1.9550000000000125,143,-2482.287500000002
97.5475,-1.9550000000000125,143,-2482.287500000002
97.5475,-1.9550000000000125,150,-2489.130000000001
97.5475,-1.9550000000000125,152,-2491.085000000001
97.5475,-1.9550000000000125,151,-2492.0625
97.5475,-1.9550000000000125,151,-2492.0625
97.5475,-1.9550000000000125,153,-2494.0175
97.5475,-1.9550000000000125,156,-2496.9500000000007
97.5475,-1.9550000000000125,149,-2503.7924999999996
97.5475,-1.9550000000000125,149,-2503.7924999999996
97.5475,-1.9550000000000125,139,-2513.567499999999
97.5475,-1.9550000000000125,139,-2513.567499999999
97.5475,-1.9550000000000125,139,-2513.567499999999
97.5475,-1.9550000000000125,139,-2513.567499999999
97.5475,-1.9550000000000125,141,-2515.5224999999973
97.5475,-1.9550000000000125,135,-2521.387499999997
97.5475,-1.9550000000000125,135,-2521.387499999997
97.5475,-1.9550000000000125,135,-2521.387499999997
97.5475,-1.9550000000000125,138,-2524.319999999998
97.5475,-1.9550000000000125,138,-2524.319999999998
97.5475,-1.9550000000000125,138,-2524.319999999998
97.5475,-1.9550000000000125,145,-2531.1624999999985
97.5475,-1.9550000000000125,148,-2534.0949999999993
97.5475,-1.9550000000000125,148,-2534.0949999999993
97.5475,-1.9550000000000125,159,-2544.8475000000017
97.5475,-1.9550000000000125,159,-2544.8475000000017
97.5475,-1.9550000000000125,159,-2544.8475000000017
97.5475,-1.9550000000000125,165,-2550.7125000000033
97.5475,-1.9550000000000125,162,-2553.645000000004
97.5475,-1.9550000000000125,162,-2553.645000000004
97.54499999999999,-1.9500000000000028,171,-2562.8700000000063
97.54499999999999,-1.9500000000000028,171,-2562.8700000000063
97.54499999999999,-1.9500000000000028,172,-2563.845000000005
97.54499999999999,-1.9500000000000028,172,-2563.845000000005
97.54499999999999,-1.9500000000000028,167,-2568.7200000000066
97.54499999999999,-1.9500000000000028,175,-2576.5200000000077
97.54499999999999,-1.9500000000000028,174,-2577.4950000000063
97.54499999999999,-1.9500000000000028,174,-2577.4950000000063
97.54499999999999,-1.9500000000000028,174,-2577.4950000000063
97.54499999999999,-1.9500000000000028,160,-2591.1450000000077
97.54499999999999,-1.9500000000000028,161,-2592.120000000008
97.54499999999999,-1.9500000000000028,170,-2600.8950000000077
97.54499999999999,-1.9500000000000028,171,-2601.87000000001
97.54499999999999,-1.9500000000000028,171,-2601.87000000001
97.54499999999999,-1.9500000000000028,171,-2601.87000000001
97.54499999999999,-1.9500000000000028,171,-2601.87000000001
97.54499999999999,-1.9500000000000028,171,-2601.87000000001
97.54499999999999,-1.9500000000000028,178,-2608.695000000007
97.54499999999999,-1.9500000000000028,178,-2608.695000000007
97.54499999999999,-1.9500000000000028,178,-2608.695000000007
97.54499999999999,-1.9500000000000028,179,-2609.670000000009
97.54499999999999,-1.9500000000000028,168,-2620.3950000000077
97.54499999999999,-1.9500000000000028,168,-2620.3950000000077
97.54499999999999,-1.9500000000000028,179,-2631.12000000001
97.54499999999999,-1.9500000000000028,172,-2637.945000000007
97.54499999999999,-1.9500000000000028,172,-2637.945000000007
97.54499999999999,-1.9500000000000028,172,-2637.945000000007
97.54499999999999,-1.9500000000000028,172,-2637.945000000007
97.54499999999999,-1.9500000000000028,172,-2637.945000000007
97.54499999999999,-1.9500000000000028,173,-2638.920000000009
97.54499999999999,-1.9500000000000028,167,-2644.7700000000095
97.54499999999999,-1.9500000000000028,167,-2644.7700000000095
97.54499999999999,-1.9500000000000028,167,-2644.7700000000095
97.54499999999999,-1.9500000000000028,167,-2644.7700000000095
97.54499999999999,-1.9500000000000028,169,-2646.7200000000084
97.54499999999999,-1.9500000000000028,169,-2646.7200000000084
97.54499999999999,-1.9500000000000028,165,-2650.6200000000117
97.54499999999999,-1.9500000000000028,165,-2650.6200000000117
97.54499999999999,-1.9500000000000028,165,-2650.6200000000117
97.54499999999999,-1.9500000000000028,166,-2651.595000000012
97.54499999999999,-1.9500000000000028,164,-2653.545000000013
97.54499999999999,-1.9500000000000028,165,-2654.520000000013
97.54499999999999,-1.9500000000000028,166,-2655.4950000000135
97.54499999999999,-1.9500000000000028,172,-2661.345000000012
97.54499999999999,-1.9500000000000028,172,-2661.345000000012
97.54499999999999,-1.9500000000000028,160,-2673.045000000013
97.54499999999999,-1.9500000000000028,160,-2673.045000000013
97.54499999999999,-1.9500000000000028,168,-2680.845000000012
97.54499999999999,-1.9500000000000028,167,-2681.8200000000124
97.54499999999999,-1.9500000000000028,167,-2681.8200000000124
97.54499999999999,-1.9500000000000028,167,-2681.8200000000124
97.54499999999999,-1.9500000000000028,168,-2682.795000000013
97.54499999999999,-1.9500000000000028,173,-2687.670000000013
97.54499999999999,-1.9500000000000028,173,-2687.670000000013
97.54499999999999,-1.9500000000000028,174,-2688.6450000000114
97.54499999999999,-1.9500000000000028,174,-2688.6450000000114
97.54499999999999,-1.9500000000000028,174,-2688.6450000000114
97.54499999999999,-1.9500000000000028,174,-2688.6450000000114
97.54499999999999,-1.9500000000000028,174,-2688.6450000000114
97.54499999999999,-1.9500000000000028,173,-2689.6200000000135
97.54499999999999,-1.9500000000000028,176,-2692.545000000013
97.54499999999999,-1.9500000000000028,176,-2692.545000000013
97.54499999999999,-1.9500000000000028,177,-2693.520000000015
97.54499999999999,-1.9500000000000028,175,-2695.4700000000157
97.54499999999999,-1.9500000000000028,175,-2695.4700000000157
97.54499999999999,-1.9500000000000028,175,-2695.4700000000157
97.54499999999999,-1.9500000000000028,175,-2695.4700000000157
97.54499999999999,-1.9500000000000028,169,-2701.3200000000143
97.54499999999999,-1.9500000000000028,161,-2709.1200000000154
97.54499999999999,-1.9500000000000028,161,-2709.1200000000154
97.54499999999999,-1.9500000000000028,161,-2709.1200000000154
97.54499999999999,-1.9500000000000028,161,-2709.1200000000154
97.54499999999999,-1.9500000000000028,165,-2713.020000000017
97.54499999999999,-1.9500000000000028,155,-2722.770000000015
97.54499999999999,-1.9500000000000028,162,-2729.5950000000157
97.54499999999999,-1.9500000000000028,163,-2730.570000000016
97.54499999999999,-1.9500000000000028,142,-2751.0450000000146
97.54499999999999,-1.9500000000000028,142,-2751.0450000000146
97.54499999999999,-1.9500000000000028,142,-2751.0450000000146
97.54499999999999,-1.9500000000000028,148,-2756.895000000013
97.54499999999999,-1.9500000000000028,147,-2757.8700000000135
97.54499999999999,-1.9500000000000028,148,-2758.845000000014
97.54499999999999,-1.9500000000000028,148,-2758.845000000014
97.54499999999999,-1.9500000000000028,162,-2772.4950000000135
97.54499999999999,-1.9500000000000028,163,-2773.470000000014
97.54499999999999,-1.9500000000000028,162,-2774.4450000000143
97.54499999999999,-1.9500000000000028,162,-2774.4450000000143
97.54499999999999,-1.9500000000000028,162,-2774.4450000000143
97.54499999999999,-1.9500000000000028,163,-2775.4200000000146
97.54499999999999,-1.9500000000000028,163,-2775.4200000000146
97.54499999999999,-1.9500000000000028,162,-2776.395000000015
97.54499999999999,-1.9500000000000028,163,-2777.3700000000154
97.54499999999999,-1.9500000000000028,162,-2778.3450000000157
97.55,-1.9399999999999977,161,-2778.515000000014
97.55,-1.9399999999999977,161,-2778.515000000014
97.55,-1.9399999999999977,161,-2778.515000000014
97.55,-1.9399999999999977,160,-2779.4850000000115
97.55,-1.9399999999999977,160,-2779.4850000000115
97.55,-1.9399999999999977,157,-2782.3950000000095
97.55,-1.9399999999999977,157,-2782.3950000000095
97.55,-1.9399999999999977,157,-2782.3950000000095
97.55,-1.9399999999999977,157,-2782.3950000000095
97.55,-1.9399999999999977,157,-2782.3950000000095
97.55,-1.9399999999999977,157,-2782.3950000000095
97.55,-1.9399999999999977,157,-2782.3950000000095
97.55,-1.9399999999999977,157,-2782.3950000000095
97.55,-1.9399999999999977,156,-2783.365000000009
97.55,-1.9399999999999977,156,-2783.365000000009
97.55,-1.9399999999999977,156,-2783.365000000009
97.55,-1.9399999999999977,156,-2783.365000000009
97.55,-1.9399999999999977,156,-2783.365000000009
97.55,-1.9399999999999977,156,-2783.365000000009
97.55,-1.9399999999999977,156,-2783.365000000009
97.55,-1.9399999999999977,157,-2784.335000000008
97.55,-1.9399999999999977,156,-2785.3050000000076
97.55,-1.9399999999999977,156,-2785.3050000000076
97.55,-1.9399999999999977,156,-2785.3050000000076
97.55,-1.9399999999999977,156,-2785.3050000000076
97.55,-1.9399999999999977,154,-2787.245000000008
97.55,-1.9399999999999977,140,-2800.825000000008
97.55,-1.9399999999999977,140,-2800.825000000008
97.55,-1.9399999999999977,140,-2800.825000000008
97.55,-1.9399999999999977,140,-2800.825000000008
97.55,-1.9399999999999977,140,-2800.825000000008
97.55,-1.9399999999999977,140,-2800.825000000008
97.55,-1.9399999999999977,144,-2804.705000000011
97.55,-1.9399999999999977,146,-2806.6450000000114
97.55,-1.9399999999999977,144,-2808.585000000012
97.55,-1.9399999999999977,144,-2808.585000000012
97.55,-1.9399999999999977,145,-2809.555000000011
97.55,-1.9399999999999977,143,-2811.4950000000117
97.55,-1.9399999999999977,143,-2811.4950000000117
97.55,-1.9399999999999977,137,-2817.3150000000114
97.55,-1.9399999999999977,133,-2821.1950000000124
97.55,-1.9399999999999977,152,-2839.6250000000127
97.55,-1.9399999999999977,152,-2839.6250000000127
97.55,-1.9399999999999977,151,-2840.595000000012
97.55,-1.9399999999999977,152,-2841.5650000000114
97.55,-1.9399999999999977,152,-2841.5650000000114
97.55,-1.9399999999999977,152,-2841.5650000000114
97.55,-1.9399999999999977,156,-2845.4450000000143
97.55,-1.9399999999999977,156,-2845.4450000000143
97.55,-1.9399999999999977,157,-2846.4150000000136
97.55,-1.9399999999999977,157,-2846.4150000000136
97.55,-1.9399999999999977,157,-2846.4150000000136
97.55,-1.9399999999999977,156,-2847.385000000013
97.55,-1.9399999999999977,143,-2859.9950000000117
97.55,-1.9399999999999977,143,-2859.9950000000117
97.55,-1.9399999999999977,142,-2860.9650000000092
97.55,-1.9399999999999977,138,-2864.8450000000103
97.55,-1.9399999999999977,138,-2864.8450000000103
97.55,-1.9399999999999977,135,-2867.75500000001
97.55,-1.9399999999999977,134,-2868.7250000000113
97.55,-1.9399999999999977,134,-2868.7250000000113
97.55,-1.9399999999999977,133,-2869.6950000000106
97.55,-1.9399999999999977,132,-2870.66500000001
97.55,-1.9399999999999977,132,-2870.66500000001
97.55,-1.9399999999999977,132,-2870.66500000001
97.55,-1.9399999999999977,133,-2871.635000000011
97.55,-1.9399999999999977,130,-2874.545000000011
97.55,-1.9399999999999977,129,-2875.515000000012
97.55,-1.9399999999999977,129,-2875.515000000012
97.55,-1.9399999999999977,129,-2875.515000000012
97.55,-1.9399999999999977,129,-2875.515000000012
97.55,-1.9399999999999977,119,-2885.215000000013
97.55,-1.9399999999999977,119,-2885.215000000013
97.55,-1.9399999999999977,119,-2885.215000000013
97.55,-1.9399999999999977,120,-2886.185000000012
97.55,-1.9399999999999977,121,-2887.1550000000134
97.55,-1.9399999999999977,121,-2887.1550000000134
97.55,-1.9399999999999977,121,-2887.1550000000134
97.55,-1.9399999999999977,121,-2887.1550000000134
97.55,-1.9399999999999977,121,-2887.1550000000134
97.55,-1.9399999999999977,121,-2887.1550000000134
97.55,-1.9399999999999977,118,-2890.0650000000132
97.55,-1.9399999999999977,115,-2892.975000000013
97.55,-1.9399999999999977,116,-2893.9450000000143
97.55,-1.9399999999999977,116,-2893.9450000000143
97.55,-1.9399999999999977,122,-2899.765000000014
97.55,-1.9399999999999977,128,-2905.5850000000155
97.55,-1.9399999999999977,112,-2921.105000000014
97.55,-1.9399999999999977,103,-2929.8350000000155
97.55,-1.9399999999999977,100,-2932.7450000000154
97.55,-1.9399999999999977,88,-2944.3850000000148
97.55,-1.9399999999999977,103,-2958.935000000014
97.55,-1.9399999999999977,94,-2967.6650000000154
97.55,-1.9399999999999977,94,-2967.6650000000154
97.55,-1.9399999999999977,95,-2968.6350000000148
97.55,-1.9399999999999977,120,-2992.8850000000148
97.55,-1.9399999999999977,97,-3015.1950000000143
97.55,-1.9399999999999977,97,-3015.1950000000143
97.55,-1.9399999999999977,97,-3015.1950000000143
97.55,-1.9399999999999977,97,-3015.1950000000143
97.55,-1.9399999999999977,97,-3015.1950000000143
97.55,-1.9399999999999977,97,-3015.1950000000143
97.55,-1.9399999999999977,97,-3015.1950000000143
97.55,-1.9399999999999977,94,-3018.105000000016
97.55,-1.9399999999999977,92,-3020.0450000000146
97.55,-1.9399999999999977,92,-3020.0450000000146
97.55,-1.9399999999999977,92,-3020.0450000000146
97.55,-1.9399999999999977,93,-3021.015000000016
97.545,-1.9300000000000068,98,-3026.3350000000155
97.545,-1.9300000000000068,97,-3027.3000000000156
97.545,-1.9300000000000068,97,-3027.3000000000156
97.545,-1.9300000000000068,97,-3027.3000000000156
97.545,-1.9300000000000068,97,-3027.3000000000156
97.545,-1.9300000000000068,97,-3027.3000000000156
97.545,-1.9300000000000068,97,-3027.3000000000156
97.545,-1.9300000000000068,97,-3027.3000000000156
97.545,-1.9300000000000068,97,-3027.3000000000156
97.55000000000001,-1.9200000000000017,87,-3036.515000000016
97.55000000000001,-1.9200000000000017,81,-3042.275000000014
97.55000000000001,-1.9200000000000017,70,-3052.8350000000146
97.55000000000001,-1.9200000000000017,69,-3053.7950000000146
97.55000000000001,-1.9200000000000017,69,-3053.7950000000146
97.55000000000001,-1.9200000000000017,69,-3053.7950000000146
97.55000000000001,-1.9200000000000017,69,-3053.7950000000146
97.55000000000001,-1.9200000000000017,69,-3053.7950000000146
97.55000000000001,-1.9200000000000017,75,-3059.555000000014
97.55000000000001,-1.9200000000000017,75,-3059.555000000014
97.55000000000001,-1.9200000000000017,76,-3060.515000000014
97.55000000000001,-1.9200000000000017,64,-3072.0350000000144
97.55000000000001,-1.9200000000000017,70,-3077.7950000000137
97.55000000000001,-1.9200000000000017,68,-3079.715000000014
97.55000000000001,-1.9200000000000017,70,-3081.635000000014
97.55000000000001,-1.9200000000000017,64,-3087.395000000015
97.55000000000001,-1.9200000000000017,64,-3087.395000000015
97.55000000000001,-1.9200000000000017,59,-3092.1950000000143
97.55000000000001,-1.9200000000000017,58,-3093.1550000000143
97.55000000000001,-1.9200000000000017,58,-3093.1550000000143
97.55000000000001,-1.9200000000000017,65,-3099.8750000000136
97.55000000000001,-1.9200000000000017,53,-3111.395000000014
97.55000000000001,-1.9200000000000017,53,-3111.395000000014
97.55000000000001,-1.9200000000000017,53,-3111.395000000014
97.55000000000001,-1.9200000000000017,53,-3111.395000000014
97.55000000000001,-1.9200000000000017,60,-3118.1150000000134
97.55000000000001,-1.9200000000000017,60,-3118.1150000000134
97.55000000000001,-1.9200000000000017,60,-3118.1150000000134
97.55000000000001,-1.9200000000000017,60,-3118.1150000000134
97.55000000000001,-1.9200000000000017,67,-3124.8350000000137
97.55000000000001,-1.9200000000000017,68,-3125.7950000000137
97.55000000000001,-1.9200000000000017,68,-3125.7950000000137
97.55000000000001,-1.9200000000000017,73,-3130.595000000013
97.55000000000001,-1.9200000000000017,72,-3131.555000000013
97.55000000000001,-1.9200000000000017,73,-3132.515000000013
97.55000000000001,-1.9200000000000017,76,-3135.395000000013
97.55000000000001,-1.9200000000000017,76,-3135.395000000013
97.55000000000001,-1.9200000000000017,76,-3135.395000000013
97.55000000000001,-1.9200000000000017,76,-3135.395000000013
97.55000000000001,-1.9200000000000017,76,-3135.395000000013
97.55000000000001,-1.9200000000000017,81,-3140.1950000000124
97.55000000000001,-1.9200000000000017,79,-3142.1150000000125
97.55000000000001,-1.9200000000000017,89,-3151.715000000013
97.55000000000001,-1.9200000000000017,125,-3186.2750000000124
97.55000000000001,-1.9200000000000017,126,-3187.2350000000133
97.55000000000001,-1.9200000000000017,137,-3197.795000000013
97.55000000000001,-1.9200000000000017,136,-3198.7550000000138
97.55000000000001,-1.9200000000000017,134,-3200.675000000014
97.55000000000001,-1.9200000000000017,117,-3216.9950000000117
97.55000000000001,-1.9200000000000017,117,-3216.9950000000117
97.55000000000001,-1.9200000000000017,112,-3221.795000000011
97.55000000000001,-1.9200000000000017,112,-3221.795000000011
97.55000000000001,-1.9200000000000017,113,-3222.755000000012
97.55000000000001,-1.9200000000000017,123,-3232.3550000000123
97.55000000000001,-1.9200000000000017,123,-3232.3550000000123
97.55000000000001,-1.9200000000000017,123,-3232.3550000000123
97.55000000000001,-1.9200000000000017,118,-3237.1550000000116
97.55000000000001,-1.9200000000000017,113,-3241.955000000011
97.55000000000001,-1.9200000000000017,104,-3250.595000000012
97.55000000000001,-1.9200000000000017,98,-3256.3550000000105
97.55000000000001,-1.9200000000000017,94,-3260.1950000000106
97.55000000000001,-1.9200000000000017,91,-3263.07500000001
97.55000000000001,-1.9200000000000017,91,-3263.07500000001
97.55000000000001,-1.9200000000000017,91,-3263.07500000001
97.55000000000001,-1.9200000000000017,90,-3264.035000000009
97.55000000000001,-1.9200000000000017,90,-3264.035000000009
97.55000000000001,-1.9200000000000017,90,-3264.035000000009
97.55000000000001,-1.9200000000000017,106,-3279.3950000000095
97.55000000000001,-1.9200000000000017,106,-3279.3950000000095
97.545,-1.9099999999999966,108,-3281.8550000000105
97.545,-1.9099999999999966,108,-3281.8550000000105
97.545,-1.9099999999999966,108,-3281.8550000000105
97.545,-1.9099999999999966,108,-3281.8550000000105
97.545,-1.9099999999999966,108,-3281.8550000000105
97.545,-1.9099999999999966,105,-3284.7200000000103
97.545,-1.9099999999999966,104,-3285.67500000001
97.545,-1.9099999999999966,97,-3292.3600000000115
97.545,-1.9099999999999966,97,-3292.3600000000115
97.545,-1.9099999999999966,85,-3303.8200000000106
97.545,-1.9099999999999966,85,-3303.8200000000106
97.545,-1.9099999999999966,85,-3303.8200000000106
97.545,-1.9099999999999966,88,-3306.6850000000104
97.545,-1.9099999999999966,91,-3309.550000000012
97.545,-1.9099999999999966,108,-3325.7850000000108
97.545,-1.9099999999999966,80,-3352.5250000000106
97.545,-1.9099999999999966,81,-3353.4800000000105
97.545,-1.9099999999999966,81,-3353.4800000000105
97.545,-1.9099999999999966,81,-3353.4800000000105
97.545,-1.9099999999999966,83,-3355.3900000000103
97.545,-1.9099999999999966,82,-3356.3450000000103
97.545,-1.9099999999999966,80,-3358.25500000001
97.545,-1.9099999999999966,82,-3360.16500000001
97.545,-1.9099999999999966,83,-3361.12000000001
97.545,-1.9099999999999966,86,-3363.9850000000097
97.545,-1.9099999999999966,86,-3363.9850000000097
97.545,-1.9099999999999966,91,-3368.760000000011
97.545,-1.9099999999999966,91,-3368.760000000011
97.545,-1.9099999999999966,91,-3368.760000000011
97.545,-1.9099999999999966,92,-3369.715000000011
97.545,-1.9099999999999966,91,-3370.670000000011
97.545,-1.9099999999999966,98,-3377.3550000000105
97.545,-1.9099999999999966,98,-3377.3550000000105
97.545,-1.9099999999999966,98,-3377.3550000000105
97.545,-1.9099999999999966,98,-3377.3550000000105
97.545,-1.9099999999999966,98,-3377.3550000000105
97.545,-1.9099999999999966,98,-3377.3550000000105
97.545,-1.9099999999999966,98,-3377.3550000000105
97.545,-1.9099999999999966,98,-3377.3550000000105
97.545,-1.9099999999999966,98,-3377.3550000000105
97.545,-1.9099999999999966,97,-3378.3100000000104
97.545,-1.9099999999999966,97,-3378.3100000000104
97.545,-1.9099999999999966,94,-3381.17500000001
97.545,-1.9099999999999966,94,-3381.17500000001
97.545,-1.9099999999999966,93,-3382.13000000001
97.545,-1.9099999999999966,94,-3383.08500000001
97.545,-1.9099999999999966,94,-3383.08500000001
97.545,-1.9099999999999966,94,-3383.08500000001
97.545,-1.9099999999999966,94,-3383.08500000001
97.545,-1.9099999999999966,91,-3385.95000000001
97.545,-1.9099999999999966,91,-3385.95000000001
97.545,-1.9099999999999966,88,-3388.815000000008
97.545,-1.9099999999999966,91,-3391.6800000000094
97.545,-1.9099999999999966,91,-3391.6800000000094
97.545,-1.9099999999999966,82,-3400.2750000000087
97.545,-1.9099999999999966,76,-3406.00500000001
97.545,-1.9099999999999966,76,-3406.00500000001
97.545,-1.9099999999999966,76,-3406.00500000001
97.545,-1.9099999999999966,85,-3414.6000000000095
97.545,-1.9099999999999966,85,-3414.6000000000095
97.545,-1.9099999999999966,85,-3414.6000000000095
97.545,-1.9099999999999966,87,-3416.5100000000093
97.545,-1.9099999999999966,82,-3421.285000000009
97.545,-1.9099999999999966,75,-3427.9700000000103
97.545,-1.9099999999999966,75,-3427.9700000000103
97.545,-1.9099999999999966,75,-3427.9700000000103
97.55,-1.9000000000000057,64,-3438.1450000000104
97.55,-1.9000000000000057,61,-3440.995000000011
97.55,-1.9000000000000057,60,-3441.9450000000106
97.55,-1.9000000000000057,60,-3441.9450000000106
97.55,-1.9000000000000057,60,-3441.9450000000106
97.55,-1.9000000000000057,60,-3441.9450000000106
97.55,-1.9000000000000057,59,-3442.8950000000104
97.55,-1.9000000000000057,57,-3444.79500000001
97.55,-1.9000000000000057,57,-3444.79500000001
97.55,-1.9000000000000057,55,-3446.695000000009
97.55,-1.9000000000000057,60,-3451.445000000009
97.55,-1.9000000000000057,57,-3454.29500000001
97.55,-1.9000000000000057,38,-3472.34500000001
97.55,-1.9000000000000057,37,-3473.2950000000096
97.55,-1.9000000000000057,37,-3473.2950000000096
97.55,-1.9000000000000057,36,-3474.2450000000094
97.55,-1.9000000000000057,36,-3474.2450000000094
97.55,-1.9000000000000057,36,-3474.2450000000094
97.55,-1.9000000000000057,36,-3474.2450000000094
97.55,-1.9000000000000057,41,-3478.9950000000094
97.55,-1.9000000000000057,41,-3478.9950000000094
97.55,-1.9000000000000057,41,-3478.9950000000094
97.55,-1.9000000000000057,41,-3478.9950000000094
97.55,-1.9000000000000057,41,-3478.9950000000094
97.55,-1.9000000000000057,42,-3479.9450000000097
97.55,-1.9000000000000057,42,-3479.9450000000097
97.55,-1.9000000000000057,46,-3483.745000000009
97.55,-1.9000000000000057,24,-3504.6450000000095
97.55,-1.9000000000000057,16,-3512.245000000009
97.55,-1.9000000000000057,21,-3516.9950000000094
97.55,-1.9000000000000057,17,-3520.7950000000096
97.55,-1.9000000000000057,20,-3523.6450000000095
97.55,-1.9000000000000057,19,-3524.5950000000093
97.55,-1.9000000000000057,21,-3526.4950000000094
97.55,-1.9000000000000057,18,-3529.3450000000093
97.55,-1.9000000000000057,21,-3532.1950000000093
97.55,-1.9000000000000057,16,-3536.945000000009
97.55,-1.9000000000000057,4,-3548.3450000000093
97.55,-1.9000000000000057,3,-3549.295000000009
97.55,-1.9000000000000057,-2,-3554.045000000009
97.55,-1.9000000000000057,-2,-3554.045000000009
97.55,-1.9000000000000057,-2,-3554.045000000009
97.55,-1.9000000000000057,-1,-3554.9950000000094
97.55,-1.9000000000000057,0,-3555.9450000000093
97.55,-1.9000000000000057,1,-3556.895000000009
97.55,-1.9000000000000057,-11,-3568.295000000009
97.55,-1.9000000000000057,-11,-3568.295000000009
97.55,-1.9000000000000057,-11,-3568.295000000009
97.55,-1.9000000000000057,-11,-3568.295000000009
97.55,-1.9000000000000057,-25,-3581.5950000000093
97.55,-1.9000000000000057,-26,-3582.545000000009
97.55,-1.9000000000000057,-20,-3588.24500000001
97.55,-1.9000000000000057,-18,-3590.1450000000095
97.55,-1.9000000000000057,-18,-3590.1450000000095
97.55,-1.9000000000000057,-30,-3601.54500000001
97.55,-1.9000000000000057,-30,-3601.54500000001
97.55,-1.9000000000000057,-31,-3602.4950000000094
97.55,-1.9000000000000057,-32,-3603.4450000000097
97.55,-1.9000000000000057,-23,-3611.99500000001
97.55,-1.9000000000000057,-21,-3613.8950000000095
97.55,-1.9000000000000057,-6,-3628.1450000000095
97.55,-1.9000000000000057,-6,-3628.1450000000095
97.55,-1.9000000000000057,-6,-3628.1450000000095
97.55,-1.9000000000000057,-6,-3628.1450000000095
97.55,-1.9000000000000057,-6,-3628.1450000000095
97.55,-1.9000000000000057,-7,-3629.09500000001
97.55,-1.9000000000000057,-7,-3629.09500000001
97.55,-1.9000000000000057,-19,-3640.49500000001
97.55,-1.9000000000000057,-19,-3640.49500000001
97.55,-1.9000000000000057,-24,-3645.24500000001
97.55,-1.9000000000000057,-23,-3646.19500000001
97.55,-1.9000000000000057,-26,-3649.04500000001
97.55,-1.9000000000000057,-20,-3654.74500000001
97.55,-1.9000000000000057,-18,-3656.64500000001
97.55,-1.9000000000000057,-18,-3656.64500000001
97.55,-1.9000000000000057,-21,-3659.49500000001
97.55,-1.9000000000000057,-20,-3660.44500000001
97.55,-1.9000000000000057,-22,-3662.3450000000103
97.55,-1.9000000000000057,-16,-3668.04500000001
97.55,-1.9000000000000057,-19,-3670.89500000001
97.55,-1.9000000000000057,-20,-3671.8450000000103
97.55,-1.9000000000000057,-11,-3680.3950000000104
97.55,-1.9000000000000057,-11,-3680.3950000000104
97.55,-1.9000000000000057,-4,-3687.04500000001
97.55,-1.9000000000000057,-4,-3687.04500000001
97.55,-1.9000000000000057,-4,-3687.04500000001
97.55,-1.9000000000000057,-4,-3687.04500000001
97.55,-1.9000000000000057,-4,-3687.04500000001
97.55,-1.9000000000000057,-4,-3687.04500000001
97.55,-1.9000000000000057,-5,-3687.9950000000104
97.55,-1.9000000000000057,-9,-3691.79500000001
97.55,-1.9000000000000057,-9,-3691.79500000001
97.55,-1.9000000000000057,-9,-3691.79500000001
97.55,-1.9000000000000057,-8,-3692.7450000000104
97.55,-1.9000000000000057,-8,-3692.7450000000104
97.55,-1.9000000000000057,-8,-3692.7450000000104
97.555,-1.8900000000000006,-25,-3708.94000000001
97.555,-1.8900000000000006,-25,-3708.94000000001
97.555,-1.8900000000000006,-30,-3713.66500000001
97.555,-1.8900000000000006,-30,-3713.66500000001
97.555,-1.8900000000000006,-30,-3713.66500000001
97.555,-1.8900000000000006,-31,-3714.6100000000106
97.55250000000001,-1.8850000000000051,-28,-3717.3700000000104
97.55250000000001,-1.8850000000000051,-28,-3717.3700000000104
97.55250000000001,-1.8850000000000051,-28,-3717.3700000000104
97.55250000000001,-1.8850000000000051,-31,-3720.1975000000107
97.55250000000001,-1.8850000000000051,-31,-3720.1975000000107
97.55250000000001,-1.8850000000000051,-43,-3731.5075000000106
97.55250000000001,-1.8850000000000051,-40,-3734.3350000000105
97.55250000000001,-1.8850000000000051,-41,-3735.27750000001
97.55250000000001,-1.8850000000000051,-42,-3736.2200000000103
97.55250000000001,-1.8850000000000051,-42,-3736.2200000000103
97.55250000000001,-1.8850000000000051,-42,-3736.2200000000103
97.55250000000001,-1.8850000000000051,-38,-3739.9900000000107
97.55250000000001,-1.8850000000000051,-38,-3739.9900000000107
97.55250000000001,-1.8850000000000051,-37,-3740.9325000000104
97.55250000000001,-1.8850000000000051,-25,-3752.2425000000103
97.55250000000001,-1.8850000000000051,-24,-3753.1850000000104
97.55250000000001,-1.8850000000000051,-32,-3760.7250000000104
97.55250000000001,-1.8850000000000051,-37,-3765.4375000000105
97.55250000000001,-1.8850000000000051,-37,-3765.4375000000105
97.55250000000001,-1.8850000000000051,-37,-3765.4375000000105
97.55250000000001,-1.8850000000000051,-32,-3770.1500000000106
97.55250000000001,-1.8850000000000051,-32,-3770.1500000000106
97.55250000000001,-1.8850000000000051,-35,-3772.977500000011
97.55250000000001,-1.8850000000000051,-36,-3773.9200000000105
97.55250000000001,-1.8850000000000051,-40,-3777.6900000000105
97.55250000000001,-1.8850000000000051,-43,-3780.517500000011
97.55250000000001,-1.8850000000000051,-54,-3790.885000000011
97.55250000000001,-1.8850000000000051,-56,-3792.7700000000104
97.55250000000001,-1.8850000000000051,-51,-3797.482500000011
97.55250000000001,-1.8850000000000051,-56,-3802.1950000000106
97.55250000000001,-1.8850000000000051,-71,-3816.3325000000114
97.55250000000001,-1.8850000000000051,-71,-3816.3325000000114
97.55250000000001,-1.8850000000000051,-60,-3826.700000000011
97.55250000000001,-1.8850000000000051,-60,-3826.700000000011
97.55250000000001,-1.8850000000000051,-69,-3835.182500000011
97.55250000000001,-1.8850000000000051,-75,-3840.8375000000115
97.55,-1.8799999999999955,-68,-3847.2650000000103
97.55,-1.8799999999999955,-69,-3848.2050000000104
97.55,-1.8799999999999955,-76,-3854.7850000000108
97.55,-1.8799999999999955,-76,-3854.7850000000108
97.55,-1.8799999999999955,-75,-3855.7250000000104
97.55,-1.8799999999999955,-76,-3856.6650000000104
97.55,-1.8799999999999955,-76,-3856.6650000000104
97.55,-1.8799999999999955,-76,-3856.6650000000104
97.55,-1.8799999999999955,-73,-3859.4850000000097
97.55,-1.8799999999999955,-74,-3860.4250000000097
97.55,-1.8799999999999955,-79,-3865.1250000000095
97.55,-1.8799999999999955,-79,-3865.1250000000095
97.55,-1.8799999999999955,-77,-3867.005000000009
97.55,-1.8799999999999955,-77,-3867.005000000009
97.55,-1.8799999999999955,-79,-3868.8850000000098
97.55,-1.8799999999999955,-80,-3869.82500000001
97.55,-1.8799999999999955,-84,-3873.585000000009
97.55,-1.8799999999999955,-100,-3888.62500000001
97.55,-1.8799999999999955,-114,-3901.785000000009
97.55,-1.8799999999999955,-113,-3902.7250000000095
97.55,-1.8799999999999955,-121,-3910.245000000009
97.55,-1.8799999999999955,-124,-3913.0650000000087
97.55,-1.8799999999999955,-134,-3922.4650000000092
97.55,-1.8799999999999955,-133,-3923.4050000000097
97.55,-1.8799999999999955,-120,-3935.62500000001
97.55,-1.8799999999999955,-120,-3935.62500000001
97.55,-1.8799999999999955,-117,-3938.4450000000106
97.55,-1.8799999999999955,-117,-3938.4450000000106
97.55,-1.8799999999999955,-120,-3941.2650000000103
97.55,-1.8799999999999955,-113,-3947.8450000000103
97.55,-1.8799999999999955,-111,-3949.7250000000095
97.55,-1.8799999999999955,-111,-3949.7250000000095
97.55,-1.8799999999999955,-111,-3949.7250000000095
97.55,-1.8799999999999955,-97,-3962.88500000001
97.55,-1.8799999999999955,-97,-3962.88500000001
97.55,-1.8799999999999955,-97,-3962.88500000001
97.55,-1.8799999999999955,-97,-3962.88500000001
97.55,-1.8799999999999955,-94,-3965.705000000009
97.55,-1.8799999999999955,-94,-3965.705000000009
97.55,-1.8799999999999955,-94,-3965.705000000009
97.55,-1.8799999999999955,-98,-3969.46500000001
97.55,-1.8799999999999955,-98,-3969.46500000001
97.55,-1.8799999999999955,-102,-3973.2250000000113
97.55,-1.8799999999999955,-105,-3976.045000000011
97.55,-1.8799999999999955,-105,-3976.045000000011
97.55,-1.8799999999999955,-106,-3976.9850000000106
97.55,-1.8799999999999955,-106,-3976.9850000000106
97.55,-1.8799999999999955,-118,-3988.2650000000112
97.55,-1.8799999999999955,-131,-4000.4850000000115
97.55,-1.8799999999999955,-145,-4013.6450000000114
97.55,-1.8799999999999955,-145,-4013.6450000000114
97.55,-1.8799999999999955,-147,-4015.5250000000124
97.55,-1.8799999999999955,-147,-4015.5250000000124
97.55,-1.8799999999999955,-147,-4015.5250000000124
97.55,-1.8799999999999955,-147,-4015.5250000000124
97.55,-1.8799999999999955,-143,-4019.2850000000108
97.55,-1.8799999999999955,-140,-4022.1050000000105
97.55,-1.8799999999999955,-140,-4022.1050000000105
97.55,-1.8799999999999955,-140,-4022.1050000000105
97.55,-1.8799999999999955,-137,-4024.92500000001
97.55,-1.8799999999999955,-135,-4026.8050000000094
97.55,-1.8799999999999955,-135,-4026.8050000000094
97.55,-1.8799999999999955,-135,-4026.8050000000094
97.55,-1.8799999999999955,-131,-4030.565000000008
97.55,-1.8799999999999955,-140,-4039.0250000000087
97.55,-1.8799999999999955,-140,-4039.0250000000087
97.55,-1.8799999999999955,-136,-4042.785000000007
97.55,-1.8799999999999955,-135,-4043.7250000000076
97.55,-1.8799999999999955,-134,-4044.6650000000063
97.55,-1.8799999999999955,-128,-4050.3050000000076
97.55,-1.8799999999999955,-128,-4050.3050000000076
97.55,-1.8799999999999955,-129,-4051.2450000000063
97.55,-1.8799999999999955,-129,-4051.2450000000063
97.55,-1.8799999999999955,-130,-4052.1850000000068
97.55,-1.8799999999999955,-117,-4064.405000000007
97.55,-1.8799999999999955,-116,-4065.3450000000057
97.55,-1.8799999999999955,-120,-4069.105000000007
97.55,-1.8799999999999955,-119,-4070.0450000000055
97.55,-1.8799999999999955,-135,-4085.0850000000064
97.55,-1.8799999999999955,-134,-4086.025000000005
97.55,-1.8799999999999955,-138,-4089.7850000000053
97.55,-1.8799999999999955,-138,-4089.7850000000053
97.55,-1.8799999999999955,-138,-4089.7850000000053
97.55,-1.8799999999999955,-132,-4095.4250000000065
97.55,-1.8799999999999955,-131,-4096.365000000005
97.55,-1.8799999999999955,-131,-4096.365000000005
97.55,-1.8799999999999955,-131,-4096.365000000005
97.55,-1.8799999999999955,-128,-4099.185000000005
97.55,-1.8799999999999955,-128,-4099.185000000005
97.55,-1.8799999999999955,-135,-4105.765000000005
97.55,-1.8799999999999955,-139,-4109.525000000003
97.55,-1.8799999999999955,-136,-4112.345000000003
97.555,-1.8699999999999903,-141,-4117.720000000005
97.555,-1.8699999999999903,-137,-4121.460000000005
97.555,-1.8699999999999903,-137,-4121.460000000005
97.555,-1.8699999999999903,-137,-4121.460000000005
97.555,-1.8699999999999903,-133,-4125.200000000003
97.555,-1.8699999999999903,-131,-4127.070000000003
97.555,-1.8699999999999903,-121,-4136.420000000002
97.555,-1.8699999999999903,-125,-4140.160000000002
97.555,-1.8699999999999903,-125,-4140.160000000002
97.555,-1.8699999999999903,-125,-4140.160000000002
97.555,-1.8699999999999903,-125,-4140.160000000002
97.555,-1.8699999999999903,-118,-4146.705000000004
97.555,-1.8699999999999903,-118,-4146.705000000004
97.555,-1.8699999999999903,-115,-4149.510000000003
97.555,-1.8699999999999903,-116,-4150.445000000003
97.555,-1.8699999999999903,-118,-4152.315000000004
97.555,-1.8699999999999903,-119,-4153.250000000003
97.555,-1.8699999999999903,-119,-4153.250000000003
97.55000000000001,-1.8599999999999994,-112,-4159.195000000005
97.55000000000001,-1.8599999999999994,-105,-4165.7050000000045
97.55000000000001,-1.8599999999999994,-105,-4165.7050000000045
97.55000000000001,-1.8599999999999994,-105,-4165.7050000000045
97.55000000000001,-1.8599999999999994,-114,-4174.0750000000035
97.55000000000001,-1.8599999999999994,-116,-4175.935000000004
97.55000000000001,-1.8599999999999994,-116,-4175.935000000004
97.55000000000001,-1.8599999999999994,-116,-4175.935000000004
97.55000000000001,-1.8599999999999994,-117,-4176.865000000005
97.55000000000001,-1.8599999999999994,-112,-4181.515000000005
97.55000000000001,-1.8599999999999994,-102,-4190.815000000003
97.55000000000001,-1.8599999999999994,-114,-4201.975000000004
97.55000000000001,-1.8599999999999994,-114,-4201.975000000004
97.55000000000001,-1.8599999999999994,-114,-4201.975000000004
97.55000000000001,-1.8599999999999994,-114,-4201.975000000004
97.55000000000001,-1.8599999999999994,-114,-4201.975000000004
97.55000000000001,-1.8599999999999994,-110,-4205.695000000005
97.55000000000001,-1.8599999999999994,-113,-4208.485000000005
97.55000000000001,-1.8599999999999994,-97,-4223.365000000004
97.55000000000001,-1.8599999999999994,-96,-4224.295000000005
97.55000000000001,-1.8599999999999994,-97,-4225.225000000004
97.55000000000001,-1.8599999999999994,-96,-4226.155000000004
97.55000000000001,-1.8599999999999994,-96,-4226.155000000004
97.55000000000001,-1.8599999999999994,-96,-4226.155000000004
97.55000000000001,-1.8599999999999994,-91,-4230.805000000004
97.55000000000001,-1.8599999999999994,-93,-4232.6650000000045
97.55000000000001,-1.8599999999999994,-93,-4232.6650000000045
97.55000000000001,-1.8599999999999994,-93,-4232.6650000000045
97.55000000000001,-1.8599999999999994,-97,-4236.385000000004
97.55000000000001,-1.8599999999999994,-96,-4237.315000000004
97.55000000000001,-1.8599999999999994,-96,-4237.315000000004
97.55000000000001,-1.8599999999999994,-104,-4244.755000000004
97.55000000000001,-1.8599999999999994,-104,-4244.755000000004
97.55000000000001,-1.8599999999999994,-104,-4244.755000000004
97.55000000000001,-1.8599999999999994,-94,-4254.055000000004
97.55000000000001,-1.8599999999999994,-94,-4254.055000000004
97.55000000000001,-1.8599999999999994,-94,-4254.055000000004
97.55000000000001,-1.8599999999999994,-94,-4254.055000000004
97.55000000000001,-1.8599999999999994,-94,-4254.055000000004
97.55000000000001,-1.8599999999999994,-95,-4254.985000000005
97.55000000000001,-1.8599999999999994,-92,-4257.775000000003
97.55000000000001,-1.8599999999999994,-89,-4260.565000000003
97.55000000000001,-1.8599999999999994,-89,-4260.565000000003
97.55000000000001,-1.8599999999999994,-90,-4261.495000000004
97.55000000000001,-1.8599999999999994,-90,-4261.495000000004
97.55000000000001,-1.8599999999999994,-90,-4261.495000000004
97.55000000000001,-1.8599999999999994,-90,-4261.495000000004
97.55000000000001,-1.8599999999999994,-90,-4261.495000000004
97.55000000000001,-1.8599999999999994,-85,-4266.145000000004
97.55000000000001,-1.8599999999999994,-84,-4267.0750000000035
97.55000000000001,-1.8599999999999994,-83,-4268.005000000003
97.55000000000001,-1.8599999999999994,-83,-4268.005000000003
97.55000000000001,-1.8599999999999994,-67,-4282.885000000003
97.55000000000001,-1.8599999999999994,-87,-4301.485000000002
97.55000000000001,-1.8599999999999994,-87,-4301.485000000002
97.55000000000001,-1.8599999999999994,-87,-4301.485000000002
97.55000000000001,-1.8599999999999994,-96,-4309.855000000003
97.55000000000001,-1.8599999999999994,-98,-4311.715000000004
97.55000000000001,-1.8599999999999994,-97,-4312.645000000002
97.55000000000001,-1.8599999999999994,-101,-4316.365000000003
97.55000000000001,-1.8599999999999994,-99,-4318.225000000003
97.55000000000001,-1.8599999999999994,-99,-4318.225000000003
97.55000000000001,-1.8599999999999994,-100,-4319.155000000004
97.55000000000001,-1.8599999999999994,-100,-4319.155000000004
97.55000000000001,-1.8599999999999994,-100,-4319.155000000004
97.55000000000001,-1.8599999999999994,-101,-4320.085000000004
97.55000000000001,-1.8599999999999994,-101,-4320.085000000004
97.55000000000001,-1.8599999999999994,-95,-4325.6650000000045
97.55000000000001,-1.8599999999999994,-95,-4325.6650000000045
97.55000000000001,-1.8599999999999994,-89,-4331.2450000000035
97.55000000000001,-1.8599999999999994,-88,-4332.175000000004
97.55000000000001,-1.8599999999999994,-88,-4332.175000000004
97.55000000000001,-1.8599999999999994,-86,-4334.0350000000035
97.55000000000001,-1.8599999999999994,-83,-4336.825000000003
97.55000000000001,-1.8599999999999994,-84,-4337.755000000003
97.55000000000001,-1.8599999999999994,-84,-4337.755000000003
97.55000000000001,-1.8599999999999994,-89,-4342.405000000003
97.55000000000001,-1.8599999999999994,-89,-4342.405000000003
97.55000000000001,-1.8599999999999994,-89,-4342.405000000003
97.55000000000001,-1.8599999999999994,-89,-4342.405000000003
97.55000000000001,-1.8599999999999994,-92,-4345.195000000003
97.55000000000001,-1.8599999999999994,-86,-4350.775000000004
97.55000000000001,-1.8599999999999994,-86,-4350.775000000004
97.55000000000001,-1.8599999999999994,-86,-4350.775000000004
97.55000000000001,-1.8599999999999994,-93,-4357.285000000004
97.55000000000001,-1.8599999999999994,-92,-4358.215000000003
97.55000000000001,-1.8599999999999994,-91,-4359.145000000003
97.55000000000001,-1.8599999999999994,-91,-4359.145000000003
97.55000000000001,-1.8599999999999994,-85,-4364.725000000004
97.55000000000001,-1.8599999999999994,-81,-4368.445000000003
97.55000000000001,-1.8599999999999994,-81,-4368.445000000003
97.55000000000001,-1.8599999999999994,-74,-4374.955000000004
97.55000000000001,-1.8599999999999994,-74,-4374.955000000004
97.555,-1.8500000000000085,-79,-4379.970000000003
97.555,-1.8500000000000085,-69,-4389.220000000003
97.555,-1.8500000000000085,-69,-4389.220000000003
97.555,-1.8500000000000085,-69,-4389.220000000003
97.555,-1.8500000000000085,-71,-4391.070000000003
97.555,-1.8500000000000085,-70,-4391.995000000003
97.555,-1.8500000000000085,-70,-4391.995000000003
97.555,-1.8500000000000085,-69,-4392.920000000003
97.555,-1.8500000000000085,-69,-4392.920000000003
97.555,-1.8500000000000085,-69,-4392.920000000003
97.555,-1.8500000000000085,-69,-4392.920000000003
97.555,-1.8500000000000085,-68,-4393.845000000003
97.555,-1.8500000000000085,-68,-4393.845000000003
97.555,-1.8500000000000085,-70,-4395.695000000003
97.555,-1.8500000000000085,-70,-4395.695000000003
97.555,-1.8500000000000085,-70,-4395.695000000003
97.555,-1.8500000000000085,-70,-4395.695000000003
97.555,-1.8500000000000085,-73,-4398.470000000003
97.555,-1.8500000000000085,-73,-4398.470000000003
97.555,-1.8500000000000085,-75,-4400.320000000004
97.555,-1.8500000000000085,-69,-4405.8700000000035
97.555,-1.8500000000000085,-65,-4409.570000000004
97.555,-1.8500000000000085,-55,-4418.820000000004
97.555,-1.8500000000000085,-66,-4428.995000000004
97.555,-1.8500000000000085,-66,-4428.995000000004
97.555,-1.8500000000000085,-67,-4429.920000000004
97.555,-1.8500000000000085,-60,-4436.395000000004
97.555,-1.8500000000000085,-59,-4437.320000000005
97.555,-1.8500000000000085,-59,-4437.320000000005
97.555,-1.8500000000000085,-47,-4448.420000000004
97.555,-1.8500000000000085,-47,-4448.420000000004
97.555,-1.8500000000000085,-48,-4449.345000000004
97.555,-1.8500000000000085,-48,-4449.345000000004
97.555,-1.8500000000000085,-50,-4451.195000000004
97.5525,-1.8449999999999989,-29,-4470.482500000004
97.5525,-1.8449999999999989,-30,-4471.405000000004
97.5525,-1.8449999999999989,-30,-4471.405000000004
97.5525,-1.8449999999999989,-30,-4471.405000000004
97.5525,-1.8449999999999989,-30,-4471.405000000004
97.5525,-1.8449999999999989,-30,-4471.405000000004
97.5525,-1.8449999999999989,-29,-4472.327500000004
97.5525,-1.8449999999999989,-29,-4472.327500000004
97.5525,-1.8449999999999989,-33,-4476.017500000004
97.5525,-1.8449999999999989,-33,-4476.017500000004
97.5525,-1.8449999999999989,-33,-4476.017500000004
97.5525,-1.8449999999999989,-33,-4476.017500000004
97.5525,-1.8449999999999989,-33,-4476.017500000004
97.5525,-1.8449999999999989,-32,-4476.940000000004
97.5525,-1.8449999999999989,-32,-4476.940000000004
97.5525,-1.8449999999999989,-32,-4476.940000000004
97.5525,-1.8449999999999989,-16,-4491.7000000000035
97.5525,-1.8449999999999989,-16,-4491.7000000000035
97.5525,-1.8449999999999989,-16,-4491.7000000000035
97.5525,-1.8449999999999989,-23,-4498.157500000004
97.5525,-1.8449999999999989,-23,-4498.157500000004
97.5525,-1.8449999999999989,-23,-4498.157500000004
97.5525,-1.8449999999999989,-23,-4498.157500000004
97.5525,-1.8449999999999989,-30,-4504.615000000003
97.5525,-1.8449999999999989,-30,-4504.615000000003
97.5525,-1.8449999999999989,-19,-4514.762500000004
97.5525,-1.8449999999999989,-1,-4531.367500000004
97.5525,-1.8449999999999989,-20,-4548.895000000004
97.5525,-1.8449999999999989,-29,-4557.197500000004
97.5525,-1.8449999999999989,-29,-4557.197500000004
97.5525,-1.8449999999999989,-29,-4557.197500000004
97.5525,-1.8449999999999989,-29,-4557.197500000004
97.5525,-1.8449999999999989,-27,-4559.042500000004
97.5525,-1.8449999999999989,-28,-4559.965000000004
97.5525,-1.8449999999999989,-31,-4562.732500000005
97.5525,-1.8449999999999989,-31,-4562.732500000005
97.5525,-1.8449999999999989,-34,-4565.500000000005
97.5525,-1.8449999999999989,-34,-4565.500000000005
97.5525,-1.8449999999999989,-43,-4573.802500000004
97.5525,-1.8449999999999989,-43,-4573.802500000004
97.5525,-1.8449999999999989,-48,-4578.4150000000045
97.5525,-1.8449999999999989,-64,-4593.175000000005
97.5525,-1.8449999999999989,-65,-4594.097500000004
97.5525,-1.8449999999999989,-70,-4598.710000000005
97.5525,-1.8449999999999989,-69,-4599.632500000004
97.5525,-1.8449999999999989,-73,-4603.322500000004
97.5525,-1.8449999999999989,-73,-4603.322500000004
97.5525,-1.8449999999999989,-73,-4603.322500000004
97.5525,-1.8449999999999989,-72,-4604.245000000004
97.5525,-1.8449999999999989,-73,-4605.167500000004
97.5525,-1.8449999999999989,-91,-4621.772500000005
97.5525,-1.8449999999999989,-97,-4627.3075000000035
97.5525,-1.8449999999999989,-97,-4627.3075000000035
97.5525,-1.8449999999999989,-91,-4632.842500000004
97.5525,-1.8449999999999989,-99,-4640.222500000004
97.5525,-1.8449999999999989,-99,-4640.222500000004
97.5525,-1.8449999999999989,-100,-4641.145000000004
97.5525,-1.8449999999999989,-100,-4641.145000000004
97.5525,-1.8449999999999989,-98,-4642.9900000000025
97.5525,-1.8449999999999989,-90,-4650.370000000004
97.5525,-1.8449999999999989,-91,-4651.292500000004
97.5525,-1.8449999999999989,-91,-4651.292500000004
97.5525,-1.8449999999999989,-84,-4657.750000000004
97.5525,-1.8449999999999989,-84,-4657.750000000004
97.5525,-1.8449999999999989,-84,-4657.750000000004
97.5525,-1.8449999999999989,-84,-4657.750000000004
97.5525,-1.8449999999999989,-85,-4658.672500000003
97.5525,-1.8449999999999989,-86,-4659.595000000003
97.5525,-1.8449999999999989,-86,-4659.595000000003
97.5525,-1.8449999999999989,-85,-4660.517500000004
97.5525,-1.8449999999999989,-93,-4667.897500000003
97.5525,-1.8449999999999989,-93,-4667.897500000003
97.5525,-1.8449999999999989,-93,-4667.897500000003
97.5525,-1.8449999999999989,-93,-4667.897500000003
97.5525,-1.8449999999999989,-93,-4667.897500000003
97.5525,-1.8449999999999989,-92,-4668.820000000003
97.5525,-1.8449999999999989,-84,-4676.2000000000035
97.5525,-1.8449999999999989,-84,-4676.2000000000035
97.5525,-1.8449999999999989,-84,-4676.2000000000035
97.5525,-1.8449999999999989,-89,-4680.812500000002
97.5525,-1.8449999999999989,-89,-4680.812500000002
97.5525,-1.8449999999999989,-89,-4680.812500000002
97.5525,-1.8449999999999989,-89,-4680.812500000002
97.5525,-1.8449999999999989,-90,-4681.735000000004
97.5525,-1.8449999999999989,-90,-4681.735000000004
97.5525,-1.8449999999999989,-89,-4682.657500000003
97.5525,-1.8449999999999989,-89,-4682.657500000003
97.5525,-1.8449999999999989,-89,-4682.657500000003
97.5525,-1.8449999999999989,-89,-4682.657500000003
97.5525,-1.8449999999999989,-89,-4682.657500000003
97.5525,-1.8449999999999989,-99,-4691.882500000004
97.5525,-1.8449999999999989,-99,-4691.882500000004
97.5525,-1.8449999999999989,-99,-4691.882500000004
97.5525,-1.8449999999999989,-100,-4692.805000000004
97.5525,-1.8449999999999989,-100,-4692.805000000004
97.5525,-1.8449999999999989,-94,-4698.340000000004
97.5525,-1.8449999999999989,-94,-4698.340000000004
97.5525,-1.8449999999999989,-94,-4698.340000000004
97.55,-1.8400000000000034,-77,-4713.810000000004
97.55,-1.8400000000000034,-74,-4716.570000000004
97.55,-1.8400000000000034,-74,-4716.570000000004
97.55,-1.8400000000000034,-67,-4723.010000000004
97.55,-1.8400000000000034,-66,-4723.930000000005
97.55,-1.8400000000000034,-66,-4723.930000000005
97.55,-1.8400000000000034,-53,-4735.890000000004
97.55,-1.8400000000000034,-60,-4742.3300000000045
97.55,-1.8400000000000034,-56,-4746.010000000005
97.55,-1.8400000000000034,-54,-4747.850000000004
97.55,-1.8400000000000034,-54,-4747.850000000004
97.55,-1.8400000000000034,-52,-4749.690000000004
97.55,-1.8400000000000034,-52,-4749.690000000004
97.55,-1.8400000000000034,-55,-4752.450000000004
97.55,-1.8400000000000034,-54,-4753.370000000004
97.55,-1.8400000000000034,-54,-4753.370000000004
97.55,-1.8400000000000034,-54,-4753.370000000004
97.55,-1.8400000000000034,-54,-4753.370000000004
97.55,-1.8400000000000034,-56,-4755.210000000005
97.55,-1.8400000000000034,-56,-4755.210000000005
97.55,-1.8400000000000034,-55,-4756.130000000005
97.55,-1.8400000000000034,-54,-4757.050000000005
97.55,-1.8400000000000034,-54,-4757.050000000005
97.555,-1.8299999999999983,-67,-4769.265000000005
97.555,-1.8299999999999983,-67,-4769.265000000005
97.555,-1.8299999999999983,-65,-4771.095000000005
97.555,-1.8299999999999983,-65,-4771.095000000005
97.555,-1.8299999999999983,-65,-4771.095000000005
97.555,-1.8299999999999983,-65,-4771.095000000005
97.555,-1.8299999999999983,-65,-4771.095000000005
97.555,-1.8299999999999983,-65,-4771.095000000005
97.555,-1.8299999999999983,-58,-4777.5000000000055
97.555,-1.8299999999999983,-61,-4780.245000000004
97.555,-1.8299999999999983,-50,-4790.310000000005
97.555,-1.8299999999999983,-57,-4796.715000000005
97.555,-1.8299999999999983,-64,-4803.120000000004
97.555,-1.8299999999999983,-59,-4807.695000000005
97.555,-1.8299999999999983,-62,-4810.440000000005
97.555,-1.8299999999999983,-62,-4810.440000000005
97.555,-1.8299999999999983,-62,-4810.440000000005
97.555,-1.8299999999999983,-62,-4810.440000000005
97.555,-1.8299999999999983,-62,-4810.440000000005
97.555,-1.8299999999999983,-61,-4811.355000000005
97.555,-1.8299999999999983,-60,-4812.270000000005
97.555,-1.8299999999999983,-57,-4815.015000000005
97.555,-1.8299999999999983,-57,-4815.015000000005
97.555,-1.8299999999999983,-49,-4822.3350000000055
97.555,-1.8299999999999983,-50,-4823.250000000005
97.555,-1.8299999999999983,-51,-4824.1650000000045
97.555,-1.8299999999999983,-51,-4824.1650000000045
97.555,-1.8299999999999983,-51,-4824.1650000000045
97.555,-1.8299999999999983,-50,-4825.0800000000045
97.555,-1.8299999999999983,-46,-4828.740000000005
97.555,-1.8299999999999983,-47,-4829.655000000004
97.555,-1.8299999999999983,-54,-4836.060000000005
97.555,-1.8299999999999983,-57,-4838.805000000005
97.555,-1.8299999999999983,-57,-4838.805000000005
97.555,-1.8299999999999983,-57,-4838.805000000005
97.555,-1.8299999999999983,-57,-4838.805000000005
97.555,-1.8299999999999983,-52,-4843.380000000005
97.555,-1.8299999999999983,-52,-4843.380000000005
97.555,-1.8299999999999983,-52,-4843.380000000005
97.555,-1.8299999999999983,-53,-4844.295000000005
97.555,-1.8299999999999983,-47,-4849.785000000004
97.555,-1.8299999999999983,-46,-4850.700000000005
97.555,-1.8299999999999983,-46,-4850.700000000005
97.555,-1.8299999999999983,-38,-4858.020000000004
97.555,-1.8299999999999983,-39,-4858.935000000005
97.555,-1.8299999999999983,-37,-4860.765000000005
97.555,-1.8299999999999983,-39,-4862.595000000005
97.555,-1.8299999999999983,-34,-4867.170000000005
97.555,-1.8299999999999983,-36,-4869.000000000005
97.555,-1.8299999999999983,-36,-4869.000000000005
97.555,-1.8299999999999983,-42,-4874.490000000004
97.555,-1.8299999999999983,-28,-4887.300000000005
97.555,-1.8299999999999983,-17,-4897.365000000004
97.555,-1.8299999999999983,-17,-4897.365000000004
97.555,-1.8299999999999983,-17,-4897.365000000004
97.555,-1.8299999999999983,-18,-4898.280000000004
97.555,-1.8299999999999983,-18,-4898.280000000004
97.555,-1.8299999999999983,-18,-4898.280000000004
97.555,-1.8299999999999983,-19,-4899.195000000005
97.555,-1.8299999999999983,-19,-4899.195000000005
97.555,-1.8299999999999983,-19,-4899.195000000005
97.555,-1.8299999999999983,-19,-4899.195000000005
97.555,-1.8299999999999983,-19,-4899.195000000005
97.555,-1.8299999999999983,-13,-4904.685000000005
97.555,-1.8299999999999983,-14,-4905.600000000005
97.555,-1.8299999999999983,-14,-4905.600000000005
97.555,-1.8299999999999983,-14,-4905.600000000005
97.555,-1.8299999999999983,-14,-4905.600000000005
97.555,-1.8299999999999983,-10,-4909.260000000005
97.555,-1.8299999999999983,-10,-4909.260000000005
97.555,-1.8299999999999983,-9,-4910.175000000005
97.555,-1.8299999999999983,-8,-4911.090000000006
97.555,-1.8299999999999983,-4,-4914.7500000000055
97.555,-1.8299999999999983,-21,-4930.305000000006
97.555,-1.8299999999999983,-16,-4934.880000000005
97.555,-1.8299999999999983,-16,-4934.880000000005
97.555,-1.8299999999999983,-14,-4936.710000000005
97.555,-1.8299999999999983,-14,-4936.710000000005
97.555,-1.8299999999999983,-12,-4938.540000000005
97.555,-1.8299999999999983,-12,-4938.540000000005
97.555,-1.8299999999999983,-13,-4939.455000000005
97.555,-1.8299999999999983,7,-4957.755000000005
97.555,-1.8299999999999983,24,-4973.310000000005
97.555,-1.8299999999999983,32,-4980.630000000005
97.555,-1.8299999999999983,31,-4981.545000000004
97.555,-1.8299999999999983,33,-4983.375000000004
97.555,-1.8299999999999983,34,-4984.290000000003
97.555,-1.8299999999999983,34,-4984.290000000003
97.555,-1.8299999999999983,34,-4984.290000000003
97.555,-1.8299999999999983,41,-4990.695000000004
97.555,-1.8299999999999983,40,-4991.610000000004
97.555,-1.8299999999999983,35,-4996.185000000004
97.555,-1.8299999999999983,35,-4996.185000000004
97.555,-1.8299999999999983,30,-5000.760000000004
97.555,-1.8299999999999983,30,-5000.760000000004
97.555,-1.8299999999999983,30,-5000.760000000004
97.555,-1.8299999999999983,30,-5000.760000000004
97.555,-1.8299999999999983,30,-5000.760000000004
97.555,-1.8299999999999983,38,-5008.080000000004
97.555,-1.8299999999999983,38,-5008.080000000004
97.555,-1.8299999999999983,39,-5008.995000000003
97.555,-1.8299999999999983,39,-5008.995000000003
97.555,-1.8299999999999983,40,-5009.910000000002
97.555,-1.8299999999999983,44,-5013.5700000000015
97.555,-1.8299999999999983,44,-5013.5700000000015
97.555,-1.8299999999999983,43,-5014.4850000000015
97.555,-1.8299999999999983,43,-5014.4850000000015
97.555,-1.8299999999999983,19,-5036.4450000000015
97.555,-1.8299999999999983,19,-5036.4450000000015
97.555,-1.8299999999999983,19,-5036.4450000000015
97.555,-1.8299999999999983,18,-5037.360000000001
97.555,-1.8299999999999983,18,-5037.360000000001
97.555,-1.8299999999999983,17,-5038.275000000001
97.555,-1.8299999999999983,16,-5039.1900000000005
97.555,-1.8299999999999983,11,-5043.765000000001
97.555,-1.8299999999999983,11,-5043.765000000001
97.555,-1.8299999999999983,10,-5044.68
97.555,-1.8299999999999983,12,-5046.51
97.555,-1.8299999999999983,12,-5046.51
97.555,-1.8299999999999983,12,-5046.51
97.555,-1.8299999999999983,12,-5046.51
97.555,-1.8299999999999983,10,-5048.34
97.555,-1.8299999999999983,3,-5054.745
97.555,-1.8299999999999983,4,-5055.66
97.555,-1.8299999999999983,3,-5056.575
97.555,-1.8299999999999983,3,-5056.575
97.555,-1.8299999999999983,2,-5057.49
97.555,-1.8299999999999983,-13,-5071.215
97.555,-1.8299999999999983,-12,-5072.129999999999
97.555,-1.8299999999999983,-11,-5073.044999999999
97.555,-1.8299999999999983,-11,-5073.044999999999
97.555,-1.8299999999999983,-16,-5077.619999999999
97.555,-1.8299999999999983,-16,-5077.619999999999
97.555,-1.8299999999999983,-13,-5080.365
97.555,-1.8299999999999983,-28,-5094.089999999999
97.555,-1.8299999999999983,-23,-5098.664999999999
97.555,-1.8299999999999983,-13,-5107.815
97.555,-1.8299999999999983,-13,-5107.815
97.555,-1.8299999999999983,-13,-5107.815
97.555,-1.8299999999999983,-20,-5114.219999999999
97.555,-1.8299999999999983,-21,-5115.135
97.555,-1.8299999999999983,-21,-5115.135
97.555,-1.8299999999999983,-21,-5115.135
97.555,-1.8299999999999983,-19,-5116.965
97.555,-1.8299999999999983,-19,-5116.965
97.555,-1.8299999999999983,-16,-5119.709999999999
97.555,-1.8299999999999983,-16,-5119.709999999999
97.555,-1.8299999999999983,-17,-5120.625
97.555,-1.8299999999999983,-17,-5120.625
97.555,-1.8299999999999983,-17,-5120.625
97.555,-1.8299999999999983,-17,-5120.625
97.555,-1.8299999999999983,-17,-5120.625
97.555,-1.8299999999999983,-15,-5122.455
97.555,-1.8299999999999983,-17,-5124.285
97.555,-1.8299999999999983,-23,-5129.775
97.555,-1.8299999999999983,-6,-5145.329999999999
97.555,-1.8299999999999983,-6,-5145.329999999999
97.555,-1.8299999999999983,-4,-5147.159999999999
97.555,-1.8299999999999983,-4,-5147.159999999999
97.555,-1.8299999999999983,-12,-5154.479999999999
97.555,-1.8299999999999983,-12,-5154.479999999999
97.555,-1.8299999999999983,-9,-5157.2249999999985
97.555,-1.8299999999999983,-9,-5157.2249999999985
97.555,-1.8299999999999983,-26,-5172.779999999999
97.555,-1.8299999999999983,-31,-5177.355
97.555,-1.8299999999999983,-29,-5179.1849999999995
97.555,-1.8299999999999983,-29,-5179.1849999999995
97.555,-1.8299999999999983,-29,-5179.1849999999995
97.555,-1.8299999999999983,-29,-5179.1849999999995
97.555,-1.8299999999999983,-30,-5180.0999999999985
97.555,-1.8299999999999983,-30,-5180.0999999999985
97.555,-1.8299999999999983,-30,-5180.0999999999985
97.555,-1.8299999999999983,-29,-5181.014999999999
97.555,-1.8299999999999983,-29,-5181.014999999999
97.555,-1.8299999999999983,-34,-5185.589999999999
97.555,-1.8299999999999983,-34,-5185.589999999999
97.555,-1.8299999999999983,-32,-5187.419999999998
97.555,-1.8299999999999983,-37,-5191.994999999999
97.555,-1.8299999999999983,-37,-5191.994999999999
97.555,-1.8299999999999983,-31,-5197.484999999999
97.555,-1.8299999999999983,-31,-5197.484999999999
97.555,-1.8299999999999983,-28,-5200.229999999998
97.555,-1.8299999999999983,-28,-5200.229999999998
97.555,-1.8299999999999983,-28,-5200.229999999998
97.555,-1.8299999999999983,-18,-5209.379999999999
97.555,-1.8299999999999983,-18,-5209.379999999999
97.555,-1.8299999999999983,-18,-5209.379999999999
97.555,-1.8299999999999983,-30,-5220.359999999999
97.555,-1.8299999999999983,-29,-5221.274999999998
97.555,-1.8299999999999983,-29,-5221.274999999998
97.555,-1.8299999999999983,-30,-5222.189999999999
97.555,-1.8299999999999983,-30,-5222.189999999999
97.555,-1.8299999999999983,-30,-5222.189999999999
97.555,-1.8299999999999983,-31,-5223.104999999999
97.555,-1.8299999999999983,-32,-5224.019999999999
97.555,-1.8299999999999983,-32,-5224.019999999999
97.555,-1.8299999999999983,-17,-5237.744999999999
97.555,-1.8299999999999983,-17,-5237.744999999999
97.555,-1.8299999999999983,-15,-5239.574999999999
97.555,-1.8299999999999983,-15,-5239.574999999999
97.555,-1.8299999999999983,-15,-5239.574999999999
97.555,-1.8299999999999983,-12,-5242.319999999999
97.555,-1.8299999999999983,-6,-5247.809999999999
97.555,-1.8299999999999983,-6,-5247.809999999999
97.555,-1.8299999999999983,1,-5254.214999999998
97.555,-1.8299999999999983,1,-5254.214999999998
97.555,-1.8299999999999983,1,-5254.214999999998
97.555,-1.8299999999999983,4,-5256.959999999998
97.555,-1.8299999999999983,4,-5256.959999999998
97.555,-1.8299999999999983,4,-5256.959999999998
97.555,-1.8299999999999983,5,-5257.874999999999
97.555,-1.8299999999999983,5,-5257.874999999999
97.555,-1.8299999999999983,5,-5257.874999999999
97.555,-1.8299999999999983,5,-5257.874999999999
97.555,-1.8299999999999983,5,-5257.874999999999
97.555,-1.8299999999999983,-9,-5270.684999999999
97.555,-1.8299999999999983,-13,-5274.344999999999
97.555,-1.8299999999999983,-13,-5274.344999999999
97.555,-1.8299999999999983,-13,-5274.344999999999
97.555,-1.8299999999999983,-13,-5274.344999999999
97.555,-1.8299999999999983,-8,-5278.919999999998
97.555,-1.8299999999999983,-7,-5279.834999999999
97.555,-1.8299999999999983,-7,-5279.834999999999
97.555,-1.8299999999999983,0,-5286.239999999999
97.555,-1.8299999999999983,1,-5287.154999999999
97.555,-1.8299999999999983,1,-5287.154999999999
97.555,-1.8299999999999983,0,-5288.069999999999
97.555,-1.8299999999999983,0,-5288.069999999999
97.555,-1.8299999999999983,4,-5291.729999999999
97.555,-1.8299999999999983,4,-5291.729999999999
97.555,-1.8299999999999983,-1,-5296.304999999999
97.555,-1.8299999999999983,-1,-5296.304999999999
97.555,-1.8299999999999983,-1,-5296.304999999999
97.555,-1.8299999999999983,-13,-5307.284999999999
97.555,-1.8299999999999983,-13,-5307.284999999999
97.555,-1.8299999999999983,-17,-5310.944999999999
97.555,-1.8299999999999983,-1,-5325.584999999999
97.555,-1.8299999999999983,-1,-5325.584999999999
97.555,-1.8299999999999983,-6,-5330.159999999999
97.555,-1.8299999999999983,-6,-5330.159999999999
97.555,-1.8299999999999983,-6,-5330.159999999999
97.555,-1.8299999999999983,-6,-5330.159999999999
97.555,-1.8299999999999983,-13,-5336.564999999999
97.555,-1.8299999999999983,-23,-5345.714999999999
97.555,-1.8299999999999983,-23,-5345.714999999999
97.555,-1.8299999999999983,-7,-5360.355
97.555,-1.8299999999999983,-10,-5363.099999999999
97.555,-1.8299999999999983,-10,-5363.099999999999
97.555,-1.8299999999999983,-12,-5364.929999999999
97.555,-1.8299999999999983,-9,-5367.674999999999
97.555,-1.8299999999999983,-10,-5368.589999999999
97.555,-1.8299999999999983,-10,-5368.589999999999
97.555,-1.8299999999999983,-11,-5369.504999999999
97.555,-1.8299999999999983,-6,-5374.079999999999
97.555,-1.8299999999999983,-8,-5375.91
97.555,-1.8299999999999983,-8,-5375.91
97.555,-1.8299999999999983,-8,-5375.91
97.555,-1.8299999999999983,-4,-5379.57
97.555,-1.8299999999999983,-16,-5390.549999999999
97.555,-1.8299999999999983,-16,-5390.549999999999
97.555,-1.8299999999999983,-24,-5397.869999999999
97.555,-1.8299999999999983,-27,-5400.615
97.555,-1.8299999999999983,-17,-5409.764999999999
97.555,-1.8299999999999983,-17,-5409.764999999999
97.555,-1.8299999999999983,-17,-5409.764999999999
97.555,-1.8299999999999983,-17,-5409.764999999999
97.555,-1.8299999999999983,-16,-5410.6799999999985
97.555,-1.8299999999999983,-14,-5412.509999999998
97.555,-1.8299999999999983,-32,-5428.98
97.555,-1.8299999999999983,-32,-5428.98
97.555,-1.8299999999999983,-34,-5430.8099999999995
97.555,-1.8299999999999983,-34,-5430.8099999999995
97.555,-1.8299999999999983,-31,-5433.5549999999985
97.555,-1.8299999999999983,-30,-5434.469999999998
97.555,-1.8299999999999983,-30,-5434.469999999998
97.555,-1.8299999999999983,-26,-5438.129999999999
97.555,-1.8299999999999983,-26,-5438.129999999999
97.555,-1.8299999999999983,-24,-5439.959999999999
97.555,-1.8299999999999983,-27,-5442.704999999998
97.555,-1.8299999999999983,-27,-5442.704999999998
97.555,-1.8299999999999983,-30,-5445.449999999999
97.555,-1.8299999999999983,-31,-5446.364999999999
97.555,-1.8299999999999983,-32,-5447.279999999999
97.555,-1.8299999999999983,-33,-5448.194999999999
97.555,-1.8299999999999983,-33,-5448.194999999999
97.555,-1.8299999999999983,-33,-5448.194999999999
97.555,-1.8299999999999983,-33,-5448.194999999999
97.555,-1.8299999999999983,-29,-5451.855
97.555,-1.8299999999999983,-29,-5451.855
97.555,-1.8299999999999983,-28,-5452.769999999999
97.555,-1.8299999999999983,-28,-5452.769999999999
97.555,-1.8299999999999983,-36,-5460.089999999999
97.555,-1.8299999999999983,-36,-5460.089999999999
97.555,-1.8299999999999983,-35,-5461.004999999999
97.555,-1.8299999999999983,-40,-5465.579999999999
97.555,-1.8299999999999983,-37,-5468.324999999999
97.555,-1.8299999999999983,-37,-5468.324999999999
97.555,-1.8299999999999983,-47,-5477.4749999999985
97.555,-1.8299999999999983,-42,-5482.049999999999
97.555,-1.8299999999999983,-43,-5482.964999999999
97.555,-1.8299999999999983,-44,-5483.879999999998
97.555,-1.8299999999999983,-44,-5483.879999999998
97.555,-1.8299999999999983,-38,-5489.369999999999
97.555,-1.8299999999999983,-38,-5489.369999999999
97.555,-1.8299999999999983,-38,-5489.369999999999
97.555,-1.8299999999999983,-38,-5489.369999999999
97.555,-1.8299999999999983,-38,-5489.369999999999
97.555,-1.8299999999999983,-38,-5489.369999999999
97.555,-1.8299999999999983,-37,-5490.284999999999
97.555,-1.8299999999999983,-41,-5493.944999999999
97.555,-1.8299999999999983,-13,-5519.564999999999
97.555,-1.8299999999999983,-13,-5519.564999999999
97.56,-1.8199999999999932,-23,-5528.819999999998
97.56,-1.8199999999999932,-25,-5530.639999999998
97.56,-1.8199999999999932,-25,-5530.639999999998
97.56,-1.8199999999999932,-27,-5532.459999999997
97.56,-1.8199999999999932,-28,-5533.369999999998
97.56,-1.8199999999999932,-28,-5533.369999999998
97.56,-1.8199999999999932,-28,-5533.369999999998
97.56,-1.8199999999999932,-28,-5533.369999999998
97.56,-1.8199999999999932,-31,-5536.0999999999985
97.56,-1.8199999999999932,-31,-5536.0999999999985
97.56,-1.8199999999999932,-31,-5536.0999999999985
97.56,-1.8199999999999932,-31,-5536.0999999999985
97.56,-1.8199999999999932,-34,-5538.829999999998
97.56,-1.8199999999999932,-34,-5538.829999999998
97.56,-1.8199999999999932,-33,-5539.739999999998
97.56,-1.8199999999999932,-32,-5540.649999999998
97.56,-1.8199999999999932,-33,-5541.559999999998
97.56,-1.8199999999999932,-33,-5541.559999999998
97.56,-1.8199999999999932,-36,-5544.289999999997
97.56,-1.8199999999999932,-36,-5544.289999999997
97.56,-1.8199999999999932,-23,-5556.119999999997
97.56,-1.8199999999999932,-23,-5556.119999999997
97.56,-1.8199999999999932,-24,-5557.029999999997
97.56,-1.8199999999999932,-24,-5557.029999999997
97.56,-1.8199999999999932,-23,-5557.939999999997
97.56,-1.8199999999999932,-13,-5567.039999999997
97.56,-1.8199999999999932,-12,-5567.949999999998
97.56,-1.8199999999999932,-12,-5567.949999999998
97.56,-1.8199999999999932,-12,-5567.949999999998
97.56,-1.8199999999999932,-11,-5568.859999999998
97.56,-1.8199999999999932,-11,-5568.859999999998
97.56,-1.8199999999999932,-5,-5574.319999999998
97.56,-1.8199999999999932,-3,-5576.139999999998
97.56,-1.8199999999999932,-3,-5576.139999999998
97.56,-1.8199999999999932,-3,-5576.139999999998
97.56,-1.8199999999999932,-3,-5576.139999999998
97.56,-1.8199999999999932,-4,-5577.049999999997
97.56,-1.8199999999999932,-4,-5577.049999999997
97.56,-1.8199999999999932,-3,-5577.959999999998
97.56,-1.8199999999999932,-3,-5577.959999999998
97.56,-1.8199999999999932,-5,-5579.779999999998
97.56,-1.8199999999999932,-5,-5579.779999999998
97.56,-1.8199999999999932,-5,-5579.779999999998
97.56,-1.8199999999999932,-10,-5584.329999999998
97.56,-1.8199999999999932,-10,-5584.329999999998
97.56,-1.8199999999999932,-8,-5586.149999999998
97.56,-1.8199999999999932,-8,-5586.149999999998
97.56,-1.8199999999999932,-5,-5588.879999999997
97.56,-1.8199999999999932,-10,-5593.429999999998
97.56,-1.8199999999999932,-10,-5593.429999999998
97.56,-1.8199999999999932,-12,-5595.249999999997
97.56,-1.8199999999999932,-12,-5595.249999999997
97.56,-1.8199999999999932,-18,-5600.709999999997
97.56,-1.8199999999999932,-18,-5600.709999999997
97.56,-1.8199999999999932,-17,-5601.619999999997
97.56,-1.8199999999999932,-17,-5601.619999999997
97.56,-1.8199999999999932,-20,-5604.349999999997
97.56,-1.8199999999999932,-23,-5607.079999999997
97.56,-1.8199999999999932,-21,-5608.899999999998
97.555,-1.809999999999988,-8,-5620.689999999997
97.555,-1.809999999999988,-7,-5621.5949999999975
97.555,-1.809999999999988,-7,-5621.5949999999975
97.555,-1.809999999999988,-5,-5623.404999999997
97.555,-1.809999999999988,3,-5630.644999999998
97.555,-1.809999999999988,3,-5630.644999999998
97.555,-1.809999999999988,13,-5639.694999999998
97.555,-1.809999999999988,6,-5646.029999999998
97.555,-1.809999999999988,11,-5650.5549999999985
97.555,-1.809999999999988,12,-5651.459999999998
97.555,-1.809999999999988,-4,-5665.939999999998
97.555,-1.809999999999988,-4,-5665.939999999998
97.555,-1.809999999999988,-4,-5665.939999999998
97.555,-1.809999999999988,4,-5673.179999999998
97.555,-1.809999999999988,4,-5673.179999999998
97.555,-1.809999999999988,25,-5692.184999999998
97.555,-1.809999999999988,25,-5692.184999999998
97.555,-1.809999999999988,18,-5698.519999999997
97.555,-1.809999999999988,18,-5698.519999999997
97.555,-1.809999999999988,18,-5698.519999999997
97.555,-1.809999999999988,18,-5698.519999999997
97.555,-1.809999999999988,18,-5698.519999999997
97.555,-1.809999999999988,18,-5698.519999999997
97.555,-1.809999999999988,18,-5698.519999999997
97.555,-1.809999999999988,7,-5708.474999999997
97.555,-1.809999999999988,-2,-5716.619999999996
97.555,-1.809999999999988,-2,-5716.619999999996
97.555,-1.809999999999988,-2,-5716.619999999996
97.555,-1.809999999999988,-4,-5718.429999999997
97.555,-1.809999999999988,14,-5734.719999999996
97.555,-1.809999999999988,24,-5743.769999999997
97.555,-1.809999999999988,21,-5746.484999999997
97.555,-1.809999999999988,20,-5747.389999999997
97.555,-1.809999999999988,20,-5747.389999999997
97.555,-1.809999999999988,23,-5750.104999999997
97.555,-1.809999999999988,22,-5751.0099999999975
97.555,-1.809999999999988,22,-5751.0099999999975
97.555,-1.809999999999988,22,-5751.0099999999975
97.555,-1.809999999999988,22,-5751.0099999999975
97.555,-1.809999999999988,13,-5759.154999999997
97.555,-1.809999999999988,13,-5759.154999999997
97.555,-1.809999999999988,9,-5762.774999999997
97.555,-1.809999999999988,-1,-5771.824999999997
97.555,-1.809999999999988,-1,-5771.824999999997
97.555,-1.809999999999988,-1,-5771.824999999997
97.555,-1.809999999999988,0,-5772.729999999997
97.555,-1.809999999999988,0,-5772.729999999997
97.555,-1.809999999999988,-5,-5777.2549999999965
97.555,-1.809999999999988,-5,-5777.2549999999965
97.555,-1.809999999999988,-5,-5777.2549999999965
97.555,-1.809999999999988,-5,-5777.2549999999965
97.555,-1.809999999999988,-4,-5778.159999999997
97.555,-1.809999999999988,5,-5786.304999999998
97.555,-1.809999999999988,5,-5786.304999999998
97.555,-1.809999999999988,3,-5788.114999999997
97.555,-1.809999999999988,3,-5788.114999999997
97.555,-1.809999999999988,10,-5794.449999999997
97.555,-1.809999999999988,10,-5794.449999999997
97.555,-1.809999999999988,10,-5794.449999999997
97.555,-1.809999999999988,10,-5794.449999999997
97.555,-1.809999999999988,12,-5796.2599999999975
97.555,-1.809999999999988,12,-5796.2599999999975
97.555,-1.809999999999988,11,-5797.164999999997
97.555,-1.809999999999988,12,-5798.069999999998
97.555,-1.809999999999988,12,-5798.069999999998
97.555,-1.809999999999988,12,-5798.069999999998
97.555,-1.809999999999988,11,-5798.9749999999985
97.555,-1.809999999999988,-5,-5813.454999999998
97.555,-1.809999999999988,-5,-5813.454999999998
97.555,-1.809999999999988,-9,-5817.074999999998
97.555,-1.809999999999988,-9,-5817.074999999998
97.555,-1.809999999999988,-9,-5817.074999999998
97.555,-1.809999999999988,-9,-5817.074999999998
97.555,-1.809999999999988,-9,-5817.074999999998
97.555,-1.809999999999988,-9,-5817.074999999998
97.555,-1.809999999999988,-9,-5817.074999999998
97.555,-1.809999999999988,-10,-5817.979999999999
97.555,-1.809999999999988,-9,-5818.884999999998
97.555,-1.809999999999988,-9,-5818.884999999998
97.555,-1.809999999999988,-9,-5818.884999999998
97.555,-1.809999999999988,-3,-5824.314999999999
97.555,-1.809999999999988,-2,-5825.219999999998
97.555,-1.809999999999988,-2,-5825.219999999998
97.555,-1.809999999999988,-2,-5825.219999999998
97.555,-1.809999999999988,-5,-5827.934999999999
97.555,-1.809999999999988,-4,-5828.839999999999
97.56,-1.7999999999999972,-22,-5845.189999999999
97.56,-1.7999999999999972,-22,-5845.189999999999
97.56,-1.7999999999999972,-31,-5853.289999999999
97.56,-1.7999999999999972,-29,-5855.089999999999
97.56,-1.7999999999999972,-30,-5855.99
97.56,-1.7999999999999972,-25,-5860.489999999999
97.56,-1.7999999999999972,-25,-5860.489999999999
97.56,-1.7999999999999972,-25,-5860.489999999999
97.56,-1.7999999999999972,-25,-5860.489999999999
97.56,-1.7999999999999972,-24,-5861.389999999999
97.56,-1.7999999999999972,-24,-5861.389999999999
97.56,-1.7999999999999972,-24,-5861.389999999999
97.56,-1.7999999999999972,-24,-5861.389999999999
97.56,-1.7999999999999972,-24,-5861.389999999999
97.56,-1.7999999999999972,-30,-5866.789999999999
97.56,-1.7999999999999972,-31,-5867.689999999999
97.56,-1.7999999999999972,-31,-5867.689999999999
97.56,-1.7999999999999972,-29,-5869.49
97.56,-1.7999999999999972,-25,-5873.089999999999
97.56,-1.7999999999999972,-23,-5874.889999999999
97.56,-1.7999999999999972,-23,-5874.889999999999
97.56,-1.7999999999999972,-31,-5882.09
97.56,-1.7999999999999972,-30,-5882.99
97.56,-1.7999999999999972,-30,-5882.99
97.56,-1.7999999999999972,-30,-5882.99
97.56,-1.7999999999999972,-36,-5888.389999999999
97.56,-1.7999999999999972,-42,-5893.79
97.56,-1.7999999999999972,-41,-5894.69
97.56,-1.7999999999999972,-41,-5894.69
97.56,-1.7999999999999972,-41,-5894.69
97.56,-1.7999999999999972,-36,-5899.19
97.56,-1.7999999999999972,-50,-5911.79
97.56,-1.7999999999999972,-45,-5916.289999999999
97.56,-1.7999999999999972,-45,-5916.289999999999
97.56,-1.7999999999999972,-45,-5916.289999999999
97.56,-1.7999999999999972,-44,-5917.1900000000005
97.56,-1.7999999999999972,-51,-5923.49
97.56,-1.7999999999999972,-51,-5923.49
97.56,-1.7999999999999972,-48,-5926.19
97.56,-1.7999999999999972,-45,-5928.889999999999
97.56,-1.7999999999999972,-45,-5928.889999999999
97.56,-1.7999999999999972,-45,-5928.889999999999
97.56,-1.7999999999999972,-45,-5928.889999999999
97.56,-1.7999999999999972,-45,-5928.889999999999
97.56,-1.7999999999999972,-45,-5928.889999999999
97.56,-1.7999999999999972,-45,-5928.889999999999
97.56,-1.7999999999999972,-44,-5929.79
97.56,-1.7999999999999972,-52,-5936.99
97.56,-1.7999999999999972,-52,-5936.99
97.56,-1.7999999999999972,-54,-5938.789999999999
97.56,-1.7999999999999972,-51,-5941.49
97.56,-1.7999999999999972,-48,-5944.19
97.56,-1.7999999999999972,-49,-5945.09
97.56,-1.7999999999999972,-49,-5945.09
97.56,-1.7999999999999972,-49,-5945.09
97.56,-1.7999999999999972,-44,-5949.59
97.56,-1.7999999999999972,-44,-5949.59
97.56,-1.7999999999999972,-43,-5950.49
97.56,-1.7999999999999972,-43,-5950.49
97.56,-1.7999999999999972,-43,-5950.49
97.56,-1.7999999999999972,-43,-5950.49
97.56,-1.7999999999999972,-43,-5950.49
97.56,-1.7999999999999972,-43,-5950.49
97.56,-1.7999999999999972,-44,-5951.389999999999
97.56,-1.7999999999999972,-44,-5951.389999999999
97.56,-1.7999999999999972,-44,-5951.389999999999
97.56,-1.7999999999999972,-48,-5954.99
97.56,-1.7999999999999972,-48,-5954.99
97.56,-1.7999999999999972,-53,-5959.49
97.56,-1.7999999999999972,-52,-5960.389999999999
97.56,-1.7999999999999972,-52,-5960.389999999999
97.56,-1.7999999999999972,-52,-5960.389999999999
97.56,-1.7999999999999972,-52,-5960.389999999999
97.56,-1.7999999999999972,-55,-5963.09
97.56,-1.7999999999999972,-55,-5963.09
97.56,-1.7999999999999972,-53,-5964.89
97.56,-1.7999999999999972,-51,-5966.6900000000005
97.56,-1.7999999999999972,-51,-5966.6900000000005
97.56,-1.7999999999999972,-52,-5967.589999999999
97.56,-1.7999999999999972,-52,-5967.589999999999
97.56,-1.7999999999999972,-64,-5978.389999999999
97.56,-1.7999999999999972,-60,-5981.99
97.56,-1.7999999999999972,-60,-5981.99
97.56,-1.7999999999999972,-61,-5982.889999999999
97.56,-1.7999999999999972,-80,-5999.99
97.56,-1.7999999999999972,-78,-6001.79
97.56,-1.7999999999999972,-79,-6002.69
97.56,-1.7999999999999972,-79,-6002.69
97.56,-1.7999999999999972,-78,-6003.59
97.56,-1.7999999999999972,-76,-6005.39
97.56,-1.7999999999999972,-76,-6005.39
97.56,-1.7999999999999972,-76,-6005.39
97.56,-1.7999999999999972,-76,-6005.39
97.56,-1.7999999999999972,-76,-6005.39
97.56,-1.7999999999999972,-76,-6005.39
97.555,-1.7900000000000063,-67,-6013.075
97.555,-1.7900000000000063,-67,-6013.075
97.555,-1.7900000000000063,-67,-6013.075
97.555,-1.7900000000000063,-67,-6013.075
97.555,-1.7900000000000063,-68,-6013.97
97.555,-1.7900000000000063,-68,-6013.97
97.555,-1.7900000000000063,-68,-6013.97
97.555,-1.7900000000000063,-61,-6020.235000000001
97.555,-1.7900000000000063,-61,-6020.235000000001
97.555,-1.7900000000000063,-60,-6021.13
97.555,-1.7900000000000063,-62,-6022.92
97.555,-1.7900000000000063,-62,-6022.92
97.555,-1.7900000000000063,-63,-6023.815
97.555,-1.7900000000000063,-63,-6023.815
97.555,-1.7900000000000063,-60,-6026.5
97.555,-1.7900000000000063,-66,-6031.87
97.555,-1.7900000000000063,-70,-6035.45
97.555,-1.7900000000000063,-70,-6035.45
97.555,-1.7900000000000063,-72,-6037.240000000001
97.555,-1.7900000000000063,-74,-6039.030000000001
97.555,-1.7900000000000063,-75,-6039.925000000001
97.555,-1.7900000000000063,-77,-6041.715
97.555,-1.7900000000000063,-80,-6044.400000000001
97.555,-1.7900000000000063,-80,-6044.400000000001
97.555,-1.7900000000000063,-80,-6044.400000000001
97.555,-1.7900000000000063,-80,-6044.400000000001
97.555,-1.7900000000000063,-80,-6044.400000000001
97.555,-1.7900000000000063,-80,-6044.400000000001
97.555,-1.7900000000000063,-79,-6045.295
97.555,-1.7900000000000063,-76,-6047.98
