price,spread,inventory,pnl
100.0,2.0,2,2.0
99.99000000000001,1.980000000000004,1,2.970000000000013
99.99000000000001,1.980000000000004,5,6.930000000000064
99.97,1.9399999999999977,5,6.830000000000041
99.96000000000001,1.9200000000000017,-3,14.460000000000036
99.955,1.9300000000000068,1,18.29500000000003
99.985,1.990000000000009,-31,49.1550000000002
99.985,1.990000000000009,-20,57.00000000000023
100.08500000000001,1.7900000000000063,-21,55.89499999999998
100.14,1.6800000000000068,-30,62.30000000000064
100.21000000000001,1.5400000000000063,-26,63.280000000000655
100.225,1.5100000000000051,-21,66.66500000000087
100.225,1.5100000000000051,-23,68.17500000000109
100.22999999999999,1.519999999999996,-38,79.400000000001
100.305,1.3900000000000006,-39,77.23500000000013
100.35,1.2999999999999972,-46,80.03000000000156
100.405,1.1899999999999977,-39,81.66500000000087
100.4,1.2000000000000028,-35,84.23000000000093
100.4,1.2000000000000028,-36,84.83000000000084
100.4,1.2000000000000028,-35,85.43000000000075
100.495,1.3900000000000006,-38,83.8100000000004
100.535,1.3100000000000023,-33,85.56500000000096
100.535,1.3100000000000023,-36,87.53000000000111
100.53999999999999,1.2999999999999972,-28,92.55000000000109
100.525,1.3299999999999983,-16,100.79000000000065
100.525,1.3299999999999983,-18,102.12000000000057
100.58,1.4399999999999977,-29,108.61000000000058
100.58500000000001,1.4299999999999926,-33,111.32500000000027
100.61,1.3799999999999955,-31,111.88000000000056
100.61,1.3799999999999955,-32,112.57000000000062
100.61500000000001,1.3699999999999903,-32,112.41000000000031
100.61,1.3799999999999955,-11,126.76000000000022
100.61,1.3799999999999955,-11,126.76000000000022
100.61,1.3799999999999955,-12,127.45000000000027
100.61,1.3799999999999955,-11,128.1400000000001
100.61,1.3799999999999955,-10,128.83000000000004
100.61,1.3799999999999955,-10,128.83000000000004
100.61,1.3799999999999955,-7,130.9000000000001
100.61,1.3799999999999955,-7,130.9000000000001
100.61,1.3799999999999955,-4,132.97000000000008
100.61,1.3799999999999955,-6,134.35000000000014
100.67500000000001,1.5100000000000051,-19,143.125
100.67500000000001,1.5100000000000051,-16,145.3900000000001
100.67500000000001,1.5100000000000051,-16,145.3900000000001
100.65,1.5600000000000023,-10,150.1700000000003
100.65,1.5600000000000023,-11,150.95000000000027
100.65,1.5600000000000023,-11,150.95000000000027
100.65,1.5600000000000023,-8,153.2900000000003
100.65,1.5600000000000023,-8,153.2900000000003
100.655,1.5699999999999932,-10,154.8100000000004
100.655,1.5699999999999932,-13,157.1650000000002
100.655,1.5699999999999932,-13,157.1650000000002
100.655,1.5699999999999932,-13,157.1650000000002
100.655,1.5699999999999932,-12,157.95000000000027
100.655,1.5699999999999932,-9,160.3050000000003
100.66,1.5799999999999983,-22,170.47000000000025
100.66499999999999,1.5700000000000074,-22,170.36000000000058
100.66499999999999,1.5700000000000074,-19,172.7150000000006
100.66499999999999,1.5700000000000074,-18,173.50000000000045
100.745,1.730000000000004,-36,185.75000000000045
100.86,1.5,-33,183.86000000000058
100.9,1.4200000000000017,-38,186.0900000000006
100.945,1.3299999999999983,-38,184.38000000000102
100.965,1.2900000000000063,-42,186.20000000000073
101.0,1.2199999999999989,-44,185.95000000000073
101.025,1.1700000000000017,-43,185.4350000000013
101.035,1.1500000000000057,-44,185.58000000000084
101.03999999999999,1.1400000000000006,-39,188.21000000000095
101.03999999999999,1.1400000000000006,-39,188.21000000000095
101.0425,1.1450000000000102,-40,188.67999999999984
101.0425,1.1450000000000102,-40,188.67999999999984
101.0375,1.1550000000000153,-32,193.45000000000027
101.0275,1.1750000000000114,-18,201.85500000000025
101.045,1.210000000000008,-20,202.71500000000015
101.045,1.210000000000008,-21,203.32000000000016
101.045,1.210000000000008,-26,206.34500000000025
101.045,1.210000000000008,-23,208.1600000000003
101.045,1.210000000000008,-22,208.76499999999987
101.045,1.210000000000008,-23,209.37000000000035
101.045,1.210000000000008,-21,210.57999999999993
101.045,1.210000000000008,-20,211.18499999999995
101.045,1.210000000000008,-15,214.21000000000004
101.045,1.210000000000008,-19,216.6300000000001
101.045,1.210000000000008,-19,216.6300000000001
101.0525,1.2249999999999943,-41,229.80249999999978
101.0625,1.2049999999999983,-41,229.39249999999993
101.0675,1.1949999999999932,-41,229.1875
101.07249999999999,1.184999999999988,-34,233.1300000000001
101.07249999999999,1.184999999999988,-34,233.1300000000001
101.07249999999999,1.184999999999988,-34,233.1300000000001
101.07249999999999,1.184999999999988,-33,233.72249999999985
101.07249999999999,1.184999999999988,-40,237.8699999999999
101.075,1.1899999999999977,-47,241.91499999999905
101.11,1.1200000000000045,-47,240.26999999999953
101.125,1.0900000000000034,-47,239.5649999999996
101.135,1.0900000000000034,-59,245.5649999999987
101.20500000000001,0.9500000000000028,-60,241.90999999999804
101.245,0.8700000000000045,-59,239.9449999999988
101.26,0.8400000000000034,-61,239.89999999999782
101.275,0.8100000000000023,-67,241.41499999999814
101.315,0.730000000000004,-59,241.65499999999793
101.315,0.730000000000004,-64,243.47999999999774
101.315,0.730000000000004,-61,244.5749999999971
101.315,0.730000000000004,-59,245.30499999999756
101.315,0.730000000000004,-59,245.30499999999756
101.325,0.75,-71,249.09499999999753
101.36500000000001,0.6700000000000017,-72,246.5899999999965
101.39500000000001,0.6099999999999994,-64,246.86999999999625
101.39500000000001,0.6099999999999994,-63,247.17499999999654
101.37,0.6599999999999966,-56,251.00999999999658
101.37,0.6599999999999966,-59,251.99999999999727
101.36500000000001,0.6700000000000017,-52,254.59999999999673
101.37,0.6799999999999926,-59,256.66999999999734
101.37,0.6799999999999926,-54,258.36999999999716
101.37,0.6799999999999926,-54,258.36999999999716
101.37,0.6799999999999926,-55,258.7099999999973
101.37,0.6799999999999926,-55,258.7099999999973
101.37,0.6799999999999926,-66,262.4499999999971
101.37,0.6799999999999926,-66,262.4499999999971
101.37,0.6799999999999926,-60,264.48999999999614
101.37,0.6799999999999926,-60,264.48999999999614
101.37,0.6799999999999926,-59,264.8299999999972
101.37,0.6799999999999926,-58,265.16999999999734
101.37,0.6799999999999926,-59,265.5099999999975
101.37,0.6799999999999926,-54,267.2099999999973
101.37,0.6799999999999926,-46,269.92999999999756
101.37,0.6799999999999926,-47,270.2699999999977
101.37,0.6799999999999926,-46,270.60999999999785
101.37,0.6799999999999926,-46,270.60999999999785
101.37,0.6799999999999926,-50,271.96999999999844
101.37,0.6799999999999926,-53,272.98999999999796
101.37,0.6799999999999926,-44,276.04999999999745
101.34,0.7399999999999949,-39,279.15999999999804
101.34,0.7399999999999949,-36,280.26999999999816
101.34,0.7399999999999949,-36,280.26999999999816
101.34,0.7399999999999949,-31,282.1199999999985
101.34,0.7399999999999949,-32,282.4899999999984
101.345,0.75,-41,285.6449999999986
101.345,0.75,-38,286.76999999999816
101.345,0.75,-38,286.76999999999816
101.345,0.75,-38,286.76999999999816
101.34,0.7600000000000051,-22,292.9899999999984
101.34,0.7600000000000051,-25,294.1299999999983
101.34,0.7600000000000051,-22,295.26999999999816
101.34,0.7600000000000051,-37,300.96999999999844
101.34,0.7600000000000051,-32,302.8699999999981
101.34,0.7600000000000051,-17,308.56999999999834
101.34,0.7600000000000051,-17,308.56999999999834
101.34,0.7600000000000051,-17,308.56999999999834
101.34,0.7600000000000051,-21,310.0899999999983
101.345,0.7700000000000102,-28,312.6299999999983
101.345,0.7700000000000102,-26,313.3999999999983
101.345,0.7700000000000102,-25,313.78499999999804
101.345,0.7700000000000102,-26,314.16999999999825
101.345,0.7700000000000102,-28,314.93999999999824
101.34,0.7800000000000011,-17,319.3399999999981
101.34,0.7800000000000011,-18,319.729999999998
101.33000000000001,0.7999999999999972,-8,323.72999999999774
101.33000000000001,0.7999999999999972,-17,327.32999999999765
101.34,0.8199999999999932,-33,333.41999999999734
101.34,0.8199999999999932,-33,333.41999999999734
101.34,0.8199999999999932,-37,335.0599999999977
101.34,0.8199999999999932,-42,337.10999999999785
101.34,0.8199999999999932,-43,337.5199999999977
101.34,0.8199999999999932,-44,337.92999999999756
101.34,0.8199999999999932,-52,341.2099999999973
101.34,0.8199999999999932,-52,341.2099999999973
101.34,0.8199999999999932,-53,341.61999999999716
101.33500000000001,0.8299999999999983,-42,346.35999999999694
101.33500000000001,0.8299999999999983,-27,352.5849999999973
101.33500000000001,0.8299999999999983,-25,353.41499999999724
101.33500000000001,0.8299999999999983,-23,354.2449999999967
101.33500000000001,0.8299999999999983,-22,354.65999999999667
101.33500000000001,0.8299999999999983,-23,355.07499999999663
101.33500000000001,0.8299999999999983,-36,360.4699999999966
101.33500000000001,0.8299999999999983,-39,361.7149999999965
101.33500000000001,0.8299999999999983,-36,362.9599999999964
101.33500000000001,0.8299999999999983,-36,362.9599999999964
101.33,0.8400000000000034,-18,370.6499999999969
101.33,0.8400000000000034,-24,373.1699999999969
101.33,0.8400000000000034,-23,373.58999999999696
101.33,0.8400000000000034,-22,374.0099999999975
101.33,0.8400000000000034,-23,374.4299999999971
101.33,0.8400000000000034,-15,377.78999999999724
101.33,0.8400000000000034,-13,378.6299999999974
101.33,0.8400000000000034,-13,378.6299999999974
101.33500000000001,0.8500000000000085,-19,381.0649999999973
101.33500000000001,0.8500000000000085,-28,384.8899999999976
101.33500000000001,0.8500000000000085,-17,389.5649999999973
101.33500000000001,0.8500000000000085,-22,391.6899999999973
101.33500000000001,0.8500000000000085,-6,398.48999999999774
101.33000000000001,0.8599999999999994,4,402.7399999999978
101.34,0.8799999999999955,-16,411.2799999999979
101.33500000000001,0.8900000000000006,-1,417.9549999999979
101.33500000000001,0.8900000000000006,-7,420.62499999999795
101.33500000000001,0.8900000000000006,-6,421.0699999999979
101.33500000000001,0.8900000000000006,-5,421.5149999999978
101.325,0.9099999999999966,-1,423.3649999999979
101.325,0.9099999999999966,-3,424.27499999999793
101.325,0.9099999999999966,-3,424.27499999999793
101.325,0.9099999999999966,-3,424.27499999999793
101.325,0.9099999999999966,5,427.9149999999979
101.325,0.9099999999999966,8,429.2799999999979
101.325,0.9099999999999966,8,429.2799999999979
101.325,0.9099999999999966,7,429.73499999999785
101.325,0.9099999999999966,8,430.1899999999979
101.325,0.9099999999999966,6,431.0999999999979
101.325,0.9099999999999966,7,431.55499999999785
101.325,0.9099999999999966,7,431.55499999999785
101.325,0.9099999999999966,0,434.7399999999979
101.325,0.9099999999999966,1,435.1949999999979
101.325,0.9099999999999966,11,439.74499999999784
101.325,0.9099999999999966,9,440.65499999999787
101.325,0.9099999999999966,9,440.65499999999787
101.32,0.9200000000000017,13,442.4199999999977
101.32,0.9200000000000017,14,442.87999999999784
101.32,0.9200000000000017,22,446.5599999999977
101.32,0.9200000000000017,23,447.0199999999975
101.32,0.9200000000000017,23,447.0199999999975
101.32,0.9200000000000017,16,450.23999999999774
101.32,0.9200000000000017,16,450.23999999999774
101.32,0.9200000000000017,17,450.6999999999978
101.32,0.9200000000000017,13,452.5399999999978
101.31,0.9399999999999977,39,464.469999999998
101.32,0.9599999999999937,29,469.5799999999972
101.315,0.9699999999999989,34,471.8399999999974
101.315,0.9699999999999989,38,473.779999999997
101.33500000000001,1.0100000000000051,10,488.019999999997
101.33500000000001,1.0100000000000051,9,488.524999999997
101.33500000000001,1.0100000000000051,8,489.029999999997
101.33500000000001,1.0100000000000051,-4,495.08999999999685
101.33500000000001,1.0100000000000051,15,504.684999999997
101.33500000000001,1.0100000000000051,10,507.2099999999971
101.33500000000001,1.0100000000000051,10,507.2099999999971
101.34,1.019999999999996,0,512.2899999999969
101.34,1.019999999999996,-1,512.7999999999969
101.34,1.019999999999996,-4,514.3299999999969
101.34,1.019999999999996,-3,514.8399999999968
101.33,1.039999999999992,4,518.4499999999969
101.33500000000001,1.0499999999999972,1,520.0149999999968
101.33500000000001,1.0499999999999972,-3,522.1149999999967
101.33500000000001,1.0499999999999972,-6,523.6899999999966
101.33500000000001,1.0499999999999972,-6,523.6899999999966
101.33500000000001,1.0499999999999972,1,527.3649999999966
101.33500000000001,1.0499999999999972,1,527.3649999999966
101.33500000000001,1.0499999999999972,0,527.8899999999966
101.33500000000001,1.0499999999999972,1,528.4149999999966
101.33500000000001,1.0499999999999972,1,528.4149999999966
101.33500000000001,1.0499999999999972,1,528.4149999999966
101.34,1.0600000000000023,-4,531.0499999999965
101.34,1.0600000000000023,-1,532.6399999999966
101.34,1.0600000000000023,-2,533.1699999999967
101.325,1.0900000000000034,4,536.3499999999966
101.325,1.0900000000000034,7,537.9849999999965
101.325,1.0900000000000034,6,538.5299999999966
101.32,1.1000000000000085,13,542.2999999999965
101.32,1.1000000000000085,15,543.3999999999967
101.32,1.1000000000000085,15,543.3999999999967
101.32,1.1000000000000085,15,543.3999999999967
101.32,1.1000000000000085,15,543.3999999999967
101.32,1.1000000000000085,15,543.3999999999967
101.32,1.1000000000000085,14,543.9499999999967
101.32,1.1000000000000085,13,544.4999999999966
101.31,1.1200000000000045,40,559.1699999999969
101.31,1.1200000000000045,32,563.6499999999969
101.31,1.1200000000000045,31,564.2099999999969
101.31,1.1200000000000045,35,566.4499999999966
101.31,1.1200000000000045,35,566.4499999999966
101.30000000000001,1.1400000000000006,48,573.4099999999971
101.275,1.0899999999999892,50,573.2999999999965
101.255,1.0499999999999972,49,572.8249999999962
101.25,1.039999999999992,50,573.0999999999967
101.25,1.039999999999992,40,578.0999999999967
101.25,1.039999999999992,35,580.6999999999966
101.25,1.039999999999992,35,580.6999999999966
101.25,1.039999999999992,37,581.7399999999966
101.25,1.039999999999992,38,582.2599999999966
101.255,1.0499999999999972,33,585.0249999999965
101.255,1.0499999999999972,35,586.0749999999962
101.255,1.0499999999999972,35,586.0749999999962
101.255,1.0499999999999972,35,586.0749999999962
101.255,1.0499999999999972,47,592.3749999999964
101.255,1.0499999999999972,47,592.3749999999964
101.255,1.0499999999999972,43,594.4749999999967
101.255,1.0499999999999972,43,594.4749999999967
101.255,1.0499999999999972,36,598.1499999999965
101.255,1.0499999999999972,36,598.1499999999965
101.255,1.0499999999999972,37,598.6749999999965
101.255,1.0499999999999972,36,599.1999999999966
101.255,1.0499999999999972,26,604.4499999999969
101.255,1.0499999999999972,24,605.4999999999966
101.25,1.0600000000000023,25,605.8999999999967
101.25,1.0600000000000023,25,605.8999999999967
101.25,1.0600000000000023,25,605.8999999999967
101.25,1.0600000000000023,25,605.8999999999967
101.27,1.0999999999999943,18,610.0499999999963
101.27,1.0999999999999943,11,613.8999999999965
101.27,1.0999999999999943,16,616.6499999999963
101.285,1.1299999999999955,-7,629.2549999999961
101.285,1.1299999999999955,-6,629.8199999999961
101.295,1.1500000000000057,-17,635.9249999999963
101.295,1.1500000000000057,-12,638.7999999999965
101.295,1.1500000000000057,-8,641.0999999999964
101.295,1.1500000000000057,-9,641.6749999999963
101.295,1.1500000000000057,-10,642.2499999999961
101.295,1.1500000000000057,-15,645.1249999999961
101.295,1.1500000000000057,-14,645.6999999999962
101.295,1.1500000000000057,-1,653.1749999999964
101.295,1.1500000000000057,-1,653.1749999999964
101.295,1.1500000000000057,-1,653.1749999999964
101.295,1.1500000000000057,-1,653.1749999999964
101.295,1.1500000000000057,-1,653.1749999999964
101.3,1.1599999999999966,-8,657.1899999999965
101.3,1.1599999999999966,-18,662.9899999999968
101.3,1.1599999999999966,-18,662.9899999999968
101.29499999999999,1.1700000000000017,-8,668.9199999999971
101.29499999999999,1.1700000000000017,2,674.769999999997
101.29499999999999,1.1700000000000017,1,675.3549999999971
101.29499999999999,1.1700000000000017,1,675.3549999999971
101.29499999999999,1.1700000000000017,-13,683.5449999999971
101.29499999999999,1.1700000000000017,-17,685.884999999997
101.29499999999999,1.1700000000000017,-20,687.6399999999971
101.29499999999999,1.1700000000000017,-27,691.734999999997
101.29499999999999,1.1700000000000017,-27,691.734999999997
101.29499999999999,1.1700000000000017,-27,691.734999999997
101.29499999999999,1.1700000000000017,-27,691.734999999997
101.29499999999999,1.1700000000000017,-27,691.734999999997
101.28999999999999,1.1799999999999926,-9,702.4799999999966
101.295,1.1899999999999977,-17,707.1149999999964
101.295,1.1899999999999977,-9,711.8749999999966
101.295,1.1899999999999977,-9,711.8749999999966
101.295,1.1899999999999977,-6,713.6599999999967
101.295,1.1899999999999977,-4,714.8499999999965
101.295,1.1899999999999977,-12,719.6099999999965
101.295,1.1899999999999977,-13,720.2049999999965
101.295,1.1899999999999977,-4,725.5599999999965
101.295,1.1899999999999977,6,731.5099999999966
101.295,1.1899999999999977,3,733.2949999999967
101.28,1.2199999999999989,11,738.0999999999965
101.28,1.2199999999999989,9,739.3199999999965
101.28,1.2199999999999989,8,739.9299999999965
101.28,1.2199999999999989,7,740.5399999999966
101.28,1.2199999999999989,7,740.5399999999966
101.28,1.2199999999999989,15,745.4199999999967
101.28,1.2199999999999989,14,746.0299999999967
101.28,1.2199999999999989,10,748.4699999999966
101.28,1.2199999999999989,10,748.4699999999966
101.28,1.2199999999999989,2,753.3499999999965
101.28,1.2199999999999989,-1,755.1799999999967
101.28,1.2199999999999989,-2,755.7899999999966
101.28,1.2199999999999989,-3,756.3999999999966
101.285,1.230000000000004,-14,763.0899999999967
101.285,1.230000000000004,-15,763.704999999997
101.285,1.230000000000004,-15,763.704999999997
101.28999999999999,1.2399999999999949,-40,778.989999999998
101.3,1.2199999999999989,-40,778.5899999999974
101.305,1.2099999999999937,-40,778.3899999999971
101.31,1.2000000000000028,-41,778.7899999999972
101.315,1.1899999999999977,-39,779.7749999999978
101.315,1.1899999999999977,-37,780.9649999999983
101.315,1.1899999999999977,-43,784.534999999998
101.33,1.1599999999999966,-43,783.8899999999985
101.33500000000001,1.1499999999999915,-43,783.6749999999975
101.34,1.1400000000000006,-50,787.449999999998
101.375,1.0699999999999932,-49,786.2349999999979
101.375,1.0699999999999932,-39,791.3849999999975
101.375,1.0699999999999932,-49,796.734999999997
101.38499999999999,1.0499999999999972,-41,800.444999999997
101.38499999999999,1.0499999999999972,-40,800.9699999999975
101.38499999999999,1.0499999999999972,-44,803.0699999999979
101.39,1.0600000000000023,-58,810.2599999999975
101.445,0.9500000000000028,-70,812.7699999999977
101.53,0.7800000000000011,-70,806.819999999997
101.575,0.6899999999999977,-68,804.359999999997
101.59,0.6599999999999966,-67,803.6699999999964
101.59,0.6599999999999966,-65,804.3299999999963
101.59,0.6599999999999966,-66,804.6599999999962
101.59,0.6599999999999966,-75,807.6299999999974
101.635,0.5900000000000034,-80,805.6799999999976
101.685,0.4900000000000091,-74,803.1499999999978
101.685,0.4900000000000091,-82,805.1099999999988
101.72,0.4399999999999977,-86,803.0999999999985
101.75999999999999,0.35999999999999943,-84,800.0199999999986
101.77,0.3400000000000034,-79,800.0299999999988
101.77,0.3400000000000034,-79,800.0299999999988
101.77,0.3400000000000034,-90,801.8999999999996
101.805,0.269999999999996,-87,799.1549999999988
101.81,0.2599999999999909,-90,799.1099999999988
101.82499999999999,0.23000000000000398,-89,797.875
101.82499999999999,0.23000000000000398,-92,798.2199999999993
101.8425,0.2049999999999983,-97,797.1175000000003
101.88499999999999,0.14999999999999147,-98,793.0550000000003
101.91,0.09999999999999432,-105,790.9549999999999
101.96,0.0,-114,785.7049999999999
102.03,-0.14000000000000057,-112,777.5849999999973
102.055,-0.19000000000001194,-112,774.784999999998
102.075,-0.21000000000000796,-116,772.0849999999973
102.1,-0.2600000000000051,-115,769.0549999999985
102.11,-0.28000000000000114,-114,767.7649999999994
102.11,-0.28000000000000114,-114,767.7649999999994
102.11,-0.28000000000000114,-118,767.2049999999981
102.13,-0.3200000000000074,-119,764.6849999999977
102.145,-0.3499999999999943,-115,762.1999999999971
102.145,-0.3499999999999943,-115,762.1999999999971
102.145,-0.3499999999999943,-114,762.0249999999978
102.13,-0.3200000000000074,-86,758.9049999999952
102.13,-0.3200000000000074,-87,758.7449999999953
102.13,-0.3200000000000074,-87,758.7449999999953
102.125,-0.3100000000000023,-80,758.0249999999942
102.13499999999999,-0.29000000000000625,-84,756.5649999999932
102.13499999999999,-0.29000000000000625,-85,756.4199999999946
102.13499999999999,-0.29000000000000625,-100,754.2449999999935
102.13499999999999,-0.29000000000000625,-100,754.2449999999935
102.14,-0.28000000000000114,-113,751.8849999999929
102.14,-0.28000000000000114,-121,750.7649999999921
102.175,-0.3499999999999943,-122,746.3549999999923
102.195,-0.39000000000000057,-129,742.5499999999938
102.24000000000001,-0.480000000000004,-131,736.2649999999921
102.275,-0.5499999999999972,-132,731.4049999999916
102.295,-0.5900000000000034,-133,728.4699999999921
102.31,-0.6200000000000045,-132,726.1649999999918
102.315,-0.6299999999999955,-127,723.929999999993
102.31,-0.6200000000000045,-120,722.3449999999921
102.31,-0.6200000000000045,-123,721.4149999999918
102.31,-0.6200000000000045,-129,719.554999999993
102.31,-0.6200000000000045,-129,719.554999999993
102.31,-0.6200000000000045,-125,718.3149999999932
102.31,-0.6200000000000045,-126,718.0049999999937
102.31,-0.6200000000000045,-126,718.0049999999937
102.3,-0.5999999999999943,-119,717.1049999999941
102.3,-0.5999999999999943,-119,717.1049999999941
102.3,-0.5999999999999943,-118,716.804999999993
102.3,-0.5999999999999943,-115,715.9049999999934
102.3,-0.5999999999999943,-114,715.6049999999941
102.3,-0.5999999999999943,-114,715.6049999999941
102.3,-0.5999999999999943,-123,712.9049999999934
102.3,-0.5999999999999943,-123,712.9049999999934
102.3,-0.5999999999999943,-123,712.9049999999934
102.315,-0.5699999999999932,-144,704.9149999999936
102.315,-0.5699999999999932,-132,699.9949999999935
102.33,-0.5999999999999943,-132,698.014999999994
102.34,-0.6200000000000045,-124,694.2149999999929
102.36125,-0.5775000000000148,-138,687.4124999999949
102.40625,-0.667500000000004,-131,678.8662499999937
102.40625,-0.667500000000004,-131,678.8662499999937
102.40625,-0.667500000000004,-134,677.8649999999943
102.39625,-0.647500000000008,-114,672.3699999999972
102.39625,-0.647500000000008,-112,671.7224999999962
102.39625,-0.647500000000008,-112,671.7224999999962
102.39625,-0.647500000000008,-114,671.0749999999971
102.39625,-0.647500000000008,-114,671.0749999999971
102.39625,-0.647500000000008,-107,668.8087499999965
102.39625,-0.647500000000008,-105,668.1612499999974
102.39625,-0.647500000000008,-105,668.1612499999974
102.39625,-0.647500000000008,-106,667.8374999999978
102.39625,-0.647500000000008,-107,667.5137499999964
102.36125,-0.5775000000000148,-104,670.2524999999969
102.36125,-0.5775000000000148,-111,668.2312499999971
102.35125,-0.5575000000000045,-109,668.7637499999983
102.35125,-0.5575000000000045,-116,666.8124999999982
102.35125,-0.5575000000000045,-116,666.8124999999982
102.33624999999999,-0.5275000000000034,-105,665.3812499999967
102.33624999999999,-0.5275000000000034,-103,664.8537499999966
102.33125,-0.5175000000000125,-98,664.024999999996
102.34,-0.5,-107,660.7949999999946
102.34,-0.5,-107,660.7949999999946
102.34,-0.5,-112,659.5449999999964
102.34,-0.5,-113,659.2949999999964
102.34,-0.5,-107,657.7949999999946
102.34,-0.5,-105,657.2949999999946
102.34,-0.5,-106,657.0449999999946
102.33500000000001,-0.4899999999999949,-98,655.5949999999957
102.33500000000001,-0.4899999999999949,-108,653.144999999995
102.33500000000001,-0.4899999999999949,-107,652.8999999999942
102.33500000000001,-0.4899999999999949,-107,652.8999999999942
102.33500000000001,-0.4899999999999949,-104,652.1649999999954
102.33500000000001,-0.4899999999999949,-103,651.9199999999946
102.33500000000001,-0.4899999999999949,-100,651.1849999999959
102.33500000000001,-0.4899999999999949,-95,649.9599999999955
102.33,-0.47999999999998977,-94,650.1849999999959
102.33,-0.47999999999998977,-94,650.1849999999959
102.33,-0.47999999999998977,-93,649.9449999999961
102.33,-0.47999999999998977,-96,649.2249999999967
102.33,-0.47999999999998977,-96,649.2249999999967
102.33,-0.47999999999998977,-101,648.0249999999978
102.33,-0.47999999999998977,-101,648.0249999999978
102.33,-0.47999999999998977,-101,648.0249999999978
102.33,-0.47999999999998977,-98,647.3049999999985
102.33,-0.47999999999998977,-98,647.3049999999985
102.33,-0.47999999999998977,-98,647.3049999999985
102.325,-0.46999999999999886,-80,643.404999999997
102.325,-0.46999999999999886,-82,642.9349999999977
102.325,-0.46999999999999886,-82,642.9349999999977
102.325,-0.46999999999999886,-81,642.6999999999971
102.33,-0.46000000000000796,-83,641.8249999999989
102.33500000000001,-0.45000000000000284,-97,638.1699999999964
102.33500000000001,-0.45000000000000284,-95,637.7199999999957
102.33500000000001,-0.45000000000000284,-93,637.269999999995
102.33500000000001,-0.45000000000000284,-95,636.8199999999943
102.33,-0.4399999999999977,-87,635.5049999999956
102.33,-0.4399999999999977,-89,635.064999999995
102.33,-0.4399999999999977,-92,634.4049999999934
102.325,-0.4300000000000068,-87,633.7399999999943
102.325,-0.4300000000000068,-90,633.0949999999939
102.325,-0.4300000000000068,-91,632.8799999999937
102.325,-0.4300000000000068,-79,630.2999999999947
102.325,-0.4300000000000068,-66,627.5049999999947
102.325,-0.4300000000000068,-65,627.2899999999945
102.325,-0.4300000000000068,-60,626.2149999999947
102.325,-0.4300000000000068,-59,625.9999999999945
102.325,-0.4300000000000068,-59,625.9999999999945
102.33500000000001,-0.4100000000000108,-65,624.099999999994
102.33500000000001,-0.4100000000000108,-61,623.2799999999943
102.33500000000001,-0.4100000000000108,-62,623.0749999999944
102.33500000000001,-0.4100000000000108,-62,623.0749999999944
102.33,-0.4000000000000057,-55,621.9449999999952
102.33,-0.4000000000000057,-55,621.9449999999952
102.33,-0.4000000000000057,-60,620.9449999999943
102.33,-0.4000000000000057,-60,620.9449999999943
102.33,-0.4000000000000057,-60,620.9449999999943
102.33,-0.4000000000000057,-61,620.7449999999944
102.33500000000001,-0.39000000000000057,-62,620.2349999999942
102.33500000000001,-0.39000000000000057,-67,619.2599999999939
102.34,-0.37999999999999545,-76,617.1649999999936
102.34,-0.37999999999999545,-76,617.1649999999936
102.34,-0.37999999999999545,-76,617.1649999999936
102.34,-0.37999999999999545,-74,616.7849999999935
102.34,-0.37999999999999545,-73,616.594999999993
102.345,-0.37000000000000455,-83,614.3199999999924
102.345,-0.37000000000000455,-80,613.7649999999921
102.345,-0.37000000000000455,-80,613.7649999999921
102.345,-0.37000000000000455,-80,613.7649999999921
102.345,-0.37000000000000455,-83,613.2099999999919
102.345,-0.37000000000000455,-83,613.2099999999919
102.345,-0.37000000000000455,-96,610.804999999993
102.345,-0.37000000000000455,-96,610.804999999993
102.345,-0.37000000000000455,-96,610.804999999993
102.345,-0.37000000000000455,-92,610.0649999999914
102.345,-0.37000000000000455,-92,610.0649999999914
102.345,-0.37000000000000455,-93,609.8799999999919
102.345,-0.37000000000000455,-95,609.5099999999911
102.345,-0.37000000000000455,-83,607.28999999999
102.345,-0.37000000000000455,-86,606.7349999999897
102.35,-0.35999999999999943,-92,605.1849999999904
102.35,-0.35999999999999943,-92,605.1849999999904
102.345,-0.3499999999999943,-87,604.7199999999903
102.345,-0.3499999999999943,-87,604.7199999999903
102.345,-0.3499999999999943,-86,604.5449999999892
102.345,-0.3499999999999943,-86,604.5449999999892
102.345,-0.3499999999999943,-80,603.4949999999881
102.345,-0.3499999999999943,-80,603.4949999999881
102.345,-0.3499999999999943,-79,603.3199999999879
102.345,-0.3499999999999943,-80,603.1449999999877
102.345,-0.3499999999999943,-80,603.1449999999877
102.345,-0.3499999999999943,-70,601.3949999999886
102.345,-0.3499999999999943,-85,598.7699999999877
102.345,-0.3499999999999943,-84,598.5949999999884
102.345,-0.3499999999999943,-84,598.5949999999884
102.345,-0.3499999999999943,-84,598.5949999999884
102.345,-0.3499999999999943,-85,598.4199999999873
102.345,-0.3499999999999943,-85,598.4199999999873
102.345,-0.3499999999999943,-94,596.8449999999884
102.34,-0.3400000000000034,-92,596.9649999999874
102.34,-0.3400000000000034,-93,596.7949999999873
102.34,-0.3400000000000034,-98,595.9449999999888
102.34,-0.3400000000000034,-98,595.9449999999888
102.34,-0.3400000000000034,-102,595.2649999999885
102.34,-0.3400000000000034,-102,595.2649999999885
102.34,-0.3400000000000034,-99,594.7549999999883
102.34,-0.3400000000000034,-94,593.9049999999879
102.34,-0.3400000000000034,-93,593.7349999999878
102.34,-0.3400000000000034,-91,593.3949999999877
102.34,-0.3400000000000034,-89,593.0549999999876
102.34,-0.3400000000000034,-97,591.6949999999888
102.34,-0.3400000000000034,-97,591.6949999999888
102.34,-0.3400000000000034,-91,590.6749999999884
102.34,-0.3400000000000034,-91,590.6749999999884
102.34,-0.3400000000000034,-97,589.6549999999897
102.34,-0.3400000000000034,-96,589.4849999999897
102.34,-0.3400000000000034,-94,589.1449999999877
102.34,-0.3400000000000034,-92,588.8049999999876
102.34,-0.3400000000000034,-91,588.6349999999875
102.34,-0.3400000000000034,-91,588.6349999999875
102.34,-0.3400000000000034,-89,588.2949999999873
102.34,-0.3400000000000034,-89,588.2949999999873
102.33,-0.3199999999999932,-82,588.0249999999869
102.33,-0.3199999999999932,-81,587.864999999987
102.33,-0.3199999999999932,-76,587.064999999986
102.325,-0.3100000000000023,-63,585.3399999999856
102.325,-0.3100000000000023,-64,585.1849999999858
102.325,-0.3100000000000023,-64,585.1849999999858
102.325,-0.3100000000000023,-70,584.2549999999865
102.33000000000001,-0.29999999999999716,-91,580.7449999999862
102.33000000000001,-0.29999999999999716,-94,580.2949999999873
102.33000000000001,-0.29999999999999716,-88,579.3949999999877
102.33000000000001,-0.29999999999999716,-88,579.3949999999877
102.33000000000001,-0.29999999999999716,-87,579.2449999999881
102.33000000000001,-0.29999999999999716,-86,579.0949999999884
102.33000000000001,-0.29999999999999716,-89,578.6449999999895
102.33000000000001,-0.29999999999999716,-91,578.3449999999903
102.33000000000001,-0.29999999999999716,-94,577.8949999999913
102.33000000000001,-0.29999999999999716,-94,577.8949999999913
102.33000000000001,-0.29999999999999716,-95,577.7449999999917
102.33000000000001,-0.29999999999999716,-96,577.5949999999921
102.33000000000001,-0.29999999999999716,-95,577.4449999999924
102.33000000000001,-0.29999999999999716,-95,577.4449999999924
102.33000000000001,-0.29999999999999716,-95,577.4449999999924
102.33000000000001,-0.29999999999999716,-90,576.6949999999924
102.33000000000001,-0.29999999999999716,-92,576.3949999999932
102.33000000000001,-0.29999999999999716,-92,576.3949999999932
102.33500000000001,-0.29000000000000625,-98,575.014999999994
102.33500000000001,-0.29000000000000625,-99,574.8699999999935
102.33500000000001,-0.29000000000000625,-99,574.8699999999935
102.33500000000001,-0.29000000000000625,-101,574.5799999999927
102.33500000000001,-0.29000000000000625,-105,573.9999999999927
102.33500000000001,-0.29000000000000625,-105,573.9999999999927
102.33500000000001,-0.29000000000000625,-108,573.5649999999932
102.33500000000001,-0.29000000000000625,-107,573.4199999999928
102.33,-0.28000000000000114,-103,573.3849999999948
102.33,-0.28000000000000114,-103,573.3849999999948
102.33,-0.28000000000000114,-103,573.3849999999948
102.33,-0.28000000000000114,-103,573.3849999999948
102.33,-0.28000000000000114,-103,573.3849999999948
102.33,-0.28000000000000114,-109,572.5449999999946
102.33,-0.28000000000000114,-114,571.8449999999957
102.33,-0.28000000000000114,-119,571.144999999995
102.35499999999999,-0.3299999999999983,-111,566.8499999999967
102.35499999999999,-0.3299999999999983,-114,566.3549999999959
102.35499999999999,-0.3299999999999983,-113,566.1899999999969
102.35499999999999,-0.3299999999999983,-113,566.1899999999969
102.34,-0.29999999999999716,-112,567.7049999999945
102.34,-0.29999999999999716,-117,566.9549999999945
102.35,-0.3200000000000074,-126,564.3449999999975
102.4,-0.4200000000000017,-126,558.0449999999946
102.425,-0.46999999999999886,-134,553.0149999999976
102.47999999999999,-0.5799999999999983,-135,545.3549999999977
102.50999999999999,-0.6400000000000006,-136,540.9849999999988
102.53,-0.6800000000000068,-136,538.2649999999976
102.53999999999999,-0.7000000000000028,-137,536.5549999999985
102.55,-0.7199999999999989,-146,531.9449999999997
102.6,-0.8200000000000074,-150,523.0049999999992
102.645,-0.9099999999999966,-149,515.7999999999993
102.66,-0.9399999999999977,-149,513.5649999999987
102.67,-0.960000000000008,-149,512.0749999999989
102.68,-0.9599999999999937,-151,509.60499999999774
102.695,-0.9899999999999949,-150,506.84499999999935
102.695,-0.9899999999999949,-144,503.875
102.695,-0.9899999999999949,-144,503.875
102.695,-0.9899999999999949,-145,503.3799999999992
102.695,-0.9899999999999949,-158,496.9449999999979
102.735,-1.0699999999999932,-158,490.6249999999982
102.755,-1.1099999999999994,-156,486.35499999999956
102.755,-1.1099999999999994,-157,485.7999999999993
102.75999999999999,-1.1199999999999903,-156,484.45500000000175
102.76499999999999,-1.1099999999999994,-161,480.8500000000022
102.78999999999999,-1.1600000000000108,-181,465.2250000000022
102.905,-1.3900000000000006,-176,440.9350000000013
102.945,-1.4500000000000028,-192,422.1949999999997
102.945,-1.4500000000000028,-182,413.0450000000019
102.99000000000001,-1.5400000000000063,-182,404.85499999999956
103.02000000000001,-1.5799999999999983,-188,394.61499999999796
103.065,-1.6700000000000017,-187,385.3199999999997
103.08500000000001,-1.7099999999999937,-191,378.1599999999962
103.11500000000001,-1.769999999999996,-196,368.0049999999974
103.155,-1.8499999999999943,-196,360.16499999999724
103.17,-1.8799999999999955,-197,356.2849999999962
103.185,-1.9099999999999966,-206,344.73499999999694
103.24000000000001,-2.019999999999996,-209,330.3749999999927
103.28,-2.0999999999999943,-210,320.9649999999965
103.305,-2.1499999999999915,-211,314.63999999999214
103.325,-2.1899999999999977,-215,306.0399999999936
103.355,-2.25,-215,299.58999999999287
103.37,-2.280000000000001,-211,291.804999999993
103.37,-2.280000000000001,-214,288.3849999999911
103.37,-2.280000000000001,-221,280.40499999999156
103.405,-2.3499999999999943,-221,272.669999999991
103.42,-2.3799999999999955,-221,269.3549999999923
103.43,-2.3999999999999915,-223,264.74499999998807
103.44999999999999,-2.4200000000000017,-241,238.42499999999563
103.55,-2.6200000000000045,-244,210.39499999999316
103.615,-2.75,-244,194.53499999999622
103.645,-2.8100000000000023,-247,182.99999999999636
103.675,-2.8700000000000045,-247,175.5899999999965
103.69,-2.9000000000000057,-247,171.88499999999476
103.69999999999999,-2.9200000000000017,-256,156.27499999999782
103.75,-3.0200000000000102,-252,137.43499999999403
103.755,-3.030000000000001,-251,134.65999999999622
103.755,-3.030000000000001,-252,133.1449999999968
103.755,-3.030000000000001,-253,131.62999999999738
103.765,-3.030000000000001,-259,119.97999999999956
103.805,-3.1099999999999994,-258,108.06499999999505
103.82,-3.1400000000000006,-258,104.19499999999971
103.825,-3.1500000000000057,-255,98.17999999999665
103.825,-3.1500000000000057,-262,87.1549999999952
103.85,-3.200000000000003,-258,74.20499999999811
103.85,-3.200000000000003,-257,72.60499999999956
103.84,-3.180000000000007,-249,62.354999999995925
103.84,-3.180000000000007,-249,62.354999999995925
103.84,-3.180000000000007,-257,49.63499999999476
103.84,-3.180000000000007,-257,49.63499999999476
103.83500000000001,-3.1700000000000017,-244,30.244999999995343
103.83,-3.1599999999999966,-240,25.104999999995925
103.83,-3.1599999999999966,-240,25.104999999995925
103.83,-3.1599999999999966,-241,23.524999999997817
103.83,-3.1599999999999966,-244,18.784999999996217
103.83,-3.1599999999999966,-243,17.20499999999811
103.83,-3.1599999999999966,-247,10.8849999999984
103.83,-3.1599999999999966,-246,9.304999999996653
103.83,-3.1599999999999966,-251,1.4049999999988358
103.83,-3.1599999999999966,-252,-0.17500000000291038
103.83,-3.1599999999999966,-249,-4.915000000000873
103.83,-3.1599999999999966,-248,-6.495000000002619
103.83,-3.1599999999999966,-250,-9.655000000002474
103.825,-3.1500000000000057,-231,-38.4700000000048
103.825,-3.1500000000000057,-230,-40.04500000000553
103.825,-3.1500000000000057,-230,-40.04500000000553
103.82,-3.1400000000000006,-225,-46.755000000008295
103.82,-3.1400000000000006,-227,-49.89500000000771
103.815,-3.1299999999999955,-219,-61.34000000000742
103.815,-3.1299999999999955,-220,-62.90500000000611
103.815,-3.1299999999999955,-220,-62.90500000000611
103.815,-3.1299999999999955,-221,-64.4700000000048
103.815,-3.1299999999999955,-221,-64.4700000000048
103.815,-3.1299999999999955,-223,-67.60000000000582
103.815,-3.1299999999999955,-216,-78.55500000000757
103.815,-3.1299999999999955,-218,-81.68500000000495
103.8,-3.0999999999999943,-199,-107.9850000000115
103.8,-3.0999999999999943,-206,-118.83500000001004
103.795,-3.0900000000000034,-201,-125.54000000001179
103.795,-3.0900000000000034,-202,-127.08500000001004
103.795,-3.0900000000000034,-202,-127.08500000001004
103.795,-3.0900000000000034,-199,-131.72000000001208
103.78999999999999,-3.0799999999999983,-182,-156.93500000000859
103.78999999999999,-3.0799999999999983,-181,-158.47500000000946
103.78999999999999,-3.0799999999999983,-176,-166.1750000000102
103.78999999999999,-3.0799999999999983,-176,-166.1750000000102
103.78999999999999,-3.0799999999999983,-176,-166.1750000000102
103.785,-3.069999999999993,-166,-180.7450000000099
103.785,-3.069999999999993,-165,-182.28000000000975
103.785,-3.069999999999993,-165,-182.28000000000975
103.785,-3.069999999999993,-163,-185.35000000000946
103.785,-3.069999999999993,-164,-186.8850000000093
103.785,-3.069999999999993,-163,-188.42000000000917
103.78,-3.0600000000000023,-152,-204.4950000000099
103.78,-3.0600000000000023,-150,-207.5550000000112
103.775,-3.049999999999997,-145,-214.46000000001186
103.775,-3.049999999999997,-144,-215.9850000000115
103.775,-3.049999999999997,-142,-219.0350000000126
103.77000000000001,-3.0400000000000063,-135,-229.01500000001215
103.77000000000001,-3.0400000000000063,-134,-230.5350000000144
103.77000000000001,-3.0400000000000063,-131,-235.0950000000139
103.77000000000001,-3.0400000000000063,-130,-236.61500000001615
103.77000000000001,-3.0400000000000063,-140,-251.81500000001506
103.77000000000001,-3.0400000000000063,-140,-251.81500000001506
103.77000000000001,-3.0400000000000063,-140,-251.81500000001506
103.77000000000001,-3.0400000000000063,-140,-251.81500000001506
103.77000000000001,-3.0400000000000063,-141,-253.3350000000155
103.77000000000001,-3.0400000000000063,-148,-263.9750000000149
103.77000000000001,-3.0400000000000063,-147,-265.49500000001717
103.77000000000001,-3.0400000000000063,-148,-267.0150000000158
103.77000000000001,-3.0400000000000063,-148,-267.0150000000158
103.77000000000001,-3.0400000000000063,-148,-267.0150000000158
103.765,-3.030000000000001,-146,-269.3250000000153
103.765,-3.030000000000001,-142,-275.38500000001477
103.765,-3.030000000000001,-142,-275.38500000001477
103.765,-3.030000000000001,-142,-275.38500000001477
103.765,-3.030000000000001,-146,-281.4450000000161
103.765,-3.030000000000001,-159,-301.14000000001397
103.765,-3.030000000000001,-160,-302.655000000017
103.765,-3.030000000000001,-159,-304.1700000000146
103.765,-3.030000000000001,-161,-307.2000000000189
103.765,-3.030000000000001,-155,-316.29000000001906
103.765,-3.030000000000001,-152,-320.83500000001914
103.765,-3.030000000000001,-152,-320.83500000001914
103.765,-3.030000000000001,-156,-326.8950000000186
103.765,-3.030000000000001,-152,-332.95500000001994
103.765,-3.030000000000001,-151,-334.47000000001935
103.75999999999999,-3.019999999999996,-145,-342.78500000001986
103.75999999999999,-3.019999999999996,-144,-344.2950000000201
103.75999999999999,-3.019999999999996,-121,-379.02500000001965
103.75999999999999,-3.019999999999996,-121,-379.02500000001965
103.75999999999999,-3.019999999999996,-121,-379.02500000001965
103.75999999999999,-3.019999999999996,-123,-382.0450000000201
103.75999999999999,-3.019999999999996,-126,-386.5750000000189
103.75999999999999,-3.019999999999996,-127,-388.08500000001914
103.75999999999999,-3.019999999999996,-127,-388.08500000001914
103.75999999999999,-3.019999999999996,-131,-394.12500000002
103.75999999999999,-3.019999999999996,-132,-395.6350000000202
103.75999999999999,-3.019999999999996,-124,-407.71500000001834
103.75999999999999,-3.019999999999996,-123,-409.2250000000204
103.75999999999999,-3.019999999999996,-123,-409.2250000000204
103.75999999999999,-3.019999999999996,-123,-409.2250000000204
103.755,-3.010000000000005,-118,-416.14500000002226
103.755,-3.010000000000005,-116,-419.1550000000225
103.755,-3.010000000000005,-116,-419.1550000000225
103.755,-3.010000000000005,-127,-435.7100000000228
103.7575,-3.0050000000000097,-138,-452.56000000002314
103.7475,-2.9849999999999994,-126,-469.2900000000227
103.7475,-2.9849999999999994,-126,-469.2900000000227
103.7475,-2.9849999999999994,-125,-470.782500000023
103.7475,-2.9849999999999994,-125,-470.782500000023
103.7475,-2.9849999999999994,-125,-470.782500000023
103.7475,-2.9849999999999994,-125,-470.782500000023
103.7475,-2.9849999999999994,-126,-472.2750000000233
103.7475,-2.9849999999999994,-121,-479.73750000002474
103.7475,-2.9849999999999994,-122,-481.23000000002503
103.7475,-2.9849999999999994,-121,-482.7225000000253
103.7475,-2.9849999999999994,-133,-500.6325000000252
103.7425,-2.9750000000000085,-123,-514.8525000000263
103.7425,-2.9750000000000085,-127,-520.8025000000252
103.7425,-2.9750000000000085,-129,-523.7775000000256
103.7425,-2.9750000000000085,-136,-534.190000000026
103.7425,-2.9750000000000085,-133,-538.6525000000256
103.7425,-2.9750000000000085,-132,-540.1400000000249
103.745,-2.969999999999999,-137,-547.9050000000243
103.745,-2.969999999999999,-136,-549.3900000000231
103.71000000000001,-2.8999999999999915,-128,-556.6500000000233
103.71000000000001,-2.8999999999999915,-132,-562.4500000000226
103.71000000000001,-2.8999999999999915,-141,-575.5000000000218
103.71000000000001,-2.8999999999999915,-150,-588.5500000000229
103.71000000000001,-2.8999999999999915,-149,-590.0000000000218
103.71000000000001,-2.8999999999999915,-155,-598.7000000000226
103.71000000000001,-2.8999999999999915,-154,-600.1500000000233
103.71000000000001,-2.8999999999999915,-152,-603.0500000000229
103.71000000000001,-2.8999999999999915,-153,-604.5000000000218
103.71000000000001,-2.8999999999999915,-152,-605.9500000000226
103.71000000000001,-2.8999999999999915,-154,-608.8500000000222
103.71000000000001,-2.8999999999999915,-161,-619.0000000000218
103.7,-2.8799999999999955,-157,-623.2100000000191
103.7,-2.8799999999999955,-158,-624.6500000000215
103.7,-2.8799999999999955,-158,-624.6500000000215
103.7,-2.8799999999999955,-159,-626.0900000000183
103.7,-2.8799999999999955,-159,-626.0900000000183
103.7,-2.8799999999999955,-160,-627.5300000000188
103.7,-2.8799999999999955,-158,-630.4100000000217
103.7,-2.8799999999999955,-158,-630.4100000000217
103.7,-2.8799999999999955,-158,-630.4100000000217
103.7,-2.8799999999999955,-159,-631.8500000000186
103.7,-2.8799999999999955,-159,-631.8500000000186
103.7,-2.8799999999999955,-161,-634.7300000000196
103.7,-2.8799999999999955,-153,-646.25000000002
103.7,-2.8799999999999955,-158,-653.4500000000226
103.7,-2.8799999999999955,-158,-653.4500000000226
103.7,-2.8799999999999955,-164,-662.0900000000202
103.7,-2.8799999999999955,-161,-666.4100000000217
103.7,-2.8799999999999955,-161,-666.4100000000217
103.705,-2.8700000000000045,-164,-671.5400000000191
103.705,-2.8700000000000045,-167,-675.8450000000194
103.705,-2.8700000000000045,-164,-680.1500000000178
103.705,-2.8700000000000045,-163,-681.5850000000191
103.705,-2.8700000000000045,-162,-683.0200000000168
103.695,-2.8500000000000085,-158,-687.1200000000172
103.695,-2.8500000000000085,-149,-699.9450000000161
103.695,-2.8500000000000085,-146,-704.2200000000175
103.695,-2.8500000000000085,-146,-704.2200000000175
103.69,-2.8400000000000034,-135,-719.160000000018
103.69,-2.8400000000000034,-136,-720.5800000000181
103.69,-2.8400000000000034,-141,-727.6800000000167
103.69,-2.8400000000000034,-142,-729.1000000000167
103.69,-2.8400000000000034,-141,-730.5200000000168
103.69,-2.8400000000000034,-140,-731.9400000000187
103.69,-2.8400000000000034,-139,-733.3600000000188
103.69,-2.8400000000000034,-144,-740.4600000000191
103.68,-2.8200000000000074,-143,-740.4500000000207
103.68,-2.8200000000000074,-141,-743.2700000000204
103.68,-2.8200000000000074,-145,-748.9100000000199
103.68,-2.8200000000000074,-146,-750.3200000000197
103.68,-2.8200000000000074,-146,-750.3200000000197
103.66999999999999,-2.799999999999997,-137,-761.6200000000172
103.66999999999999,-2.799999999999997,-135,-764.4200000000164
103.66999999999999,-2.799999999999997,-140,-771.4200000000146
103.66999999999999,-2.799999999999997,-141,-772.8200000000143
103.66999999999999,-2.799999999999997,-150,-785.4200000000146
103.66999999999999,-2.799999999999997,-151,-786.8200000000143
103.66999999999999,-2.799999999999997,-157,-795.2200000000139
103.675,-2.789999999999992,-166,-808.6300000000156
103.675,-2.789999999999992,-171,-815.6050000000141
103.675,-2.789999999999992,-174,-819.7900000000154
103.66499999999999,-2.769999999999996,-166,-829.270000000015
103.66499999999999,-2.769999999999996,-166,-829.270000000015
103.66499999999999,-2.769999999999996,-165,-830.6550000000134
103.66499999999999,-2.769999999999996,-153,-847.2750000000142
103.66499999999999,-2.769999999999996,-152,-848.6600000000126
103.66499999999999,-2.769999999999996,-151,-850.0450000000128
103.66499999999999,-2.769999999999996,-154,-854.2000000000116
103.65,-2.739999999999995,-132,-882.150000000016
103.65,-2.739999999999995,-132,-882.150000000016
103.65,-2.739999999999995,-128,-887.6300000000156
103.65,-2.739999999999995,-136,-898.5900000000165
103.65,-2.739999999999995,-136,-898.5900000000165
103.65,-2.739999999999995,-137,-899.9600000000155
103.65,-2.739999999999995,-137,-899.9600000000155
103.65,-2.739999999999995,-137,-899.9600000000155
103.65,-2.739999999999995,-143,-908.1800000000148
103.65,-2.739999999999995,-134,-920.5100000000148
103.65,-2.739999999999995,-135,-921.8800000000138
103.65,-2.739999999999995,-134,-923.2500000000146
103.65,-2.739999999999995,-143,-935.5800000000145
103.65,-2.739999999999995,-144,-936.9500000000135
103.64,-2.719999999999999,-130,-954.7100000000137
103.64,-2.719999999999999,-130,-954.7100000000137
103.64,-2.719999999999999,-124,-962.8700000000135
103.64,-2.719999999999999,-123,-964.2300000000123
103.64,-2.719999999999999,-123,-964.2300000000123
103.64,-2.719999999999999,-122,-965.5900000000129
103.64,-2.719999999999999,-119,-969.6700000000128
103.64,-2.719999999999999,-120,-971.0300000000116
103.64,-2.719999999999999,-124,-976.4700000000121
103.63499999999999,-2.7099999999999937,-119,-982.6550000000097
103.63499999999999,-2.7099999999999937,-118,-984.0100000000093
103.63499999999999,-2.7099999999999937,-131,-1001.6250000000109
103.63499999999999,-2.7099999999999937,-128,-1005.6900000000096
103.63499999999999,-2.7099999999999937,-135,-1015.1750000000102
103.63499999999999,-2.7099999999999937,-135,-1015.1750000000102
103.64,-2.6999999999999886,-153,-1040.2500000000127
103.64,-2.6999999999999886,-156,-1044.300000000012
103.63,-2.6799999999999926,-149,-1052.2000000000098
103.63,-2.6799999999999926,-154,-1058.9000000000087
103.63,-2.6799999999999926,-149,-1065.6000000000095
103.63,-2.6799999999999926,-150,-1066.9400000000096
103.63,-2.6799999999999926,-151,-1068.280000000008
103.63,-2.6799999999999926,-157,-1076.3200000000088
103.575,-2.569999999999993,-155,-1070.4750000000095
103.575,-2.569999999999993,-155,-1070.4750000000095
103.57749999999999,-2.565000000000012,-161,-1078.587500000007
103.57749999999999,-2.565000000000012,-167,-1086.2825000000066
103.57749999999999,-2.565000000000012,-168,-1087.565000000006
103.57749999999999,-2.565000000000012,-165,-1091.4125000000076
103.57749999999999,-2.565000000000012,-166,-1092.695000000007
103.57749999999999,-2.565000000000012,-169,-1096.5425000000068
103.57749999999999,-2.565000000000012,-170,-1097.8250000000116
103.57749999999999,-2.565000000000012,-170,-1097.8250000000116
103.57749999999999,-2.565000000000012,-166,-1102.9550000000108
103.57749999999999,-2.565000000000012,-166,-1102.9550000000108
103.57749999999999,-2.565000000000012,-168,-1105.5200000000095
103.57749999999999,-2.565000000000012,-166,-1108.08500000001
103.57749999999999,-2.565000000000012,-166,-1108.08500000001
103.57749999999999,-2.565000000000012,-160,-1115.7800000000097
103.57749999999999,-2.565000000000012,-160,-1115.7800000000097
103.57749999999999,-2.565000000000012,-163,-1119.6275000000078
103.57749999999999,-2.565000000000012,-163,-1119.6275000000078
103.57749999999999,-2.565000000000012,-163,-1119.6275000000078
103.5525,-2.515000000000015,-158,-1122.090000000011
103.5525,-2.515000000000015,-161,-1125.8625000000102
103.5525,-2.515000000000015,-167,-1133.4075000000084
103.5525,-2.515000000000015,-172,-1139.6950000000106
103.5525,-2.515000000000015,-177,-1145.9825000000128
103.5525,-2.515000000000015,-177,-1145.9825000000128
103.5525,-2.515000000000015,-177,-1145.9825000000128
103.5525,-2.515000000000015,-174,-1149.755000000012
103.5525,-2.515000000000015,-176,-1152.2700000000114
103.5525,-2.515000000000015,-176,-1152.2700000000114
103.5525,-2.515000000000015,-171,-1158.5575000000135
103.5525,-2.515000000000015,-171,-1158.5575000000135
103.5525,-2.515000000000015,-162,-1169.875000000011
103.5525,-2.515000000000015,-160,-1172.3900000000122
103.5525,-2.515000000000015,-160,-1172.3900000000122
103.5525,-2.515000000000015,-160,-1172.3900000000122
103.5525,-2.515000000000015,-161,-1173.6475000000137
103.5525,-2.515000000000015,-162,-1174.9050000000116
103.5525,-2.515000000000015,-161,-1176.162500000013
103.5525,-2.515000000000015,-157,-1181.192500000012
103.5525,-2.515000000000015,-158,-1182.4500000000135
103.5525,-2.515000000000015,-159,-1183.7075000000132
103.5525,-2.515000000000015,-162,-1187.4800000000105
103.5525,-2.515000000000015,-159,-1191.2525000000132
103.55250000000001,-2.5150000000000006,-166,-1200.055000000013
103.5425,-2.4950000000000045,-163,-1202.1975000000148
103.5375,-2.4849999999999994,-153,-1213.907500000012
103.5375,-2.4849999999999994,-152,-1215.1500000000124
103.5375,-2.4849999999999994,-149,-1218.8775000000132
103.5375,-2.4849999999999994,-149,-1218.8775000000132
103.5375,-2.4849999999999994,-153,-1223.8475000000126
103.5375,-2.4849999999999994,-153,-1223.8475000000126
103.5375,-2.4849999999999994,-152,-1225.0900000000129
103.5375,-2.4849999999999994,-152,-1225.0900000000129
103.47749999999999,-2.364999999999995,-143,-1227.2125000000124
103.47749999999999,-2.364999999999995,-142,-1228.3950000000114
103.47749999999999,-2.364999999999995,-139,-1231.942500000012
103.47749999999999,-2.364999999999995,-144,-1237.8550000000105
103.4625,-2.3349999999999937,-139,-1241.5925000000116
103.4525,-2.3149999999999977,-127,-1254.232500000011
103.4525,-2.3149999999999977,-128,-1255.3900000000103
103.4525,-2.3149999999999977,-129,-1256.5475000000097
103.4525,-2.3149999999999977,-129,-1256.5475000000097
103.455,-2.3100000000000023,-130,-1258.0300000000097
103.455,-2.3100000000000023,-130,-1258.0300000000097
103.455,-2.3100000000000023,-129,-1259.1850000000104
103.455,-2.3100000000000023,-125,-1263.8050000000112
103.455,-2.3100000000000023,-128,-1267.2700000000114
103.455,-2.3100000000000023,-128,-1267.2700000000114
103.455,-2.3100000000000023,-130,-1269.5800000000108
103.455,-2.3100000000000023,-129,-1270.7350000000115
103.455,-2.3100000000000023,-130,-1271.8900000000122
103.455,-2.3100000000000023,-131,-1273.0450000000128
103.455,-2.3100000000000023,-132,-1274.2000000000135
103.455,-2.3100000000000023,-131,-1275.3550000000141
103.455,-2.3100000000000023,-130,-1276.5100000000148
103.46000000000001,-2.299999999999997,-135,-1282.9300000000148
103.46000000000001,-2.299999999999997,-134,-1284.0800000000163
103.46000000000001,-2.299999999999997,-137,-1287.5300000000152
103.46000000000001,-2.299999999999997,-136,-1288.6800000000167
103.46000000000001,-2.299999999999997,-145,-1299.030000000017
103.46000000000001,-2.299999999999997,-144,-1300.1800000000185
103.46000000000001,-2.299999999999997,-144,-1300.1800000000185
103.46000000000001,-2.299999999999997,-150,-1307.0800000000181
103.46000000000001,-2.299999999999997,-148,-1309.3800000000174
103.46000000000001,-2.299999999999997,-147,-1310.530000000017
103.46000000000001,-2.299999999999997,-147,-1310.530000000017
103.455,-2.289999999999992,-141,-1316.6750000000175
103.43,-2.239999999999995,-119,-1338.3400000000165
103.43,-2.239999999999995,-112,-1346.1800000000167
103.43,-2.239999999999995,-108,-1350.660000000018
103.43,-2.239999999999995,-109,-1351.7800000000188
103.43,-2.239999999999995,-109,-1351.7800000000188
103.43,-2.239999999999995,-109,-1351.7800000000188
103.41,-2.200000000000003,-95,-1365.4800000000178
103.41,-2.200000000000003,-95,-1365.4800000000178
103.41,-2.200000000000003,-95,-1365.4800000000178
103.41,-2.200000000000003,-91,-1369.8800000000183
103.41,-2.200000000000003,-93,-1372.0800000000181
103.41,-2.200000000000003,-93,-1372.0800000000181
103.41,-2.200000000000003,-90,-1375.3800000000183
103.41,-2.200000000000003,-90,-1375.3800000000183
103.41,-2.200000000000003,-91,-1376.4800000000178
103.41,-2.200000000000003,-97,-1383.0800000000181
103.41,-2.200000000000003,-108,-1395.1800000000167
103.41,-2.200000000000003,-107,-1396.280000000017
103.41,-2.200000000000003,-106,-1397.3800000000174
103.41,-2.200000000000003,-110,-1401.7800000000188
103.41,-2.200000000000003,-110,-1401.7800000000188
103.39500000000001,-2.1700000000000017,-102,-1408.9600000000191
103.39500000000001,-2.1700000000000017,-105,-1412.2150000000183
103.39500000000001,-2.1700000000000017,-105,-1412.2150000000183
103.39500000000001,-2.1700000000000017,-104,-1413.3000000000193
103.39500000000001,-2.1700000000000017,-106,-1415.4700000000175
103.39500000000001,-2.1700000000000017,-113,-1423.0650000000187
103.39500000000001,-2.1700000000000017,-112,-1424.1500000000178
103.39500000000001,-2.1700000000000017,-108,-1428.490000000018
103.39500000000001,-2.1700000000000017,-113,-1433.915000000019
103.39500000000001,-2.1700000000000017,-113,-1433.915000000019
103.39500000000001,-2.1700000000000017,-106,-1441.5100000000184
103.39500000000001,-2.1700000000000017,-106,-1441.5100000000184
103.375,-2.1299999999999955,-96,-1450.200000000017
103.375,-2.1299999999999955,-95,-1451.2650000000176
103.375,-2.1299999999999955,-99,-1455.5250000000178
103.375,-2.1299999999999955,-99,-1455.5250000000178
103.375,-2.1299999999999955,-99,-1455.5250000000178
103.375,-2.1299999999999955,-99,-1455.5250000000178
103.375,-2.1299999999999955,-99,-1455.5250000000178
103.375,-2.1299999999999955,-107,-1464.0450000000183
103.375,-2.1299999999999955,-107,-1464.0450000000183
103.375,-2.1299999999999955,-107,-1464.0450000000183
103.375,-2.1299999999999955,-106,-1465.1100000000188
103.375,-2.1299999999999955,-105,-1466.1750000000193
103.375,-2.1299999999999955,-105,-1466.1750000000193
103.375,-2.1299999999999955,-107,-1468.3050000000185
103.375,-2.1299999999999955,-107,-1468.3050000000185
103.375,-2.1299999999999955,-108,-1469.370000000019
103.375,-2.1299999999999955,-109,-1470.4350000000195
103.38,-2.1200000000000045,-115,-1477.3500000000186
103.38,-2.1200000000000045,-115,-1477.3500000000186
103.38,-2.1200000000000045,-115,-1477.3500000000186
103.38,-2.1200000000000045,-119,-1481.5900000000183
103.38,-2.1200000000000045,-113,-1487.950000000017
103.38,-2.1200000000000045,-114,-1489.0100000000184
103.38,-2.1200000000000045,-112,-1491.1300000000174
103.38,-2.1200000000000045,-112,-1491.1300000000174
103.38,-2.1200000000000045,-111,-1492.1900000000187
103.38,-2.1200000000000045,-111,-1492.1900000000187
103.38,-2.1200000000000045,-108,-1495.3700000000172
103.38,-2.1200000000000045,-108,-1495.3700000000172
103.38,-2.1200000000000045,-114,-1501.7300000000178
103.38,-2.1200000000000045,-115,-1502.7900000000172
103.38,-2.1200000000000045,-108,-1510.2100000000173
103.38,-2.1200000000000045,-108,-1510.2100000000173
103.37,-2.1000000000000085,-101,-1516.5200000000186
103.37,-2.1000000000000085,-108,-1523.870000000019
103.37,-2.1000000000000085,-105,-1527.0200000000186
103.37,-2.1000000000000085,-105,-1527.0200000000186
103.37,-2.1000000000000085,-105,-1527.0200000000186
103.37,-2.1000000000000085,-107,-1529.120000000019
103.37,-2.1000000000000085,-106,-1530.17000000002
103.37,-2.1000000000000085,-105,-1531.2200000000194
103.3725,-2.094999999999999,-119,-1546.177500000018
103.3725,-2.094999999999999,-116,-1549.3200000000197
103.3725,-2.094999999999999,-116,-1549.3200000000197
103.3725,-2.094999999999999,-111,-1554.557500000019
103.3675,-2.0849999999999937,-108,-1557.1500000000196
103.3675,-2.0849999999999937,-108,-1557.1500000000196
103.3675,-2.0849999999999937,-113,-1562.3625000000193
103.3675,-2.0849999999999937,-113,-1562.3625000000193
103.3675,-2.0849999999999937,-114,-1563.4050000000188
103.3675,-2.0849999999999937,-112,-1565.490000000018
103.3675,-2.0849999999999937,-107,-1570.7025000000176
103.3675,-2.0849999999999937,-108,-1571.7450000000172
103.3675,-2.0849999999999937,-107,-1572.7875000000167
103.3675,-2.0849999999999937,-107,-1572.7875000000167
103.3675,-2.0849999999999937,-107,-1572.7875000000167
103.3675,-2.0849999999999937,-89,-1591.552500000017
103.3675,-2.0849999999999937,-92,-1594.6800000000176
103.3675,-2.0849999999999937,-91,-1595.7225000000171
103.35249999999999,-2.0549999999999926,-84,-1601.6100000000142
103.35249999999999,-2.0549999999999926,-79,-1606.747500000014
103.35249999999999,-2.0549999999999926,-78,-1607.7750000000142
103.35249999999999,-2.0549999999999926,-77,-1608.8025000000143
103.35249999999999,-2.0549999999999926,-79,-1610.8575000000146
103.35249999999999,-2.0549999999999926,-78,-1611.8850000000148
103.35249999999999,-2.0549999999999926,-69,-1621.1325000000152
103.35249999999999,-2.0549999999999926,-63,-1627.2975000000151
103.35249999999999,-2.0549999999999926,-58,-1632.435000000015
103.3425,-2.0349999999999966,-49,-1641.1525000000152
103.3425,-2.0349999999999966,-49,-1641.1525000000152
103.3425,-2.0349999999999966,-50,-1642.170000000015
103.3425,-2.0349999999999966,-54,-1646.2400000000148
103.3425,-2.0349999999999966,-54,-1646.2400000000148
103.3425,-2.0349999999999966,-59,-1651.3275000000158
103.3425,-2.0349999999999966,-59,-1651.3275000000158
103.345,-2.030000000000001,-73,-1665.7000000000144
103.345,-2.030000000000001,-86,-1678.895000000015
103.345,-2.030000000000001,-86,-1678.895000000015
103.345,-2.030000000000001,-85,-1679.9100000000153
103.345,-2.030000000000001,-91,-1686.0000000000146
103.345,-2.030000000000001,-91,-1686.0000000000146
103.345,-2.030000000000001,-87,-1690.0600000000131
103.345,-2.030000000000001,-91,-1694.1200000000144
103.345,-2.030000000000001,-93,-1696.1500000000133
103.345,-2.030000000000001,-93,-1696.1500000000133
103.345,-2.030000000000001,-86,-1703.2550000000138
103.345,-2.030000000000001,-86,-1703.2550000000138
103.345,-2.030000000000001,-79,-1710.3600000000142
103.345,-2.030000000000001,-91,-1722.5400000000145
103.345,-2.030000000000001,-91,-1722.5400000000145
103.345,-2.030000000000001,-90,-1723.555000000013
103.33500000000001,-2.010000000000005,-82,-1730.855000000015
103.33500000000001,-2.010000000000005,-82,-1730.855000000015
103.33500000000001,-2.010000000000005,-80,-1732.8650000000152
103.33500000000001,-2.010000000000005,-80,-1732.8650000000152
103.33500000000001,-2.010000000000005,-89,-1741.9100000000144
103.33500000000001,-2.010000000000005,-97,-1749.9500000000153
103.33500000000001,-2.010000000000005,-97,-1749.9500000000153
103.33500000000001,-2.010000000000005,-88,-1758.9950000000163
103.33500000000001,-2.010000000000005,-87,-1760.0000000000155
103.33500000000001,-2.010000000000005,-91,-1764.020000000016
103.33500000000001,-2.010000000000005,-90,-1765.025000000017
103.33500000000001,-2.010000000000005,-89,-1766.0300000000161
103.33500000000001,-2.010000000000005,-91,-1768.0400000000163
103.33500000000001,-2.010000000000005,-91,-1768.0400000000163
103.33500000000001,-2.010000000000005,-90,-1769.0450000000174
103.33500000000001,-2.010000000000005,-85,-1774.070000000016
103.33500000000001,-2.010000000000005,-83,-1776.0800000000163
103.33500000000001,-2.010000000000005,-84,-1777.0850000000173
103.33500000000001,-2.010000000000005,-78,-1783.115000000017
103.33500000000001,-2.010000000000005,-78,-1783.115000000017
103.33500000000001,-2.010000000000005,-78,-1783.115000000017
103.33500000000001,-2.010000000000005,-77,-1784.1200000000172
103.33,-2.0,-76,-1784.7450000000163
103.33250000000001,-1.9949999999999903,-89,-1797.962500000017
103.33250000000001,-1.9949999999999903,-90,-1798.9600000000173
103.33250000000001,-1.9949999999999903,-86,-1802.950000000017
103.33250000000001,-1.9949999999999903,-104,-1820.905000000017
103.33250000000001,-1.9949999999999903,-96,-1828.8850000000175
103.33250000000001,-1.9949999999999903,-98,-1830.8800000000174
103.33250000000001,-1.9949999999999903,-98,-1830.8800000000174
103.33250000000001,-1.9949999999999903,-98,-1830.8800000000174
103.33250000000001,-1.9949999999999903,-119,-1851.8275000000176
103.33250000000001,-1.9949999999999903,-119,-1851.8275000000176
103.33250000000001,-1.9949999999999903,-122,-1854.820000000018
103.33250000000001,-1.9949999999999903,-111,-1865.7925000000178
103.33250000000001,-1.9949999999999903,-118,-1872.7750000000178
103.33250000000001,-1.9949999999999903,-118,-1872.7750000000178
103.33250000000001,-1.9949999999999903,-120,-1874.7700000000186
103.33500000000001,-1.9899999999999949,-128,-1883.0450000000183
103.33500000000001,-1.9899999999999949,-128,-1883.0450000000183
103.33500000000001,-1.9899999999999949,-128,-1883.0450000000183
103.33500000000001,-1.9899999999999949,-128,-1883.0450000000183
103.33500000000001,-1.9899999999999949,-127,-1884.040000000019
103.33500000000001,-1.9899999999999949,-126,-1885.035000000018
103.33500000000001,-1.9899999999999949,-125,-1886.0300000000188
103.33500000000001,-1.9899999999999949,-125,-1886.0300000000188
103.33500000000001,-1.9899999999999949,-126,-1887.0250000000178
103.33500000000001,-1.9899999999999949,-111,-1901.950000000019
103.33500000000001,-1.9899999999999949,-112,-1902.945000000018
103.33500000000001,-1.9899999999999949,-120,-1910.9050000000188
103.33500000000001,-1.9899999999999949,-119,-1911.9000000000196
103.33500000000001,-1.9899999999999949,-120,-1912.8950000000186
103.33500000000001,-1.9899999999999949,-123,-1915.8800000000192
103.33,-1.9799999999999898,-113,-1925.2450000000154
103.33,-1.9799999999999898,-122,-1934.155000000017
103.33,-1.9799999999999898,-125,-1937.1250000000164
103.33,-1.9799999999999898,-136,-1948.0150000000158
103.33,-1.9799999999999898,-135,-1949.0050000000156
103.33,-1.9799999999999898,-135,-1949.0050000000156
103.33,-1.9799999999999898,-135,-1949.0050000000156
103.33,-1.9799999999999898,-134,-1949.9950000000154
103.33,-1.9799999999999898,-130,-1953.9550000000163
103.33,-1.9799999999999898,-131,-1954.945000000016
103.33,-1.9799999999999898,-134,-1957.9150000000154
103.33,-1.9799999999999898,-123,-1968.8050000000167
103.33,-1.9799999999999898,-124,-1969.7950000000164
103.33,-1.9799999999999898,-124,-1969.7950000000164
103.33,-1.9799999999999898,-124,-1969.7950000000164
103.33,-1.9799999999999898,-116,-1977.7150000000165
103.33,-1.9799999999999898,-132,-1993.5550000000148
103.33,-1.9799999999999898,-133,-1994.5450000000146
103.33,-1.9799999999999898,-132,-1995.5350000000144
103.33,-1.9799999999999898,-126,-2001.475000000015
103.33,-1.9799999999999898,-115,-2012.3650000000143
103.33,-1.9799999999999898,-130,-2027.2150000000147
103.33,-1.9799999999999898,-130,-2027.2150000000147
103.33,-1.9799999999999898,-130,-2027.2150000000147
103.33,-1.9799999999999898,-124,-2033.1550000000152
103.33,-1.9799999999999898,-123,-2034.145000000015
103.33,-1.9799999999999898,-117,-2040.0850000000155
103.33,-1.9799999999999898,-117,-2040.0850000000155
103.33,-1.9799999999999898,-116,-2041.0750000000153
103.325,-1.9699999999999989,-110,-2046.4150000000136
103.325,-1.9699999999999989,-110,-2046.4150000000136
103.325,-1.9699999999999989,-118,-2054.2950000000146
103.325,-1.9699999999999989,-120,-2056.265000000014
103.325,-1.9699999999999989,-121,-2057.2500000000146
103.325,-1.9699999999999989,-113,-2065.1300000000138
103.325,-1.9699999999999989,-115,-2067.100000000013
103.325,-1.9699999999999989,-115,-2067.100000000013
103.325,-1.9699999999999989,-115,-2067.100000000013
103.325,-1.9699999999999989,-115,-2067.100000000013
103.325,-1.9699999999999989,-115,-2067.100000000013
103.325,-1.9699999999999989,-115,-2067.100000000013
103.325,-1.9699999999999989,-115,-2067.100000000013
103.325,-1.9699999999999989,-100,-2081.8750000000127
103.325,-1.9699999999999989,-96,-2085.8150000000132
103.325,-1.9699999999999989,-103,-2092.7100000000137
103.325,-1.9699999999999989,-104,-2093.6950000000143
103.325,-1.9699999999999989,-105,-2094.680000000013
103.325,-1.9699999999999989,-106,-2095.6650000000136
103.325,-1.9699999999999989,-118,-2107.4850000000133
103.325,-1.9699999999999989,-119,-2108.470000000014
103.325,-1.9699999999999989,-118,-2109.4550000000127
103.325,-1.9699999999999989,-102,-2125.215000000013
103.325,-1.9699999999999989,-104,-2127.185000000014
103.325,-1.9699999999999989,-106,-2129.1550000000134
103.325,-1.9699999999999989,-106,-2129.1550000000134
103.325,-1.9699999999999989,-106,-2129.1550000000134
103.325,-1.9699999999999989,-105,-2130.140000000012
103.325,-1.9699999999999989,-106,-2131.1250000000127
103.325,-1.9699999999999989,-106,-2131.1250000000127
103.325,-1.9699999999999989,-106,-2131.1250000000127
103.325,-1.9699999999999989,-117,-2141.960000000012
103.325,-1.9699999999999989,-116,-2142.9450000000124
103.325,-1.9699999999999989,-116,-2142.9450000000124
103.3275,-1.9650000000000034,-126,-2153.08500000001
103.33,-1.960000000000008,-133,-2160.285000000009
103.33,-1.960000000000008,-133,-2160.285000000009
103.33,-1.960000000000008,-119,-2174.00500000001
103.33,-1.960000000000008,-120,-2174.9850000000097
103.33,-1.960000000000008,-117,-2177.92500000001
103.32499999999999,-1.9500000000000028,-114,-2180.285000000009
103.32499999999999,-1.9500000000000028,-118,-2184.1850000000086
103.32499999999999,-1.9500000000000028,-126,-2191.9850000000097
103.32499999999999,-1.9500000000000028,-127,-2192.960000000008
103.32499999999999,-1.9500000000000028,-132,-2197.835000000008
103.32499999999999,-1.9500000000000028,-131,-2198.8100000000086
103.32499999999999,-1.9500000000000028,-123,-2206.610000000008
103.32499999999999,-1.9500000000000028,-123,-2206.610000000008
103.32499999999999,-1.9500000000000028,-123,-2206.610000000008
103.32499999999999,-1.9500000000000028,-135,-2218.3100000000068
103.32499999999999,-1.9500000000000028,-135,-2218.3100000000068
103.32499999999999,-1.9500000000000028,-129,-2224.160000000007
103.32499999999999,-1.9500000000000028,-129,-2224.160000000007
103.32499999999999,-1.9500000000000028,-126,-2227.0850000000064
103.32499999999999,-1.9500000000000028,-126,-2227.0850000000064
103.32,-1.940000000000012,-115,-2237.1350000000057
103.32,-1.940000000000012,-114,-2238.105000000007
103.32,-1.940000000000012,-114,-2238.105000000007
103.32,-1.940000000000012,-120,-2243.9250000000065
103.325,-1.9300000000000068,-131,-2255.150000000007
103.325,-1.9300000000000068,-139,-2262.870000000008
103.325,-1.9300000000000068,-141,-2264.8000000000084
103.325,-1.9300000000000068,-141,-2264.8000000000084
103.325,-1.9300000000000068,-141,-2264.8000000000084
103.325,-1.9300000000000068,-143,-2266.7300000000087
103.325,-1.9300000000000068,-143,-2266.7300000000087
103.325,-1.9300000000000068,-140,-2269.625000000009
103.325,-1.9300000000000068,-140,-2269.625000000009
103.325,-1.9300000000000068,-150,-2279.2750000000087
103.325,-1.9300000000000068,-150,-2279.2750000000087
103.325,-1.9300000000000068,-149,-2280.2400000000107
103.325,-1.9300000000000068,-143,-2286.0300000000097
103.325,-1.9300000000000068,-140,-2288.92500000001
103.325,-1.9300000000000068,-143,-2291.8200000000106
103.325,-1.9300000000000068,-143,-2291.8200000000106
103.325,-1.9300000000000068,-139,-2295.680000000011
103.325,-1.9300000000000068,-143,-2299.54000000001
103.325,-1.9300000000000068,-144,-2300.50500000001
103.325,-1.9300000000000068,-161,-2316.9100000000108
103.325,-1.9300000000000068,-162,-2317.875000000011
103.325,-1.9300000000000068,-162,-2317.875000000011
103.325,-1.9300000000000068,-161,-2318.840000000011
103.325,-1.9300000000000068,-161,-2318.840000000011
103.325,-1.9300000000000068,-162,-2319.805000000011
103.325,-1.9300000000000068,-162,-2319.805000000011
103.325,-1.9300000000000068,-158,-2323.66500000001
103.325,-1.9300000000000068,-158,-2323.66500000001
103.325,-1.9300000000000068,-158,-2323.66500000001
103.33000000000001,-1.9200000000000017,-159,-2325.42500000001
103.33000000000001,-1.9200000000000017,-157,-2327.3450000000103
103.33000000000001,-1.9200000000000017,-151,-2333.1050000000105
103.33000000000001,-1.9200000000000017,-150,-2334.0650000000114
103.33000000000001,-1.9200000000000017,-159,-2342.705000000011
103.33000000000001,-1.9200000000000017,-158,-2343.665000000012
103.33000000000001,-1.9200000000000017,-159,-2344.625000000011
103.33000000000001,-1.9200000000000017,-159,-2344.625000000011
103.33000000000001,-1.9200000000000017,-159,-2344.625000000011
103.33000000000001,-1.9200000000000017,-159,-2344.625000000011
103.33000000000001,-1.9200000000000017,-153,-2350.385000000011
103.325,-1.9099999999999966,-150,-2352.49500000001
103.325,-1.9099999999999966,-151,-2353.45000000001
103.325,-1.9099999999999966,-143,-2361.0900000000092
103.325,-1.9099999999999966,-144,-2362.045000000009
103.325,-1.9099999999999966,-144,-2362.045000000009
103.325,-1.9099999999999966,-144,-2362.045000000009
103.325,-1.9099999999999966,-145,-2363.0000000000073
103.325,-1.9099999999999966,-135,-2372.5500000000065
103.325,-1.9099999999999966,-143,-2380.190000000008
103.325,-1.9099999999999966,-150,-2386.8750000000073
103.325,-1.9099999999999966,-150,-2386.8750000000073
103.325,-1.9099999999999966,-149,-2387.830000000009
103.325,-1.9099999999999966,-150,-2388.785000000007
103.325,-1.9099999999999966,-150,-2388.785000000007
103.325,-1.9099999999999966,-150,-2388.785000000007
103.325,-1.9099999999999966,-149,-2389.740000000009
103.325,-1.9099999999999966,-149,-2389.740000000009
103.325,-1.9099999999999966,-144,-2394.5150000000085
103.325,-1.9099999999999966,-145,-2395.4700000000066
103.325,-1.9099999999999966,-144,-2396.4250000000084
103.325,-1.9099999999999966,-158,-2409.7950000000073
103.33,-1.9000000000000057,-170,-2422.0450000000055
103.33,-1.9000000000000057,-169,-2422.995000000008
103.33,-1.9000000000000057,-169,-2422.995000000008
103.33,-1.9000000000000057,-169,-2422.995000000008
103.33,-1.9000000000000057,-181,-2434.3950000000077
103.33,-1.9000000000000057,-186,-2439.1450000000077
103.33,-1.9000000000000057,-186,-2439.1450000000077
103.33,-1.9000000000000057,-186,-2439.1450000000077
103.33,-1.9000000000000057,-186,-2439.1450000000077
103.33,-1.9000000000000057,-184,-2441.045000000009
103.33,-1.9000000000000057,-189,-2445.7950000000055
103.33,-1.9000000000000057,-202,-2458.1450000000077
103.33,-1.9000000000000057,-192,-2468.3450000000084
103.33,-1.9000000000000057,-195,-2471.195000000007
103.33,-1.9000000000000057,-209,-2484.49500000001
103.4,-2.0400000000000063,-209,-2499.125000000011
103.435,-2.1099999999999994,-210,-2507.49500000001
103.435,-2.1099999999999994,-197,-2521.610000000008
103.435,-2.1099999999999994,-194,-2524.7750000000087
103.435,-2.1099999999999994,-193,-2525.8300000000127
103.435,-2.1099999999999994,-192,-2526.885000000013
103.44,-2.0999999999999943,-196,-2532.055000000011
103.44,-2.0999999999999943,-196,-2532.055000000011
103.44,-2.0999999999999943,-196,-2532.055000000011
103.44,-2.0999999999999943,-197,-2533.105000000014
103.44,-2.0999999999999943,-199,-2535.2050000000163
103.44,-2.0999999999999943,-199,-2535.2050000000163
103.41,-2.0400000000000063,-194,-2534.4550000000163
103.41,-2.0400000000000063,-182,-2546.6950000000143
103.405,-2.030000000000001,-168,-2560.0450000000164
103.4,-2.019999999999996,-167,-2560.225000000015
103.4,-2.019999999999996,-167,-2560.225000000015
103.4,-2.019999999999996,-167,-2560.225000000015
103.4,-2.019999999999996,-168,-2561.235000000017
103.4,-2.019999999999996,-169,-2562.245000000019
103.4,-2.019999999999996,-167,-2564.265000000016
103.4,-2.019999999999996,-167,-2564.265000000016
103.4,-2.019999999999996,-169,-2566.285000000018
103.4,-2.019999999999996,-174,-2571.3350000000173
103.4,-2.019999999999996,-165,-2580.4250000000156
103.4,-2.019999999999996,-165,-2580.4250000000156
103.4,-2.019999999999996,-178,-2593.5550000000167
103.4,-2.019999999999996,-175,-2596.5850000000155
103.4,-2.019999999999996,-175,-2596.5850000000155
103.4,-2.019999999999996,-174,-2597.5950000000175
103.4,-2.019999999999996,-172,-2599.6150000000143
103.4,-2.019999999999996,-171,-2600.6250000000164
103.4,-2.019999999999996,-171,-2600.6250000000164
103.4,-2.019999999999996,-170,-2601.6350000000148
103.39500000000001,-2.010000000000005,-167,-2603.810000000014
103.39500000000001,-2.010000000000005,-167,-2603.810000000014
103.39500000000001,-2.010000000000005,-166,-2604.815000000017
103.39500000000001,-2.010000000000005,-174,-2612.855000000016
103.39500000000001,-2.010000000000005,-179,-2617.8800000000138
103.39500000000001,-2.010000000000005,-177,-2619.890000000012
103.39500000000001,-2.010000000000005,-183,-2625.9200000000146
103.39500000000001,-2.010000000000005,-185,-2627.930000000011
103.39500000000001,-2.010000000000005,-184,-2628.935000000012
103.39500000000001,-2.010000000000005,-186,-2630.9450000000143
103.4,-2.0,-201,-2646.9650000000147
103.405,-2.009999999999991,-203,-2649.980000000014
103.42,-2.039999999999992,-203,-2653.025000000016
103.42500000000001,-2.049999999999997,-200,-2657.115000000016
103.42500000000001,-2.049999999999997,-200,-2657.115000000016
103.42500000000001,-2.049999999999997,-202,-2659.1650000000154
103.42500000000001,-2.049999999999997,-203,-2660.1900000000132
103.43,-2.059999999999988,-202,-2662.2350000000115
103.43,-2.059999999999988,-202,-2662.2350000000115
103.43,-2.059999999999988,-201,-2663.2650000000103
103.43,-2.059999999999988,-201,-2663.2650000000103
103.43,-2.059999999999988,-212,-2674.5950000000084
103.475,-2.1499999999999915,-212,-2684.1350000000057
103.495,-2.1899999999999977,-213,-2689.4700000000084
103.51,-2.219999999999999,-212,-2693.7750000000087
103.515,-2.2299999999999898,-211,-2695.950000000008
103.515,-2.2299999999999898,-207,-2700.410000000007
103.515,-2.2299999999999898,-207,-2700.410000000007
103.515,-2.2299999999999898,-208,-2701.525000000005
103.515,-2.2299999999999898,-212,-2705.985000000008
103.52000000000001,-2.239999999999995,-211,-2708.165000000008
103.52000000000001,-2.239999999999995,-214,-2711.5250000000087
103.53,-2.259999999999991,-213,-2714.7950000000055
103.53,-2.259999999999991,-210,-2718.185000000005
103.53,-2.259999999999991,-202,-2727.225000000006
103.53,-2.259999999999991,-202,-2727.225000000006
103.53,-2.259999999999991,-199,-2730.6150000000052
103.53,-2.259999999999991,-199,-2730.6150000000052
103.53,-2.259999999999991,-200,-2731.7450000000026
103.53,-2.259999999999991,-200,-2731.7450000000026
103.53,-2.259999999999991,-200,-2731.7450000000026
103.53,-2.259999999999991,-198,-2734.005000000001
103.53,-2.259999999999991,-198,-2734.005000000001
103.53,-2.259999999999991,-199,-2735.135000000002
103.52000000000001,-2.239999999999995,-193,-2739.9249999999993
103.52000000000001,-2.239999999999995,-188,-2745.5250000000015
103.515,-2.2299999999999898,-185,-2747.9399999999987
103.515,-2.2299999999999898,-192,-2755.744999999999
103.515,-2.2299999999999898,-192,-2755.744999999999
103.515,-2.2299999999999898,-198,-2762.4349999999977
103.52,-2.219999999999999,-208,-2774.5649999999987
103.52,-2.219999999999999,-208,-2774.5649999999987
103.52,-2.219999999999999,-207,-2775.6749999999993
103.52,-2.219999999999999,-202,-2781.225000000002
103.52,-2.219999999999999,-202,-2781.225000000002
103.52,-2.219999999999999,-207,-2786.7750000000015
103.52,-2.219999999999999,-212,-2792.3250000000007
103.525,-2.230000000000004,-212,-2793.3850000000057
103.53,-2.240000000000009,-213,-2795.5650000000023
103.535,-2.25,-214,-2797.755000000001
103.53999999999999,-2.260000000000005,-217,-2802.215
103.56,-2.299999999999997,-217,-2806.555000000004
103.57,-2.3200000000000074,-218,-2809.885000000002
103.58,-2.3400000000000034,-218,-2812.0650000000023
103.58500000000001,-2.3500000000000085,-213,-2819.030000000006
103.58500000000001,-2.3500000000000085,-210,-2822.555000000004
103.58,-2.3400000000000034,-208,-2823.8650000000016
103.58,-2.3400000000000034,-211,-2827.3750000000036
103.58,-2.3400000000000034,-206,-2833.225000000002
103.58,-2.3400000000000034,-206,-2833.225000000002
103.58,-2.3400000000000034,-206,-2833.225000000002
103.58,-2.3400000000000034,-207,-2834.395000000004
103.58,-2.3400000000000034,-204,-2837.9050000000025
103.58,-2.3400000000000034,-205,-2839.0750000000044
103.58,-2.3400000000000034,-208,-2842.5850000000028
103.58,-2.3400000000000034,-209,-2843.7550000000047
103.58,-2.3400000000000034,-210,-2844.925000000003
103.58,-2.3400000000000034,-212,-2847.265000000003
103.58500000000001,-2.3299999999999983,-229,-2868.2900000000045
103.65,-2.4599999999999937,-238,-2894.2450000000063
103.725,-2.6099999999999994,-232,-2919.925000000003
103.65,-2.4599999999999937,-218,-2921.945000000007
103.65,-2.4599999999999937,-217,-2923.17500000001
103.65,-2.4599999999999937,-218,-2924.4050000000097
103.65,-2.4599999999999937,-217,-2925.635000000013
103.65,-2.4599999999999937,-215,-2928.0950000000084
103.65,-2.4599999999999937,-215,-2928.0950000000084
103.65,-2.4599999999999937,-220,-2934.24500000001
103.65,-2.4599999999999937,-223,-2937.935000000012
103.65,-2.4599999999999937,-228,-2944.0850000000137
103.65,-2.4599999999999937,-213,-2963.0350000000144
103.65,-2.4599999999999937,-216,-2966.7250000000167
103.65,-2.4599999999999937,-226,-2979.025000000016
103.66499999999999,-2.489999999999995,-228,-2984.9050000000134
103.68,-2.519999999999996,-229,-2989.5850000000173
103.695,-2.549999999999997,-229,-2993.020000000015
103.7,-2.5600000000000023,-229,-2994.1650000000154
103.705,-2.569999999999993,-227,-2997.8800000000156
103.705,-2.569999999999993,-227,-2997.8800000000156
103.705,-2.569999999999993,-223,-3003.020000000015
103.7,-2.5600000000000023,-219,-3007.0650000000132
103.7,-2.5600000000000023,-219,-3007.0650000000132
103.695,-2.549999999999997,-202,-3027.7450000000135
103.695,-2.549999999999997,-203,-3029.020000000015
103.695,-2.549999999999997,-198,-3035.3950000000114
103.695,-2.549999999999997,-198,-3035.3950000000114
103.695,-2.549999999999997,-199,-3036.6700000000164
103.695,-2.549999999999997,-199,-3036.6700000000164
103.7,-2.539999999999992,-212,-3054.2550000000156
103.7,-2.539999999999992,-213,-3055.525000000016
103.705,-2.530000000000001,-230,-3078.2350000000115
103.72,-2.5600000000000023,-235,-3088.0850000000137
103.755,-2.6299999999999955,-233,-3098.9400000000096
103.75999999999999,-2.6400000000000006,-233,-3100.1050000000105
103.765,-2.6500000000000057,-234,-3102.595000000012
103.775,-2.6700000000000017,-234,-3104.935000000016
103.78,-2.680000000000007,-230,-3111.4650000000147
103.78,-2.680000000000007,-233,-3115.485000000015
103.78,-2.680000000000007,-232,-3116.8250000000116
103.78,-2.680000000000007,-239,-3126.2050000000127
103.805,-2.730000000000004,-239,-3132.180000000011
103.82,-2.760000000000005,-231,-3146.8050000000076
103.82,-2.760000000000005,-231,-3146.8050000000076
103.805,-2.730000000000004,-229,-3146.130000000012
103.805,-2.730000000000004,-229,-3146.130000000012
103.805,-2.730000000000004,-220,-3158.415000000012
103.785,-2.6899999999999977,-212,-3164.815000000006
103.775,-2.6700000000000017,-192,-3189.705000000009
103.775,-2.6700000000000017,-192,-3189.705000000009
103.775,-2.6700000000000017,-192,-3189.705000000009
103.775,-2.6700000000000017,-185,-3199.0500000000065
103.775,-2.6700000000000017,-190,-3205.725000000006
103.775,-2.6700000000000017,-191,-3207.0600000000086
103.775,-2.6700000000000017,-193,-3209.730000000007
103.775,-2.6700000000000017,-193,-3209.730000000007
103.775,-2.6700000000000017,-194,-3211.0650000000096
103.775,-2.6700000000000017,-184,-3224.41500000001
103.775,-2.6700000000000017,-184,-3224.41500000001
103.775,-2.6700000000000017,-189,-3231.0900000000092
103.775,-2.6700000000000017,-190,-3232.4250000000065
103.775,-2.6700000000000017,-192,-3235.0950000000084
103.77,-2.6599999999999966,-183,-3246.1150000000052
103.77,-2.6599999999999966,-182,-3247.445000000005
103.77,-2.6599999999999966,-176,-3255.4250000000065
103.77,-2.6599999999999966,-178,-3258.0850000000046
103.77,-2.6599999999999966,-174,-3263.405000000006
103.77,-2.6599999999999966,-174,-3263.405000000006
103.77,-2.6599999999999966,-167,-3272.7150000000074
103.77,-2.6599999999999966,-166,-3274.0450000000073
103.77,-2.6599999999999966,-165,-3275.3750000000073
103.77,-2.6599999999999966,-166,-3276.705000000007
103.75999999999999,-2.6400000000000006,-151,-3294.985000000006
103.75999999999999,-2.6400000000000006,-151,-3294.985000000006
103.75999999999999,-2.6400000000000006,-141,-3308.185000000005
103.725,-2.5700000000000074,-124,-3326.065000000006
103.725,-2.5700000000000074,-124,-3326.065000000006
103.725,-2.5700000000000074,-119,-3332.4900000000052
103.72,-2.5600000000000023,-111,-3342.1650000000063
103.72,-2.5600000000000023,-111,-3342.1650000000063
103.72,-2.5600000000000023,-107,-3347.2850000000053
103.705,-2.530000000000001,-105,-3348.240000000006
103.705,-2.530000000000001,-108,-3352.035000000006
103.705,-2.530000000000001,-109,-3353.3000000000065
103.705,-2.530000000000001,-106,-3357.0950000000066
103.705,-2.530000000000001,-110,-3362.155000000006
103.705,-2.530000000000001,-106,-3367.2150000000065
103.705,-2.530000000000001,-106,-3367.2150000000065
103.705,-2.530000000000001,-104,-3369.7450000000063
103.705,-2.530000000000001,-102,-3372.275000000006
103.705,-2.530000000000001,-105,-3376.070000000006
103.69,-2.5,-94,-3388.4250000000065
103.69,-2.5,-97,-3392.1750000000065
103.69,-2.5,-97,-3392.1750000000065
103.69,-2.5,-98,-3393.4250000000056
103.69,-2.5,-98,-3393.4250000000056
103.69,-2.5,-88,-3405.9250000000065
103.675,-2.469999999999999,-83,-3410.9300000000067
103.68,-2.4599999999999937,-90,-3420.0150000000076
103.68,-2.4599999999999937,-94,-3424.9350000000068
103.68,-2.4599999999999937,-91,-3428.6250000000073
103.685,-2.450000000000003,-98,-3437.705000000007
103.685,-2.450000000000003,-102,-3442.605000000007
103.685,-2.450000000000003,-103,-3443.8300000000063
103.685,-2.450000000000003,-113,-3456.080000000007
103.685,-2.450000000000003,-115,-3458.530000000006
103.685,-2.450000000000003,-107,-3468.3300000000063
103.685,-2.450000000000003,-101,-3475.6800000000057
103.685,-2.450000000000003,-101,-3475.6800000000057
103.685,-2.450000000000003,-101,-3475.6800000000057
103.685,-2.450000000000003,-100,-3476.905000000006
103.685,-2.450000000000003,-104,-3481.8050000000057
103.685,-2.450000000000003,-105,-3483.030000000007
103.685,-2.450000000000003,-105,-3483.030000000007
103.685,-2.450000000000003,-108,-3486.7050000000054
103.675,-2.430000000000007,-105,-3489.310000000006
103.675,-2.430000000000007,-92,-3505.105000000006
103.675,-2.430000000000007,-93,-3506.320000000005
103.675,-2.430000000000007,-92,-3507.535000000006
103.675,-2.430000000000007,-92,-3507.535000000006
103.675,-2.430000000000007,-91,-3508.7500000000055
103.675,-2.430000000000007,-88,-3512.395000000006
103.675,-2.430000000000007,-88,-3512.395000000006
103.675,-2.430000000000007,-88,-3512.395000000006
103.675,-2.430000000000007,-89,-3513.610000000005
103.675,-2.430000000000007,-102,-3529.405000000006
103.66999999999999,-2.4200000000000017,-96,-3536.1650000000054
103.66999999999999,-2.4200000000000017,-99,-3539.7950000000037
103.66999999999999,-2.4200000000000017,-100,-3541.0050000000037
103.66999999999999,-2.4200000000000017,-99,-3542.215000000004
103.66999999999999,-2.4200000000000017,-99,-3542.215000000004
103.655,-2.3900000000000006,-93,-3548.0500000000065
103.655,-2.3900000000000006,-96,-3551.6350000000066
103.655,-2.3900000000000006,-96,-3551.6350000000066
103.66,-2.3799999999999955,-99,-3555.695000000006
103.66,-2.3799999999999955,-101,-3558.075000000006
103.66,-2.3799999999999955,-102,-3559.265000000006
103.66,-2.3799999999999955,-102,-3559.265000000006
103.66,-2.3799999999999955,-103,-3560.4550000000054
103.66,-2.3799999999999955,-104,-3561.645000000005
103.66,-2.3799999999999955,-104,-3561.645000000005
103.66,-2.3799999999999955,-100,-3566.405000000005
103.66,-2.3799999999999955,-100,-3566.405000000005
103.65,-2.3599999999999994,-95,-3571.405000000005
103.65,-2.3599999999999994,-94,-3572.5850000000055
103.65,-2.3599999999999994,-94,-3572.5850000000055
103.65,-2.3599999999999994,-94,-3572.5850000000055
103.65,-2.3599999999999994,-96,-3574.945000000007
103.65,-2.3599999999999994,-101,-3580.8450000000066
103.65,-2.3599999999999994,-97,-3585.565000000006
103.65,-2.3599999999999994,-103,-3592.645000000006
103.65,-2.3599999999999994,-103,-3592.645000000006
103.65,-2.3599999999999994,-103,-3592.645000000006
103.65,-2.3599999999999994,-102,-3593.825000000006
103.65,-2.3599999999999994,-100,-3596.185000000005
103.65,-2.3599999999999994,-110,-3607.985000000005
103.65,-2.3599999999999994,-109,-3609.1650000000054
103.65,-2.3599999999999994,-111,-3611.525000000007
103.65,-2.3599999999999994,-122,-3624.5050000000065
103.65,-2.3599999999999994,-122,-3624.5050000000065
103.65,-2.3599999999999994,-114,-3633.945000000006
103.65,-2.3599999999999994,-114,-3633.945000000006
103.655,-2.3499999999999943,-123,-3645.160000000007
103.655,-2.3499999999999943,-123,-3645.160000000007
103.655,-2.3499999999999943,-131,-3654.5600000000068
103.655,-2.3499999999999943,-130,-3655.735000000006
103.655,-2.3499999999999943,-131,-3656.910000000007
103.655,-2.3499999999999943,-128,-3660.4350000000068
103.655,-2.3499999999999943,-128,-3660.4350000000068
103.655,-2.3499999999999943,-152,-3688.6350000000057
103.655,-2.3499999999999943,-152,-3688.6350000000057
103.655,-2.3499999999999943,-152,-3688.6350000000057
103.66,-2.3400000000000034,-161,-3699.975000000006
103.66499999999999,-2.3299999999999983,-176,-3718.315000000004
103.66499999999999,-2.3299999999999983,-175,-3719.480000000007
103.66499999999999,-2.3299999999999983,-174,-3720.645000000006
103.67,-2.319999999999993,-187,-3736.705000000007
103.67,-2.319999999999993,-188,-3737.8650000000052
103.67,-2.319999999999993,-190,-3740.185000000005
103.67,-2.319999999999993,-192,-3742.5050000000047
103.67,-2.319999999999993,-190,-3744.8250000000044
103.67,-2.319999999999993,-199,-3755.2650000000067
103.66499999999999,-2.309999999999988,-194,-3760.095000000003
103.66499999999999,-2.309999999999988,-195,-3761.2500000000036
103.66499999999999,-2.309999999999988,-198,-3764.715000000004
103.66499999999999,-2.309999999999988,-200,-3767.025000000005
103.66499999999999,-2.309999999999988,-197,-3770.4900000000016
103.66499999999999,-2.309999999999988,-199,-3772.800000000003
103.66499999999999,-2.309999999999988,-198,-3773.9550000000017
103.66499999999999,-2.309999999999988,-205,-3782.040000000001
103.66499999999999,-2.309999999999988,-205,-3782.040000000001
103.66499999999999,-2.309999999999988,-203,-3784.350000000002
103.66499999999999,-2.309999999999988,-198,-3790.125
103.66499999999999,-2.309999999999988,-198,-3790.125
103.66499999999999,-2.309999999999988,-197,-3791.279999999999
103.66499999999999,-2.309999999999988,-197,-3791.279999999999
103.66499999999999,-2.309999999999988,-202,-3797.0550000000003
103.66499999999999,-2.309999999999988,-202,-3797.0550000000003
103.66499999999999,-2.309999999999988,-201,-3798.209999999999
103.66499999999999,-2.309999999999988,-201,-3798.209999999999
103.66499999999999,-2.309999999999988,-200,-3799.3650000000016
103.66499999999999,-2.309999999999988,-200,-3799.3650000000016
103.66499999999999,-2.309999999999988,-206,-3806.2949999999983
103.66499999999999,-2.309999999999988,-205,-3807.449999999997
103.66499999999999,-2.309999999999988,-212,-3815.535
103.66499999999999,-2.309999999999988,-212,-3815.535
103.66499999999999,-2.309999999999988,-207,-3821.3099999999977
103.66499999999999,-2.309999999999988,-212,-3827.084999999999
103.66499999999999,-2.309999999999988,-211,-3828.239999999998
103.66499999999999,-2.309999999999988,-210,-3829.394999999997
103.66499999999999,-2.309999999999988,-208,-3831.704999999998
103.66499999999999,-2.309999999999988,-210,-3834.014999999996
103.66999999999999,-2.299999999999997,-214,-3839.7049999999945
103.66999999999999,-2.299999999999997,-214,-3839.7049999999945
103.66499999999999,-2.2900000000000063,-197,-3858.1599999999926
103.66499999999999,-2.2900000000000063,-203,-3865.029999999995
103.67,-2.280000000000001,-210,-3874.064999999995
103.67,-2.280000000000001,-210,-3874.064999999995
103.68,-2.260000000000005,-233,-3902.2949999999983
103.78,-2.460000000000008,-233,-3925.5949999999975
103.83,-2.5600000000000023,-235,-3939.8049999999967
103.86500000000001,-2.6300000000000097,-239,-3953.2899999999972
103.905,-2.710000000000008,-239,-3962.8499999999985
103.925,-2.75,-239,-3967.6299999999974
103.93,-2.760000000000005,-242,-3972.9649999999965
103.94999999999999,-2.799999999999997,-242,-3977.804999999993
103.96000000000001,-2.8200000000000074,-242,-3980.2249999999985
103.965,-2.8299999999999983,-236,-3989.9249999999956
103.965,-2.8299999999999983,-237,-3991.3399999999965
103.94999999999999,-2.799999999999997,-218,-4014.7049999999945
103.94999999999999,-2.799999999999997,-218,-4014.7049999999945
103.94999999999999,-2.799999999999997,-214,-4020.3049999999967
103.94999999999999,-2.799999999999997,-214,-4020.3049999999967
103.955,-2.789999999999992,-218,-4026.9949999999953
103.95,-2.780000000000001,-217,-4027.3049999999967
103.95,-2.780000000000001,-231,-4046.764999999996
103.95,-2.780000000000001,-232,-4048.154999999995
103.95,-2.780000000000001,-230,-4050.934999999994
103.95,-2.780000000000001,-225,-4057.8849999999948
103.95,-2.780000000000001,-223,-4060.6649999999972
103.945,-2.769999999999996,-222,-4060.9449999999924
103.945,-2.769999999999996,-231,-4073.4099999999926
103.945,-2.769999999999996,-230,-4074.7949999999946
103.945,-2.769999999999996,-223,-4084.4899999999943
103.935,-2.75,-221,-4085.0499999999993
103.935,-2.75,-222,-4086.4249999999956
103.935,-2.75,-224,-4089.1749999999993
103.935,-2.75,-223,-4090.5499999999993
103.935,-2.75,-219,-4096.049999999999
103.935,-2.75,-221,-4098.800000000003
103.93,-2.739999999999995,-215,-4105.965
103.93,-2.739999999999995,-216,-4107.334999999999
103.91499999999999,-2.7099999999999937,-202,-4123.3349999999955
103.91499999999999,-2.7099999999999937,-204,-4126.044999999998
103.91499999999999,-2.7099999999999937,-202,-4128.754999999997
103.91499999999999,-2.7099999999999937,-200,-4131.465
103.91,-2.700000000000003,-199,-4131.825000000001
103.91,-2.700000000000003,-203,-4137.2249999999985
103.91,-2.700000000000003,-199,-4142.625
103.91,-2.700000000000003,-194,-4149.375
103.91,-2.700000000000003,-195,-4150.725
103.91,-2.700000000000003,-194,-4152.075000000001
103.91,-2.700000000000003,-195,-4153.425000000001
103.91,-2.700000000000003,-199,-4158.825000000001
103.91,-2.700000000000003,-201,-4161.5250000000015
103.91,-2.700000000000003,-214,-4179.075000000001
103.91,-2.700000000000003,-215,-4180.424999999999
103.91,-2.700000000000003,-212,-4184.4749999999985
103.91,-2.700000000000003,-212,-4184.4749999999985
103.905,-2.6899999999999977,-203,-4195.59
103.905,-2.6899999999999977,-214,-4210.385000000002
103.905,-2.6899999999999977,-199,-4230.560000000001
103.905,-2.6899999999999977,-199,-4230.560000000001
103.905,-2.6899999999999977,-200,-4231.904999999999
103.9,-2.6799999999999926,-197,-4234.955000000002
103.9,-2.6799999999999926,-197,-4234.955000000002
103.9,-2.6799999999999926,-196,-4236.295
103.9,-2.6799999999999926,-199,-4240.315000000002
103.9,-2.6799999999999926,-192,-4249.695000000003
103.9,-2.6799999999999926,-191,-4251.035000000002
103.9,-2.6799999999999926,-191,-4251.035000000002
103.9,-2.6799999999999926,-191,-4251.035000000002
103.9,-2.6799999999999926,-191,-4251.035000000002
103.9,-2.6799999999999926,-192,-4252.375000000004
103.9,-2.6799999999999926,-195,-4256.395
103.9,-2.6799999999999926,-196,-4257.735000000002
103.9,-2.6799999999999926,-196,-4257.735000000002
103.88,-2.6400000000000006,-194,-4256.494999999999
103.88,-2.6400000000000006,-197,-4260.455000000002
103.88,-2.6400000000000006,-200,-4264.415000000001
103.88,-2.6400000000000006,-216,-4285.535
103.88,-2.6400000000000006,-216,-4285.535
103.88,-2.6400000000000006,-224,-4296.095000000001
103.88,-2.6400000000000006,-224,-4296.095000000001
103.88,-2.6400000000000006,-225,-4297.415000000001
103.88,-2.6400000000000006,-222,-4301.375
103.88,-2.6400000000000006,-222,-4301.375
103.88,-2.6400000000000006,-222,-4301.375
103.88,-2.6400000000000006,-221,-4302.695
103.88499999999999,-2.6300000000000097,-233,-4319.5899999999965
103.88999999999999,-2.6400000000000006,-235,-4323.394999999997
103.905,-2.6700000000000017,-229,-4334.929999999997
103.905,-2.6700000000000017,-231,-4337.5999999999985
103.88499999999999,-2.6300000000000097,-206,-4366.314999999995
103.88499999999999,-2.6300000000000097,-195,-4380.779999999995
103.88499999999999,-2.6300000000000097,-196,-4382.0949999999975
103.88499999999999,-2.6300000000000097,-196,-4382.0949999999975
103.875,-2.6100000000000136,-179,-4402.379999999999
103.875,-2.6100000000000136,-180,-4403.6849999999995
103.875,-2.6100000000000136,-187,-4412.82
103.88,-2.6000000000000085,-202,-4433.314999999999
103.885,-2.5900000000000034,-209,-4443.399999999998
103.885,-2.5900000000000034,-210,-4444.695
103.885,-2.5900000000000034,-211,-4445.989999999998
103.88,-2.5799999999999983,-203,-4455.314999999999
103.88,-2.5799999999999983,-204,-4456.605
103.88,-2.5799999999999983,-204,-4456.605
103.88,-2.5799999999999983,-209,-4463.054999999997
103.88,-2.5799999999999983,-206,-4466.924999999996
103.88,-2.5799999999999983,-202,-4472.0849999999955
103.88,-2.5799999999999983,-214,-4487.564999999995
103.88,-2.5799999999999983,-205,-4499.174999999992
103.88,-2.5799999999999983,-201,-4504.334999999992
103.88,-2.5799999999999983,-198,-4508.204999999993
103.875,-2.569999999999993,-185,-4523.969999999996
103.875,-2.569999999999993,-185,-4523.969999999996
103.875,-2.569999999999993,-187,-4526.539999999995
103.86500000000001,-2.549999999999997,-165,-4552.959999999997
103.86500000000001,-2.549999999999997,-165,-4552.959999999997
103.86500000000001,-2.549999999999997,-164,-4554.234999999995
103.86500000000001,-2.549999999999997,-161,-4558.059999999998
103.86500000000001,-2.549999999999997,-165,-4563.159999999996
103.86500000000001,-2.549999999999997,-161,-4568.259999999997
103.86500000000001,-2.549999999999997,-162,-4569.534999999994
103.86500000000001,-2.549999999999997,-153,-4581.009999999995
103.86500000000001,-2.549999999999997,-153,-4581.009999999995
103.86,-2.539999999999992,-148,-4586.6249999999945
103.86,-2.539999999999992,-148,-4586.6249999999945
103.86,-2.539999999999992,-146,-4589.164999999994
103.87,-2.519999999999996,-155,-4602.104999999996
103.87,-2.519999999999996,-155,-4602.104999999996
103.87,-2.519999999999996,-155,-4602.104999999996
103.87,-2.519999999999996,-153,-4604.624999999996
103.87,-2.519999999999996,-153,-4604.624999999996
103.87,-2.519999999999996,-152,-4605.884999999997
103.87,-2.519999999999996,-153,-4607.144999999995
103.87,-2.519999999999996,-154,-4608.404999999995
103.87,-2.519999999999996,-155,-4609.664999999994
103.87,-2.519999999999996,-154,-4610.924999999994
103.87,-2.519999999999996,-154,-4610.924999999994
103.87,-2.519999999999996,-153,-4612.184999999992
103.87,-2.519999999999996,-152,-4613.444999999992
103.87,-2.519999999999996,-154,-4615.964999999993
103.87,-2.519999999999996,-153,-4617.224999999991
103.87,-2.519999999999996,-153,-4617.224999999991
103.87,-2.519999999999996,-154,-4618.4849999999915
103.87,-2.519999999999996,-144,-4631.08499999999
103.87,-2.519999999999996,-144,-4631.08499999999
103.87,-2.519999999999996,-139,-4637.384999999989
103.86500000000001,-2.510000000000005,-126,-4653.044999999991
103.86500000000001,-2.510000000000005,-126,-4653.044999999991
103.86500000000001,-2.510000000000005,-122,-4658.06499999999
103.86500000000001,-2.510000000000005,-123,-4659.31999999999
103.86500000000001,-2.510000000000005,-124,-4660.574999999992
103.86500000000001,-2.510000000000005,-124,-4660.574999999992
103.86500000000001,-2.510000000000005,-124,-4660.574999999992
103.86500000000001,-2.510000000000005,-121,-4664.33999999999
103.86500000000001,-2.510000000000005,-123,-4666.849999999989
103.86500000000001,-2.510000000000005,-138,-4685.67499999999
103.86500000000001,-2.510000000000005,-138,-4685.67499999999
103.86500000000001,-2.510000000000005,-137,-4686.929999999991
103.86500000000001,-2.510000000000005,-135,-4689.439999999991
103.86500000000001,-2.510000000000005,-132,-4693.204999999991
103.86500000000001,-2.510000000000005,-131,-4694.459999999992
103.86500000000001,-2.510000000000005,-131,-4694.459999999992
103.86500000000001,-2.510000000000005,-131,-4694.459999999992
103.87,-2.5,-144,-4711.394999999991
103.87,-2.5,-128,-4731.394999999991
103.87,-2.5,-129,-4732.644999999991
103.87,-2.5,-129,-4732.644999999991
103.87,-2.5,-130,-4733.8949999999895
103.87,-2.5,-145,-4752.6449999999895
103.86500000000001,-2.489999999999995,-137,-4761.88999999999
103.86500000000001,-2.489999999999995,-137,-4761.88999999999
103.86,-2.4799999999999898,-130,-4769.914999999988
103.86,-2.4799999999999898,-129,-4771.15499999999
103.86,-2.4799999999999898,-128,-4772.3949999999895
103.875,-2.4499999999999886,-135,-4782.979999999989
103.875,-2.4499999999999886,-136,-4784.204999999989
103.88,-2.4399999999999977,-143,-4793.474999999989
103.88,-2.4399999999999977,-144,-4794.694999999989
103.88,-2.4399999999999977,-143,-4795.91499999999
103.88,-2.4399999999999977,-131,-4810.554999999989
103.88,-2.4399999999999977,-130,-4811.7749999999905
103.88,-2.4399999999999977,-129,-4812.99499999999
103.88,-2.4399999999999977,-129,-4812.99499999999
103.88,-2.4399999999999977,-134,-4819.094999999992
103.88,-2.4399999999999977,-134,-4819.094999999992
103.88,-2.4399999999999977,-142,-4828.8549999999905
103.88,-2.4399999999999977,-143,-4830.074999999992
103.88,-2.4399999999999977,-144,-4831.294999999991
103.88,-2.4399999999999977,-144,-4831.294999999991
103.88499999999999,-2.4299999999999926,-156,-4846.614999999989
103.88499999999999,-2.4299999999999926,-152,-4851.474999999989
103.88499999999999,-2.4299999999999926,-152,-4851.474999999989
103.88499999999999,-2.4299999999999926,-160,-4861.194999999989
103.88499999999999,-2.4299999999999926,-158,-4863.624999999989
103.88499999999999,-2.4299999999999926,-157,-4864.839999999989
103.88499999999999,-2.4299999999999926,-158,-4866.054999999989
103.88499999999999,-2.4299999999999926,-158,-4866.054999999989
103.895,-2.4099999999999966,-164,-4874.884999999989
103.895,-2.4099999999999966,-166,-4877.294999999991
103.895,-2.4099999999999966,-166,-4877.294999999991
103.89,-2.4000000000000057,-142,-4905.284999999991
103.89,-2.4000000000000057,-146,-4910.084999999992
103.89,-2.4000000000000057,-150,-4914.884999999991
103.89500000000001,-2.3900000000000006,-155,-4921.659999999993
103.89500000000001,-2.3900000000000006,-155,-4921.659999999993
103.89500000000001,-2.3900000000000006,-141,-4938.389999999992
103.89500000000001,-2.3900000000000006,-138,-4941.974999999993
103.89500000000001,-2.3900000000000006,-157,-4964.679999999993
103.89500000000001,-2.3900000000000006,-160,-4968.264999999992
103.89500000000001,-2.3900000000000006,-162,-4970.654999999993
103.89500000000001,-2.3900000000000006,-164,-4973.044999999995
103.89500000000001,-2.3900000000000006,-170,-4980.214999999993
103.89500000000001,-2.3900000000000006,-176,-4987.384999999991
103.89,-2.3799999999999955,-175,-4987.704999999991
103.89,-2.3799999999999955,-173,-4990.084999999992
103.89,-2.3799999999999955,-172,-4991.274999999992
103.88,-2.3599999999999994,-160,-5003.854999999989
103.88,-2.3599999999999994,-160,-5003.854999999989
103.875,-2.3499999999999943,-153,-5011.329999999989
103.875,-2.3499999999999943,-159,-5018.379999999988
103.875,-2.3499999999999943,-157,-5020.729999999989
103.875,-2.3499999999999943,-157,-5020.729999999989
103.875,-2.3499999999999943,-149,-5030.129999999988
103.87,-2.3400000000000034,-128,-5054.034999999989
103.87,-2.3400000000000034,-132,-5058.714999999989
103.86500000000001,-2.3299999999999983,-124,-5067.444999999991
103.86500000000001,-2.3299999999999983,-124,-5067.444999999991
103.86500000000001,-2.3299999999999983,-128,-5072.1049999999905
103.86500000000001,-2.3299999999999983,-120,-5081.42499999999
103.86500000000001,-2.3299999999999983,-119,-5082.58999999999
103.86500000000001,-2.3299999999999983,-119,-5082.58999999999
103.86500000000001,-2.3299999999999983,-119,-5082.58999999999
103.86500000000001,-2.3299999999999983,-113,-5089.57999999999
103.86500000000001,-2.3299999999999983,-114,-5090.74499999999
103.86,-2.319999999999993,-107,-5098.33499999999
103.86,-2.319999999999993,-107,-5098.33499999999
103.86,-2.319999999999993,-107,-5098.33499999999
103.86,-2.319999999999993,-108,-5099.494999999989
103.86,-2.319999999999993,-111,-5102.9749999999885
103.86,-2.319999999999993,-111,-5102.9749999999885
103.86,-2.319999999999993,-111,-5102.9749999999885
103.86,-2.319999999999993,-111,-5102.9749999999885
103.86,-2.319999999999993,-114,-5106.454999999988
103.86,-2.319999999999993,-123,-5116.8949999999895
103.86,-2.319999999999993,-122,-5118.054999999989
103.86,-2.319999999999993,-122,-5118.054999999989
103.865,-2.3100000000000023,-131,-5129.069999999989
103.865,-2.3100000000000023,-130,-5130.224999999989
103.865,-2.3100000000000023,-145,-5147.54999999999
103.865,-2.3100000000000023,-146,-5148.704999999991
103.865,-2.3100000000000023,-147,-5149.8599999999915
103.86,-2.3000000000000114,-134,-5164.124999999993
103.86500000000001,-2.2900000000000063,-140,-5171.7149999999965
103.86500000000001,-2.2900000000000063,-141,-5172.859999999997
103.86500000000001,-2.2900000000000063,-141,-5172.859999999997
103.86500000000001,-2.2900000000000063,-146,-5178.5849999999955
103.86500000000001,-2.2900000000000063,-147,-5179.729999999996
103.86,-2.280000000000001,-144,-5182.434999999996
103.86,-2.280000000000001,-144,-5182.434999999996
103.86,-2.280000000000001,-148,-5186.994999999997
103.86,-2.280000000000001,-141,-5194.974999999997
103.86,-2.280000000000001,-141,-5194.974999999997
103.86,-2.280000000000001,-141,-5194.974999999997
103.86,-2.280000000000001,-141,-5194.974999999997
103.86,-2.280000000000001,-142,-5196.114999999998
103.86,-2.280000000000001,-141,-5197.254999999997
103.86,-2.280000000000001,-149,-5206.374999999996
103.86,-2.280000000000001,-149,-5206.374999999996
103.86,-2.280000000000001,-161,-5220.054999999997
103.85,-2.260000000000005,-150,-5230.894999999997
103.85,-2.260000000000005,-152,-5233.154999999995
103.855,-2.25,-160,-5242.964999999995
103.855,-2.25,-162,-5245.214999999998
103.855,-2.25,-162,-5245.214999999998
103.855,-2.25,-162,-5245.214999999998
103.855,-2.25,-173,-5257.5899999999965
103.855,-2.25,-174,-5258.7149999999965
103.855,-2.25,-181,-5266.5899999999965
103.855,-2.25,-181,-5266.5899999999965
103.85,-2.239999999999995,-168,-5280.344999999994
103.85,-2.239999999999995,-169,-5281.464999999993
103.85,-2.239999999999995,-169,-5281.464999999993
103.85,-2.239999999999995,-168,-5282.584999999994
103.85,-2.239999999999995,-168,-5282.584999999994
103.85,-2.239999999999995,-168,-5282.584999999994
103.85,-2.239999999999995,-168,-5282.584999999994
103.86,-2.219999999999999,-175,-5292.134999999995
103.85,-2.200000000000003,-169,-5297.104999999992
103.85,-2.200000000000003,-168,-5298.2049999999945
103.85,-2.200000000000003,-166,-5300.404999999993
103.85,-2.200000000000003,-161,-5305.904999999993
103.845,-2.1899999999999977,-152,-5314.974999999995
103.845,-2.1899999999999977,-155,-5318.259999999995
103.845,-2.1899999999999977,-154,-5319.354999999994
103.845,-2.1899999999999977,-154,-5319.354999999994
103.845,-2.1899999999999977,-160,-5325.924999999996
103.845,-2.1899999999999977,-158,-5328.1149999999925
103.845,-2.1899999999999977,-157,-5329.209999999994
103.845,-2.1899999999999977,-145,-5342.349999999995
103.845,-2.1899999999999977,-145,-5342.349999999995
103.845,-2.1899999999999977,-147,-5344.539999999995
103.845,-2.1899999999999977,-148,-5345.634999999995
103.845,-2.1899999999999977,-148,-5345.634999999995
103.845,-2.1899999999999977,-147,-5346.729999999996
103.845,-2.1899999999999977,-147,-5346.729999999996
103.845,-2.1899999999999977,-145,-5348.919999999995
103.845,-2.1899999999999977,-145,-5348.919999999995
103.845,-2.1899999999999977,-146,-5350.014999999994
103.845,-2.1899999999999977,-142,-5354.394999999995
103.845,-2.1899999999999977,-143,-5355.489999999994
103.84,-2.180000000000007,-132,-5366.864999999996
103.84,-2.180000000000007,-131,-5367.954999999996
103.84,-2.180000000000007,-132,-5369.044999999996
103.84,-2.180000000000007,-133,-5370.134999999997
103.84,-2.180000000000007,-133,-5370.134999999997
103.84,-2.180000000000007,-130,-5373.404999999996
103.84,-2.180000000000007,-130,-5373.404999999996
103.84,-2.180000000000007,-126,-5377.764999999996
103.84,-2.180000000000007,-121,-5383.2149999999965
103.84,-2.180000000000007,-108,-5397.384999999997
103.84,-2.180000000000007,-107,-5398.474999999997
103.84,-2.180000000000007,-106,-5399.564999999997
103.83500000000001,-2.1700000000000017,-105,-5400.129999999997
103.84,-2.1599999999999966,-113,-5409.314999999996
103.84,-2.1599999999999966,-113,-5409.314999999996
103.84,-2.1599999999999966,-113,-5409.314999999996
103.84,-2.1599999999999966,-102,-5421.194999999996
103.84,-2.1599999999999966,-109,-5428.754999999996
103.84,-2.1599999999999966,-115,-5435.234999999996
103.84,-2.1599999999999966,-118,-5438.474999999997
103.84,-2.1599999999999966,-118,-5438.474999999997
103.84,-2.1599999999999966,-109,-5448.194999999995
103.84,-2.1599999999999966,-109,-5448.194999999995
103.84,-2.1599999999999966,-113,-5452.514999999996
103.84,-2.1599999999999966,-112,-5453.594999999996
103.84,-2.1599999999999966,-110,-5455.754999999996
103.845,-2.1500000000000057,-120,-5467.094999999996
103.845,-2.1500000000000057,-117,-5470.319999999996
103.84,-2.1400000000000006,-113,-5474.054999999997
103.84,-2.1400000000000006,-105,-5482.614999999997
103.84,-2.1400000000000006,-104,-5483.684999999997
103.84,-2.1400000000000006,-101,-5486.894999999997
103.84,-2.1400000000000006,-101,-5486.894999999997
103.84,-2.1400000000000006,-98,-5490.104999999996
103.84,-2.1400000000000006,-94,-5494.3849999999975
103.84,-2.1400000000000006,-91,-5497.5949999999975
103.84,-2.1400000000000006,-116,-5524.3449999999975
103.84,-2.1400000000000006,-116,-5524.3449999999975
103.84,-2.1400000000000006,-115,-5525.414999999997
103.84,-2.1400000000000006,-116,-5526.484999999997
103.845,-2.1299999999999955,-120,-5531.3349999999955
103.84,-2.1200000000000045,-101,-5550.944999999996
103.84,-2.1200000000000045,-107,-5557.304999999997
103.84,-2.1200000000000045,-107,-5557.304999999997
103.84,-2.1200000000000045,-107,-5557.304999999997
103.84,-2.1200000000000045,-107,-5557.304999999997
103.84,-2.1200000000000045,-88,-5577.444999999996
103.84,-2.1200000000000045,-73,-5593.344999999997
103.84,-2.1200000000000045,-74,-5594.404999999995
103.84,-2.1200000000000045,-79,-5599.704999999996
103.84,-2.1200000000000045,-78,-5600.764999999996
103.84,-2.1200000000000045,-80,-5602.884999999997
103.84,-2.1200000000000045,-80,-5602.884999999997
103.845,-2.1099999999999994,-83,-5606.479999999996
103.845,-2.1099999999999994,-83,-5606.479999999996
103.855,-2.0900000000000034,-97,-5622.139999999995
103.855,-2.0900000000000034,-103,-5628.409999999996
103.855,-2.0900000000000034,-102,-5629.454999999996
103.855,-2.0900000000000034,-105,-5632.589999999995
103.855,-2.0900000000000034,-105,-5632.589999999995
103.855,-2.0900000000000034,-104,-5633.634999999995
103.85,-2.0799999999999983,-91,-5646.644999999995
103.85,-2.0799999999999983,-95,-5650.804999999995
103.85,-2.0799999999999983,-95,-5650.804999999995
103.85,-2.0799999999999983,-95,-5650.804999999995
103.85,-2.0799999999999983,-82,-5664.324999999993
103.85,-2.0799999999999983,-70,-5676.804999999995
103.85,-2.0799999999999983,-69,-5677.844999999994
103.85499999999999,-2.0700000000000074,-78,-5687.534999999994
103.86,-2.0600000000000023,-93,-5703.4149999999945
103.86,-2.0600000000000023,-94,-5704.444999999995
103.86,-2.0600000000000023,-95,-5705.474999999996
103.86,-2.0600000000000023,-100,-5710.624999999995
103.86,-2.0600000000000023,-100,-5710.624999999995
103.86,-2.0600000000000023,-104,-5714.744999999996
103.86,-2.0600000000000023,-103,-5715.774999999996
103.85499999999999,-2.049999999999997,-95,-5723.469999999995
103.85,-2.0400000000000063,-89,-5729.144999999996
103.85,-2.0400000000000063,-90,-5730.164999999996
103.85,-2.0400000000000063,-82,-5738.324999999995
103.85,-2.0400000000000063,-83,-5739.344999999996
103.85,-2.0400000000000063,-83,-5739.344999999996
103.855,-2.030000000000001,-96,-5753.014999999997
103.855,-2.030000000000001,-95,-5754.029999999997
103.855,-2.030000000000001,-93,-5756.059999999998
103.855,-2.030000000000001,-93,-5756.059999999998
103.855,-2.030000000000001,-94,-5757.074999999997
103.855,-2.030000000000001,-94,-5757.074999999997
103.855,-2.030000000000001,-89,-5762.149999999998
103.85,-2.019999999999996,-87,-5763.734999999995
103.85,-2.019999999999996,-88,-5764.744999999995
103.85,-2.019999999999996,-92,-5768.784999999994
103.85,-2.019999999999996,-92,-5768.784999999994
103.85,-2.019999999999996,-107,-5783.934999999995
103.85,-2.019999999999996,-95,-5796.054999999996
103.85,-2.019999999999996,-95,-5796.054999999996
103.86,-2.0,-97,-5799.0449999999955
103.86,-2.0,-96,-5800.044999999995
103.86,-2.0,-99,-5803.044999999995
103.86,-2.0,-104,-5808.0449999999955
103.86,-2.0,-104,-5808.0449999999955
103.86,-2.0,-104,-5808.0449999999955
103.86,-2.0,-104,-5808.0449999999955
103.86,-2.0,-98,-5814.0449999999955
103.86,-2.0,-98,-5814.0449999999955
103.86,-2.0,-87,-5825.044999999995
103.86,-2.0,-87,-5825.044999999995
103.86,-2.0,-90,-5828.044999999995
103.86,-2.0,-94,-5832.044999999995
103.86,-2.0,-83,-5843.044999999995
103.86,-2.0,-83,-5843.044999999995
103.86,-2.0,-74,-5852.0449999999955
103.86,-2.0,-71,-5855.0449999999955
103.86,-2.0,-73,-5857.044999999995
103.86,-2.0,-77,-5861.044999999995
103.86,-2.0,-78,-5862.044999999995
103.86,-2.0,-77,-5863.044999999995
103.86,-2.0,-78,-5864.044999999995
103.86,-2.0,-78,-5864.044999999995
103.86,-2.0,-83,-5869.044999999994
103.86,-2.0,-84,-5870.044999999995
103.86,-2.0,-84,-5870.044999999995
103.86,-2.0,-86,-5872.044999999994
103.86,-2.0,-89,-5875.044999999994
103.86,-2.0,-90,-5876.044999999995
103.86,-2.0,-89,-5877.044999999994
103.86,-2.0,-89,-5877.044999999994
103.86,-2.0,-90,-5878.044999999995
103.86,-2.0,-88,-5880.044999999995
103.86,-2.0,-88,-5880.044999999995
103.86,-2.0,-87,-5881.044999999995
103.86500000000001,-1.9899999999999949,-95,-5889.479999999996
103.86,-1.9799999999999898,-94,-5890.004999999995
103.86,-1.9799999999999898,-93,-5890.9949999999935
103.86,-1.9799999999999898,-85,-5898.9149999999945
103.86,-1.9799999999999898,-87,-5900.894999999994
103.86,-1.9799999999999898,-87,-5900.894999999994
103.86,-1.9799999999999898,-86,-5901.884999999993
103.86,-1.9799999999999898,-86,-5901.884999999993
103.86,-1.9799999999999898,-98,-5913.764999999995
103.86,-1.9799999999999898,-96,-5915.7449999999935
103.86,-1.9799999999999898,-96,-5915.7449999999935
103.86,-1.9799999999999898,-92,-5919.7049999999945
103.86,-1.9799999999999898,-92,-5919.7049999999945
103.86,-1.9799999999999898,-93,-5920.694999999994
103.86,-1.9799999999999898,-93,-5920.694999999994
103.86,-1.9799999999999898,-93,-5920.694999999994
103.86,-1.9799999999999898,-92,-5921.684999999995
103.86,-1.9799999999999898,-92,-5921.684999999995
103.86,-1.9799999999999898,-91,-5922.674999999994
103.87,-1.9599999999999937,-102,-5934.584999999994
103.87,-1.9599999999999937,-102,-5934.584999999994
103.87,-1.9599999999999937,-101,-5935.564999999995
103.87,-1.9599999999999937,-101,-5935.564999999995
103.87,-1.9599999999999937,-101,-5935.564999999995
103.87,-1.9599999999999937,-101,-5935.564999999995
103.87,-1.9599999999999937,-100,-5936.544999999995
103.87,-1.9599999999999937,-96,-5940.464999999995
103.87,-1.9599999999999937,-95,-5941.444999999994
103.87,-1.9599999999999937,-96,-5942.424999999996
103.87,-1.9599999999999937,-84,-5954.184999999994
103.87,-1.9599999999999937,-87,-5957.1249999999945
103.87,-1.9599999999999937,-87,-5957.1249999999945
103.87,-1.9599999999999937,-86,-5958.104999999994
103.87,-1.9599999999999937,-85,-5959.0849999999955
103.86500000000001,-1.9500000000000028,-84,-5959.644999999994
103.86500000000001,-1.9500000000000028,-85,-5960.619999999995
103.86500000000001,-1.9500000000000028,-89,-5964.519999999995
103.86500000000001,-1.9500000000000028,-87,-5966.469999999996
103.87,-1.9399999999999977,-94,-5973.7049999999945
103.87,-1.9399999999999977,-94,-5973.7049999999945
103.87,-1.9399999999999977,-97,-5976.614999999995
103.87,-1.9399999999999977,-97,-5976.614999999995
103.875,-1.9300000000000068,-112,-5991.584999999995
103.875,-1.9300000000000068,-105,-5998.339999999995
103.875,-1.9300000000000068,-105,-5998.339999999995
103.875,-1.9300000000000068,-106,-5999.304999999995
103.875,-1.9300000000000068,-103,-6002.199999999995
103.875,-1.9300000000000068,-99,-6006.059999999995
103.875,-1.9300000000000068,-97,-6007.989999999994
103.875,-1.9300000000000068,-97,-6007.989999999994
103.875,-1.9300000000000068,-96,-6008.9549999999945
103.865,-1.9099999999999966,-82,-6021.484999999995
103.865,-1.9099999999999966,-82,-6021.484999999995
103.865,-1.9099999999999966,-73,-6030.0799999999945
103.865,-1.9099999999999966,-72,-6031.034999999994
103.865,-1.9099999999999966,-72,-6031.034999999994
103.865,-1.9099999999999966,-71,-6031.989999999994
103.865,-1.9099999999999966,-72,-6032.944999999994
103.865,-1.9099999999999966,-70,-6034.854999999994
103.865,-1.9099999999999966,-71,-6035.809999999994
103.865,-1.9099999999999966,-71,-6035.809999999994
103.865,-1.9099999999999966,-70,-6036.764999999994
103.865,-1.9099999999999966,-70,-6036.764999999994
103.865,-1.9099999999999966,-70,-6036.764999999994
103.865,-1.9099999999999966,-82,-6048.224999999995
103.865,-1.9099999999999966,-81,-6049.179999999993
103.865,-1.9099999999999966,-84,-6052.044999999995
103.865,-1.9099999999999966,-83,-6052.9999999999945
103.865,-1.9099999999999966,-86,-6055.864999999994
103.865,-1.9099999999999966,-92,-6061.594999999994
103.865,-1.9099999999999966,-92,-6061.594999999994
103.865,-1.9099999999999966,-96,-6065.414999999994
103.865,-1.9099999999999966,-95,-6066.3699999999935
103.865,-1.9099999999999966,-101,-6072.099999999995
103.865,-1.9099999999999966,-101,-6072.099999999995
103.865,-1.9099999999999966,-101,-6072.099999999995
103.865,-1.9099999999999966,-102,-6073.054999999995
103.865,-1.9099999999999966,-102,-6073.054999999995
103.865,-1.9099999999999966,-103,-6074.009999999995
103.865,-1.9099999999999966,-99,-6077.829999999995
103.865,-1.9099999999999966,-100,-6078.784999999995
103.865,-1.9099999999999966,-100,-6078.784999999995
103.865,-1.9099999999999966,-103,-6081.649999999994
103.865,-1.9099999999999966,-103,-6081.649999999994
103.865,-1.9099999999999966,-101,-6083.559999999995
103.865,-1.9099999999999966,-100,-6084.514999999995
103.865,-1.9099999999999966,-100,-6084.514999999995
103.865,-1.9099999999999966,-98,-6086.424999999994
103.86,-1.9000000000000057,-97,-6086.894999999995
103.86,-1.9000000000000057,-99,-6088.794999999995
103.86,-1.9000000000000057,-99,-6088.794999999995
103.86500000000001,-1.8900000000000006,-114,-6103.474999999996
103.86500000000001,-1.8900000000000006,-119,-6108.199999999996
103.86500000000001,-1.8900000000000006,-120,-6109.144999999996
103.86500000000001,-1.8900000000000006,-120,-6109.144999999996
103.86500000000001,-1.8900000000000006,-126,-6114.814999999997
103.88,-1.8599999999999994,-145,-6134.694999999992
103.88,-1.8599999999999994,-144,-6135.624999999993
103.88,-1.8599999999999994,-144,-6135.624999999993
103.88,-1.8599999999999994,-148,-6139.344999999994
103.88,-1.8599999999999994,-140,-6146.784999999993
103.88,-1.8599999999999994,-143,-6149.574999999993
103.88,-1.8599999999999994,-140,-6152.3649999999925
103.88,-1.8599999999999994,-134,-6157.944999999993
103.88,-1.8599999999999994,-138,-6161.664999999992
103.88,-1.8599999999999994,-144,-6167.244999999992
103.88,-1.8599999999999994,-144,-6167.244999999992
103.88,-1.8599999999999994,-147,-6170.034999999991
103.88,-1.8599999999999994,-142,-6174.68499999999
103.88,-1.8599999999999994,-141,-6175.614999999991
103.88,-1.8599999999999994,-131,-6184.91499999999
103.88,-1.8599999999999994,-130,-6185.844999999991
103.88,-1.8599999999999994,-127,-6188.634999999992
103.88,-1.8599999999999994,-119,-6196.074999999992
103.88,-1.8599999999999994,-120,-6197.004999999991
103.88,-1.8599999999999994,-122,-6198.864999999992
103.88,-1.8599999999999994,-122,-6198.864999999992
103.88,-1.8599999999999994,-123,-6199.794999999993
103.88,-1.8599999999999994,-121,-6201.6549999999925
103.88499999999999,-1.8500000000000085,-124,-6205.044999999991
103.88499999999999,-1.8500000000000085,-124,-6205.044999999991
103.88499999999999,-1.8500000000000085,-123,-6205.969999999993
103.88499999999999,-1.8500000000000085,-121,-6207.819999999992
103.88499999999999,-1.8500000000000085,-128,-6214.294999999992
103.88499999999999,-1.8500000000000085,-128,-6214.294999999992
103.88499999999999,-1.8500000000000085,-128,-6214.294999999992
103.88499999999999,-1.8500000000000085,-127,-6215.219999999992
103.88499999999999,-1.8500000000000085,-121,-6220.769999999992
103.88499999999999,-1.8500000000000085,-121,-6220.769999999992
103.88,-1.8400000000000034,-106,-6233.974999999992
103.88,-1.8400000000000034,-108,-6235.814999999992
103.88,-1.8400000000000034,-108,-6235.814999999992
103.88,-1.8400000000000034,-112,-6239.494999999993
103.88,-1.8400000000000034,-112,-6239.494999999993
103.88,-1.8400000000000034,-112,-6239.494999999993
103.88,-1.8400000000000034,-112,-6239.494999999993
103.88,-1.8400000000000034,-109,-6242.254999999993
103.88,-1.8400000000000034,-111,-6244.094999999993
103.87,-1.8200000000000074,-106,-6247.594999999994
103.87,-1.8200000000000074,-111,-6252.144999999992
103.87,-1.8200000000000074,-116,-6256.694999999992
103.87,-1.8200000000000074,-116,-6256.694999999992
103.87,-1.8200000000000074,-115,-6257.604999999993
103.87,-1.8200000000000074,-115,-6257.604999999993
103.87,-1.8200000000000074,-117,-6259.424999999993
103.87,-1.8200000000000074,-118,-6260.334999999992
103.87,-1.8200000000000074,-118,-6260.334999999992
103.87,-1.8200000000000074,-103,-6273.984999999992
103.87,-1.8200000000000074,-102,-6274.894999999991
103.87,-1.8200000000000074,-105,-6277.624999999992
103.875,-1.8100000000000023,-114,-6286.364999999992
103.875,-1.8100000000000023,-113,-6287.269999999991
103.875,-1.8100000000000023,-112,-6288.174999999991
103.875,-1.8100000000000023,-128,-6302.654999999992
103.875,-1.8100000000000023,-128,-6302.654999999992
103.875,-1.8100000000000023,-127,-6303.559999999991
103.905,-1.75,-140,-6319.464999999991
103.905,-1.75,-141,-6320.339999999989
103.905,-1.75,-141,-6320.339999999989
103.905,-1.75,-142,-6321.214999999989
103.905,-1.75,-149,-6327.339999999987
103.905,-1.75,-150,-6328.214999999987
103.905,-1.75,-149,-6329.089999999987
103.905,-1.75,-149,-6329.089999999987
103.905,-1.75,-150,-6329.964999999987
103.905,-1.75,-149,-6330.839999999987
103.905,-1.75,-149,-6330.839999999987
103.905,-1.75,-151,-6332.589999999989
103.905,-1.75,-152,-6333.464999999987
103.905,-1.75,-156,-6336.964999999987
103.9,-1.7399999999999949,-140,-6350.264999999987
103.9,-1.7399999999999949,-141,-6351.1349999999875
103.9,-1.7399999999999949,-141,-6351.1349999999875
103.9,-1.7399999999999949,-140,-6352.0049999999865
103.9,-1.7399999999999949,-139,-6352.874999999987
103.9,-1.7399999999999949,-139,-6352.874999999987
103.9,-1.7399999999999949,-137,-6354.614999999988
103.9,-1.7399999999999949,-136,-6355.484999999989
103.9,-1.7399999999999949,-134,-6357.224999999988
103.89500000000001,-1.730000000000004,-108,-6379.274999999989
103.89500000000001,-1.730000000000004,-107,-6380.1399999999885
103.89500000000001,-1.730000000000004,-106,-6381.004999999988
103.89500000000001,-1.730000000000004,-108,-6382.734999999989
103.89500000000001,-1.730000000000004,-111,-6385.329999999988
103.89500000000001,-1.730000000000004,-111,-6385.329999999988
103.89500000000001,-1.730000000000004,-114,-6387.924999999987
103.89500000000001,-1.730000000000004,-105,-6395.709999999987
103.89500000000001,-1.730000000000004,-107,-6397.439999999988
103.89,-1.7199999999999989,-101,-6402.124999999985
103.89,-1.7199999999999989,-101,-6402.124999999985
103.89,-1.7199999999999989,-98,-6404.704999999985
103.89,-1.7199999999999989,-100,-6406.4249999999865
103.89,-1.7199999999999989,-96,-6409.864999999987
103.89,-1.7199999999999989,-96,-6409.864999999987
103.89,-1.7199999999999989,-88,-6416.744999999986
103.89,-1.7199999999999989,-95,-6422.764999999986
103.89500000000001,-1.7099999999999937,-100,-6427.524999999989
103.89500000000001,-1.7099999999999937,-102,-6429.234999999987
103.89500000000001,-1.7099999999999937,-98,-6432.654999999987
103.89,-1.6999999999999886,-94,-6435.594999999986
103.89,-1.6999999999999886,-93,-6436.444999999986
103.89,-1.6999999999999886,-93,-6436.444999999986
103.89,-1.6999999999999886,-93,-6436.444999999986
103.89,-1.6999999999999886,-92,-6437.294999999985
103.89,-1.6999999999999886,-89,-6439.844999999987
103.89,-1.6999999999999886,-92,-6442.394999999984
103.89750000000001,-1.684999999999988,-93,-6443.9424999999865
103.89750000000001,-1.684999999999988,-91,-6445.627499999986
103.89750000000001,-1.684999999999988,-91,-6445.627499999986
103.89750000000001,-1.684999999999988,-90,-6446.469999999987
103.89750000000001,-1.684999999999988,-90,-6446.469999999987
103.89250000000001,-1.6749999999999972,-89,-6446.867499999986
103.89250000000001,-1.6749999999999972,-86,-6449.3799999999865
103.89250000000001,-1.6749999999999972,-86,-6449.3799999999865
103.89250000000001,-1.6749999999999972,-82,-6452.729999999987
103.89250000000001,-1.6749999999999972,-71,-6461.9424999999865
103.8875,-1.664999999999992,-68,-6464.104999999985
103.905,-1.6299999999999955,-70,-6466.977499999985
103.905,-1.6299999999999955,-66,-6470.237499999986
103.905,-1.6299999999999955,-62,-6473.497499999985
103.905,-1.6299999999999955,-62,-6473.497499999985
103.905,-1.6299999999999955,-63,-6474.312499999985
103.905,-1.6299999999999955,-66,-6476.757499999985
103.905,-1.6299999999999955,-55,-6485.722499999984
103.9275,-1.585000000000008,-64,-6494.362499999985
103.9275,-1.585000000000008,-57,-6499.909999999984
103.9275,-1.585000000000008,-57,-6499.909999999984
103.93,-1.5799999999999983,-60,-6502.437499999985
103.93,-1.5799999999999983,-60,-6502.437499999985
103.93,-1.5799999999999983,-60,-6502.437499999985
103.93,-1.5799999999999983,-60,-6502.437499999985
103.93,-1.5799999999999983,-52,-6508.757499999985
103.93,-1.5799999999999983,-48,-6511.917499999985
103.93,-1.5799999999999983,-47,-6512.707499999985
103.93,-1.5799999999999983,-49,-6514.287499999986
103.93,-1.5799999999999983,-49,-6514.287499999986
103.93,-1.5799999999999983,-39,-6522.187499999985
103.93,-1.5799999999999983,-44,-6526.137499999985
103.93,-1.5799999999999983,-40,-6529.297499999986
103.93,-1.5799999999999983,-42,-6530.877499999985
103.93,-1.5799999999999983,-41,-6531.667499999985
103.93,-1.5799999999999983,-41,-6531.667499999985
103.975,-1.4899999999999949,-44,-6535.837499999984
103.975,-1.4899999999999949,-44,-6535.837499999984
103.975,-1.4899999999999949,-46,-6537.327499999984
103.97,-1.4799999999999898,-39,-6542.327499999985
103.97,-1.4799999999999898,-33,-6546.767499999984
103.97,-1.4799999999999898,-34,-6547.507499999984
103.97,-1.4799999999999898,-22,-6556.387499999984
103.97,-1.4799999999999898,-21,-6557.127499999984
103.975,-1.4699999999999989,-30,-6563.897499999985
103.975,-1.4699999999999989,-31,-6564.632499999984
103.975,-1.4699999999999989,-31,-6564.632499999984
103.975,-1.4699999999999989,-30,-6565.367499999984
103.975,-1.4699999999999989,-29,-6566.1024999999845
103.975,-1.4699999999999989,-25,-6569.042499999985
103.975,-1.4699999999999989,-26,-6569.777499999985
103.975,-1.4699999999999989,-27,-6570.512499999984
103.975,-1.4699999999999989,-26,-6571.247499999985
103.975,-1.4699999999999989,-25,-6571.9824999999855
103.975,-1.4699999999999989,-25,-6571.9824999999855
103.975,-1.4699999999999989,-24,-6572.717499999984
103.975,-1.4699999999999989,-20,-6575.657499999985
103.975,-1.4699999999999989,-21,-6576.392499999985
103.97999999999999,-1.4599999999999937,-34,-6586.007499999985
103.98249999999999,-1.4549999999999983,-35,-6586.824999999984
103.98249999999999,-1.4549999999999983,-35,-6586.824999999984
103.98249999999999,-1.4549999999999983,-35,-6586.824999999984
103.98249999999999,-1.4549999999999983,-28,-6591.917499999985
103.98249999999999,-1.4549999999999983,-29,-6592.644999999985
103.98249999999999,-1.4549999999999983,-30,-6593.372499999985
103.98249999999999,-1.4549999999999983,-29,-6594.099999999985
103.985,-1.4499999999999886,-43,-6604.332499999985
103.985,-1.4499999999999886,-46,-6606.507499999986
104.005,-1.4099999999999966,-53,-6612.562499999985
104.005,-1.4099999999999966,-43,-6619.612499999986
104.005,-1.4099999999999966,-39,-6622.432499999985
104.005,-1.4099999999999966,-39,-6622.432499999985
104.005,-1.4099999999999966,-39,-6622.432499999985
104.005,-1.4099999999999966,-28,-6630.187499999985
104.0,-1.4000000000000057,-21,-6634.977499999985
104.0,-1.4000000000000057,-10,-6642.677499999985
104.0,-1.4000000000000057,-11,-6643.377499999985
104.0,-1.4000000000000057,-2,-6649.677499999985
104.0,-1.4000000000000057,-3,-6650.377499999985
104.0,-1.4000000000000057,-3,-6650.377499999985
103.995,-1.3900000000000006,23,-6668.692499999985
103.995,-1.3900000000000006,23,-6668.692499999985
104.0,-1.3799999999999955,8,-6678.957499999985
104.0,-1.3799999999999955,8,-6678.957499999985
104.0,-1.3799999999999955,9,-6679.647499999985
104.0075,-1.3649999999999949,6,-6681.6424999999845
104.0075,-1.3649999999999949,6,-6681.6424999999845
104.0075,-1.3649999999999949,10,-6684.372499999985
104.0075,-1.3649999999999949,16,-6688.467499999985
104.0075,-1.3649999999999949,19,-6690.514999999985
104.00999999999999,-1.3599999999999994,8,-6697.957499999985
104.00999999999999,-1.3599999999999994,11,-6699.997499999985
104.00999999999999,-1.3599999999999994,15,-6702.717499999984
104.00999999999999,-1.3599999999999994,9,-6706.797499999984
104.00999999999999,-1.3599999999999994,12,-6708.837499999984
104.00999999999999,-1.3599999999999994,12,-6708.837499999984
104.00999999999999,-1.3599999999999994,24,-6716.997499999985
104.00999999999999,-1.3599999999999994,29,-6720.3974999999855
104.00999999999999,-1.3599999999999994,33,-6723.117499999986
104.00999999999999,-1.3599999999999994,24,-6729.2374999999865
104.00999999999999,-1.3599999999999994,19,-6732.637499999987
104.00999999999999,-1.3599999999999994,19,-6732.637499999987
104.00999999999999,-1.3599999999999994,19,-6732.637499999987
104.00999999999999,-1.3599999999999994,21,-6733.997499999986
104.00999999999999,-1.3599999999999994,15,-6738.077499999987
104.00999999999999,-1.3599999999999994,15,-6738.077499999987
104.00999999999999,-1.3599999999999994,14,-6738.757499999987
104.00999999999999,-1.3599999999999994,13,-6739.437499999986
104.00999999999999,-1.3599999999999994,14,-6740.117499999988
104.00999999999999,-1.3599999999999994,13,-6740.797499999987
104.00999999999999,-1.3599999999999994,11,-6742.1574999999875
104.005,-1.3500000000000085,26,-6752.357499999988
104.005,-1.3500000000000085,36,-6759.107499999987
104.005,-1.3500000000000085,34,-6760.457499999988
104.005,-1.3500000000000085,33,-6761.132499999988
104.005,-1.3500000000000085,42,-6767.207499999989
104.005,-1.3500000000000085,45,-6769.23249999999
104.005,-1.3500000000000085,44,-6769.90749999999
104.005,-1.3500000000000085,44,-6769.90749999999
104.005,-1.3500000000000085,52,-6775.30749999999
104.005,-1.3500000000000085,51,-6775.98249999999
104.005,-1.3500000000000085,51,-6775.98249999999
104.005,-1.3500000000000085,53,-6777.332499999991
104.005,-1.3500000000000085,52,-6778.007499999991
104.005,-1.3500000000000085,46,-6782.057499999992
104.005,-1.3500000000000085,45,-6782.732499999992
104.00500000000001,-1.3499999999999943,33,-6790.832499999991
104.00500000000001,-1.3499999999999943,34,-6791.507499999992
104.00500000000001,-1.3499999999999943,32,-6792.857499999993
104.00500000000001,-1.3499999999999943,32,-6792.857499999993
104.00500000000001,-1.3499999999999943,30,-6794.207499999993
104.00500000000001,-1.3499999999999943,32,-6795.5574999999935
104.00750000000001,-1.3449999999999989,-3,-6819.039999999994
104.00750000000001,-1.3449999999999989,0,-6821.0574999999935
104.00750000000001,-1.3449999999999989,4,-6823.747499999994
104.00750000000001,-1.3449999999999989,1,-6825.764999999994
104.00750000000001,-1.3449999999999989,1,-6825.764999999994
104.00750000000001,-1.3449999999999989,6,-6829.127499999993
104.00750000000001,-1.3449999999999989,7,-6829.799999999994
104.00750000000001,-1.3449999999999989,7,-6829.799999999994
104.00750000000001,-1.3449999999999989,6,-6830.4724999999935
104.0025,-1.3349999999999937,42,-6854.622499999994
104.0025,-1.3349999999999937,44,-6855.957499999994
104.0025,-1.3349999999999937,44,-6855.957499999994
104.0025,-1.3349999999999937,49,-6859.294999999995
104.0025,-1.3349999999999937,49,-6859.294999999995
104.0025,-1.3349999999999937,49,-6859.294999999995
104.0025,-1.3349999999999937,46,-6861.297499999995
104.0025,-1.3349999999999937,46,-6861.297499999995
104.0025,-1.3349999999999937,47,-6861.964999999995
104.0025,-1.3349999999999937,49,-6863.299999999996
104.0025,-1.3349999999999937,47,-6864.634999999995
104.0025,-1.3349999999999937,47,-6864.634999999995
104.0025,-1.3349999999999937,48,-6865.302499999995
104.0025,-1.3349999999999937,50,-6866.637499999995
104.0025,-1.3349999999999937,51,-6867.304999999996
104.0025,-1.3349999999999937,52,-6867.972499999995
104.0025,-1.3349999999999937,52,-6867.972499999995
104.0025,-1.3349999999999937,58,-6871.977499999996
104.0025,-1.3349999999999937,58,-6871.977499999996
104.005,-1.3299999999999983,50,-6877.167499999996
104.005,-1.3299999999999983,47,-6879.162499999996
104.005,-1.3299999999999983,47,-6879.162499999996
104.005,-1.3299999999999983,29,-6891.132499999994
104.005,-1.3299999999999983,29,-6891.132499999994
104.005,-1.3299999999999983,28,-6891.797499999995
104.005,-1.3299999999999983,28,-6891.797499999995
104.005,-1.3299999999999983,19,-6897.782499999996
104.005,-1.3299999999999983,18,-6898.447499999995
104.005,-1.3299999999999983,16,-6899.777499999995
104.005,-1.3299999999999983,19,-6901.7724999999955
104.005,-1.3299999999999983,21,-6903.102499999995
104.005,-1.3299999999999983,19,-6904.432499999995
104.005,-1.3299999999999983,19,-6904.432499999995
104.005,-1.3299999999999983,15,-6907.092499999994
104.005,-1.3299999999999983,15,-6907.092499999994
104.005,-1.3299999999999983,15,-6907.092499999994
104.005,-1.3299999999999983,16,-6907.757499999994
104.005,-1.3299999999999983,15,-6908.422499999994
104.005,-1.3299999999999983,-3,-6920.3924999999945
104.005,-1.3299999999999983,-7,-6923.052499999994
104.005,-1.3299999999999983,-15,-6928.372499999994
104.005,-1.3299999999999983,-15,-6928.372499999994
104.005,-1.3299999999999983,-13,-6929.702499999994
104.0075,-1.3250000000000028,-20,-6934.402499999994
104.0075,-1.3250000000000028,-17,-6936.389999999994
104.0075,-1.3250000000000028,-17,-6936.389999999994
104.0075,-1.3250000000000028,-18,-6937.052499999994
104.0075,-1.3250000000000028,-18,-6937.052499999994
104.0075,-1.3250000000000028,-7,-6944.339999999994
104.0075,-1.3250000000000028,-10,-6946.327499999994
104.0075,-1.3250000000000028,-14,-6948.977499999994
104.0075,-1.3250000000000028,-16,-6950.302499999994
104.0075,-1.3250000000000028,-10,-6954.277499999994
104.0075,-1.3250000000000028,-18,-6959.577499999994
104.0075,-1.3250000000000028,-18,-6959.577499999994
104.0075,-1.3250000000000028,-19,-6960.239999999993
104.0075,-1.3250000000000028,-19,-6960.239999999993
104.0075,-1.3250000000000028,-19,-6960.239999999993
104.0075,-1.3250000000000028,-19,-6960.239999999993
104.0075,-1.3250000000000028,-21,-6961.564999999993
104.0075,-1.3250000000000028,-21,-6961.564999999993
104.0075,-1.3250000000000028,-11,-6968.189999999993
104.0075,-1.3250000000000028,-17,-6972.164999999994
104.0075,-1.3250000000000028,-24,-6976.802499999994
104.0075,-1.3250000000000028,-24,-6976.802499999994
104.0075,-1.3250000000000028,-33,-6982.764999999994
104.0075,-1.3250000000000028,-40,-6987.402499999993
104.0075,-1.3250000000000028,-39,-6988.064999999993
104.0075,-1.3250000000000028,-33,-6992.039999999994
104.0075,-1.3250000000000028,-39,-6996.014999999994
104.0075,-1.3250000000000028,-47,-7001.314999999994
104.0075,-1.3250000000000028,-46,-7001.977499999994
104.0075,-1.3250000000000028,-47,-7002.639999999994
104.0075,-1.3250000000000028,-47,-7002.639999999994
104.0075,-1.3250000000000028,-47,-7002.639999999994
104.0075,-1.3250000000000028,-44,-7004.627499999994
104.0075,-1.3250000000000028,-44,-7004.627499999994
104.0075,-1.3250000000000028,-43,-7005.289999999994
104.0075,-1.3250000000000028,-43,-7005.289999999994
104.0075,-1.3250000000000028,-37,-7009.264999999994
104.0075,-1.3250000000000028,-49,-7017.214999999994
104.0075,-1.3250000000000028,-52,-7019.202499999994
104.0025,-1.3149999999999977,-43,-7024.919999999995
104.0025,-1.3149999999999977,-42,-7025.577499999994
104.02812499999999,-1.2637500000000017,-45,-7028.600624999994
104.03,-1.259999999999991,-46,-7029.318749999995
104.03,-1.259999999999991,-47,-7029.948749999994
104.03,-1.259999999999991,-48,-7030.578749999995
104.03,-1.259999999999991,-49,-7031.208749999994
104.03,-1.259999999999991,-48,-7031.838749999995
104.03,-1.259999999999991,-46,-7033.098749999995
104.03,-1.259999999999991,-45,-7033.728749999995
104.03,-1.259999999999991,-48,-7035.618749999995
104.03,-1.259999999999991,-48,-7035.618749999995
104.03999999999999,-1.2399999999999949,-52,-7038.598749999994
104.03999999999999,-1.2399999999999949,-52,-7038.598749999994
104.03999999999999,-1.2399999999999949,-55,-7040.458749999994
104.03999999999999,-1.2399999999999949,-58,-7042.318749999994
104.03999999999999,-1.2399999999999949,-58,-7042.318749999994
104.03999999999999,-1.2399999999999949,-58,-7042.318749999994
104.03999999999999,-1.2399999999999949,-39,-7054.098749999994
104.03999999999999,-1.2399999999999949,-36,-7055.958749999994
104.03999999999999,-1.2399999999999949,-31,-7059.058749999994
104.03999999999999,-1.2399999999999949,-31,-7059.058749999994
104.03999999999999,-1.2399999999999949,-30,-7059.678749999994
104.03999999999999,-1.2399999999999949,-30,-7059.678749999994
104.03999999999999,-1.2399999999999949,-30,-7059.678749999994
104.05,-1.2199999999999989,-35,-7063.048749999994
104.05,-1.2199999999999989,-35,-7063.048749999994
104.05,-1.2199999999999989,-29,-7066.708749999993
104.05,-1.2199999999999989,-27,-7067.928749999994
104.11,-1.0999999999999943,-61,-7089.958749999993
104.11,-1.0999999999999943,-62,-7090.508749999994
104.11,-1.0999999999999943,-61,-7091.058749999994
104.11,-1.0999999999999943,-45,-7099.858749999993
104.11,-1.0999999999999943,-46,-7100.408749999993
104.11,-1.0999999999999943,-45,-7100.9587499999925
104.11,-1.0999999999999943,-45,-7100.9587499999925
104.11,-1.0999999999999943,-46,-7101.508749999994
104.11,-1.0999999999999943,-44,-7102.608749999994
104.11,-1.0999999999999943,-39,-7105.358749999993
104.11,-1.0999999999999943,-37,-7106.458749999993
104.11,-1.0999999999999943,-44,-7110.308749999993
104.11,-1.0999999999999943,-44,-7110.308749999993
104.12,-1.0799999999999983,-49,-7113.548749999994
104.12,-1.0799999999999983,-53,-7115.708749999994
104.12,-1.0799999999999983,-53,-7115.708749999994
104.12,-1.0799999999999983,-55,-7116.788749999993
104.13,-1.0600000000000023,-60,-7120.068749999992
104.13,-1.0600000000000023,-60,-7120.068749999992
104.125,-1.0500000000000114,-45,-7127.733749999993
104.125,-1.0500000000000114,-44,-7128.258749999994
104.125,-1.0500000000000114,-37,-7131.933749999993
104.125,-1.0500000000000114,-35,-7132.983749999994
104.125,-1.0500000000000114,-34,-7133.508749999994
104.125,-1.0500000000000114,-37,-7135.083749999993
104.125,-1.0500000000000114,-37,-7135.083749999993
104.125,-1.0500000000000114,-37,-7135.083749999993
104.125,-1.0500000000000114,-37,-7135.083749999993
104.125,-1.0500000000000114,-38,-7135.608749999994
104.125,-1.0500000000000114,-39,-7136.133749999994
104.125,-1.0500000000000114,-34,-7138.758749999994
104.125,-1.0500000000000114,-30,-7140.858749999994
104.155,-0.9900000000000091,-35,-7144.473749999994
104.155,-0.9900000000000091,-39,-7146.453749999993
104.155,-0.9900000000000091,-38,-7146.948749999994
104.155,-0.9900000000000091,-39,-7147.443749999994
104.155,-0.9900000000000091,-43,-7149.4237499999945
104.155,-0.9900000000000091,-43,-7149.4237499999945
104.165,-0.9699999999999989,-59,-7157.793749999994
104.165,-0.9699999999999989,-59,-7157.793749999994
104.165,-0.9699999999999989,-59,-7157.793749999994
104.165,-0.9699999999999989,-66,-7161.188749999995
104.1725,-0.9550000000000125,-67,-7162.176249999994
104.1725,-0.9550000000000125,-65,-7163.131249999994
104.18,-0.9400000000000119,-66,-7164.103749999994
104.18,-0.9400000000000119,-69,-7165.513749999995
104.18,-0.9400000000000119,-74,-7167.863749999995
104.18,-0.9400000000000119,-75,-7168.333749999995
104.175,-0.9300000000000068,-74,-7168.433749999994
104.175,-0.9300000000000068,-73,-7168.898749999994
104.175,-0.9300000000000068,-76,-7170.293749999994
104.175,-0.9300000000000068,-61,-7177.268749999994
104.175,-0.9300000000000068,-61,-7177.268749999994
104.175,-0.9300000000000068,-57,-7179.1287499999935
104.175,-0.9300000000000068,-58,-7179.593749999994
104.175,-0.9300000000000068,-39,-7188.428749999994
104.175,-0.9300000000000068,-41,-7189.358749999994
104.175,-0.9300000000000068,-41,-7189.358749999994
104.175,-0.9300000000000068,-42,-7189.823749999993
104.175,-0.9300000000000068,-41,-7190.288749999994
104.175,-0.9300000000000068,-38,-7191.683749999994
104.175,-0.9300000000000068,-38,-7191.683749999994
104.175,-0.9300000000000068,-16,-7201.913749999993
104.175,-0.9300000000000068,-10,-7204.703749999993
104.175,-0.9300000000000068,-10,-7204.703749999993
104.175,-0.9300000000000068,0,-7209.353749999993
104.16999999999999,-0.9200000000000017,22,-7219.563749999994
104.16999999999999,-0.9200000000000017,23,-7220.023749999993
104.16999999999999,-0.9200000000000017,33,-7224.6237499999925
104.16999999999999,-0.9200000000000017,33,-7224.6237499999925
104.16999999999999,-0.9200000000000017,31,-7225.5437499999925
104.16999999999999,-0.9200000000000017,30,-7226.0037499999935
104.16999999999999,-0.9200000000000017,30,-7226.0037499999935
104.16999999999999,-0.9200000000000017,30,-7226.0037499999935
104.185,-0.8900000000000006,26,-7227.363749999995
104.185,-0.8900000000000006,25,-7227.808749999995
104.185,-0.8900000000000006,24,-7228.253749999994
104.22,-0.8199999999999932,18,-7230.223749999995
104.22,-0.8199999999999932,18,-7230.223749999995
104.22,-0.8199999999999932,24,-7232.683749999996
104.22,-0.8199999999999932,32,-7235.963749999996
104.22,-0.8199999999999932,46,-7241.703749999996
104.22,-0.8199999999999932,51,-7243.753749999995
104.215,-0.8100000000000023,77,-7254.638749999995
104.215,-0.8100000000000023,77,-7254.638749999995
104.215,-0.8100000000000023,82,-7256.663749999994
104.215,-0.8100000000000023,80,-7257.473749999994
104.215,-0.8100000000000023,77,-7258.688749999994
104.215,-0.8100000000000023,76,-7259.0937499999945
104.215,-0.8100000000000023,76,-7259.0937499999945
104.215,-0.8100000000000023,76,-7259.0937499999945
104.25,-0.7400000000000091,62,-7262.023749999995
104.25,-0.7400000000000091,63,-7262.393749999996
104.25,-0.7400000000000091,63,-7262.393749999996
104.25,-0.7400000000000091,65,-7263.133749999995
104.25,-0.7400000000000091,65,-7263.133749999995
104.25,-0.7400000000000091,60,-7264.983749999996
104.25,-0.7400000000000091,56,-7266.463749999995
104.25,-0.7400000000000091,58,-7267.203749999995
104.25,-0.7400000000000091,58,-7267.203749999995
104.25,-0.7400000000000091,54,-7268.683749999995
104.25,-0.7400000000000091,51,-7269.793749999995
104.25,-0.7400000000000091,53,-7270.533749999995
104.25,-0.7400000000000091,56,-7271.643749999996
104.27000000000001,-0.7000000000000028,45,-7274.493749999995
104.27000000000001,-0.7000000000000028,46,-7274.843749999996
104.27000000000001,-0.7000000000000028,46,-7274.843749999996
104.27000000000001,-0.7000000000000028,46,-7274.843749999996
104.27000000000001,-0.7000000000000028,46,-7274.843749999996
104.27000000000001,-0.7000000000000028,46,-7274.843749999996
104.27000000000001,-0.7000000000000028,48,-7275.543749999995
104.27000000000001,-0.7000000000000028,41,-7277.993749999995
104.27000000000001,-0.7000000000000028,38,-7279.043749999995
104.27000000000001,-0.7000000000000028,38,-7279.043749999995
104.27000000000001,-0.7000000000000028,32,-7281.143749999995
104.27000000000001,-0.7000000000000028,32,-7281.143749999995
104.27000000000001,-0.7000000000000028,30,-7281.8437499999945
104.27000000000001,-0.7000000000000028,30,-7281.8437499999945
104.27000000000001,-0.7000000000000028,25,-7283.5937499999945
104.27000000000001,-0.7000000000000028,19,-7285.693749999994
104.27000000000001,-0.7000000000000028,21,-7286.393749999994
104.27000000000001,-0.7000000000000028,22,-7286.743749999994
104.27000000000001,-0.7000000000000028,23,-7287.093749999995
104.275,-0.6899999999999977,2,-7294.253749999995
104.275,-0.6899999999999977,4,-7294.943749999995
104.275,-0.6899999999999977,4,-7294.943749999995
104.28,-0.6800000000000068,-8,-7299.123749999995
104.28,-0.6800000000000068,-9,-7299.463749999995
104.28,-0.6800000000000068,-10,-7299.803749999996
104.28,-0.6800000000000068,-4,-7301.843749999996
104.28,-0.6800000000000068,-4,-7301.843749999996
104.28,-0.6800000000000068,1,-7303.543749999997
104.28,-0.6800000000000068,0,-7303.883749999997
104.28,-0.6800000000000068,4,-7305.243749999997
104.28,-0.6800000000000068,1,-7306.263749999997
104.28,-0.6800000000000068,-1,-7306.943749999997
104.28,-0.6800000000000068,-1,-7306.943749999997
104.285,-0.6700000000000017,-8,-7309.313749999997
104.285,-0.6700000000000017,-16,-7311.993749999996
104.285,-0.6700000000000017,-18,-7312.663749999997
104.285,-0.6700000000000017,-14,-7314.003749999996
104.285,-0.6700000000000017,-14,-7314.003749999996
104.28999999999999,-0.6600000000000108,-29,-7319.073749999996
104.28999999999999,-0.6600000000000108,-26,-7320.063749999996
104.28999999999999,-0.6600000000000108,-26,-7320.063749999996
104.28999999999999,-0.6600000000000108,-26,-7320.063749999996
104.28999999999999,-0.6600000000000108,-29,-7321.0537499999955
104.28999999999999,-0.6600000000000108,-28,-7321.383749999995
104.28999999999999,-0.6600000000000108,-31,-7322.373749999995
104.285,-0.6500000000000057,-22,-7325.203749999995
104.285,-0.6500000000000057,-22,-7325.203749999995
104.285,-0.6500000000000057,-25,-7326.1787499999955
104.285,-0.6500000000000057,-27,-7326.828749999995
104.285,-0.6500000000000057,-26,-7327.153749999995
104.285,-0.6500000000000057,-26,-7327.153749999995
104.285,-0.6500000000000057,-27,-7327.478749999995
104.285,-0.6500000000000057,-28,-7327.8037499999955
104.285,-0.6500000000000057,-29,-7328.128749999994
104.285,-0.6500000000000057,-29,-7328.128749999994
104.285,-0.6500000000000057,-23,-7330.078749999995
104.285,-0.6500000000000057,-19,-7331.378749999994
104.285,-0.6500000000000057,-19,-7331.378749999994
104.285,-0.6500000000000057,-19,-7331.378749999994
104.285,-0.6500000000000057,-20,-7331.703749999994
104.285,-0.6500000000000057,-7,-7335.928749999995
104.285,-0.6500000000000057,-6,-7336.253749999994
104.28,-0.6400000000000006,1,-7338.483749999995
104.28,-0.6400000000000006,7,-7340.403749999995
104.28,-0.6400000000000006,7,-7340.403749999995
104.28,-0.6400000000000006,10,-7341.363749999994
104.28,-0.6400000000000006,9,-7341.683749999995
104.28,-0.6400000000000006,16,-7343.923749999996
104.28,-0.6400000000000006,17,-7344.243749999996
104.28,-0.6400000000000006,16,-7344.5637499999975
104.28,-0.6400000000000006,22,-7346.483749999998
104.285,-0.6299999999999955,9,-7350.598749999998
104.285,-0.6299999999999955,-1,-7353.748749999998
104.285,-0.6299999999999955,14,-7358.473749999999
104.285,-0.6299999999999955,10,-7359.733749999999
104.285,-0.6299999999999955,11,-7360.04875
104.285,-0.6299999999999955,11,-7360.04875
104.285,-0.6299999999999955,-3,-7364.45875
104.28999999999999,-0.6199999999999903,-7,-7365.73375
104.28999999999999,-0.6199999999999903,-7,-7365.73375
104.28999999999999,-0.6199999999999903,-7,-7365.73375
104.28999999999999,-0.6199999999999903,-10,-7366.663750000001
104.28999999999999,-0.6199999999999903,-9,-7366.973750000001
104.28999999999999,-0.6199999999999903,-8,-7367.283750000001
104.285,-0.6099999999999994,3,-7370.638750000002
104.285,-0.6099999999999994,-2,-7372.1637500000015
104.285,-0.6099999999999994,-2,-7372.1637500000015
104.285,-0.6099999999999994,3,-7373.688750000001
104.285,-0.6099999999999994,3,-7373.688750000001
104.285,-0.6099999999999994,8,-7375.213750000002
104.285,-0.6099999999999994,3,-7376.738750000002
104.285,-0.6099999999999994,6,-7377.653750000002
104.285,-0.6099999999999994,12,-7379.483750000001
104.285,-0.6099999999999994,23,-7382.838750000001
104.285,-0.6099999999999994,24,-7383.143750000001
104.285,-0.6099999999999994,24,-7383.143750000001
104.285,-0.6099999999999994,30,-7384.973750000001
104.285,-0.6099999999999994,32,-7385.583750000001
104.285,-0.6099999999999994,34,-7386.19375
104.285,-0.6099999999999994,34,-7386.19375
104.285,-0.6099999999999994,34,-7386.19375
104.285,-0.6099999999999994,34,-7386.19375
104.285,-0.6099999999999994,34,-7386.19375
104.285,-0.6099999999999994,31,-7387.10875
104.285,-0.6099999999999994,32,-7387.413750000001
104.285,-0.6099999999999994,33,-7387.718750000001
104.285,-0.6099999999999994,27,-7389.548750000002
104.285,-0.6099999999999994,26,-7389.853750000002
104.285,-0.6099999999999994,28,-7390.463750000003
104.28999999999999,-0.6000000000000085,23,-7391.8737500000025
104.28999999999999,-0.6000000000000085,20,-7392.773750000004
104.28999999999999,-0.6000000000000085,20,-7392.773750000004
104.28999999999999,-0.6000000000000085,34,-7396.973750000004
104.295,-0.5900000000000034,15,-7402.5887500000035
104.295,-0.5900000000000034,15,-7402.5887500000035
104.295,-0.5900000000000034,20,-7404.063750000005
104.28999999999999,-0.5799999999999983,43,-7410.923750000004
104.28999999999999,-0.5799999999999983,43,-7410.923750000004
104.28999999999999,-0.5799999999999983,44,-7411.2137500000035
104.28999999999999,-0.5799999999999983,42,-7411.7937500000035
104.28999999999999,-0.5799999999999983,26,-7416.433750000003
104.28999999999999,-0.5799999999999983,26,-7416.433750000003
104.285,-0.5699999999999932,34,-7418.893750000001
104.28999999999999,-0.5599999999999881,31,-7419.573750000001
104.28999999999999,-0.5599999999999881,30,-7419.853750000001
104.28999999999999,-0.5599999999999881,32,-7420.413750000001
104.28999999999999,-0.5599999999999881,32,-7420.413750000001
104.28999999999999,-0.5599999999999881,31,-7420.69375
104.28999999999999,-0.5599999999999881,28,-7421.53375
104.3,-0.539999999999992,22,-7422.933749999998
104.3,-0.539999999999992,20,-7423.473749999999
104.3,-0.539999999999992,20,-7423.473749999999
104.31,-0.519999999999996,12,-7425.45375
104.31,-0.519999999999996,13,-7425.71375
104.31,-0.519999999999996,12,-7425.97375
104.31,-0.519999999999996,13,-7426.23375
104.32,-0.5,6,-7427.97375
104.32,-0.5,17,-7430.72375
104.32,-0.5,17,-7430.72375
104.32,-0.5,17,-7430.72375
104.32,-0.5,15,-7431.22375
104.31,-0.480000000000004,28,-7434.533749999999
104.31,-0.480000000000004,36,-7436.453749999999
104.31,-0.480000000000004,34,-7436.933749999999
104.31,-0.480000000000004,32,-7437.41375
104.31,-0.480000000000004,34,-7437.89375
104.315,-0.46999999999999886,30,-7438.693750000001
104.315,-0.46999999999999886,31,-7438.928750000001
104.315,-0.46999999999999886,31,-7438.928750000001
104.315,-0.46999999999999886,31,-7438.928750000001
104.315,-0.46999999999999886,31,-7438.928750000001
104.315,-0.46999999999999886,31,-7438.928750000001
104.315,-0.46999999999999886,34,-7439.63375
104.315,-0.46999999999999886,33,-7439.86875
104.315,-0.46999999999999886,34,-7440.103749999999
104.315,-0.46999999999999886,32,-7440.57375
104.315,-0.46999999999999886,32,-7440.57375
104.315,-0.46999999999999886,34,-7441.04375
104.315,-0.46999999999999886,37,-7441.74875
104.315,-0.46999999999999886,38,-7441.983749999999
104.315,-0.46999999999999886,38,-7441.983749999999
104.315,-0.46999999999999886,45,-7443.628749999999
104.315,-0.46999999999999886,55,-7445.978749999999
104.31,-0.46000000000000796,84,-7453.133749999997
104.31,-0.46000000000000796,80,-7454.053749999999
104.31,-0.46000000000000796,79,-7454.283749999999
104.315,-0.45000000000000284,76,-7454.573749999999
104.315,-0.45000000000000284,75,-7454.798749999998
104.315,-0.45000000000000284,70,-7455.923749999997
104.315,-0.45000000000000284,75,-7457.048749999998
104.32,-0.44000000000001194,72,-7457.353749999998
104.32,-0.44000000000001194,67,-7458.453749999998
104.32,-0.44000000000001194,67,-7458.453749999998
104.32,-0.44000000000001194,58,-7460.433749999998
104.32,-0.44000000000001194,52,-7461.753749999998
104.32,-0.44000000000001194,51,-7461.973749999997
104.32,-0.44000000000001194,45,-7463.293749999997
104.32,-0.44000000000001194,46,-7463.513749999998
104.32,-0.44000000000001194,58,-7466.153749999998
104.32,-0.44000000000001194,57,-7466.373749999997
104.32,-0.44000000000001194,59,-7466.8137499999975
104.32,-0.44000000000001194,54,-7467.913749999997
104.32,-0.44000000000001194,52,-7468.353749999997
104.32,-0.44000000000001194,50,-7468.793749999995
104.32,-0.44000000000001194,51,-7469.013749999996
104.32,-0.44000000000001194,52,-7469.233749999998
104.32,-0.44000000000001194,51,-7469.453749999997
104.33000000000001,-0.4200000000000017,50,-7469.173749999995
104.33500000000001,-0.4100000000000108,29,-7473.428749999997
104.33500000000001,-0.4100000000000108,17,-7475.888749999998
104.33500000000001,-0.4100000000000108,16,-7476.093749999998
104.33500000000001,-0.4100000000000108,20,-7476.913749999998
104.33500000000001,-0.4100000000000108,17,-7477.5287499999995
104.33500000000001,-0.4100000000000108,20,-7478.143749999999
104.33500000000001,-0.4100000000000108,20,-7478.143749999999
104.33500000000001,-0.4100000000000108,21,-7478.348750000001
104.33500000000001,-0.4100000000000108,28,-7479.783750000001
104.33500000000001,-0.4100000000000108,29,-7479.988750000002
104.33500000000001,-0.4100000000000108,28,-7480.193750000003
104.34,-0.4000000000000057,19,-7481.883750000004
104.34,-0.4000000000000057,-3,-7486.283750000004
104.34,-0.4000000000000057,-9,-7487.483750000004
104.34,-0.4000000000000057,-11,-7487.883750000004
104.34,-0.4000000000000057,-11,-7487.883750000004
104.34,-0.4000000000000057,-9,-7488.283750000004
104.34,-0.4000000000000057,-9,-7488.283750000004
104.34,-0.4000000000000057,-15,-7489.483750000004
104.34,-0.4000000000000057,-14,-7489.683750000004
104.34,-0.4000000000000057,-13,-7489.883750000004
104.34,-0.4000000000000057,-24,-7492.083750000003
104.34,-0.4000000000000057,-23,-7492.283750000004
104.34,-0.4000000000000057,-25,-7492.683750000004
104.34,-0.4000000000000057,-26,-7492.883750000004
104.34,-0.4000000000000057,-26,-7492.883750000004
104.34,-0.4000000000000057,-26,-7492.883750000004
104.34,-0.4000000000000057,-26,-7492.883750000004
104.34,-0.4000000000000057,-33,-7494.283750000004
104.34,-0.4000000000000057,-25,-7495.883750000004
104.34,-0.4000000000000057,-29,-7496.683750000004
104.34,-0.4000000000000057,-22,-7498.083750000003
104.34,-0.4000000000000057,-25,-7498.683750000003
104.34,-0.4000000000000057,-25,-7498.683750000003
104.34,-0.4000000000000057,-28,-7499.283750000002
104.34,-0.4000000000000057,-30,-7499.683750000004
104.34,-0.4000000000000057,-31,-7499.883750000003
104.34,-0.4000000000000057,-33,-7500.283750000002
104.34,-0.4000000000000057,-49,-7503.483750000002
104.33500000000001,-0.39000000000000057,-37,-7505.618750000002
104.33500000000001,-0.39000000000000057,-37,-7505.618750000002
104.33500000000001,-0.39000000000000057,-37,-7505.618750000002
104.33500000000001,-0.39000000000000057,-39,-7506.008750000003
104.33500000000001,-0.39000000000000057,-10,-7511.6637500000015
104.33500000000001,-0.39000000000000057,-11,-7511.858750000001
104.33500000000001,-0.39000000000000057,-12,-7512.053750000001
104.33500000000001,-0.39000000000000057,-12,-7512.053750000001
104.33500000000001,-0.39000000000000057,-21,-7513.80875
104.34,-0.37999999999999545,-40,-7517.653750000001
104.34,-0.37999999999999545,-40,-7517.653750000001
104.34,-0.37999999999999545,-27,-7520.123750000001
104.34,-0.37999999999999545,-26,-7520.31375
104.34,-0.37999999999999545,-27,-7520.503750000001
104.34,-0.37999999999999545,0,-7525.633750000001
104.34,-0.37999999999999545,-4,-7526.39375
104.34,-0.37999999999999545,-4,-7526.39375
104.34,-0.37999999999999545,-4,-7526.39375
104.34,-0.37999999999999545,-4,-7526.39375
104.34,-0.37999999999999545,-4,-7526.39375
104.34,-0.37999999999999545,-4,-7526.39375
104.34,-0.37999999999999545,-3,-7526.58375
104.34,-0.37999999999999545,-3,-7526.58375
104.34,-0.37999999999999545,-4,-7526.77375
104.34,-0.37999999999999545,-3,-7526.963750000001
104.34,-0.37999999999999545,4,-7528.293750000001
104.34,-0.37999999999999545,8,-7529.05375
104.34,-0.37999999999999545,8,-7529.05375
104.34,-0.37999999999999545,6,-7529.43375
104.345,-0.37000000000000455,0,-7530.57375
104.345,-0.37000000000000455,0,-7530.57375
104.345,-0.37000000000000455,0,-7530.57375
104.345,-0.37000000000000455,4,-7531.313749999999
104.345,-0.37000000000000455,5,-7531.498749999999
104.345,-0.37000000000000455,8,-7532.053749999999
104.345,-0.37000000000000455,13,-7532.978749999999
104.345,-0.37000000000000455,12,-7533.16375
104.345,-0.37000000000000455,9,-7533.71875
104.345,-0.37000000000000455,10,-7533.90375
104.345,-0.37000000000000455,13,-7534.458750000001
104.345,-0.37000000000000455,10,-7535.013750000001
104.345,-0.37000000000000455,10,-7535.013750000001
104.345,-0.37000000000000455,9,-7535.198750000001
104.35,-0.35999999999999943,7,-7535.533750000001
104.35,-0.35999999999999943,7,-7535.533750000001
104.35,-0.35999999999999943,7,-7535.533750000001
104.35,-0.35999999999999943,-15,-7539.4937500000015
104.35,-0.35999999999999943,-15,-7539.4937500000015
104.35,-0.35999999999999943,-16,-7539.673750000002
104.35,-0.35999999999999943,-17,-7539.853750000001
104.345,-0.3499999999999943,-4,-7542.063750000002
104.345,-0.3499999999999943,-9,-7542.938750000001
104.345,-0.3499999999999943,-9,-7542.938750000001
104.345,-0.3499999999999943,-7,-7543.2887500000015
104.345,-0.3499999999999943,-8,-7543.463750000002
104.345,-0.3499999999999943,-5,-7543.988750000002
104.345,-0.3499999999999943,-5,-7543.988750000002
104.345,-0.3499999999999943,-1,-7544.688750000002
104.345,-0.3499999999999943,-2,-7544.863750000001
104.345,-0.3499999999999943,-5,-7545.388750000002
104.345,-0.3499999999999943,-8,-7545.9137500000015
104.345,-0.3499999999999943,-1,-7547.138750000002
104.345,-0.3499999999999943,2,-7547.663750000002
104.345,-0.3499999999999943,7,-7548.538750000002
104.345,-0.3499999999999943,10,-7549.063750000002
104.345,-0.3499999999999943,11,-7549.238750000002
104.345,-0.3499999999999943,12,-7549.413750000003
104.345,-0.3499999999999943,12,-7549.413750000003
104.345,-0.3499999999999943,11,-7549.588750000003
104.35,-0.3399999999999892,4,-7550.743750000003
104.35,-0.3399999999999892,24,-7554.143750000003
104.35,-0.3399999999999892,28,-7554.823750000003
104.35499999999999,-0.3299999999999983,21,-7555.888750000004
104.35499999999999,-0.3299999999999983,22,-7556.053750000005
104.35,-0.3200000000000074,35,-7558.293750000004
104.35,-0.3200000000000074,35,-7558.293750000004
104.35,-0.3200000000000074,35,-7558.293750000004
104.35,-0.3200000000000074,34,-7558.453750000004
104.35,-0.3200000000000074,35,-7558.613750000004
104.35,-0.3200000000000074,36,-7558.773750000004
104.35,-0.3200000000000074,40,-7559.413750000005
104.35,-0.3200000000000074,36,-7560.053750000005
104.35,-0.3200000000000074,35,-7560.213750000004
104.35,-0.3200000000000074,35,-7560.213750000004
104.35,-0.3200000000000074,34,-7560.373750000004
104.35,-0.3200000000000074,35,-7560.533750000004
104.35,-0.3200000000000074,27,-7561.813750000004
104.35,-0.3200000000000074,26,-7561.973750000003
104.35,-0.3200000000000074,6,-7565.173750000004
104.35,-0.3200000000000074,7,-7565.3337500000025
104.35,-0.3200000000000074,1,-7566.293750000002
104.35,-0.3200000000000074,0,-7566.453750000002
104.35,-0.3200000000000074,6,-7567.4137500000015
104.35,-0.3200000000000074,-9,-7569.813750000001
104.35,-0.3200000000000074,-10,-7569.973750000002
104.35,-0.3200000000000074,-10,-7569.973750000002
104.35,-0.3200000000000074,-7,-7570.4537500000015
104.35,-0.3200000000000074,-2,-7571.253750000002
104.35,-0.3200000000000074,-2,-7571.253750000002
104.35,-0.3200000000000074,-7,-7572.053750000002
104.35,-0.3200000000000074,-10,-7572.533750000002
104.35,-0.3200000000000074,-3,-7573.653750000002
104.355,-0.3100000000000023,-8,-7574.453750000002
104.355,-0.3100000000000023,-2,-7575.383750000003
104.355,-0.3100000000000023,10,-7577.243750000002
104.355,-0.3100000000000023,-6,-7579.723750000003
104.355,-0.3100000000000023,-6,-7579.723750000003
104.355,-0.3100000000000023,-10,-7580.343750000003
104.355,-0.3100000000000023,-9,-7580.4987500000025
104.35,-0.29999999999999716,-4,-7581.243750000002
104.35,-0.29999999999999716,-5,-7581.393750000003
104.35,-0.29999999999999716,-5,-7581.393750000003
104.35,-0.29999999999999716,-5,-7581.393750000003
104.35,-0.29999999999999716,-5,-7581.393750000003
104.35,-0.29999999999999716,-6,-7581.543750000003
104.35,-0.29999999999999716,-5,-7581.693750000003
104.35,-0.29999999999999716,-10,-7582.443750000003
104.35,-0.29999999999999716,-10,-7582.443750000003
104.35,-0.29999999999999716,-10,-7582.443750000003
104.35,-0.29999999999999716,-6,-7583.043750000003
104.35,-0.29999999999999716,-9,-7583.493750000002
104.345,-0.28999999999999204,11,-7586.488750000002
104.345,-0.28999999999999204,8,-7586.923750000002
104.34,-0.28000000000000114,16,-7588.123750000001
104.34,-0.28000000000000114,16,-7588.123750000001
104.34,-0.28000000000000114,18,-7588.40375
104.34,-0.28000000000000114,18,-7588.40375
104.34,-0.28000000000000114,17,-7588.54375
104.34,-0.28000000000000114,17,-7588.54375
104.34,-0.28000000000000114,20,-7588.96375
104.34,-0.28000000000000114,20,-7588.96375
104.34,-0.28000000000000114,17,-7589.38375
104.34,-0.28000000000000114,0,-7591.76375
104.34,-0.28000000000000114,1,-7591.9037499999995
104.34,-0.28000000000000114,1,-7591.9037499999995
104.34,-0.28000000000000114,5,-7592.46375
104.34,-0.28000000000000114,5,-7592.46375
104.34,-0.28000000000000114,9,-7593.023749999999
104.34,-0.28000000000000114,13,-7593.58375
104.34,-0.28000000000000114,12,-7593.723749999999
104.345,-0.27000000000001023,2,-7595.0237499999985
104.345,-0.27000000000001023,6,-7595.5637499999975
104.345,-0.27000000000001023,6,-7595.5637499999975
104.345,-0.27000000000001023,14,-7596.643749999997
104.345,-0.27000000000001023,11,-7597.048749999998
104.345,-0.27000000000001023,10,-7597.183749999999
104.345,-0.27000000000001023,6,-7597.723749999999
104.345,-0.27000000000001023,14,-7598.803749999999
104.35,-0.2600000000000051,3,-7600.193749999999
104.35,-0.2600000000000051,-1,-7600.71375
104.35,-0.2600000000000051,0,-7600.843749999999
104.35,-0.2600000000000051,-4,-7601.363749999999
104.35,-0.2600000000000051,0,-7601.883749999999
104.35,-0.2600000000000051,0,-7601.883749999999
104.35,-0.2600000000000051,-1,-7602.013749999999
104.35,-0.2600000000000051,-5,-7602.533749999999
104.35,-0.2600000000000051,-3,-7602.793749999999
104.35,-0.2600000000000051,-5,-7603.053749999999
104.35,-0.2600000000000051,-4,-7603.183749999998
104.35,-0.2600000000000051,5,-7604.353749999998
104.35,-0.2600000000000051,3,-7604.613749999999
104.35,-0.2600000000000051,0,-7605.003749999999
104.35,-0.2600000000000051,-1,-7605.133749999999
104.35,-0.2600000000000051,-1,-7605.133749999999
104.35,-0.2600000000000051,-1,-7605.133749999999
104.35,-0.2600000000000051,-8,-7606.043749999999
104.35,-0.2600000000000051,-8,-7606.043749999999
104.35,-0.2600000000000051,-9,-7606.173749999998
104.35,-0.2600000000000051,-9,-7606.173749999998
104.35,-0.2600000000000051,-9,-7606.173749999998
104.35,-0.2600000000000051,-8,-7606.303749999998
104.35,-0.2600000000000051,-7,-7606.433749999997
104.35,-0.2600000000000051,-7,-7606.433749999997
104.35,-0.2600000000000051,-7,-7606.433749999997
104.35,-0.2600000000000051,-7,-7606.433749999997
104.355,-0.25,-12,-7607.123749999998
104.355,-0.25,1,-7608.748749999998
104.355,-0.25,-9,-7609.998749999997
104.355,-0.25,-9,-7609.998749999997
104.355,-0.25,-8,-7610.123749999997
104.355,-0.25,-8,-7610.123749999997
104.355,-0.25,-15,-7610.998749999997
104.355,-0.25,-18,-7611.373749999998
104.355,-0.25,-18,-7611.373749999998
104.355,-0.25,-21,-7611.748749999998
104.35,-0.23999999999999488,-13,-7612.653749999998
104.35,-0.23999999999999488,-13,-7612.653749999998
104.35,-0.23999999999999488,-13,-7612.653749999998
104.35,-0.23999999999999488,-6,-7613.493749999998
104.35,-0.23999999999999488,-7,-7613.613749999998
104.35,-0.23999999999999488,-3,-7614.093749999998
104.35,-0.23999999999999488,-3,-7614.093749999998
104.35,-0.23999999999999488,-2,-7614.213749999998
104.35,-0.23999999999999488,-4,-7614.453749999998
104.35,-0.23999999999999488,-15,-7615.7737499999985
104.35,-0.23999999999999488,-5,-7616.973749999998
104.35,-0.23999999999999488,-5,-7616.973749999998
104.35,-0.23999999999999488,-20,-7618.7737499999985
104.35,-0.23999999999999488,-20,-7618.7737499999985
104.35,-0.23999999999999488,-13,-7619.613749999999
104.35,-0.23999999999999488,-17,-7620.093749999998
104.35,-0.23999999999999488,-16,-7620.213749999999
104.35,-0.23999999999999488,-15,-7620.333749999999
104.35,-0.23999999999999488,-16,-7620.453749999999
104.35,-0.23999999999999488,-13,-7620.813749999999
104.35,-0.23999999999999488,-11,-7621.053749999999
104.35,-0.23999999999999488,-12,-7621.173749999999
104.345,-0.22999999999998977,-9,-7621.46875
104.345,-0.22999999999998977,-9,-7621.46875
104.345,-0.22999999999998977,-4,-7622.04375
104.345,-0.22999999999998977,-4,-7622.04375
104.345,-0.22999999999998977,-5,-7622.1587500000005
104.345,-0.22999999999998977,-1,-7622.618750000001
104.345,-0.22999999999998977,-1,-7622.618750000001
104.345,-0.22999999999998977,-1,-7622.618750000001
104.345,-0.22999999999998977,-1,-7622.618750000001
104.345,-0.22999999999998977,-1,-7622.618750000001
104.345,-0.22999999999998977,-4,-7622.963750000001
104.345,-0.22999999999998977,-3,-7623.078750000001
104.345,-0.22999999999998977,-2,-7623.19375
104.345,-0.22999999999998977,9,-7624.458750000002
104.345,-0.22999999999998977,7,-7624.688750000002
104.345,-0.22999999999998977,6,-7624.803750000003
104.345,-0.22999999999998977,13,-7625.608750000002
104.345,-0.22999999999998977,13,-7625.608750000002
104.345,-0.22999999999998977,13,-7625.608750000002
104.345,-0.22999999999998977,25,-7626.988750000002
104.35,-0.21999999999999886,12,-7628.323750000002
104.35,-0.21999999999999886,12,-7628.323750000002
104.35,-0.21999999999999886,12,-7628.323750000002
104.35,-0.21999999999999886,12,-7628.323750000002
104.35,-0.21999999999999886,12,-7628.323750000002
104.35,-0.21999999999999886,12,-7628.323750000002
104.35,-0.21999999999999886,12,-7628.323750000002
104.35,-0.21999999999999886,12,-7628.323750000002
104.35,-0.21999999999999886,15,-7628.653750000001
104.35,-0.21999999999999886,15,-7628.653750000001
104.345,-0.21000000000000796,19,-7629.168750000001
104.345,-0.21000000000000796,19,-7629.168750000001
104.345,-0.21000000000000796,25,-7629.798750000002
104.345,-0.21000000000000796,26,-7629.903750000003
104.345,-0.21000000000000796,36,-7630.953750000002
104.345,-0.21000000000000796,35,-7631.058750000003
104.345,-0.21000000000000796,36,-7631.163750000003
104.345,-0.21000000000000796,42,-7631.793750000004
104.345,-0.21000000000000796,50,-7632.6337500000045
104.345,-0.21000000000000796,49,-7632.738750000005
104.345,-0.21000000000000796,54,-7633.263750000005
104.345,-0.21000000000000796,49,-7633.788750000004
104.35,-0.20000000000000284,46,-7633.873750000005
104.35,-0.20000000000000284,50,-7634.273750000004
104.35,-0.20000000000000284,59,-7635.173750000004
104.35,-0.20000000000000284,60,-7635.273750000004
104.35,-0.20000000000000284,61,-7635.373750000005
104.35,-0.20000000000000284,66,-7635.873750000005
104.35,-0.20000000000000284,70,-7636.273750000004
104.35,-0.20000000000000284,65,-7636.773750000004
104.35,-0.20000000000000284,65,-7636.773750000004
104.35,-0.20000000000000284,63,-7636.973750000005
104.35,-0.20000000000000284,64,-7637.073750000005
104.35,-0.20000000000000284,75,-7638.173750000005
104.35,-0.20000000000000284,73,-7638.373750000006
104.35,-0.20000000000000284,73,-7638.373750000006
104.35,-0.20000000000000284,74,-7638.4737500000065
104.35,-0.20000000000000284,75,-7638.573750000007
104.35,-0.20000000000000284,75,-7638.573750000007
104.35,-0.20000000000000284,75,-7638.573750000007
104.35,-0.20000000000000284,74,-7638.673750000007
104.345,-0.18999999999999773,86,-7640.283750000008
104.345,-0.18999999999999773,85,-7640.378750000007
104.345,-0.18999999999999773,86,-7640.4737500000065
104.345,-0.18999999999999773,86,-7640.4737500000065
104.345,-0.18999999999999773,86,-7640.4737500000065
104.345,-0.18999999999999773,86,-7640.4737500000065
104.345,-0.18999999999999773,80,-7641.043750000006
104.345,-0.18999999999999773,84,-7641.423750000005
104.345,-0.18999999999999773,67,-7643.038750000005
104.345,-0.18999999999999773,69,-7643.228750000004
104.345,-0.18999999999999773,69,-7643.228750000004
104.345,-0.18999999999999773,74,-7643.703750000005
104.345,-0.18999999999999773,72,-7643.893750000005
104.345,-0.18999999999999773,77,-7644.368750000006
104.345,-0.18999999999999773,86,-7645.2237500000065
104.345,-0.18999999999999773,86,-7645.2237500000065
104.345,-0.18999999999999773,86,-7645.2237500000065
104.345,-0.18999999999999773,86,-7645.2237500000065
104.345,-0.18999999999999773,85,-7645.318750000006
104.345,-0.18999999999999773,63,-7647.408750000007
104.345,-0.18999999999999773,63,-7647.408750000007
104.345,-0.18999999999999773,63,-7647.408750000007
104.345,-0.18999999999999773,56,-7648.073750000007
104.345,-0.18999999999999773,52,-7648.453750000007
104.345,-0.18999999999999773,56,-7648.833750000007
104.345,-0.18999999999999773,56,-7648.833750000007
104.345,-0.18999999999999773,55,-7648.928750000006
104.345,-0.18999999999999773,55,-7648.928750000006
104.345,-0.18999999999999773,51,-7649.3087500000065
104.345,-0.18999999999999773,50,-7649.403750000007
104.345,-0.18999999999999773,51,-7649.498750000007
104.345,-0.18999999999999773,50,-7649.593750000007
104.345,-0.18999999999999773,51,-7649.6887500000075
104.345,-0.18999999999999773,46,-7650.163750000008
104.345,-0.18999999999999773,47,-7650.258750000008
104.345,-0.18999999999999773,47,-7650.258750000008
104.345,-0.18999999999999773,66,-7652.063750000009
104.345,-0.18999999999999773,65,-7652.158750000009
104.345,-0.18999999999999773,64,-7652.253750000009
104.345,-0.18999999999999773,66,-7652.443750000009
104.345,-0.18999999999999773,63,-7652.728750000008
104.345,-0.18999999999999773,63,-7652.728750000008
104.345,-0.18999999999999773,62,-7652.823750000008
104.345,-0.18999999999999773,62,-7652.823750000008
104.345,-0.18999999999999773,63,-7652.918750000009
104.345,-0.18999999999999773,58,-7653.393750000008
104.345,-0.18999999999999773,59,-7653.4887500000095
104.345,-0.18999999999999773,50,-7654.343750000009
104.345,-0.18999999999999773,57,-7655.008750000009
104.345,-0.18999999999999773,57,-7655.008750000009
104.345,-0.18999999999999773,53,-7655.388750000009
104.345,-0.18999999999999773,52,-7655.483750000009
104.345,-0.18999999999999773,52,-7655.483750000009
104.345,-0.18999999999999773,63,-7656.5287500000095
104.345,-0.18999999999999773,65,-7656.718750000008
104.345,-0.18999999999999773,64,-7656.813750000008
104.345,-0.18999999999999773,68,-7657.193750000009
104.345,-0.18999999999999773,69,-7657.288750000009
104.345,-0.18999999999999773,69,-7657.288750000009
104.345,-0.18999999999999773,68,-7657.383750000009
104.35,-0.1799999999999926,55,-7658.223750000008
104.35,-0.1799999999999926,58,-7658.493750000009
104.35,-0.1799999999999926,54,-7658.8537500000075
104.35,-0.1799999999999926,57,-7659.123750000007
104.35,-0.1799999999999926,62,-7659.573750000008
104.35,-0.1799999999999926,61,-7659.663750000008
104.35,-0.1799999999999926,58,-7659.933750000007
104.35,-0.1799999999999926,56,-7660.113750000007
104.35,-0.1799999999999926,55,-7660.203750000006
104.35,-0.1799999999999926,60,-7660.653750000007
104.345,-0.1700000000000017,61,-7661.048750000007
104.345,-0.1700000000000017,60,-7661.133750000007
104.345,-0.1700000000000017,60,-7661.133750000007
104.345,-0.1700000000000017,59,-7661.218750000007
104.345,-0.1700000000000017,62,-7661.473750000007
104.345,-0.1700000000000017,61,-7661.558750000007
104.345,-0.1700000000000017,62,-7661.6437500000075
104.345,-0.1700000000000017,63,-7661.728750000008
104.345,-0.1700000000000017,63,-7661.728750000008
104.345,-0.1700000000000017,63,-7661.728750000008
104.345,-0.1700000000000017,69,-7662.238750000008
104.345,-0.1700000000000017,69,-7662.238750000008
104.345,-0.1700000000000017,67,-7662.408750000008
104.345,-0.1700000000000017,67,-7662.408750000008
104.35,-0.1600000000000108,59,-7662.733750000007
104.35,-0.1600000000000108,60,-7662.813750000007
104.35,-0.1600000000000108,60,-7662.813750000007
104.35,-0.1600000000000108,60,-7662.813750000007
104.35,-0.1600000000000108,60,-7662.813750000007
104.35,-0.1600000000000108,60,-7662.813750000007
104.35,-0.1600000000000108,56,-7663.133750000007
104.35,-0.1600000000000108,56,-7663.133750000007
104.35,-0.1600000000000108,55,-7663.213750000006
104.35,-0.1600000000000108,48,-7663.773750000008
104.35,-0.1600000000000108,51,-7664.013750000008
104.35,-0.1600000000000108,53,-7664.173750000009
104.35,-0.1600000000000108,53,-7664.173750000009
104.35,-0.1600000000000108,38,-7665.37375000001
104.35,-0.1600000000000108,39,-7665.45375000001
104.345,-0.15000000000000568,69,-7668.118750000009
104.345,-0.15000000000000568,69,-7668.118750000009
104.345,-0.15000000000000568,68,-7668.193750000009
104.345,-0.15000000000000568,64,-7668.493750000009
104.345,-0.15000000000000568,65,-7668.568750000009
104.345,-0.15000000000000568,66,-7668.643750000009
104.345,-0.15000000000000568,59,-7669.16875000001
104.345,-0.15000000000000568,58,-7669.243750000009
104.345,-0.15000000000000568,50,-7669.843750000009
104.345,-0.15000000000000568,50,-7669.843750000009
104.345,-0.15000000000000568,51,-7669.918750000009
104.345,-0.15000000000000568,54,-7670.143750000009
104.345,-0.15000000000000568,54,-7670.143750000009
104.345,-0.15000000000000568,41,-7671.11875000001
104.345,-0.15000000000000568,41,-7671.11875000001
104.345,-0.15000000000000568,40,-7671.193750000009
104.345,-0.15000000000000568,40,-7671.193750000009
104.345,-0.15000000000000568,49,-7671.86875000001
104.345,-0.15000000000000568,46,-7672.09375000001
104.345,-0.15000000000000568,51,-7672.46875000001
104.345,-0.15000000000000568,48,-7672.693750000011
104.345,-0.15000000000000568,49,-7672.768750000011
104.345,-0.15000000000000568,48,-7672.843750000011
104.345,-0.15000000000000568,35,-7673.81875000001
104.345,-0.15000000000000568,47,-7674.718750000011
104.345,-0.15000000000000568,55,-7675.318750000011
104.345,-0.15000000000000568,63,-7675.918750000013
104.345,-0.15000000000000568,62,-7675.9937500000115
104.345,-0.15000000000000568,62,-7675.9937500000115
104.345,-0.15000000000000568,61,-7676.068750000011
104.345,-0.15000000000000568,62,-7676.143750000011
104.345,-0.15000000000000568,60,-7676.293750000011
104.345,-0.15000000000000568,62,-7676.44375000001
104.345,-0.15000000000000568,63,-7676.518750000011
104.345,-0.15000000000000568,55,-7677.118750000011
104.345,-0.15000000000000568,52,-7677.343750000012
104.345,-0.15000000000000568,52,-7677.343750000012
104.345,-0.15000000000000568,73,-7678.918750000012
104.34,-0.14000000000000057,81,-7679.923750000011
104.34,-0.14000000000000057,81,-7679.923750000011
104.34,-0.14000000000000057,81,-7679.923750000011
104.34,-0.14000000000000057,78,-7680.133750000012
104.34,-0.14000000000000057,73,-7680.483750000011
104.34,-0.14000000000000057,69,-7680.763750000012
104.34,-0.14000000000000057,69,-7680.763750000012
104.34,-0.14000000000000057,70,-7680.833750000012
104.34,-0.14000000000000057,70,-7680.833750000012
104.34,-0.14000000000000057,71,-7680.903750000011
104.34,-0.14000000000000057,77,-7681.3237500000105
104.345,-0.12999999999999545,61,-7682.128750000011
104.345,-0.12999999999999545,72,-7682.843750000011
104.345,-0.12999999999999545,56,-7683.883750000012
104.345,-0.12999999999999545,55,-7683.9487500000105
104.345,-0.12999999999999545,56,-7684.013750000011
104.345,-0.12999999999999545,55,-7684.07875000001
104.345,-0.12999999999999545,54,-7684.143750000009
104.345,-0.12999999999999545,54,-7684.143750000009
104.345,-0.12999999999999545,69,-7685.118750000009
104.345,-0.12999999999999545,70,-7685.183750000009
104.345,-0.12999999999999545,66,-7685.443750000009
104.345,-0.12999999999999545,60,-7685.833750000008
104.345,-0.12999999999999545,72,-7686.613750000008
104.345,-0.12999999999999545,81,-7687.198750000009
104.345,-0.12999999999999545,86,-7687.523750000009
104.345,-0.12999999999999545,87,-7687.58875000001
104.345,-0.12999999999999545,87,-7687.58875000001
104.345,-0.12999999999999545,86,-7687.65375000001
104.345,-0.12999999999999545,85,-7687.718750000011
104.345,-0.12999999999999545,86,-7687.783750000011
104.345,-0.12999999999999545,85,-7687.848750000012
104.345,-0.12999999999999545,83,-7687.978750000013
104.345,-0.12999999999999545,83,-7687.978750000013
104.345,-0.12999999999999545,81,-7688.108750000014
104.345,-0.12999999999999545,83,-7688.238750000013
104.345,-0.12999999999999545,83,-7688.238750000013
104.345,-0.12999999999999545,95,-7689.018750000012
104.345,-0.12999999999999545,95,-7689.018750000012
104.345,-0.12999999999999545,88,-7689.473750000012
104.345,-0.12999999999999545,88,-7689.473750000012
104.345,-0.12999999999999545,89,-7689.538750000012
104.345,-0.12999999999999545,93,-7689.798750000013
104.345,-0.12999999999999545,93,-7689.798750000013
104.345,-0.12999999999999545,96,-7689.993750000012
104.345,-0.12999999999999545,100,-7690.253750000011
104.345,-0.12999999999999545,105,-7690.57875000001
104.345,-0.12999999999999545,99,-7690.968750000009
104.345,-0.12999999999999545,102,-7691.163750000009
104.345,-0.12999999999999545,99,-7691.3587500000085
104.345,-0.12999999999999545,102,-7691.553750000008
104.345,-0.12999999999999545,105,-7691.748750000008
104.345,-0.12999999999999545,104,-7691.81375000001
104.345,-0.12999999999999545,104,-7691.81375000001
104.345,-0.12999999999999545,105,-7691.878750000009
104.345,-0.12999999999999545,106,-7691.9437500000095
104.345,-0.12999999999999545,92,-7692.8537500000075
104.345,-0.12999999999999545,91,-7692.918750000008
104.345,-0.12999999999999545,93,-7693.048750000009
104.345,-0.12999999999999545,94,-7693.113750000008
104.34,-0.12000000000000455,96,-7693.71375000001
104.34,-0.12000000000000455,99,-7693.89375000001
104.34,-0.12000000000000455,97,-7694.013750000009
104.34,-0.12000000000000455,88,-7694.553750000008
104.34,-0.12000000000000455,81,-7694.973750000008
104.34,-0.12000000000000455,88,-7695.393750000008
104.34,-0.12000000000000455,89,-7695.45375000001
104.34,-0.12000000000000455,90,-7695.513750000011
104.34,-0.12000000000000455,96,-7695.873750000013
104.34,-0.12000000000000455,93,-7696.053750000012
104.34,-0.12000000000000455,93,-7696.053750000012
104.34,-0.12000000000000455,94,-7696.113750000013
104.34,-0.12000000000000455,90,-7696.353750000015
104.345,-0.10999999999999943,84,-7696.293750000015
104.345,-0.10999999999999943,91,-7696.678750000014
104.345,-0.10999999999999943,91,-7696.678750000014
104.345,-0.10999999999999943,90,-7696.733750000014
104.345,-0.10999999999999943,91,-7696.788750000014
104.345,-0.10999999999999943,89,-7696.898750000013
104.345,-0.10999999999999943,102,-7697.613750000013
104.345,-0.10999999999999943,102,-7697.613750000013
104.345,-0.10999999999999943,109,-7697.998750000013
104.325,-0.15000000000000568,109,-7700.178750000012
104.315,-0.1700000000000017,112,-7701.523750000015
104.295,-0.21000000000000796,112,-7703.763750000013
104.285,-0.23000000000000398,113,-7704.998750000015
104.285,-0.23000000000000398,96,-7707.053750000017
104.285,-0.23000000000000398,96,-7707.053750000017
104.285,-0.23000000000000398,100,-7707.513750000016
104.285,-0.23000000000000398,100,-7707.513750000016
104.295,-0.21000000000000796,89,-7707.728750000017
104.295,-0.21000000000000796,97,-7708.568750000019
104.295,-0.21000000000000796,96,-7708.67375000002
104.295,-0.21000000000000796,96,-7708.67375000002
104.34,-0.12000000000000455,62,-7707.283750000022
104.34,-0.12000000000000455,70,-7707.763750000023
104.34,-0.12000000000000455,70,-7707.763750000023
104.34,-0.12000000000000455,78,-7708.243750000023
104.34,-0.12000000000000455,79,-7708.303750000023
104.34,-0.12000000000000455,96,-7709.323750000025
104.34,-0.12000000000000455,102,-7709.683750000026
104.345,-0.10999999999999943,85,-7710.178750000025
104.345,-0.10999999999999943,83,-7710.288750000025
104.345,-0.10999999999999943,82,-7710.3437500000255
104.345,-0.10999999999999943,75,-7710.728750000024
104.345,-0.10999999999999943,78,-7710.893750000025
104.345,-0.10999999999999943,73,-7711.168750000024
104.345,-0.10999999999999943,69,-7711.388750000024
104.345,-0.10999999999999943,69,-7711.388750000024
104.345,-0.10999999999999943,68,-7711.443750000023
104.345,-0.10999999999999943,59,-7711.938750000023
104.345,-0.10999999999999943,58,-7711.9937500000215
104.345,-0.10999999999999943,59,-7712.048750000022
104.345,-0.10999999999999943,65,-7712.378750000021
104.345,-0.10999999999999943,60,-7712.65375000002
104.345,-0.10999999999999943,62,-7712.763750000019
104.345,-0.10999999999999943,62,-7712.763750000019
104.345,-0.10999999999999943,64,-7712.873750000019
104.345,-0.10999999999999943,69,-7713.1487500000185
104.345,-0.10999999999999943,70,-7713.203750000019
104.345,-0.10999999999999943,70,-7713.203750000019
104.345,-0.10999999999999943,69,-7713.258750000017
104.345,-0.10999999999999943,73,-7713.478750000018
104.345,-0.10999999999999943,72,-7713.533750000017
104.345,-0.10999999999999943,72,-7713.533750000017
104.345,-0.10999999999999943,72,-7713.533750000017
104.345,-0.10999999999999943,79,-7713.918750000017
104.345,-0.10999999999999943,71,-7714.358750000017
104.345,-0.10999999999999943,71,-7714.358750000017
104.345,-0.10999999999999943,70,-7714.413750000016
104.345,-0.10999999999999943,74,-7714.633750000016
104.345,-0.10999999999999943,71,-7714.798750000015
104.35,-0.10000000000000853,63,-7714.923750000016
104.35,-0.10000000000000853,63,-7714.923750000016
104.35,-0.10000000000000853,63,-7714.923750000016
104.35,-0.10000000000000853,63,-7714.923750000016
104.35,-0.10000000000000853,63,-7714.923750000016
104.35,-0.10000000000000853,61,-7715.023750000016
104.345,-0.09000000000000341,67,-7715.648750000015
104.345,-0.09000000000000341,64,-7715.783750000015
104.345,-0.09000000000000341,61,-7715.918750000015
104.345,-0.09000000000000341,61,-7715.918750000015
104.345,-0.09000000000000341,57,-7716.098750000015
104.345,-0.09000000000000341,34,-7717.133750000015
104.345,-0.09000000000000341,34,-7717.133750000015
104.345,-0.09000000000000341,32,-7717.223750000015
104.345,-0.09000000000000341,31,-7717.268750000016
104.345,-0.09000000000000341,26,-7717.493750000016
104.345,-0.09000000000000341,32,-7717.7637500000155
104.345,-0.09000000000000341,28,-7717.943750000015
104.345,-0.09000000000000341,27,-7717.988750000015
104.345,-0.09000000000000341,31,-7718.168750000015
104.345,-0.09000000000000341,31,-7718.168750000015
104.345,-0.09000000000000341,36,-7718.393750000016
104.345,-0.09000000000000341,44,-7718.753750000016
104.345,-0.09000000000000341,43,-7718.798750000017
104.345,-0.09000000000000341,42,-7718.843750000018
104.345,-0.09000000000000341,43,-7718.888750000017
104.345,-0.09000000000000341,42,-7718.933750000018
104.345,-0.09000000000000341,43,-7718.9787500000175
104.345,-0.09000000000000341,43,-7718.9787500000175
104.345,-0.09000000000000341,42,-7719.0237500000185
104.345,-0.09000000000000341,42,-7719.0237500000185
104.345,-0.09000000000000341,44,-7719.113750000019
104.345,-0.09000000000000341,44,-7719.113750000019
104.345,-0.09000000000000341,44,-7719.113750000019
104.345,-0.09000000000000341,43,-7719.15875000002
104.345,-0.09000000000000341,44,-7719.203750000019
104.345,-0.09000000000000341,43,-7719.24875000002
104.345,-0.09000000000000341,43,-7719.24875000002
104.345,-0.09000000000000341,49,-7719.51875000002
104.345,-0.09000000000000341,48,-7719.563750000021
104.345,-0.09000000000000341,67,-7720.418750000021
104.345,-0.09000000000000341,65,-7720.50875000002
104.345,-0.09000000000000341,71,-7720.77875000002
104.345,-0.09000000000000341,72,-7720.82375000002
104.345,-0.09000000000000341,89,-7721.588750000019
104.345,-0.09000000000000341,85,-7721.7687500000175
104.345,-0.09000000000000341,83,-7721.858750000018
104.345,-0.09000000000000341,83,-7721.858750000018
104.345,-0.09000000000000341,82,-7721.9037500000195
104.345,-0.09000000000000341,68,-7722.533750000018
104.345,-0.09000000000000341,68,-7722.533750000018
104.345,-0.09000000000000341,70,-7722.623750000019
104.345,-0.09000000000000341,70,-7722.623750000019
104.345,-0.09000000000000341,71,-7722.668750000018
104.345,-0.09000000000000341,71,-7722.668750000018
104.345,-0.09000000000000341,70,-7722.713750000019
104.345,-0.09000000000000341,76,-7722.9837500000185
104.345,-0.09000000000000341,78,-7723.07375000002
104.345,-0.09000000000000341,92,-7723.703750000021
104.345,-0.09000000000000341,98,-7723.973750000021
104.34,-0.0799999999999983,99,-7724.51375000002
104.34,-0.0799999999999983,99,-7724.51375000002
104.34,-0.0799999999999983,100,-7724.553750000021
104.34,-0.0799999999999983,98,-7724.633750000023
104.34,-0.0799999999999983,100,-7724.713750000021
104.34,-0.0799999999999983,100,-7724.713750000021
104.34,-0.0799999999999983,104,-7724.873750000021
104.34,-0.0799999999999983,104,-7724.873750000021
104.34,-0.0799999999999983,88,-7725.513750000022
104.34,-0.0799999999999983,90,-7725.59375000002
104.34,-0.0799999999999983,78,-7726.07375000002
104.34,-0.0799999999999983,78,-7726.07375000002
104.34,-0.0799999999999983,78,-7726.07375000002
104.34,-0.0799999999999983,69,-7726.433750000019
104.33500000000001,-0.07000000000000739,82,-7727.243750000018
104.33500000000001,-0.07000000000000739,81,-7727.2787500000195
104.33500000000001,-0.07000000000000739,81,-7727.2787500000195
104.33500000000001,-0.07000000000000739,82,-7727.313750000019
104.33500000000001,-0.07000000000000739,88,-7727.52375000002
104.33,-0.060000000000002274,89,-7728.003750000022
104.33,-0.060000000000002274,83,-7728.183750000022
104.33,-0.060000000000002274,81,-7728.2437500000215
104.33,-0.060000000000002274,82,-7728.273750000022
104.33,-0.060000000000002274,93,-7728.603750000022
104.33,-0.060000000000002274,93,-7728.603750000022
104.33,-0.060000000000002274,93,-7728.603750000022
104.33,-0.060000000000002274,94,-7728.633750000023
104.33,-0.060000000000002274,94,-7728.633750000023
104.33,-0.060000000000002274,99,-7728.783750000022
104.33,-0.060000000000002274,98,-7728.813750000023
104.33,-0.060000000000002274,98,-7728.813750000023
104.33,-0.060000000000002274,98,-7728.813750000023
104.33,-0.060000000000002274,98,-7728.813750000023
104.33,-0.060000000000002274,88,-7729.113750000024
104.33,-0.060000000000002274,88,-7729.113750000024
104.33500000000001,-0.04999999999999716,84,-7728.793750000024
104.33500000000001,-0.04999999999999716,102,-7729.243750000025
104.33500000000001,-0.04999999999999716,104,-7729.293750000026
104.33,-0.060000000000002274,105,-7729.843750000027
104.32,-0.0799999999999983,106,-7730.933750000027
104.31,-0.09999999999999432,109,-7732.143750000028
104.28999999999999,-0.14000000000000057,112,-7734.533750000031
104.265,-0.18999999999999773,105,-7737.998750000032
104.28999999999999,-0.14000000000000057,89,-7736.643750000034
104.31,-0.09999999999999432,81,-7735.543750000032
104.305,-0.0899999999999892,94,-7736.573750000034
104.305,-0.0899999999999892,102,-7736.933750000033
104.305,-0.0899999999999892,102,-7736.933750000033
104.305,-0.0899999999999892,109,-7737.248750000033
104.285,-0.12999999999999545,110,-7739.493750000032
104.27,-0.1599999999999966,114,-7741.463750000035
104.24,-0.21999999999999886,120,-7745.5437500000335
104.195,-0.30999999999998806,114,-7751.873750000032
104.195,-0.30999999999998806,112,-7752.183750000029
104.195,-0.30999999999998806,119,-7753.26875000003
104.175,-0.3499999999999943,116,-7756.173750000031
104.175,-0.3499999999999943,116,-7756.173750000031
104.175,-0.3499999999999943,113,-7756.6987500000305
104.185,-0.3299999999999983,100,-7757.79375000003
104.185,-0.3299999999999983,100,-7757.79375000003
104.185,-0.3299999999999983,101,-7757.958750000029
104.185,-0.3299999999999983,104,-7758.453750000028
104.185,-0.3299999999999983,108,-7759.1137500000295
104.18,-0.3200000000000074,119,-7761.513750000029
104.16499999999999,-0.3500000000000085,121,-7763.648750000031
104.14500000000001,-0.39000000000000057,121,-7766.068750000028
104.14,-0.4000000000000057,121,-7766.673750000029
104.135,-0.4099999999999966,123,-7767.688750000028
104.125,-0.4300000000000068,123,-7768.91875000003
104.11500000000001,-0.45000000000000284,116,-7771.72375000003
104.11500000000001,-0.45000000000000284,115,-7771.9487500000305
104.11500000000001,-0.45000000000000284,114,-7772.173750000031
104.11500000000001,-0.45000000000000284,114,-7772.173750000031
104.125,-0.4300000000000068,113,-7771.268750000032
104.125,-0.4300000000000068,114,-7771.483750000032
104.125,-0.4300000000000068,117,-7772.128750000033
104.125,-0.4300000000000068,115,-7772.558750000033
104.125,-0.4300000000000068,135,-7776.858750000032
104.06,-0.5600000000000023,129,-7787.313750000032
104.055,-0.5700000000000074,128,-7788.243750000031
104.055,-0.5700000000000074,128,-7788.243750000031
104.055,-0.5700000000000074,126,-7788.81375000003
104.055,-0.5700000000000074,126,-7788.81375000003
104.055,-0.5700000000000074,129,-7789.66875000003
104.055,-0.5700000000000074,129,-7789.66875000003
104.055,-0.5700000000000074,128,-7789.95375000003
104.055,-0.5700000000000074,129,-7790.2387500000295
104.055,-0.5700000000000074,129,-7790.2387500000295
104.055,-0.5700000000000074,128,-7790.523750000029
104.055,-0.5700000000000074,127,-7790.808750000029
104.055,-0.5700000000000074,127,-7790.808750000029
104.055,-0.5700000000000074,126,-7791.093750000029
104.055,-0.5700000000000074,126,-7791.093750000029
104.055,-0.5700000000000074,127,-7791.378750000029
104.055,-0.5700000000000074,121,-7793.08875000003
104.055,-0.5700000000000074,122,-7793.37375000003
104.055,-0.5700000000000074,122,-7793.37375000003
104.055,-0.5700000000000074,111,-7796.508750000028
104.055,-0.5700000000000074,109,-7797.078750000028
104.055,-0.5700000000000074,109,-7797.078750000028
104.05,-0.5600000000000023,119,-7800.473750000032
104.05,-0.5600000000000023,113,-7802.153750000032
104.05,-0.5600000000000023,113,-7802.153750000032
104.05,-0.5600000000000023,112,-7802.433750000031
104.05,-0.5600000000000023,112,-7802.433750000031
104.05,-0.5600000000000023,133,-7808.313750000032
104.025,-0.6099999999999994,133,-7811.638750000031
104.015,-0.6299999999999955,132,-7813.283750000031
104.015,-0.6299999999999955,132,-7813.283750000031
104.015,-0.6299999999999955,132,-7813.283750000031
104.015,-0.6299999999999955,134,-7813.913750000031
104.0,-0.6599999999999966,148,-7820.54375000003
103.925,-0.8100000000000023,148,-7831.64375000003
103.88499999999999,-0.8900000000000006,144,-7839.343750000033
103.88499999999999,-0.8900000000000006,146,-7840.233750000032
103.875,-0.9099999999999966,156,-7846.243750000031
103.82,-1.019999999999996,148,-7858.903750000032
103.815,-1.009999999999991,160,-7865.763750000027
103.77,-1.0999999999999943,157,-7874.6137500000295
103.75999999999999,-1.1199999999999903,156,-7876.743750000031
103.75999999999999,-1.1199999999999903,157,-7877.30375000003
103.755,-1.1299999999999955,155,-7879.218750000027
103.755,-1.1299999999999955,160,-7882.043750000026
103.74,-1.1599999999999966,158,-7885.6037500000275
103.75999999999999,-1.1199999999999903,132,-7897.803750000025
103.75999999999999,-1.1199999999999903,133,-7898.363750000026
103.75999999999999,-1.1199999999999903,133,-7898.363750000026
103.75999999999999,-1.1199999999999903,132,-7898.923750000024
103.75999999999999,-1.1199999999999903,132,-7898.923750000024
103.75999999999999,-1.1199999999999903,134,-7900.043750000024
103.75999999999999,-1.1199999999999903,148,-7907.883750000023
103.75999999999999,-1.1199999999999903,137,-7914.043750000023
103.75999999999999,-1.1199999999999903,136,-7914.603750000022
103.75999999999999,-1.1199999999999903,143,-7918.523750000024
103.75999999999999,-1.1199999999999903,137,-7921.883750000023
103.75999999999999,-1.1199999999999903,140,-7923.563750000023
103.75999999999999,-1.1199999999999903,140,-7923.563750000023
103.75999999999999,-1.1199999999999903,142,-7924.683750000022
103.75999999999999,-1.1199999999999903,147,-7927.483750000019
103.75999999999999,-1.1199999999999903,150,-7929.16375000002
103.75999999999999,-1.1199999999999903,144,-7932.5237500000185
103.75999999999999,-1.1199999999999903,149,-7935.323750000018
103.75999999999999,-1.1199999999999903,149,-7935.323750000018
103.75999999999999,-1.1199999999999903,149,-7935.323750000018
103.75999999999999,-1.1199999999999903,159,-7940.923750000016
103.745,-1.1499999999999915,159,-7943.308750000015
103.74,-1.1599999999999966,150,-7949.323750000018
103.745,-1.1499999999999915,149,-7949.158750000017
103.745,-1.1499999999999915,148,-7949.733750000019
103.745,-1.1499999999999915,143,-7952.608750000021
103.745,-1.1499999999999915,142,-7953.183750000022
103.78,-1.0799999999999983,127,-7956.823750000023
103.78,-1.0799999999999983,128,-7957.363750000022
103.78,-1.0799999999999983,129,-7957.903750000021
103.78,-1.0799999999999983,132,-7959.52375000002
103.78,-1.0799999999999983,134,-7960.60375000002
103.78,-1.0799999999999983,134,-7960.60375000002
103.78,-1.0799999999999983,135,-7961.143750000021
103.78999999999999,-1.059999999999988,126,-7964.7437500000215
103.78999999999999,-1.059999999999988,126,-7964.7437500000215
103.78999999999999,-1.059999999999988,109,-7973.75375000002
103.78999999999999,-1.059999999999988,108,-7974.2837500000205
103.78999999999999,-1.059999999999988,108,-7974.2837500000205
103.78999999999999,-1.059999999999988,107,-7974.813750000023
103.78999999999999,-1.059999999999988,109,-7975.8737500000225
103.79499999999999,-1.0499999999999972,107,-7976.388750000024
103.79499999999999,-1.0499999999999972,111,-7978.488750000022
103.79499999999999,-1.0499999999999972,111,-7978.488750000022
103.79499999999999,-1.0499999999999972,126,-7986.363750000022
103.79499999999999,-1.0499999999999972,130,-7988.463750000021
103.78999999999999,-1.0400000000000063,133,-7990.703750000019
103.78999999999999,-1.0400000000000063,136,-7992.26375000002
103.78999999999999,-1.0400000000000063,135,-7992.783750000019
103.78999999999999,-1.0400000000000063,134,-7993.303750000019
103.78999999999999,-1.0400000000000063,119,-8001.10375000002
103.78999999999999,-1.0400000000000063,119,-8001.10375000002
103.78999999999999,-1.0400000000000063,118,-8001.623750000019
103.78999999999999,-1.0400000000000063,118,-8001.623750000019
103.78999999999999,-1.0400000000000063,118,-8001.623750000019
103.78999999999999,-1.0400000000000063,119,-8002.143750000021
103.78999999999999,-1.0400000000000063,120,-8002.6637500000215
103.78999999999999,-1.0400000000000063,117,-8004.223750000021
103.78999999999999,-1.0400000000000063,116,-8004.74375000002
103.78999999999999,-1.0400000000000063,115,-8005.26375000002
103.78999999999999,-1.0400000000000063,116,-8005.7837500000205
103.78999999999999,-1.0400000000000063,120,-8007.863750000022
103.78999999999999,-1.0400000000000063,120,-8007.863750000022
103.78999999999999,-1.0400000000000063,119,-8008.383750000023
103.795,-1.0300000000000011,95,-8020.298750000022
103.795,-1.0300000000000011,95,-8020.298750000022
103.80000000000001,-1.019999999999996,88,-8023.4037500000195
103.80000000000001,-1.019999999999996,88,-8023.4037500000195
103.80000000000001,-1.019999999999996,87,-8023.91375000002
103.80000000000001,-1.019999999999996,87,-8023.91375000002
103.80000000000001,-1.019999999999996,89,-8024.933750000018
103.80000000000001,-1.019999999999996,89,-8024.933750000018
103.80000000000001,-1.019999999999996,96,-8028.50375000002
103.80000000000001,-1.019999999999996,101,-8031.053750000019
103.80000000000001,-1.019999999999996,99,-8032.073750000018
103.80000000000001,-1.019999999999996,99,-8032.073750000018
103.81,-1.0,98,-8031.603750000017
103.81,-1.0,87,-8037.103750000018
103.815,-0.9900000000000091,86,-8037.173750000016
103.815,-0.9900000000000091,86,-8037.173750000016
103.815,-0.9900000000000091,86,-8037.173750000016
103.815,-0.9900000000000091,89,-8038.658750000017
103.815,-0.9900000000000091,95,-8041.628750000018
103.815,-0.9900000000000091,92,-8043.113750000019
103.815,-0.9900000000000091,93,-8043.608750000019
103.815,-0.9900000000000091,92,-8044.10375000002
103.815,-0.9900000000000091,92,-8044.10375000002
103.815,-0.9900000000000091,92,-8044.10375000002
103.815,-0.9900000000000091,95,-8045.588750000021
103.815,-0.9900000000000091,97,-8046.578750000019
103.815,-0.9900000000000091,94,-8048.063750000019
103.815,-0.9900000000000091,99,-8050.53875000002
103.815,-0.9900000000000091,113,-8057.46875000002
103.82,-0.980000000000004,108,-8059.383750000021
103.82,-0.980000000000004,108,-8059.383750000021
103.82,-0.980000000000004,108,-8059.383750000021
103.82,-0.980000000000004,105,-8060.85375000002
103.82,-0.980000000000004,101,-8062.813750000019
103.82,-0.980000000000004,101,-8062.813750000019
103.82,-0.980000000000004,96,-8065.263750000018
103.825,-0.9699999999999989,89,-8068.238750000017
103.825,-0.9699999999999989,84,-8070.663750000016
103.825,-0.9699999999999989,84,-8070.663750000016
103.825,-0.9699999999999989,89,-8073.088750000015
103.825,-0.9699999999999989,89,-8073.088750000015
103.825,-0.9699999999999989,94,-8075.513750000015
103.825,-0.9699999999999989,100,-8078.423750000016
103.825,-0.9699999999999989,102,-8079.393750000016
103.825,-0.9699999999999989,99,-8080.848750000014
103.825,-0.9699999999999989,102,-8082.3037500000155
103.825,-0.9699999999999989,92,-8087.153750000014
103.825,-0.9699999999999989,92,-8087.153750000014
103.825,-0.9699999999999989,92,-8087.153750000014
103.825,-0.9699999999999989,92,-8087.153750000014
103.825,-0.9699999999999989,95,-8088.608750000014
103.825,-0.9699999999999989,95,-8088.608750000014
103.825,-0.9699999999999989,95,-8088.608750000014
103.825,-0.9699999999999989,96,-8089.093750000015
103.825,-0.9699999999999989,118,-8099.763750000015
103.83500000000001,-0.9500000000000028,108,-8103.353750000013
103.83500000000001,-0.9500000000000028,110,-8104.303750000012
103.85,-0.9200000000000017,97,-8108.963750000015
103.85,-0.9200000000000017,97,-8108.963750000015
103.85,-0.9200000000000017,96,-8109.423750000016
103.85,-0.9200000000000017,95,-8109.883750000015
103.85,-0.9200000000000017,93,-8110.803750000017
103.85,-0.9200000000000017,94,-8111.263750000018
103.85,-0.9200000000000017,90,-8113.103750000017
103.85,-0.9200000000000017,90,-8113.103750000017
103.85,-0.9200000000000017,98,-8116.783750000017
103.85,-0.9200000000000017,98,-8116.783750000017
103.85,-0.9200000000000017,98,-8116.783750000017
103.85,-0.9200000000000017,102,-8118.623750000019
103.85,-0.9200000000000017,103,-8119.08375000002
103.85,-0.9200000000000017,103,-8119.08375000002
103.85,-0.9200000000000017,112,-8123.223750000021
103.85,-0.9200000000000017,109,-8124.603750000022
103.85,-0.9200000000000017,110,-8125.063750000023
103.85,-0.9200000000000017,112,-8125.983750000023
103.85,-0.9200000000000017,116,-8127.823750000025
103.85,-0.9200000000000017,119,-8129.203750000024
103.85,-0.9200000000000017,121,-8130.123750000024
103.85,-0.9200000000000017,121,-8130.123750000024
103.85,-0.9200000000000017,121,-8130.123750000024
103.85,-0.9200000000000017,122,-8130.583750000025
103.855,-0.9099999999999966,107,-8136.868750000023
103.855,-0.9099999999999966,107,-8136.868750000023
103.855,-0.9099999999999966,114,-8140.053750000021
103.86500000000001,-0.8900000000000006,101,-8144.738750000022
103.86500000000001,-0.8900000000000006,100,-8145.183750000026
103.86500000000001,-0.8900000000000006,99,-8145.628750000027
103.86500000000001,-0.8900000000000006,94,-8147.8537500000275
103.86500000000001,-0.8900000000000006,95,-8148.298750000029
103.86500000000001,-0.8900000000000006,94,-8148.743750000031
103.86500000000001,-0.8900000000000006,98,-8150.523750000033
103.86500000000001,-0.8900000000000006,99,-8150.968750000035
103.87,-0.8799999999999955,92,-8153.563750000034
103.87,-0.8799999999999955,93,-8154.003750000036
103.87,-0.8799999999999955,92,-8154.443750000035
103.87,-0.8799999999999955,89,-8155.763750000035
103.87,-0.8799999999999955,90,-8156.203750000035
103.87,-0.8799999999999955,89,-8156.643750000036
103.87,-0.8799999999999955,88,-8157.083750000034
103.87,-0.8799999999999955,88,-8157.083750000034
103.87,-0.8799999999999955,91,-8158.403750000036
103.87,-0.8799999999999955,95,-8160.163750000038
103.87,-0.8799999999999955,96,-8160.603750000038
103.87,-0.8799999999999955,100,-8162.36375000004
103.86500000000001,-0.8699999999999903,115,-8169.488750000039
103.86500000000001,-0.8699999999999903,113,-8170.358750000038
103.86500000000001,-0.8699999999999903,111,-8171.228750000037
103.86500000000001,-0.8699999999999903,109,-8172.098750000036
103.86500000000001,-0.8699999999999903,109,-8172.098750000036
103.86500000000001,-0.8699999999999903,112,-8173.403750000038
103.86500000000001,-0.8699999999999903,112,-8173.403750000038
103.86500000000001,-0.8699999999999903,108,-8175.143750000036
103.86500000000001,-0.8699999999999903,108,-8175.143750000036
103.86500000000001,-0.8699999999999903,111,-8176.448750000038
103.86500000000001,-0.8699999999999903,107,-8178.1887500000375
103.86500000000001,-0.8699999999999903,113,-8180.798750000036
103.86500000000001,-0.8699999999999903,112,-8181.233750000036
103.86500000000001,-0.8699999999999903,113,-8181.668750000035
103.86500000000001,-0.8699999999999903,116,-8182.973750000037
103.86500000000001,-0.8699999999999903,119,-8184.278750000038
103.86500000000001,-0.8699999999999903,110,-8188.193750000039
103.87,-0.8599999999999994,105,-8189.83375000004
103.87,-0.8599999999999994,103,-8190.693750000039
103.87,-0.8599999999999994,93,-8194.993750000038
103.87,-0.8599999999999994,93,-8194.993750000038
103.87,-0.8599999999999994,104,-8199.723750000037
103.87,-0.8599999999999994,115,-8204.453750000035
103.87,-0.8599999999999994,122,-8207.463750000034
103.87,-0.8599999999999994,117,-8209.613750000033
103.87,-0.8599999999999994,114,-8210.903750000034
103.87,-0.8599999999999994,114,-8210.903750000034
103.87,-0.8599999999999994,102,-8216.063750000036
103.87,-0.8599999999999994,102,-8216.063750000036
103.87,-0.8599999999999994,101,-8216.493750000036
103.87,-0.8599999999999994,101,-8216.493750000036
103.87,-0.8599999999999994,100,-8216.923750000038
103.87,-0.8599999999999994,100,-8216.923750000038
103.87,-0.8599999999999994,99,-8217.353750000038
103.87,-0.8599999999999994,99,-8217.353750000038
103.87,-0.8599999999999994,100,-8217.783750000039
103.87,-0.8599999999999994,85,-8224.23375000004
103.87,-0.8599999999999994,85,-8224.23375000004
103.87,-0.8599999999999994,81,-8225.95375000004
103.87,-0.8599999999999994,91,-8230.253750000042
103.87,-0.8599999999999994,105,-8236.273750000042
103.87,-0.8599999999999994,105,-8236.273750000042
103.87,-0.8599999999999994,97,-8239.71375000004
103.87,-0.8599999999999994,96,-8240.143750000043
103.87,-0.8599999999999994,96,-8240.143750000043
103.87,-0.8599999999999994,96,-8240.143750000043
103.87,-0.8599999999999994,95,-8240.573750000045
103.87,-0.8599999999999994,90,-8242.723750000043
103.875,-0.8499999999999943,78,-8247.433750000044
103.875,-0.8499999999999943,87,-8251.258750000045
103.875,-0.8499999999999943,93,-8253.808750000044
103.875,-0.8499999999999943,95,-8254.658750000042
103.875,-0.8499999999999943,92,-8255.933750000044
103.875,-0.8499999999999943,101,-8259.758750000045
103.88,-0.8400000000000034,92,-8263.043750000044
103.88,-0.8400000000000034,92,-8263.043750000044
103.88,-0.8400000000000034,92,-8263.043750000044
103.88,-0.8400000000000034,94,-8263.883750000043
103.88,-0.8400000000000034,94,-8263.883750000043
103.88,-0.8400000000000034,87,-8266.823750000041
103.88,-0.8400000000000034,88,-8267.243750000041
103.875,-0.8300000000000125,92,-8269.373750000042
103.875,-0.8300000000000125,91,-8269.788750000043
103.875,-0.8300000000000125,94,-8271.033750000042
103.875,-0.8300000000000125,108,-8276.843750000044
103.875,-0.8300000000000125,108,-8276.843750000044
103.89,-0.8000000000000114,102,-8277.743750000043
103.89,-0.8000000000000114,97,-8279.743750000043
103.88499999999999,-0.7900000000000063,117,-8288.248750000046
103.88499999999999,-0.7900000000000063,112,-8290.223750000045
103.88499999999999,-0.7900000000000063,111,-8290.618750000043
103.88499999999999,-0.7900000000000063,113,-8291.408750000044
103.88499999999999,-0.7900000000000063,112,-8291.803750000043
103.88499999999999,-0.7900000000000063,114,-8292.593750000044
103.89,-0.7800000000000011,105,-8295.593750000044
103.89,-0.7800000000000011,101,-8297.153750000045
103.89,-0.7800000000000011,100,-8297.543750000044
103.9,-0.7600000000000051,88,-8301.243750000045
103.9,-0.7600000000000051,90,-8302.003750000047
103.9,-0.7600000000000051,82,-8305.043750000046
103.9,-0.7600000000000051,82,-8305.043750000046
103.9,-0.7600000000000051,84,-8305.803750000048
103.905,-0.75,82,-8306.153750000047
103.905,-0.75,75,-8308.778750000049
103.905,-0.75,83,-8311.77875000005
103.905,-0.75,82,-8312.15375000005
103.905,-0.75,81,-8312.528750000052
103.905,-0.75,81,-8312.528750000052
103.905,-0.75,81,-8312.528750000052
103.905,-0.75,81,-8312.528750000052
103.905,-0.75,87,-8314.778750000052
103.905,-0.75,88,-8315.153750000052
103.905,-0.75,88,-8315.153750000052
103.905,-0.75,88,-8315.153750000052
103.905,-0.75,77,-8319.278750000052
103.905,-0.75,70,-8321.90375000005
103.905,-0.75,70,-8321.90375000005
103.905,-0.75,74,-8323.403750000052
103.905,-0.75,81,-8326.028750000052
103.905,-0.75,79,-8326.77875000005
103.905,-0.75,81,-8327.528750000052
103.905,-0.75,82,-8327.90375000005
103.905,-0.75,82,-8327.90375000005
103.905,-0.75,83,-8328.27875000005
103.905,-0.75,83,-8328.27875000005
103.935,-0.6899999999999977,80,-8326.883750000052
103.935,-0.6899999999999977,86,-8328.953750000052
103.935,-0.6899999999999977,86,-8328.953750000052
103.935,-0.6899999999999977,80,-8331.023750000051
103.935,-0.6899999999999977,80,-8331.023750000051
103.935,-0.6899999999999977,79,-8331.36875000005
103.935,-0.6899999999999977,76,-8332.403750000049
103.935,-0.6899999999999977,84,-8335.16375000005
103.935,-0.6899999999999977,84,-8335.16375000005
103.935,-0.6899999999999977,82,-8335.853750000051
103.935,-0.6899999999999977,85,-8336.888750000051
103.935,-0.6899999999999977,83,-8337.578750000052
103.935,-0.6899999999999977,74,-8340.683750000051
103.935,-0.6899999999999977,74,-8340.683750000051
103.935,-0.6899999999999977,76,-8341.37375000005
103.935,-0.6899999999999977,80,-8342.75375000005
103.935,-0.6899999999999977,93,-8347.23875000005
103.935,-0.6899999999999977,96,-8348.27375000005
103.935,-0.6899999999999977,96,-8348.27375000005
103.935,-0.6899999999999977,95,-8348.618750000049
103.935,-0.6899999999999977,94,-8348.96375000005
103.935,-0.6899999999999977,94,-8348.96375000005
103.935,-0.6899999999999977,106,-8353.10375000005
103.935,-0.6899999999999977,106,-8353.10375000005
103.935,-0.6899999999999977,107,-8353.448750000049
103.935,-0.6899999999999977,111,-8354.828750000048
103.935,-0.6899999999999977,111,-8354.828750000048
103.935,-0.6899999999999977,111,-8354.828750000048
103.935,-0.6899999999999977,110,-8355.173750000047
103.94,-0.6800000000000068,102,-8357.36375000005
103.94,-0.6800000000000068,106,-8358.723750000048
103.94,-0.6800000000000068,106,-8358.723750000048
103.94,-0.6800000000000068,107,-8359.063750000047
103.94,-0.6800000000000068,112,-8360.76375000005
103.94,-0.6800000000000068,124,-8364.84375000005
103.94,-0.6800000000000068,121,-8365.86375000005
103.94,-0.6800000000000068,122,-8366.203750000048
103.94,-0.6800000000000068,131,-8369.26375000005
103.94,-0.6800000000000068,142,-8373.00375000005
103.9,-0.7600000000000051,142,-8378.68375000005
103.88,-0.7999999999999972,147,-8383.523750000053
103.845,-0.8700000000000045,152,-8390.843750000053
103.805,-0.9500000000000028,156,-8398.82375000005
103.765,-1.0300000000000011,155,-8405.578750000052
103.75,-1.0600000000000023,154,-8408.433750000051
103.745,-1.0700000000000074,153,-8409.738750000051
103.745,-1.0700000000000074,165,-8416.158750000053
103.685,-1.1899999999999977,166,-8426.653750000052
103.685,-1.1899999999999977,156,-8433.203750000052
103.685,-1.1899999999999977,154,-8434.393750000052
103.685,-1.1899999999999977,153,-8434.988750000051
103.685,-1.1899999999999977,154,-8435.58375000005
103.685,-1.1899999999999977,153,-8436.17875000005
103.685,-1.1899999999999977,154,-8436.77375000005
103.685,-1.1899999999999977,158,-8439.153750000049
103.685,-1.1899999999999977,159,-8439.748750000046
103.685,-1.1899999999999977,158,-8440.343750000047
103.685,-1.1899999999999977,165,-8444.508750000045
103.655,-1.25,165,-8449.458750000045
103.64,-1.2800000000000011,165,-8451.933750000047
103.63499999999999,-1.2900000000000063,165,-8452.758750000048
103.63499999999999,-1.2900000000000063,149,-8463.17875000005
103.63499999999999,-1.2900000000000063,151,-8464.468750000051
103.63499999999999,-1.2900000000000063,151,-8464.468750000051
103.63,-1.2800000000000011,158,-8469.713750000048
103.63,-1.2800000000000011,161,-8471.633750000048
103.63,-1.2800000000000011,163,-8472.91375000005
103.63,-1.2800000000000011,160,-8474.833750000049
103.63499999999999,-1.269999999999996,146,-8482.933750000047
103.63499999999999,-1.269999999999996,147,-8483.568750000048
103.63499999999999,-1.269999999999996,141,-8487.378750000049
103.63499999999999,-1.269999999999996,142,-8488.01375000005
103.63499999999999,-1.269999999999996,142,-8488.01375000005
103.645,-1.25,136,-8490.36375000005
103.645,-1.25,139,-8492.238750000051
103.645,-1.25,142,-8494.113750000051
103.645,-1.25,142,-8494.113750000051
103.65,-1.2399999999999949,136,-8497.173750000053
103.65,-1.2399999999999949,136,-8497.173750000053
103.65,-1.2399999999999949,132,-8499.653750000054
103.65,-1.2399999999999949,132,-8499.653750000054
103.65,-1.2399999999999949,134,-8500.893750000056
103.65,-1.2399999999999949,131,-8502.753750000054
103.65,-1.2399999999999949,124,-8507.093750000056
103.65,-1.2399999999999949,123,-8507.713750000057
103.65,-1.2399999999999949,123,-8507.713750000057
103.65,-1.2399999999999949,124,-8508.333750000058
103.65,-1.2399999999999949,124,-8508.333750000058
103.65,-1.2399999999999949,131,-8512.673750000056
103.66,-1.2199999999999989,125,-8515.10375000006
103.66,-1.2199999999999989,133,-8519.983750000061
103.66,-1.2199999999999989,138,-8523.033750000059
103.66,-1.2199999999999989,145,-8527.30375000006
103.66,-1.2199999999999989,145,-8527.30375000006
103.66,-1.2199999999999989,145,-8527.30375000006
103.66,-1.2199999999999989,149,-8529.74375000006
103.66,-1.2199999999999989,150,-8530.35375000006
103.66,-1.2199999999999989,151,-8530.96375000006
103.66,-1.2199999999999989,151,-8530.96375000006
103.68,-1.1799999999999926,138,-8535.933750000058
103.68,-1.1799999999999926,141,-8537.703750000059
103.68,-1.1799999999999926,140,-8538.293750000059
103.68,-1.1799999999999926,140,-8538.293750000059
103.68,-1.1799999999999926,142,-8539.47375000006
103.68,-1.1799999999999926,136,-8543.013750000058
103.69,-1.1599999999999966,132,-8544.033750000059
103.69,-1.1599999999999966,132,-8544.033750000059
103.69,-1.1599999999999966,131,-8544.613750000059
103.69,-1.1599999999999966,131,-8544.613750000059
103.69,-1.1599999999999966,131,-8544.613750000059
103.69,-1.1599999999999966,130,-8545.193750000059
103.69,-1.1599999999999966,126,-8547.513750000058
103.69,-1.1599999999999966,122,-8549.83375000006
103.69,-1.1599999999999966,122,-8549.83375000006
103.69,-1.1599999999999966,124,-8550.993750000061
103.69,-1.1599999999999966,123,-8551.573750000061
103.69,-1.1599999999999966,124,-8552.153750000061
103.69,-1.1599999999999966,125,-8552.733750000061
103.695,-1.1499999999999915,114,-8558.51375000006
103.695,-1.1499999999999915,125,-8564.83875000006
103.695,-1.1499999999999915,125,-8564.83875000006
103.695,-1.1499999999999915,132,-8568.86375000006
103.695,-1.1499999999999915,137,-8571.73875000006
103.695,-1.1499999999999915,139,-8572.88875000006
103.695,-1.1499999999999915,140,-8573.46375000006
103.695,-1.1499999999999915,140,-8573.46375000006
103.695,-1.1499999999999915,152,-8580.363750000062
103.695,-1.1499999999999915,170,-8590.713750000064
103.63,-1.2800000000000011,170,-8601.763750000064
103.6,-1.3399999999999892,168,-8608.203750000062
103.595,-1.3499999999999943,164,-8611.743750000063
103.595,-1.3499999999999943,164,-8611.743750000063
103.595,-1.3499999999999943,164,-8611.743750000063
103.595,-1.3499999999999943,170,-8615.793750000059
103.58,-1.3799999999999955,170,-8618.343750000062
103.57499999999999,-1.3900000000000006,175,-8622.668750000063
103.54499999999999,-1.4500000000000028,173,-8629.368750000063
103.53999999999999,-1.4599999999999937,174,-8630.96375000006
103.535,-1.4699999999999989,180,-8636.24375000006
103.5,-1.539999999999992,181,-8643.31375000006
103.47999999999999,-1.5799999999999983,189,-8653.253750000062
103.42500000000001,-1.6700000000000017,195,-8668.688750000056
103.37,-1.7800000000000011,203,-8686.53375000006
103.30000000000001,-1.9200000000000017,205,-8702.663750000058
103.255,-2.010000000000005,205,-8711.888750000064
103.23,-2.0600000000000023,204,-8718.043750000059
103.225,-2.0700000000000074,204,-8719.063750000063
103.22,-2.0799999999999983,200,-8724.24375000006
103.22,-2.0799999999999983,200,-8724.24375000006
103.22,-2.0799999999999983,204,-8728.40375000006
103.22,-2.0799999999999983,204,-8728.40375000006
103.22,-2.0799999999999983,205,-8729.44375000006
103.215,-2.0900000000000034,202,-8733.60375000006
103.215,-2.0900000000000034,206,-8737.78375000006
103.21000000000001,-2.1000000000000085,206,-8738.81375000006
103.20500000000001,-2.1099999999999994,207,-8740.898750000058
103.20500000000001,-2.1099999999999994,190,-8758.933750000058
103.20500000000001,-2.1099999999999994,191,-8759.988750000055
103.20500000000001,-2.1099999999999994,189,-8762.098750000056
103.21000000000001,-2.1000000000000085,180,-8770.613750000055
103.215,-2.0900000000000034,174,-8776.003750000058
103.215,-2.0900000000000034,175,-8777.048750000056
103.22,-2.0799999999999983,171,-8780.363750000059
103.22,-2.0799999999999983,171,-8780.363750000059
103.22,-2.0799999999999983,164,-8787.643750000061
103.22,-2.0799999999999983,159,-8792.843750000058
103.22,-2.0799999999999983,159,-8792.843750000058
103.22,-2.0799999999999983,160,-8793.883750000055
103.22,-2.0799999999999983,158,-8795.963750000055
103.22,-2.0799999999999983,159,-8797.003750000054
103.22,-2.0799999999999983,159,-8797.003750000054
103.22,-2.0799999999999983,158,-8798.043750000053
103.22,-2.0799999999999983,158,-8798.043750000053
103.22,-2.0799999999999983,157,-8799.083750000054
103.22,-2.0799999999999983,149,-8807.403750000054
103.225,-2.0700000000000074,146,-8809.773750000055
103.23,-2.0600000000000023,138,-8817.363750000053
103.23,-2.0600000000000023,138,-8817.363750000053
103.23,-2.0600000000000023,142,-8821.483750000054
103.23,-2.0600000000000023,143,-8822.513750000051
103.23,-2.0600000000000023,139,-8826.633750000052
103.23,-2.0600000000000023,140,-8827.66375000005
103.23,-2.0600000000000023,140,-8827.66375000005
103.23,-2.0600000000000023,141,-8828.69375000005
103.23,-2.0600000000000023,140,-8829.723750000048
103.23,-2.0600000000000023,138,-8831.783750000048
103.23,-2.0600000000000023,143,-8836.933750000046
103.23,-2.0600000000000023,143,-8836.933750000046
103.23,-2.0600000000000023,148,-8842.083750000045
103.23,-2.0600000000000023,142,-8848.263750000046
103.23,-2.0600000000000023,137,-8853.413750000045
103.24000000000001,-2.0400000000000063,131,-8858.183750000046
103.24000000000001,-2.0400000000000063,124,-8865.323750000043
103.24000000000001,-2.0400000000000063,126,-8867.363750000044
103.24000000000001,-2.0400000000000063,126,-8867.363750000044
103.24000000000001,-2.0400000000000063,125,-8868.383750000043
103.24000000000001,-2.0400000000000063,136,-8879.603750000044
103.24000000000001,-2.0400000000000063,142,-8885.723750000045
103.24000000000001,-2.0400000000000063,145,-8888.783750000044
103.24000000000001,-2.0400000000000063,145,-8888.783750000044
103.24000000000001,-2.0400000000000063,145,-8888.783750000044
103.24000000000001,-2.0400000000000063,149,-8892.863750000044
103.24000000000001,-2.0400000000000063,149,-8892.863750000044
103.24000000000001,-2.0400000000000063,150,-8893.883750000043
103.24000000000001,-2.0400000000000063,151,-8894.903750000041
103.24000000000001,-2.0400000000000063,158,-8902.04375000004
103.24000000000001,-2.0400000000000063,158,-8902.04375000004
103.24000000000001,-2.0400000000000063,158,-8902.04375000004
103.24000000000001,-2.0400000000000063,158,-8902.04375000004
103.24000000000001,-2.0400000000000063,158,-8902.04375000004
103.24000000000001,-2.0400000000000063,152,-8908.163750000042
103.255,-2.010000000000005,151,-8906.918750000043
103.255,-2.010000000000005,151,-8906.918750000043
103.255,-2.010000000000005,154,-8909.933750000042
103.255,-2.010000000000005,155,-8910.93875000004
103.255,-2.010000000000005,157,-8912.94875000004
103.255,-2.010000000000005,157,-8912.94875000004
103.255,-2.010000000000005,159,-8914.958750000042
103.255,-2.010000000000005,152,-8921.993750000041
103.255,-2.010000000000005,151,-8922.99875000004
103.28,-1.960000000000008,145,-8925.203750000039
103.28,-1.960000000000008,146,-8926.183750000037
103.28,-1.960000000000008,146,-8926.183750000037
103.28,-1.960000000000008,147,-8927.163750000036
103.275,-1.9500000000000028,148,-8928.883750000034
103.275,-1.9500000000000028,160,-8940.583750000034
103.275,-1.9500000000000028,159,-8941.558750000033
103.275,-1.9500000000000028,159,-8941.558750000033
103.275,-1.9500000000000028,159,-8941.558750000033
103.28,-1.9399999999999977,151,-8948.573750000034
103.28,-1.9399999999999977,164,-8961.183750000033
103.28,-1.9399999999999977,165,-8962.153750000034
103.28,-1.9399999999999977,170,-8967.003750000036
103.28,-1.9399999999999977,169,-8967.973750000034
103.28,-1.9399999999999977,169,-8967.973750000034
103.28,-1.9399999999999977,169,-8967.973750000034
103.28,-1.9399999999999977,176,-8974.763750000035
103.28,-1.9399999999999977,175,-8975.733750000032
103.285,-1.9300000000000068,170,-8979.733750000032
103.285,-1.9300000000000068,169,-8980.698750000032
103.285,-1.9300000000000068,182,-8993.243750000034
103.285,-1.9300000000000068,182,-8993.243750000034
103.285,-1.9300000000000068,184,-8995.173750000034
103.285,-1.9300000000000068,183,-8996.138750000035
103.285,-1.9300000000000068,183,-8996.138750000035
103.285,-1.9300000000000068,188,-9000.963750000035
103.285,-1.9300000000000068,187,-9001.928750000036
103.285,-1.9300000000000068,187,-9001.928750000036
103.285,-1.9300000000000068,185,-9003.858750000036
103.285,-1.9300000000000068,185,-9003.858750000036
103.285,-1.9300000000000068,185,-9003.858750000036
103.285,-1.9300000000000068,185,-9003.858750000036
103.285,-1.9300000000000068,181,-9007.718750000036
103.285,-1.9300000000000068,181,-9007.718750000036
103.285,-1.9300000000000068,182,-9008.683750000037
103.285,-1.9300000000000068,183,-9009.648750000037
103.285,-1.9300000000000068,183,-9009.648750000037
103.285,-1.9300000000000068,184,-9010.613750000037
103.285,-1.9300000000000068,184,-9010.613750000037
103.285,-1.9300000000000068,184,-9010.613750000037
103.285,-1.9300000000000068,184,-9010.613750000037
103.285,-1.9300000000000068,185,-9011.578750000037
103.295,-1.9099999999999966,178,-9016.433750000033
103.295,-1.9099999999999966,177,-9017.388750000035
103.33,-1.8400000000000034,171,-9016.923750000034
103.33,-1.8400000000000034,161,-9026.123750000035
103.33,-1.8400000000000034,161,-9026.123750000035
103.33,-1.8400000000000034,161,-9026.123750000035
103.33,-1.8400000000000034,168,-9032.563750000038
103.345,-1.8100000000000023,139,-9057.098750000036
103.345,-1.8100000000000023,158,-9074.293750000035
103.345,-1.8100000000000023,158,-9074.293750000035
103.345,-1.8100000000000023,158,-9074.293750000035
103.345,-1.8100000000000023,163,-9078.818750000035
103.345,-1.8100000000000023,167,-9082.438750000034
103.345,-1.8100000000000023,167,-9082.438750000034
103.345,-1.8100000000000023,175,-9089.678750000036
103.345,-1.8100000000000023,174,-9090.583750000038
103.345,-1.8100000000000023,173,-9091.488750000037
103.345,-1.8100000000000023,174,-9092.39375000004
103.345,-1.8100000000000023,172,-9094.203750000037
103.345,-1.8100000000000023,173,-9095.108750000036
103.345,-1.8100000000000023,174,-9096.013750000038
103.345,-1.8100000000000023,175,-9096.918750000037
103.345,-1.8100000000000023,172,-9099.633750000037
103.345,-1.8100000000000023,167,-9104.158750000035
103.345,-1.8100000000000023,169,-9105.968750000036
103.345,-1.8100000000000023,170,-9106.873750000035
103.345,-1.8100000000000023,174,-9110.493750000038
103.345,-1.8100000000000023,166,-9117.733750000036
103.345,-1.8100000000000023,166,-9117.733750000036
103.345,-1.8100000000000023,168,-9119.543750000037
103.34,-1.7999999999999972,171,-9123.103750000038
103.34,-1.7999999999999972,167,-9126.70375000004
103.34,-1.7999999999999972,166,-9127.603750000038
103.34,-1.7999999999999972,165,-9128.50375000004
103.34,-1.7999999999999972,164,-9129.403750000041
103.34,-1.7999999999999972,164,-9129.403750000041
103.34,-1.7999999999999972,165,-9130.303750000043
103.34,-1.7999999999999972,167,-9132.103750000046
103.34,-1.7999999999999972,167,-9132.103750000046
103.34,-1.7999999999999972,155,-9142.903750000045
103.34,-1.7999999999999972,168,-9154.603750000046
103.34,-1.7999999999999972,174,-9160.003750000044
103.34,-1.7999999999999972,174,-9160.003750000044
103.34,-1.7999999999999972,174,-9160.003750000044
103.34,-1.7999999999999972,179,-9164.503750000044
103.34,-1.7999999999999972,183,-9168.103750000042
103.34,-1.7999999999999972,183,-9168.103750000042
103.34,-1.7999999999999972,182,-9169.003750000044
103.34,-1.7999999999999972,185,-9171.703750000044
103.34,-1.7999999999999972,184,-9172.603750000046
103.34,-1.7999999999999972,188,-9176.203750000044
103.34,-1.7999999999999972,187,-9177.103750000046
103.34,-1.7999999999999972,183,-9180.703750000048
103.34,-1.7999999999999972,183,-9180.703750000048
103.34,-1.7999999999999972,184,-9181.60375000005
103.34,-1.7999999999999972,177,-9187.903750000049
103.34,-1.7999999999999972,176,-9188.80375000005
103.34,-1.7999999999999972,175,-9189.703750000052
103.34,-1.7999999999999972,169,-9195.103750000053
103.34,-1.7999999999999972,170,-9196.003750000054
103.34,-1.7999999999999972,177,-9202.303750000054
103.34,-1.7999999999999972,184,-9208.603750000053
103.34,-1.7999999999999972,183,-9209.503750000054
103.34,-1.7999999999999972,185,-9211.303750000054
103.34,-1.7999999999999972,185,-9211.303750000054
103.34,-1.7999999999999972,185,-9211.303750000054
103.34,-1.7999999999999972,182,-9214.003750000054
103.34,-1.7999999999999972,181,-9214.903750000056
103.34,-1.7999999999999972,180,-9215.803750000057
103.34,-1.7999999999999972,181,-9216.703750000059
103.34,-1.7999999999999972,181,-9216.703750000059
103.34,-1.7999999999999972,179,-9218.503750000058
103.34,-1.7999999999999972,179,-9218.503750000058
103.34,-1.7999999999999972,175,-9222.10375000006
103.34,-1.7999999999999972,184,-9230.203750000059
103.34,-1.7999999999999972,162,-9250.003750000058
103.34,-1.7999999999999972,162,-9250.003750000058
103.34,-1.7999999999999972,162,-9250.003750000058
103.34,-1.7999999999999972,162,-9250.003750000058
103.345,-1.789999999999992,156,-9254.593750000062
103.345,-1.789999999999992,155,-9255.48875000006
103.345,-1.789999999999992,163,-9262.648750000058
103.345,-1.789999999999992,163,-9262.648750000058
103.345,-1.789999999999992,171,-9269.808750000058
103.345,-1.789999999999992,171,-9269.808750000058
103.345,-1.789999999999992,174,-9272.49375000006
103.345,-1.789999999999992,177,-9275.178750000061
103.345,-1.789999999999992,173,-9278.758750000059
103.345,-1.789999999999992,173,-9278.758750000059
103.345,-1.789999999999992,166,-9285.023750000058
103.345,-1.789999999999992,167,-9285.918750000059
103.345,-1.789999999999992,167,-9285.918750000059
103.345,-1.789999999999992,167,-9285.918750000059
103.345,-1.789999999999992,184,-9301.133750000063
103.345,-1.789999999999992,180,-9304.713750000064
103.345,-1.789999999999992,184,-9308.293750000063
103.345,-1.789999999999992,191,-9314.558750000062
103.34,-1.7999999999999972,188,-9318.21375000006
103.34,-1.7999999999999972,189,-9319.113750000062
103.34,-1.7999999999999972,189,-9319.113750000062
103.34,-1.7999999999999972,189,-9319.113750000062
103.34,-1.7999999999999972,188,-9320.013750000064
103.34,-1.7999999999999972,188,-9320.013750000064
103.34,-1.7999999999999972,188,-9320.013750000064
103.34,-1.7999999999999972,188,-9320.013750000064
103.34,-1.7999999999999972,191,-9322.713750000064
103.33500000000001,-1.809999999999988,194,-9326.383750000066
103.32,-1.8399999999999892,195,-9330.213750000072
103.305,-1.8699999999999903,196,-9334.073750000069
103.28999999999999,-1.8800000000000097,199,-9339.863750000073
103.265,-1.9300000000000068,200,-9345.803750000072
103.25,-1.960000000000008,205,-9353.703750000073
103.215,-2.030000000000001,206,-9361.893750000072
103.195,-2.0700000000000074,205,-9367.048750000075
103.185,-2.0900000000000034,204,-9370.143750000072
103.185,-2.0900000000000034,213,-9379.548750000075
103.14500000000001,-2.1700000000000017,213,-9388.068750000071
103.125,-2.210000000000008,206,-9400.063750000074
103.14500000000001,-2.1700000000000017,202,-9400.40375000007
103.14500000000001,-2.1700000000000017,200,-9402.573750000069
103.14500000000001,-2.1700000000000017,200,-9402.573750000069
103.14500000000001,-2.1700000000000017,198,-9404.74375000007
103.14500000000001,-2.1700000000000017,198,-9404.74375000007
103.14500000000001,-2.1700000000000017,198,-9404.74375000007
103.14500000000001,-2.1700000000000017,197,-9405.82875000007
103.14500000000001,-2.1700000000000017,190,-9413.423750000067
103.14500000000001,-2.1700000000000017,189,-9414.508750000066
103.18,-2.1000000000000085,179,-9418.813750000067
103.18,-2.1000000000000085,178,-9419.863750000066
103.18,-2.1000000000000085,179,-9420.913750000065
103.18,-2.1000000000000085,179,-9420.913750000065
103.18,-2.1000000000000085,178,-9421.963750000064
103.18,-2.1000000000000085,179,-9423.013750000064
103.18,-2.1000000000000085,179,-9423.013750000064
103.18,-2.1000000000000085,182,-9426.163750000062
103.18,-2.1000000000000085,181,-9427.21375000006
103.185,-2.0900000000000034,175,-9432.608750000065
103.185,-2.0900000000000034,179,-9436.788750000062
103.185,-2.0900000000000034,187,-9445.148750000062
103.185,-2.0900000000000034,195,-9453.508750000063
103.185,-2.0900000000000034,196,-9454.553750000061
103.185,-2.0900000000000034,197,-9455.598750000063
103.185,-2.0900000000000034,197,-9455.598750000063
103.185,-2.0900000000000034,198,-9456.643750000061
103.185,-2.0900000000000034,188,-9467.093750000062
103.185,-2.0900000000000034,188,-9467.093750000062
103.185,-2.0900000000000034,188,-9467.093750000062
103.185,-2.0900000000000034,188,-9467.093750000062
103.185,-2.0900000000000034,188,-9467.093750000062
103.185,-2.0900000000000034,186,-9469.183750000062
103.185,-2.0900000000000034,186,-9469.183750000062
103.185,-2.0900000000000034,197,-9480.678750000061
103.185,-2.0900000000000034,210,-9494.26375000006
103.19,-2.0799999999999983,195,-9509.453750000059
103.195,-2.0700000000000074,173,-9531.43875000006
103.195,-2.0700000000000074,171,-9533.508750000063
103.2,-2.0600000000000023,165,-9538.87375000006
103.2,-2.0600000000000023,165,-9538.87375000006
103.2,-2.0600000000000023,165,-9538.87375000006
103.2,-2.0600000000000023,165,-9538.87375000006
103.2,-2.0600000000000023,165,-9538.87375000006
103.2,-2.0600000000000023,151,-9553.293750000059
103.2,-2.0600000000000023,151,-9553.293750000059
103.2,-2.0600000000000023,151,-9553.293750000059
103.2,-2.0600000000000023,151,-9553.293750000059
103.2,-2.0600000000000023,154,-9556.383750000057
103.2,-2.0600000000000023,154,-9556.383750000057
103.2,-2.0600000000000023,154,-9556.383750000057
103.2,-2.0600000000000023,149,-9561.533750000059
103.20500000000001,-2.049999999999997,133,-9577.278750000061
103.20500000000001,-2.049999999999997,136,-9580.35375000006
103.215,-2.030000000000001,129,-9586.15875000006
103.215,-2.030000000000001,129,-9586.15875000006
103.215,-2.030000000000001,132,-9589.203750000059
103.215,-2.030000000000001,132,-9589.203750000059
103.215,-2.030000000000001,133,-9590.218750000058
103.215,-2.030000000000001,124,-9599.35375000006
103.215,-2.030000000000001,125,-9600.36875000006
103.215,-2.030000000000001,125,-9600.36875000006
103.215,-2.030000000000001,124,-9601.383750000059
103.21000000000001,-2.019999999999996,129,-9607.06375000006
103.21000000000001,-2.019999999999996,129,-9607.06375000006
103.21000000000001,-2.019999999999996,129,-9607.06375000006
103.21000000000001,-2.019999999999996,132,-9610.093750000058
103.21000000000001,-2.019999999999996,127,-9615.143750000057
103.22,-2.0,116,-9624.893750000057
103.22,-2.0,116,-9624.893750000057
103.22,-2.0,115,-9625.893750000057
103.22,-2.0,122,-9632.893750000057
103.22,-2.0,122,-9632.893750000057
103.22,-2.0,123,-9633.89375000006
103.22,-2.0,123,-9633.89375000006
103.22,-2.0,120,-9636.89375000006
103.22,-2.0,123,-9639.89375000006
103.22,-2.0,135,-9651.893750000057
103.22,-2.0,132,-9654.89375000006
103.22,-2.0,133,-9655.89375000006
103.22,-2.0,136,-9658.89375000006
103.22,-2.0,136,-9658.89375000006
103.22,-2.0,136,-9658.89375000006
103.22,-2.0,136,-9658.89375000006
103.22,-2.0,136,-9658.89375000006
103.22,-2.0,136,-9658.89375000006
103.22,-2.0,135,-9659.893750000057
103.22,-2.0,134,-9660.893750000057
103.22,-2.0,134,-9660.893750000057
103.22,-2.0,132,-9662.89375000006
103.22,-2.0,132,-9662.89375000006
103.22,-2.0,131,-9663.893750000057
103.22,-2.0,125,-9669.893750000057
103.22,-2.0,136,-9680.89375000006
103.22,-2.0,136,-9680.89375000006
103.22,-2.0,139,-9683.89375000006
103.22,-2.0,151,-9695.89375000006
103.22,-2.0,151,-9695.89375000006
103.22,-2.0,151,-9695.89375000006
103.22,-2.0,150,-9696.893750000057
103.22999999999999,-1.980000000000004,129,-9716.40375000006
103.22999999999999,-1.980000000000004,129,-9716.40375000006
103.22999999999999,-1.980000000000004,138,-9725.31375000006
103.22999999999999,-1.980000000000004,135,-9728.283750000057
103.22999999999999,-1.980000000000004,135,-9728.283750000057
103.235,-1.9699999999999989,128,-9734.573750000056
103.235,-1.9699999999999989,128,-9734.573750000056
103.235,-1.9699999999999989,140,-9746.393750000056
103.235,-1.9699999999999989,148,-9754.273750000053
103.235,-1.9699999999999989,146,-9756.243750000054
103.235,-1.9699999999999989,145,-9757.228750000053
103.235,-1.9699999999999989,144,-9758.213750000054
103.235,-1.9699999999999989,144,-9758.213750000054
103.235,-1.9699999999999989,144,-9758.213750000054
103.245,-1.9500000000000028,124,-9776.493750000052
103.245,-1.9500000000000028,120,-9780.39375000005
103.265,-1.9099999999999966,101,-9796.31875000005
103.265,-1.9099999999999966,95,-9802.048750000049
103.265,-1.9099999999999966,97,-9803.958750000047
103.265,-1.9099999999999966,98,-9804.913750000049
103.265,-1.9099999999999966,98,-9804.913750000049
103.265,-1.9099999999999966,100,-9806.823750000047
103.265,-1.9099999999999966,94,-9812.553750000046
103.265,-1.9099999999999966,94,-9812.553750000046
103.265,-1.9099999999999966,94,-9812.553750000046
103.265,-1.9099999999999966,96,-9814.463750000044
103.265,-1.9099999999999966,97,-9815.418750000046
103.265,-1.9099999999999966,94,-9818.283750000046
103.265,-1.9099999999999966,91,-9821.148750000046
103.265,-1.9099999999999966,86,-9825.923750000045
103.265,-1.9099999999999966,87,-9826.878750000047
103.265,-1.9099999999999966,88,-9827.833750000049
103.25999999999999,-1.8999999999999915,91,-9831.133750000048
103.25999999999999,-1.8999999999999915,89,-9833.03375000005
103.25999999999999,-1.8999999999999915,81,-9840.63375000005
103.25999999999999,-1.8999999999999915,83,-9842.533750000048
103.25999999999999,-1.8999999999999915,85,-9844.433750000047
103.25999999999999,-1.8999999999999915,85,-9844.433750000047
103.25999999999999,-1.8999999999999915,84,-9845.383750000045
103.25999999999999,-1.8999999999999915,83,-9846.333750000043
103.25999999999999,-1.8999999999999915,83,-9846.333750000043
103.25999999999999,-1.8999999999999915,82,-9847.283750000042
103.25999999999999,-1.8999999999999915,68,-9860.583750000042
103.27,-1.8799999999999955,61,-9866.543750000043
103.27,-1.8799999999999955,60,-9867.483750000043
103.27,-1.8799999999999955,55,-9872.183750000044
103.27,-1.8799999999999955,54,-9873.123750000042
103.27,-1.8799999999999955,55,-9874.063750000041
103.27,-1.8799999999999955,62,-9880.643750000041
103.27,-1.8799999999999955,65,-9883.463750000043
103.27,-1.8799999999999955,64,-9884.403750000041
103.27,-1.8799999999999955,60,-9888.16375000004
103.27,-1.8799999999999955,63,-9890.983750000043
103.27,-1.8799999999999955,65,-9892.86375000004
103.27,-1.8799999999999955,62,-9895.68375000004
103.27,-1.8799999999999955,95,-9926.703750000039
103.27,-1.8799999999999955,96,-9927.643750000037
103.265,-1.8700000000000045,104,-9935.643750000037
103.265,-1.8700000000000045,110,-9941.253750000038
103.265,-1.8700000000000045,111,-9942.188750000038
103.265,-1.8700000000000045,111,-9942.188750000038
103.265,-1.8700000000000045,121,-9951.538750000038
103.265,-1.8700000000000045,123,-9953.40875000004
103.275,-1.8500000000000085,120,-9954.973750000037
103.275,-1.8500000000000085,122,-9956.823750000038
103.275,-1.8500000000000085,121,-9957.748750000039
103.275,-1.8500000000000085,122,-9958.67375000004
103.275,-1.8500000000000085,122,-9958.67375000004
103.275,-1.8500000000000085,125,-9961.44875000004
103.275,-1.8500000000000085,126,-9962.373750000039
103.275,-1.8500000000000085,126,-9962.373750000039
103.275,-1.8500000000000085,125,-9963.298750000042
103.275,-1.8500000000000085,124,-9964.223750000043
103.275,-1.8500000000000085,124,-9964.223750000043
103.275,-1.8500000000000085,125,-9965.148750000044
103.275,-1.8500000000000085,129,-9968.848750000043
103.275,-1.8500000000000085,140,-9979.023750000044
103.275,-1.8500000000000085,140,-9979.023750000044
103.275,-1.8500000000000085,141,-9979.948750000043
103.275,-1.8500000000000085,142,-9980.873750000044
103.275,-1.8500000000000085,142,-9980.873750000044
103.275,-1.8500000000000085,142,-9980.873750000044
103.28,-1.8400000000000034,135,-9986.653750000045
103.28,-1.8400000000000034,136,-9987.573750000045
103.28,-1.8400000000000034,151,-10001.373750000044
103.28,-1.8400000000000034,151,-10001.373750000044
103.28,-1.8400000000000034,150,-10002.293750000044
103.28,-1.8400000000000034,153,-10005.053750000043
103.285,-1.8299999999999983,146,-10010.763750000044
103.285,-1.8299999999999983,136,-10019.913750000042
103.285,-1.8299999999999983,136,-10019.913750000042
103.285,-1.8299999999999983,137,-10020.828750000042
103.28,-1.8199999999999932,149,-10032.453750000046
103.28,-1.8199999999999932,149,-10032.453750000046
103.28,-1.8199999999999932,149,-10032.453750000046
103.28,-1.8199999999999932,146,-10035.183750000044
103.28,-1.8199999999999932,156,-10044.283750000046
103.28,-1.8199999999999932,155,-10045.193750000048
103.28,-1.8199999999999932,154,-10046.103750000048
103.28,-1.8199999999999932,172,-10062.483750000047
103.28,-1.8199999999999932,173,-10063.393750000047
103.28,-1.8199999999999932,173,-10063.393750000047
103.28999999999999,-1.7999999999999972,164,-10069.863750000048
103.28999999999999,-1.7999999999999972,164,-10069.863750000048
103.28999999999999,-1.7999999999999972,165,-10070.763750000046
103.28999999999999,-1.7999999999999972,171,-10076.163750000043
103.28999999999999,-1.7999999999999972,170,-10077.063750000045
103.28999999999999,-1.7999999999999972,171,-10077.963750000043
103.28999999999999,-1.7999999999999972,172,-10078.863750000044
103.28999999999999,-1.7999999999999972,172,-10078.863750000044
103.28999999999999,-1.7999999999999972,180,-10086.063750000045
103.28999999999999,-1.7999999999999972,170,-10095.063750000041
103.28999999999999,-1.7999999999999972,170,-10095.063750000041
103.28999999999999,-1.7999999999999972,175,-10099.563750000041
103.28999999999999,-1.7999999999999972,176,-10100.463750000043
103.28999999999999,-1.7999999999999972,175,-10101.36375000004
103.28999999999999,-1.7999999999999972,175,-10101.36375000004
103.28999999999999,-1.7999999999999972,176,-10102.263750000042
103.28999999999999,-1.7999999999999972,179,-10104.963750000039
103.28999999999999,-1.7999999999999972,185,-10110.36375000004
103.28999999999999,-1.7999999999999972,205,-10128.36375000004
103.215,-1.9500000000000028,206,-10144.713750000035
103.175,-2.030000000000001,205,-10153.968750000036
103.155,-2.069999999999993,214,-10167.383750000034
103.10499999999999,-2.1700000000000017,209,-10183.50875000004
103.1,-2.1799999999999926,206,-10187.82375000004
103.1,-2.1799999999999926,210,-10192.183750000037
103.095,-2.1899999999999977,207,-10196.518750000036
103.095,-2.1899999999999977,208,-10197.613750000037
103.095,-2.1899999999999977,205,-10200.898750000037
103.095,-2.1899999999999977,203,-10203.088750000035
103.1,-2.1799999999999926,200,-10205.363750000037
103.1,-2.1799999999999926,200,-10205.363750000037
103.1,-2.1799999999999926,211,-10217.353750000038
103.09,-2.200000000000003,206,-10224.963750000035
103.09,-2.200000000000003,210,-10229.363750000033
103.09,-2.200000000000003,214,-10233.763750000031
103.07,-2.239999999999995,217,-10241.403750000034
103.045,-2.289999999999992,214,-10250.263750000031
103.045,-2.289999999999992,214,-10250.263750000031
103.045,-2.289999999999992,214,-10250.263750000031
103.045,-2.289999999999992,219,-10255.98875000003
103.05,-2.280000000000001,201,-10275.983750000032
103.05,-2.280000000000001,202,-10277.123750000032
103.05,-2.280000000000001,196,-10283.963750000032
103.05,-2.280000000000001,195,-10285.103750000031
103.05,-2.280000000000001,191,-10289.663750000032
103.05,-2.280000000000001,190,-10290.803750000032
103.05,-2.280000000000001,190,-10290.803750000032
103.05,-2.280000000000001,191,-10291.943750000031
103.05,-2.280000000000001,194,-10295.36375000003
103.05,-2.280000000000001,182,-10309.043750000033
103.045,-2.2700000000000102,185,-10313.36875000003
103.065,-2.230000000000004,180,-10315.443750000031
103.065,-2.230000000000004,198,-10335.513750000035
103.065,-2.230000000000004,201,-10338.858750000036
103.065,-2.230000000000004,206,-10344.433750000037
103.065,-2.230000000000004,206,-10344.433750000037
103.065,-2.230000000000004,207,-10345.548750000038
103.065,-2.230000000000004,207,-10345.548750000038
103.065,-2.230000000000004,215,-10354.468750000036
103.045,-2.2700000000000102,238,-10384.873750000035
102.92500000000001,-2.510000000000005,238,-10413.433750000033
102.86500000000001,-2.6300000000000097,237,-10429.02875000003
102.84,-2.680000000000007,242,-10441.65375000003
102.80000000000001,-2.760000000000005,242,-10451.33375000003
102.78,-2.8000000000000114,242,-10456.17375000003
102.77000000000001,-2.8200000000000074,246,-10464.233750000032
102.77000000000001,-2.8200000000000074,227,-10491.523750000037
102.78,-2.8000000000000114,221,-10497.673750000034
102.78,-2.8000000000000114,225,-10503.273750000037
102.78,-2.8000000000000114,224,-10504.673750000038
102.78,-2.8000000000000114,223,-10506.073750000043
102.78,-2.8000000000000114,222,-10507.473750000045
102.78,-2.8000000000000114,223,-10508.873750000046
102.80000000000001,-2.760000000000005,214,-10516.913750000043
102.80000000000001,-2.760000000000005,218,-10522.43375000004
102.80000000000001,-2.760000000000005,218,-10522.43375000004
102.80000000000001,-2.760000000000005,217,-10523.813750000041
102.80000000000001,-2.760000000000005,216,-10525.193750000042
102.80000000000001,-2.760000000000005,216,-10525.193750000042
102.84,-2.680000000000007,215,-10517.973750000045
102.84,-2.680000000000007,215,-10517.973750000045
102.84,-2.680000000000007,214,-10519.313750000045
102.84,-2.680000000000007,214,-10519.313750000045
102.855,-2.6500000000000057,191,-10547.148750000048
102.855,-2.6500000000000057,192,-10548.473750000048
102.855,-2.6500000000000057,212,-10574.973750000048
102.855,-2.6500000000000057,213,-10576.298750000049
102.855,-2.6500000000000057,218,-10582.923750000053
102.855,-2.6500000000000057,219,-10584.24875000005
102.855,-2.6500000000000057,219,-10584.24875000005
102.855,-2.6500000000000057,231,-10600.148750000055
102.855,-2.6500000000000057,230,-10601.473750000056
102.85,-2.6400000000000006,233,-10606.603750000057
102.845,-2.6500000000000057,233,-10607.768750000057
102.845,-2.6500000000000057,235,-10610.418750000052
102.83500000000001,-2.6700000000000017,234,-10614.10375000005
102.83500000000001,-2.6700000000000017,235,-10615.438750000048
102.83,-2.680000000000007,234,-10617.953750000052
102.83,-2.680000000000007,231,-10621.973750000052
102.83,-2.680000000000007,233,-10624.653750000049
102.83,-2.680000000000007,229,-10630.01375000005
102.83,-2.680000000000007,230,-10631.35375000005
102.83,-2.680000000000007,229,-10632.69375000005
102.83500000000001,-2.6700000000000017,214,-10651.683750000047
102.83500000000001,-2.6700000000000017,214,-10651.683750000047
102.83500000000001,-2.6700000000000017,219,-10658.358750000047
102.83500000000001,-2.6700000000000017,220,-10659.693750000046
102.83500000000001,-2.6700000000000017,220,-10659.693750000046
102.83500000000001,-2.6700000000000017,213,-10669.038750000043
102.83500000000001,-2.6700000000000017,213,-10669.038750000043
102.83500000000001,-2.6700000000000017,217,-10674.378750000044
102.83500000000001,-2.6700000000000017,215,-10677.048750000045
102.83500000000001,-2.6700000000000017,214,-10678.383750000045
102.83500000000001,-2.6700000000000017,211,-10682.388750000046
102.83500000000001,-2.6700000000000017,239,-10719.768750000047
102.81,-2.719999999999999,239,-10725.743750000049
102.795,-2.75,239,-10729.328750000048
102.78999999999999,-2.760000000000005,238,-10731.903750000049
102.78999999999999,-2.760000000000005,227,-10747.083750000045
102.78999999999999,-2.760000000000005,226,-10748.463750000043
102.78999999999999,-2.760000000000005,232,-10756.743750000038
102.78999999999999,-2.760000000000005,232,-10756.743750000038
102.78999999999999,-2.760000000000005,233,-10758.123750000035
102.78999999999999,-2.760000000000005,234,-10759.503750000036
102.78999999999999,-2.760000000000005,232,-10762.263750000035
102.78999999999999,-2.760000000000005,232,-10762.263750000035
102.78999999999999,-2.760000000000005,232,-10762.263750000035
102.795,-2.75,225,-10770.778750000034
102.795,-2.75,225,-10770.778750000034
102.795,-2.75,226,-10772.15375000003
102.795,-2.75,228,-10774.903750000027
102.795,-2.75,234,-10783.153750000027
102.795,-2.75,238,-10788.653750000027
102.795,-2.75,236,-10791.40375000003
102.795,-2.75,235,-10792.77875000003
102.795,-2.75,235,-10792.77875000003
102.795,-2.75,235,-10792.77875000003
102.795,-2.75,240,-10799.65375000003
102.78,-2.780000000000001,252,-10819.93375000003
102.715,-2.9099999999999966,252,-10836.31375000003
102.685,-2.969999999999999,265,-10863.178750000028
102.6,-3.1400000000000006,267,-10888.84375000003
102.55000000000001,-3.239999999999995,267,-10902.193750000024
102.525,-3.2900000000000063,268,-10910.513750000024
102.505,-3.3299999999999983,272,-10922.533750000024
102.475,-3.3900000000000006,271,-10932.388750000027
102.47,-3.4000000000000057,271,-10933.743750000027
102.465,-3.4099999999999966,268,-10940.213750000024
102.465,-3.4099999999999966,269,-10941.918750000026
102.465,-3.4099999999999966,272,-10947.033750000028
102.46000000000001,-3.4200000000000017,270,-10951.813750000027
102.46000000000001,-3.4200000000000017,289,-10984.303750000028
102.37,-3.6000000000000085,289,-11010.31375000003
102.325,-3.6899999999999977,290,-11025.163750000029
102.295,-3.75,302,-11056.36375000003
102.225,-3.8900000000000006,306,-11085.283750000031
102.16499999999999,-4.010000000000005,307,-11105.64875000003
102.13,-4.079999999999998,315,-11132.713750000032
102.075,-4.189999999999998,316,-11152.133750000026
102.045,-4.25,323,-11176.488750000026
101.99000000000001,-4.359999999999999,323,-11194.253750000025
101.965,-4.409999999999997,327,-11211.14875000003
101.935,-4.469999999999999,324,-11227.663750000029
101.935,-4.469999999999999,332,-11245.543750000033
101.89500000000001,-4.549999999999997,332,-11258.823750000025
101.875,-4.590000000000003,332,-11265.463750000032
101.86500000000001,-4.609999999999999,337,-11280.308750000026
101.83500000000001,-4.670000000000002,336,-11292.753750000025
101.83500000000001,-4.670000000000002,322,-11325.643750000025
101.83500000000001,-4.670000000000002,323,-11327.978750000024
101.86500000000001,-4.609999999999999,310,-11348.553750000021
101.875,-4.590000000000003,305,-11356.968750000022
101.875,-4.590000000000003,310,-11368.44375000002
101.875,-4.590000000000003,319,-11389.09875000002
101.875,-4.590000000000003,328,-11409.753750000018
101.875,-4.590000000000003,328,-11409.753750000018
101.875,-4.590000000000003,327,-11412.048750000016
101.875,-4.590000000000003,332,-11423.523750000015
101.86500000000001,-4.609999999999999,331,-11429.148750000015
101.86500000000001,-4.609999999999999,331,-11429.148750000015
101.86500000000001,-4.609999999999999,328,-11436.063750000016
101.86500000000001,-4.609999999999999,328,-11436.063750000016
101.86500000000001,-4.609999999999999,330,-11440.673750000009
101.86500000000001,-4.609999999999999,331,-11442.97875000001
101.86500000000001,-4.609999999999999,330,-11445.28375000001
101.86500000000001,-4.609999999999999,337,-11461.418750000012
101.83500000000001,-4.670000000000002,335,-11476.19875000001
101.83,-4.680000000000007,336,-11480.213750000017
101.82,-4.700000000000003,336,-11483.573750000018
101.82,-4.700000000000003,321,-11518.92375000002
101.82,-4.700000000000003,323,-11523.623750000013
101.82,-4.700000000000003,320,-11530.673750000013
101.82,-4.700000000000003,320,-11530.673750000013
101.82,-4.700000000000003,321,-11533.023750000011
101.82,-4.700000000000003,320,-11535.37375000001
101.82,-4.700000000000003,321,-11537.723750000008
101.83,-4.680000000000007,320,-11536.873750000006
101.83500000000001,-4.670000000000002,308,-11563.39375
101.83500000000001,-4.670000000000002,307,-11565.728750000002
101.83500000000001,-4.670000000000002,307,-11565.728750000002
101.83500000000001,-4.670000000000002,304,-11572.73375
101.83500000000001,-4.670000000000002,313,-11593.748749999999
101.83500000000001,-4.670000000000002,312,-11596.083749999998
101.86500000000001,-4.609999999999999,309,-11593.698749999996
101.86500000000001,-4.609999999999999,309,-11593.698749999996
101.86,-4.599999999999994,322,-11625.243750000001
101.86,-4.599999999999994,325,-11632.143750000003
101.86,-4.599999999999994,325,-11632.143750000003
101.86,-4.599999999999994,319,-11645.943750000002
101.86,-4.599999999999994,319,-11645.943750000002
101.86,-4.599999999999994,322,-11652.843750000007
101.86,-4.599999999999994,322,-11652.843750000007
101.86,-4.599999999999994,321,-11655.143750000007
101.86,-4.599999999999994,321,-11655.143750000007
101.86,-4.599999999999994,320,-11657.44375000001
101.86,-4.599999999999994,325,-11668.943750000013
101.86,-4.599999999999994,328,-11675.843750000015
101.86,-4.599999999999994,324,-11685.043750000019
101.86,-4.599999999999994,324,-11685.043750000019
101.86,-4.599999999999994,324,-11685.043750000019
101.86,-4.599999999999994,317,-11701.143750000021
101.86,-4.599999999999994,318,-11703.443750000024
101.86,-4.599999999999994,315,-11710.343750000022
101.86,-4.599999999999994,315,-11710.343750000022
101.86,-4.599999999999994,312,-11717.243750000023
101.86,-4.599999999999994,310,-11721.843750000022
101.86,-4.599999999999994,311,-11724.143750000025
101.865,-4.590000000000003,293,-11763.958750000027
101.865,-4.590000000000003,290,-11770.84375000003
101.865,-4.590000000000003,287,-11777.728750000031
101.865,-4.590000000000003,287,-11777.728750000031
101.865,-4.590000000000003,295,-11796.088750000028
101.865,-4.590000000000003,297,-11800.678750000028
101.865,-4.590000000000003,304,-11816.74375000003
101.865,-4.590000000000003,303,-11819.038750000032
101.87,-4.579999999999998,294,-11838.143750000028
101.87,-4.579999999999998,310,-11874.783750000028
101.87,-4.579999999999998,312,-11879.363750000026
101.875,-4.569999999999993,303,-11898.448750000032
101.875,-4.569999999999993,300,-11905.303750000036
101.875,-4.569999999999993,302,-11909.873750000035
101.875,-4.569999999999993,302,-11909.873750000035
101.875,-4.569999999999993,302,-11909.873750000035
101.875,-4.569999999999993,303,-11912.158750000039
101.875,-4.569999999999993,303,-11912.158750000039
101.875,-4.569999999999993,307,-11921.298750000038
101.875,-4.569999999999993,298,-11941.86375000004
101.875,-4.569999999999993,294,-11951.00375000004
101.875,-4.569999999999993,295,-11953.288750000043
101.875,-4.569999999999993,296,-11955.573750000047
101.875,-4.569999999999993,288,-11973.853750000046
101.875,-4.569999999999993,287,-11976.13875000005
101.875,-4.569999999999993,295,-11994.418750000048
101.875,-4.569999999999993,291,-12003.558750000047
101.875,-4.569999999999993,291,-12003.558750000047
101.875,-4.569999999999993,291,-12003.558750000047
101.875,-4.569999999999993,291,-12003.558750000047
101.875,-4.569999999999993,295,-12012.698750000047
101.875,-4.569999999999993,292,-12019.55375000005
101.875,-4.569999999999993,292,-12019.55375000005
101.875,-4.569999999999993,292,-12019.55375000005
101.875,-4.569999999999993,292,-12019.55375000005
101.875,-4.569999999999993,292,-12019.55375000005
101.875,-4.569999999999993,292,-12019.55375000005
101.875,-4.569999999999993,291,-12021.838750000054
101.875,-4.569999999999993,290,-12024.123750000057
101.875,-4.569999999999993,290,-12024.123750000057
101.875,-4.569999999999993,289,-12026.40875000006
101.875,-4.569999999999993,287,-12030.97875000006
101.875,-4.569999999999993,287,-12030.97875000006
101.875,-4.569999999999993,287,-12030.97875000006
101.875,-4.569999999999993,287,-12030.97875000006
101.875,-4.569999999999993,289,-12035.54875000006
101.875,-4.569999999999993,290,-12037.833750000063
101.875,-4.569999999999993,288,-12042.403750000063
101.875,-4.569999999999993,289,-12044.688750000067
101.875,-4.569999999999993,283,-12058.398750000066
101.88499999999999,-4.549999999999997,266,-12094.323750000069
101.88499999999999,-4.549999999999997,266,-12094.323750000069
101.88499999999999,-4.549999999999997,266,-12094.323750000069
101.88499999999999,-4.549999999999997,269,-12101.14875000007
101.88499999999999,-4.549999999999997,272,-12107.973750000074
101.88499999999999,-4.549999999999997,258,-12139.823750000072
101.88499999999999,-4.549999999999997,237,-12187.598750000074
101.88499999999999,-4.549999999999997,250,-12217.173750000078
101.88499999999999,-4.549999999999997,254,-12226.273750000077
101.88499999999999,-4.549999999999997,247,-12242.19875000008
101.88499999999999,-4.549999999999997,250,-12249.023750000084
101.88499999999999,-4.549999999999997,250,-12249.023750000084
101.88499999999999,-4.549999999999997,246,-12258.123750000079
101.88499999999999,-4.549999999999997,246,-12258.123750000079
101.88499999999999,-4.549999999999997,237,-12278.598750000081
101.88499999999999,-4.549999999999997,236,-12280.873750000083
101.88499999999999,-4.549999999999997,251,-12314.998750000083
101.88499999999999,-4.549999999999997,251,-12314.998750000083
101.88499999999999,-4.549999999999997,251,-12314.998750000083
101.88499999999999,-4.549999999999997,251,-12314.998750000083
101.88499999999999,-4.549999999999997,252,-12317.273750000088
101.88499999999999,-4.549999999999997,249,-12324.098750000085
101.88499999999999,-4.549999999999997,246,-12330.923750000082
101.88499999999999,-4.549999999999997,244,-12335.473750000081
101.88499999999999,-4.549999999999997,244,-12335.473750000081
101.88499999999999,-4.549999999999997,244,-12335.473750000081
101.88499999999999,-4.549999999999997,242,-12340.02375000008
101.88499999999999,-4.549999999999997,242,-12340.02375000008
101.89,-4.539999999999992,240,-12343.363750000077
101.89,-4.539999999999992,238,-12347.903750000078
101.89,-4.539999999999992,238,-12347.903750000078
101.89,-4.539999999999992,237,-12350.173750000075
101.89,-4.539999999999992,236,-12352.443750000071
101.89,-4.539999999999992,241,-12363.793750000073
101.89,-4.539999999999992,241,-12363.793750000073
101.89,-4.539999999999992,247,-12377.413750000072
101.89,-4.539999999999992,248,-12379.683750000077
101.89,-4.539999999999992,248,-12379.683750000077
101.89,-4.539999999999992,248,-12379.683750000077
101.89,-4.539999999999992,248,-12379.683750000077
101.89,-4.539999999999992,250,-12384.223750000077
101.89,-4.539999999999992,240,-12406.923750000082
101.885,-4.530000000000001,249,-12428.55875000008
101.885,-4.530000000000001,249,-12428.55875000008
101.885,-4.530000000000001,249,-12428.55875000008
101.885,-4.530000000000001,246,-12435.353750000078
101.885,-4.530000000000001,248,-12439.883750000085
101.885,-4.530000000000001,247,-12442.14875000008
101.885,-4.530000000000001,247,-12442.14875000008
101.885,-4.530000000000001,265,-12482.918750000077
101.885,-4.530000000000001,278,-12512.363750000073
101.885,-4.530000000000001,278,-12512.363750000073
101.885,-4.530000000000001,280,-12516.893750000076
101.885,-4.530000000000001,279,-12519.158750000075
101.885,-4.530000000000001,278,-12521.42375000007
101.885,-4.530000000000001,279,-12523.688750000074
101.885,-4.530000000000001,278,-12525.95375000007
101.885,-4.530000000000001,266,-12553.13375000007
101.885,-4.530000000000001,262,-12562.193750000064
101.885,-4.530000000000001,266,-12571.253750000065
101.885,-4.530000000000001,264,-12575.783750000064
101.885,-4.530000000000001,263,-12578.048750000064
101.885,-4.530000000000001,262,-12580.31375000006
101.885,-4.530000000000001,262,-12580.31375000006
101.885,-4.530000000000001,257,-12591.638750000064
101.885,-4.530000000000001,258,-12593.903750000063
101.885,-4.530000000000001,257,-12596.168750000063
101.885,-4.530000000000001,258,-12598.433750000062
101.885,-4.530000000000001,259,-12600.698750000065
101.885,-4.530000000000001,242,-12639.203750000062
101.885,-4.530000000000001,241,-12641.468750000062
101.885,-4.530000000000001,241,-12641.468750000062
101.885,-4.530000000000001,240,-12643.733750000058
101.885,-4.530000000000001,228,-12670.913750000054
101.885,-4.530000000000001,231,-12677.708750000053
101.89,-4.52000000000001,226,-12687.863750000055
101.89,-4.52000000000001,236,-12710.463750000054
101.89,-4.52000000000001,236,-12710.463750000054
101.89,-4.52000000000001,235,-12712.723750000056
101.89,-4.52000000000001,236,-12714.983750000058
101.89,-4.52000000000001,236,-12714.983750000058
101.89,-4.52000000000001,237,-12717.24375000006
101.89,-4.52000000000001,238,-12719.503750000062
101.89,-4.52000000000001,239,-12721.763750000064
101.89,-4.52000000000001,239,-12721.763750000064
101.89,-4.52000000000001,235,-12730.803750000065
101.89,-4.52000000000001,235,-12730.803750000065
101.89,-4.52000000000001,242,-12746.623750000068
101.89,-4.52000000000001,243,-12748.88375000007
101.89,-4.52000000000001,243,-12748.88375000007
101.89,-4.52000000000001,243,-12748.88375000007
101.89,-4.52000000000001,244,-12751.143750000072
101.89500000000001,-4.510000000000005,243,-12752.18875000007
101.89500000000001,-4.510000000000005,247,-12761.20875000007
101.89500000000001,-4.510000000000005,241,-12774.738750000073
101.89500000000001,-4.510000000000005,240,-12776.993750000074
101.89500000000001,-4.510000000000005,241,-12779.248750000075
101.89500000000001,-4.510000000000005,241,-12779.248750000075
101.89500000000001,-4.510000000000005,241,-12779.248750000075
101.89500000000001,-4.510000000000005,242,-12781.503750000076
101.89500000000001,-4.510000000000005,247,-12792.778750000078
101.89500000000001,-4.510000000000005,253,-12806.30875000008
101.89500000000001,-4.510000000000005,257,-12815.328750000077
101.89500000000001,-4.510000000000005,257,-12815.328750000077
101.89500000000001,-4.510000000000005,255,-12819.838750000079
101.89500000000001,-4.510000000000005,255,-12819.838750000079
101.89500000000001,-4.510000000000005,256,-12822.09375000008
101.89500000000001,-4.510000000000005,253,-12828.858750000083
101.89500000000001,-4.510000000000005,253,-12828.858750000083
101.89500000000001,-4.510000000000005,249,-12837.878750000084
101.89500000000001,-4.510000000000005,249,-12837.878750000084
101.89500000000001,-4.510000000000005,248,-12840.133750000085
101.89500000000001,-4.510000000000005,247,-12842.388750000086
101.89500000000001,-4.510000000000005,246,-12844.643750000087
101.89500000000001,-4.510000000000005,252,-12858.173750000089
101.89500000000001,-4.510000000000005,255,-12864.938750000085
101.89500000000001,-4.510000000000005,254,-12867.193750000086
101.905,-4.490000000000009,215,-12952.608750000083
101.91,-4.480000000000004,208,-12967.223750000085
101.91,-4.480000000000004,212,-12976.183750000084
101.91,-4.480000000000004,211,-12978.423750000085
101.91,-4.480000000000004,216,-12989.623750000086
101.91,-4.480000000000004,219,-12996.34375000008
101.91,-4.480000000000004,207,-13023.223750000081
101.915,-4.469999999999999,205,-13026.66875000008
101.915,-4.469999999999999,206,-13028.903750000081
101.915,-4.469999999999999,208,-13033.373750000086
101.915,-4.469999999999999,208,-13033.373750000086
101.915,-4.469999999999999,209,-13035.608750000087
101.915,-4.469999999999999,204,-13046.783750000086
101.915,-4.469999999999999,208,-13055.723750000085
101.92,-4.460000000000008,203,-13065.873750000079
101.92,-4.460000000000008,197,-13079.25375000008
101.92,-4.460000000000008,197,-13079.25375000008
101.92,-4.460000000000008,195,-13083.713750000083
101.92,-4.460000000000008,198,-13090.403750000081
101.92,-4.460000000000008,196,-13094.863750000084
101.92,-4.460000000000008,196,-13094.863750000084
101.92,-4.460000000000008,199,-13101.55375000008
101.92,-4.460000000000008,202,-13108.243750000078
101.92,-4.460000000000008,202,-13108.243750000078
101.92500000000001,-4.450000000000003,192,-13129.573750000076
101.92500000000001,-4.450000000000003,193,-13131.798750000075
101.92500000000001,-4.450000000000003,197,-13140.698750000072
101.92500000000001,-4.450000000000003,198,-13142.923750000075
101.92500000000001,-4.450000000000003,198,-13142.923750000075
101.92500000000001,-4.450000000000003,190,-13160.723750000074
101.92,-4.439999999999998,195,-13172.783750000075
101.92,-4.439999999999998,199,-13181.663750000072
101.925,-4.430000000000007,184,-13213.973750000074
101.925,-4.430000000000007,184,-13213.973750000074
101.925,-4.430000000000007,181,-13220.618750000074
101.925,-4.430000000000007,184,-13227.263750000071
101.925,-4.430000000000007,184,-13227.263750000071
101.925,-4.430000000000007,184,-13227.263750000071
101.925,-4.430000000000007,184,-13227.263750000071
101.925,-4.430000000000007,185,-13229.478750000071
101.925,-4.430000000000007,186,-13231.693750000071
101.925,-4.430000000000007,188,-13236.123750000072
101.925,-4.430000000000007,191,-13242.768750000068
101.925,-4.430000000000007,191,-13242.768750000068
101.925,-4.430000000000007,191,-13242.768750000068
101.925,-4.430000000000007,191,-13242.768750000068
101.925,-4.430000000000007,191,-13242.768750000068
101.925,-4.430000000000007,192,-13244.983750000072
101.925,-4.430000000000007,192,-13244.983750000072
101.925,-4.430000000000007,181,-13269.34875000007
101.925,-4.430000000000007,183,-13273.77875000007
101.925,-4.430000000000007,183,-13273.77875000007
101.925,-4.430000000000007,183,-13273.77875000007
101.925,-4.430000000000007,183,-13273.77875000007
101.925,-4.430000000000007,183,-13273.77875000007
101.925,-4.430000000000007,183,-13273.77875000007
101.925,-4.430000000000007,181,-13278.20875000007
101.925,-4.430000000000007,181,-13278.20875000007
101.925,-4.430000000000007,191,-13300.358750000069
101.925,-4.430000000000007,194,-13307.003750000065
101.93,-4.420000000000002,180,-13337.043750000063
101.93,-4.420000000000002,199,-13379.033750000068
101.93,-4.420000000000002,197,-13383.453750000062
101.93,-4.420000000000002,197,-13383.453750000062
101.93,-4.420000000000002,204,-13398.923750000067
101.93,-4.420000000000002,207,-13405.553750000065
101.93,-4.420000000000002,209,-13409.973750000063
101.94,-4.400000000000006,203,-13421.103750000068
101.945,-4.390000000000001,192,-13444.283750000071
101.945,-4.390000000000001,192,-13444.283750000071
101.945,-4.390000000000001,189,-13450.86875000007
101.945,-4.390000000000001,180,-13470.623750000072
101.95,-4.3799999999999955,178,-13474.123750000068
101.95,-4.3799999999999955,174,-13482.88375000007
101.95,-4.3799999999999955,173,-13485.073750000069
101.95,-4.3799999999999955,172,-13487.263750000071
101.95,-4.3799999999999955,173,-13489.45375000007
101.95,-4.3799999999999955,171,-13493.83375000007
101.95,-4.3799999999999955,171,-13493.83375000007
101.95,-4.3799999999999955,175,-13502.593750000073
101.95,-4.3799999999999955,175,-13502.593750000073
101.95,-4.3799999999999955,174,-13504.783750000075
101.95,-4.3799999999999955,178,-13513.543750000073
101.95,-4.3799999999999955,178,-13513.543750000073
101.95,-4.3799999999999955,188,-13535.443750000075
101.95,-4.3799999999999955,185,-13542.013750000078
101.95,-4.3799999999999955,190,-13552.963750000075
101.95,-4.3799999999999955,185,-13563.913750000076
101.95,-4.3799999999999955,192,-13579.243750000074
101.95,-4.3799999999999955,202,-13601.143750000076
101.95,-4.3799999999999955,196,-13614.283750000079
101.95,-4.3799999999999955,198,-13618.663750000076
101.95,-4.3799999999999955,192,-13631.80375000008
101.955,-4.3700000000000045,191,-13633.03875000008
101.955,-4.3700000000000045,191,-13633.03875000008
101.955,-4.3700000000000045,191,-13633.03875000008
101.955,-4.3700000000000045,188,-13639.59375000008
101.955,-4.3700000000000045,188,-13639.59375000008
101.955,-4.3700000000000045,189,-13641.778750000081
101.955,-4.3700000000000045,185,-13650.51875000008
101.955,-4.3700000000000045,185,-13650.51875000008
101.955,-4.3700000000000045,183,-13654.888750000078
101.955,-4.3700000000000045,174,-13674.55375000008
101.955,-4.3700000000000045,172,-13678.923750000078
101.955,-4.3700000000000045,174,-13683.293750000077
101.955,-4.3700000000000045,180,-13696.403750000074
101.955,-4.3700000000000045,179,-13698.588750000075
101.955,-4.3700000000000045,178,-13700.773750000077
101.955,-4.3700000000000045,178,-13700.773750000077
101.955,-4.3700000000000045,178,-13700.773750000077
101.955,-4.3700000000000045,180,-13705.143750000072
101.955,-4.3700000000000045,180,-13705.143750000072
101.955,-4.3700000000000045,172,-13722.623750000075
101.955,-4.3700000000000045,171,-13724.808750000073
101.955,-4.3700000000000045,171,-13724.808750000073
101.955,-4.3700000000000045,171,-13724.808750000073
101.955,-4.3700000000000045,176,-13735.733750000076
101.955,-4.3700000000000045,175,-13737.918750000073
101.96000000000001,-4.359999999999999,167,-13754.563750000074
101.96000000000001,-4.359999999999999,166,-13756.743750000074
101.96000000000001,-4.359999999999999,164,-13761.103750000071
101.96000000000001,-4.359999999999999,161,-13767.643750000072
101.96000000000001,-4.359999999999999,162,-13769.823750000072
101.96000000000001,-4.359999999999999,168,-13782.90375000007
