price,spread,inventory,pnl
100.25,2.5,0,0.0
100.25,2.5,1,1.25
100.125,2.25,1,1.125
100.125,2.25,7,7.875
100.0625,2.125,7,7.4375
100.0625,2.125,6,8.5
100.0625,2.125,5,9.5625
100.09375,2.0625,5,9.71875
100.109375,2.03125,5,9.796875
100.09375,2.0625,6,10.71875
100.078125,2.03125,6,10.625
100.15625,2.1875,-22,38.125
100.109375,2.09375,-22,39.15625
100.0859375,2.046875,-22,39.671875
100.07421875,2.0234375,-22,39.9296875
100.07421875,2.0234375,-22,39.9296875
100.0859375,2.046875,-30,47.7421875
100.09765625,2.0234375,-30,47.390625
100.103515625,2.01171875,-30,47.21484375
100.1005859375,2.005859375,-30,47.302734375
100.10205078125,2.0029296875,-30,47.2587890625
100.102783203125,2.00146484375,-30,47.23681640625
100.102783203125,2.00146484375,-21,56.243408203125
100.102783203125,2.00146484375,-21,56.243408203125
100.1024169921875,2.000732421875,-21,56.2510986328125
100.1024169921875,2.000732421875,-22,57.25146484375
100.10260009765625,2.0003662109375,-22,57.2474365234375
100.1002197265625,2.005126953125,-6,73.2822265625
100.1002197265625,2.005126953125,-6,73.2822265625
100.10150146484375,2.0025634765625,-6,73.2745361328125
100.10086059570312,2.00128173828125,-6,73.27838134765625
100.10150146484375,2.0025634765625,-9,76.277099609375
100.10214233398438,2.00128173828125,-9,76.27133178710938
100.10214233398438,2.00128173828125,-10,77.27197265625
100.10246276855469,2.000640869140625,-10,77.26876831054688
100.10262298583984,2.0003204345703125,-10,77.26716613769531
100.10270309448242,2.0001602172851562,-10,77.26636505126953
100.10266304016113,2.000080108642578,-10,77.26676559448242
100.10266304016113,2.000080108642578,-9,78.26680564880371
100.10266304016113,2.000080108642578,-11,80.26688575744629
100.10266304016113,2.000080108642578,-11,80.26688575744629
100.10264301300049,2.000040054321289,-11,80.26710605621338
100.10263299942017,2.0000200271606445,-11,80.26721620559692
100.10262799263,2.0000100135803223,-11,80.2672712802887
100.10254788398743,2.0001702308654785,4,95.2681474685669
100.10250532627106,2.0000851154327393,4,95.26797723770142
100.10250532627106,2.0000851154327393,9,100.26819002628326
100.10248404741287,2.0000425577163696,9,100.2679985165596
100.10247340798378,2.000021278858185,9,100.26790276169777
100.10246808826923,2.0000106394290924,9,100.26785488426685
100.10246808826923,2.0000106394290924,9,100.26785488426685
100.1024707481265,2.000005319714546,9,100.26787882298231
100.10246941819787,2.000002659857273,9,100.26786685362458
100.10247008316219,2.0000013299286366,9,100.26787283830345
100.10247008316219,2.0000013299286366,9,100.26787283830345
100.10247008316219,2.0000013299286366,9,100.26787283830345
100.10247008316219,2.0000013299286366,8,101.26787350326777
100.10247008316219,2.0000013299286366,8,101.26787350326777
100.10246975068003,2.0000006649643183,8,101.26787084341049
100.10246958443895,2.000000332482159,8,101.26786951348186
100.10246966755949,2.0000001662410796,8,101.26787017844617
100.10246970911976,2.00000008312054,8,101.26787051092833
100.10246968833962,2.00000004156027,8,101.26787034468725
100.10246968833962,2.00000004156027,8,101.26787034468725
100.10246967794956,2.000000020780135,8,101.26787026156671
100.10246968314459,2.0000000103900675,8,101.26787030312698
100.10246969353466,2.0000000311702024,-1,110.26787036027235
100.10246969353466,2.0000000311702024,-1,110.26787036027235
100.10246970132721,2.000000015585101,-1,110.2678703524798
100.10246988834842,2.0000003896275302,-17,126.2678707057421
100.10246979094154,2.000000194813765,-17,126.2678723616591
100.10246979094154,2.000000194813765,-17,126.2678723616591
100.10246988834842,2.0000003896275302,-19,128.26787090055586
100.10246979094154,2.000000194813765,-19,128.26787275128663
100.10246983964498,2.0000000974068826,-19,128.26787182592125
100.10246983964498,2.0000000974068826,-20,129.2678718746247
100.10246983964498,2.0000000974068826,-19,130.26787192332813
100.10246983964498,2.0000000974068826,-13,136.26787221554878
100.10246983964498,2.0000000974068826,-13,136.26787221554878
100.10246977795396,2.000000220788934,5,154.26787472020442
100.10246987536084,2.000000415602699,-3,162.26787570076704
100.10246977146016,2.0000002078013495,-3,162.26787601246906
100.10246977146016,2.0000002078013495,-3,162.26787601246906
100.10246977146016,2.0000002078013495,-3,162.26787601246906
100.10246971950983,2.0000001039006747,-3,162.26787616832007
100.10246987536084,2.000000415602699,-12,171.26787518126366
100.10246997926151,2.0000002078013495,-12,171.26787393445557
100.10246992731118,2.0000001039006747,-12,171.2678745578596
100.10246990133601,2.0000000519503374,-12,171.26787486956164
100.10246979743533,2.000000259751687,-6,177.2678756488167
100.10246986237325,2.0000001298758434,-6,177.26787525918917
100.10246986237325,2.0000001298758434,-7,178.2678753241271
100.10230613064778,2.0003275933268014,10,195.26658152557502
100.10222423231608,2.0001637966634007,10,195.26576254225802
100.10222423231608,2.0001637966634007,10,195.26576254225802
100.10222423231608,2.0001637966634007,10,195.26576254225802
100.10218328315023,2.0000818983317004,10,195.26535305059951
100.10220375773315,2.00004094916585,10,195.26555779642877
100.10220375773315,2.00004094916585,1,204.2657420676751
100.10220375773315,2.00004094916585,1,204.2657420676751
100.10220375773315,2.00004094916585,1,204.2657420676751
100.10220375773315,2.00004094916585,1,204.2657420676751
100.10221399502461,2.000020474582925,1,204.26575230496655
100.10221911367034,2.0000102372914625,1,204.26575742361229
100.10221655434748,2.0000051186457313,1,204.26575486428942
100.10221655434748,2.0000051186457313,1,204.26575486428942
100.10221655434748,2.0000051186457313,1,204.26575486428942
100.10221655434748,2.0000051186457313,-1,206.26575998293515
100.10221143570175,2.000015355937194,6,213.26574718632082
100.10221527468605,2.000007677968597,6,213.2657702202266
100.1022133551939,2.0000038389842985,6,213.26575870327372
100.10221431493997,2.0000019194921492,6,213.26576446175022
100.10221479481301,2.0000009597460746,6,213.26576734098842
100.10221431493997,2.0000019194921492,10,217.2657654214961
100.10221479481301,2.0000009597460746,10,217.2657702202265
100.1022145548765,2.0000004798730373,10,217.26576782086136
100.10220927627307,2.000011037079858,22,229.2656843229529
100.10220927627307,2.000011037079858,21,230.26568984149276
100.10221203554303,2.000005518539936,21,230.2657477861619
100.10221227547956,2.0000059984129734,15,236.26576794082962
100.1022137750828,2.0000029992064867,15,236.26579043487823
100.1022137750828,2.0000029992064867,16,237.2657919344815
100.10221302528117,2.0000014996032434,16,237.26577993765545
100.102213400182,2.000000749801629,16,237.2657859360686
100.102213400182,2.000000749801629,20,241.26578743567188
100.102213400182,2.000000749801629,18,243.2657881854734
100.10221414998361,2.000002249404872,13,248.26579980739848
100.10221358763239,2.000001124702436,13,248.26579249683277
100.10221386880801,2.000000562351218,13,248.26579615211585
100.10221321273158,2.0000018745040506,23,258.2657949336881
100.10221274410557,2.0000009372520253,23,258.26578415529
100.10221250979257,2.0000004686260127,23,258.26577876609053
100.10221250979257,2.0000004686260127,23,258.26577876609053
100.10221250979257,2.0000004686260127,23,258.26577876609053
100.10221250979257,2.0000004686260127,23,258.26577876609053
100.10221239263606,2.0000002343130063,23,258.265776071491
100.10221233405781,2.000000117156503,23,258.2657747241915
100.10221233405781,2.000000117156503,28,263.26577501708243
100.10221083445457,2.00000311636299,37,272.26573505499937
100.10221083445457,2.00000311636299,37,272.26573505499937
100.10221083445457,2.00000311636299,44,279.26574596226965
100.10221083445457,2.00000311636299,44,279.26574596226965
100.10221083445457,2.00000311636299,44,279.26574596226965
100.10221083445457,2.00000311636299,41,282.2657506368146
100.10221089303282,2.000003233519493,36,287.2657608880086
100.1022117014127,2.0000016167597465,36,287.265789989684
100.10221129722277,2.0000008083798804,36,287.2657754388465
100.10221149931773,2.000000404189933,36,287.26578271426524
100.10221149931773,2.000000404189933,35,288.2657829163604
100.10221129722277,2.0000008083798804,45,298.26577584303595
100.10221109512779,2.0000004041899473,45,298.26576674876196
100.10221109512779,2.0000004041899473,44,299.26576695085714
100.10221099408031,2.0000002020949665,44,299.26576250476774
100.10221099408031,2.0000002020949665,44,299.26576250476774
100.10221094355657,2.0000001010474904,44,299.2657602817235
100.10221013517669,2.000001717807237,56,311.2657334030919
100.07110463813655,1.937790723726934,56,309.5238255688437
100.05610463813653,1.907790723726933,56,308.68382556884353
100.05110187886658,1.8977962422668497,71,322.637087681328
99.97110187886658,1.7377962422668531,71,316.9570876813277
99.93075073242187,1.6584985351562551,99,337.2946288145049
99.77075073242187,1.3384985351562477,99,321.4546288145066
99.69075073242188,1.1784985351562511,99,313.5346288145065
99.65075073242187,1.0984985351562528,92,313.41937368755134
99.65075073242187,1.0984985351562528,92,313.41937368755134
99.66575073242188,1.128498535156254,81,320.9161156309128
99.66382812500001,1.132343750000004,90,325.8354234922408
99.66382812500001,1.132343750000004,97,329.7986266172411
99.643828125,1.0923437499999977,97,327.8586266172406
99.63382812500001,1.0723437500000017,97,326.88862661724124
99.628828125,1.0623437499999966,97,326.40362661724066
99.628828125,1.0623437499999966,97,326.40362661724066
99.628828125,1.0623437499999966,97,326.40362661724066
99.628828125,1.0623437499999966,97,326.40362661724066
99.628828125,1.0623437499999966,97,326.40362661724066
99.628828125,1.0623437499999966,97,326.40362661724066
99.628828125,1.0623437499999966,97,326.40362661724066
99.628828125,1.0623437499999966,97,326.40362661724066
99.628828125,1.0623437499999966,97,326.40362661724066
99.628828125,1.0623437499999966,96,326.9347984922406
99.628828125,1.0623437499999966,96,326.9347984922406
99.628828125,1.0623437499999966,96,326.9347984922406
99.62296875,1.0740624999999966,100,328.4969859922403
99.60296875,1.0340625000000045,102,327.5310484922411
99.58296874999999,0.9940624999999983,101,325.9880797422393
99.57796875,0.9840624999999932,97,327.4512047422413
99.57796875,0.9840624999999932,97,327.4512047422413
99.57796875,0.9840624999999932,97,327.4512047422413
99.57796875,0.9840624999999932,101,329.41932974224073
99.57796875,0.9840624999999932,103,330.40339224224044
99.56796875,0.9640624999999972,103,329.3733922422416
99.56296875000001,0.9540625000000063,103,328.8583922422422
99.55796875,0.9440625000000011,103,328.34339224224095
99.55796875,0.9440625000000011,95,332.11964224223993
99.55796875,0.9440625000000011,95,332.11964224223993
99.55796875,0.9440625000000011,95,332.11964224223993
99.55796875,0.9440625000000011,89,334.9518297422419
99.55796875,0.9440625000000011,89,334.9518297422419
99.55796875,0.9440625000000011,89,334.9518297422419
99.55796875,0.9440625000000011,88,335.4238609922413
99.55796875,0.9440625000000011,88,335.4238609922413
99.55796875,0.9440625000000011,88,335.4238609922413
99.55796875,0.9440625000000011,87,335.89589224224255
99.55796875,0.9440625000000011,92,338.25604849224146
99.55796875,0.9440625000000011,92,338.25604849224146
99.55796875,0.9440625000000011,92,338.25604849224146
99.55796875,0.9440625000000011,92,338.25604849224146
99.55796875,0.9440625000000011,93,338.7280797422427
99.58296874999999,0.9940624999999983,48,362.3594859922423
99.58296874999999,0.9940624999999983,48,362.3594859922423
99.58296874999999,0.9940624999999983,48,362.3594859922423
99.58296874999999,0.9940624999999983,48,362.3594859922423
99.58296874999999,0.9940624999999983,48,362.3594859922423
99.58296874999999,0.9940624999999983,48,362.3594859922423
99.58296874999999,0.9940624999999983,48,362.3594859922423
99.58296874999999,0.9940624999999983,46,363.3535484922413
99.58296874999999,0.9940624999999983,46,363.3535484922413
99.58296874999999,0.9940624999999983,46,363.3535484922413
99.58296874999999,0.9940624999999983,46,363.3535484922413
99.58296874999999,0.9940624999999983,46,363.3535484922413
99.58296874999999,0.9940624999999983,46,363.3535484922413
99.58296874999999,0.9940624999999983,46,363.3535484922413
99.58296874999999,0.9940624999999983,46,363.3535484922413
99.58296874999999,0.9940624999999983,53,366.83276724224197
99.58296874999999,0.9940624999999983,59,369.81495474224175
99.58296874999999,0.9940624999999983,59,369.81495474224175
99.58296874999999,0.9940624999999983,59,369.81495474224175
99.58296874999999,0.9940624999999983,59,369.81495474224175
99.58296874999999,0.9940624999999983,59,369.81495474224175
99.58296874999999,0.9940624999999983,59,369.81495474224175
99.59796875,1.0240624999999994,52,374.2241734922427
99.59796875,1.0240624999999994,52,374.2241734922427
99.59796875,1.0240624999999994,49,375.76026724224266
99.59796875,1.0240624999999994,49,375.76026724224266
99.59796875,1.0240624999999994,49,375.76026724224266
99.59796875,1.0240624999999994,49,375.76026724224266
99.59796875,1.0240624999999994,49,375.76026724224266
99.59796875,1.0240624999999994,45,377.808392242242
99.59796875,1.0240624999999994,45,377.808392242242
99.59796875,1.0240624999999994,45,377.808392242242
99.59796875,1.0240624999999994,47,378.8324547422417
99.59796875,1.0240624999999994,44,380.36854849224164
99.59796875,1.0240624999999994,44,380.36854849224164
99.59796875,1.0240624999999994,44,380.36854849224164
99.59796875,1.0240624999999994,44,380.36854849224164
99.555,1.1099999999999994,48,380.4869859922419
99.555,1.1099999999999994,50,381.59698599224157
99.555,1.1099999999999994,50,381.59698599224157
99.555,1.1099999999999994,50,381.59698599224157
99.555,1.1099999999999994,50,381.59698599224157
99.555,1.1099999999999994,50,381.59698599224157
99.555,1.1099999999999994,40,387.14698599224175
99.555,1.1099999999999994,29,393.25198599224177
99.505,1.2099999999999937,38,396.3469859922411
99.505,1.2099999999999937,38,396.3469859922411
99.505,1.2099999999999937,38,396.3469859922411
99.505,1.2099999999999937,38,396.3469859922411
99.505,1.2099999999999937,46,401.1869859922408
99.505,1.2099999999999937,26,413.28698599224117
99.505,1.2099999999999937,28,414.49698599224075
99.52000000000001,1.2399999999999949,0,431.85698599224094
99.52000000000001,1.2399999999999949,9,437.436985992241
99.52000000000001,1.2399999999999949,9,437.436985992241
99.52000000000001,1.2399999999999949,26,447.9769859922412
99.52000000000001,1.2399999999999949,26,447.9769859922412
99.52000000000001,1.2399999999999949,26,447.9769859922412
99.52000000000001,1.2399999999999949,26,447.9769859922412
99.52000000000001,1.2399999999999949,26,447.9769859922412
99.52000000000001,1.2399999999999949,26,447.9769859922412
99.52000000000001,1.2399999999999949,24,449.21698599224123
99.52000000000001,1.2399999999999949,24,449.21698599224123
99.52000000000001,1.2399999999999949,24,449.21698599224123
99.52000000000001,1.2399999999999949,23,449.8369859922409
99.52000000000001,1.2399999999999949,23,449.8369859922409
99.52000000000001,1.2399999999999949,23,449.8369859922409
99.52000000000001,1.2399999999999949,23,449.8369859922409
99.52000000000001,1.2399999999999949,28,452.93698599224126
99.52000000000001,1.2399999999999949,28,452.93698599224126
99.52000000000001,1.2399999999999949,28,452.93698599224126
99.52000000000001,1.2399999999999949,28,452.93698599224126
99.50999999999999,1.2600000000000051,53,468.1269859922413
99.50999999999999,1.2600000000000051,53,468.1269859922413
99.50999999999999,1.2600000000000051,53,468.1269859922413
99.50999999999999,1.2600000000000051,53,468.1269859922413
99.47999999999999,1.3200000000000074,79,483.3569859922409
99.47999999999999,1.3200000000000074,79,483.3569859922409
99.47999999999999,1.3200000000000074,79,483.3569859922409
99.47999999999999,1.3200000000000074,79,483.3569859922409
99.47999999999999,1.3200000000000074,79,483.3569859922409
99.47999999999999,1.3200000000000074,79,483.3569859922409
99.47999999999999,1.3200000000000074,79,483.3569859922409
99.47999999999999,1.3200000000000074,79,483.3569859922409
99.47999999999999,1.3200000000000074,79,483.3569859922409
99.47999999999999,1.3200000000000074,79,483.3569859922409
99.47999999999999,1.3200000000000074,82,485.33698599224044
99.47999999999999,1.3200000000000074,82,485.33698599224044
99.47999999999999,1.3200000000000074,81,485.9969859922412
99.475,1.3299999999999983,86,488.866985992242
99.46000000000001,1.2999999999999972,86,487.57698599224295
99.455,1.289999999999992,83,489.08198599224124
99.455,1.289999999999992,83,489.08198599224124
99.455,1.289999999999992,83,489.08198599224124
99.455,1.289999999999992,83,489.08198599224124
99.455,1.289999999999992,88,492.3069859922416
99.455,1.289999999999992,73,501.7819859922429
99.455,1.289999999999992,73,501.7819859922429
99.455,1.289999999999992,74,502.4269859922424
99.455,1.289999999999992,74,502.4269859922424
99.455,1.289999999999992,74,502.4269859922424
99.455,1.289999999999992,74,502.4269859922424
99.455,1.289999999999992,85,509.52198599224175
99.455,1.289999999999992,85,509.52198599224175
99.455,1.289999999999992,85,509.52198599224175
99.455,1.289999999999992,85,509.52198599224175
99.46000000000001,1.2999999999999972,76,515.7769859922428
99.46000000000001,1.2999999999999972,76,515.7769859922428
99.46000000000001,1.2999999999999972,76,515.7769859922428
99.46000000000001,1.2999999999999972,67,521.6269859922422
99.46000000000001,1.2999999999999972,67,521.6269859922422
99.46000000000001,1.2999999999999972,80,530.076985992243
99.46000000000001,1.2999999999999972,80,530.076985992243
99.46000000000001,1.2999999999999972,85,533.326985992242
99.46000000000001,1.2999999999999972,85,533.326985992242
99.46000000000001,1.2999999999999972,85,533.326985992242
99.46000000000001,1.2999999999999972,83,534.6269859922422
99.455,1.3100000000000023,90,538.7469859922421
99.455,1.3100000000000023,77,546.6619859922412
99.455,1.3100000000000023,81,549.2819859922411
99.45,1.3199999999999932,85,551.4769859922417
99.445,1.309999999999988,96,558.2569859922405
99.385,1.1899999999999977,99,554.2819859922402
99.345,1.1099999999999994,99,550.321985992241
99.325,1.0699999999999932,105,551.5519859922406
99.285,0.9899999999999949,105,547.3519859922399
99.26,0.9399999999999977,106,545.196985992241
99.245,0.9099999999999966,109,544.9719859922388
99.225,0.8699999999999903,105,544.5319859922383
99.225,0.8699999999999903,105,544.5319859922383
99.225,0.8699999999999903,105,544.5319859922383
99.225,0.8699999999999903,105,544.5319859922383
99.225,0.8699999999999903,105,544.5319859922383
99.225,0.8699999999999903,106,544.966985992236
99.225,0.8699999999999903,105,545.4019859922373
99.225,0.8699999999999903,105,545.4019859922373
99.225,0.8699999999999903,105,545.4019859922373
99.225,0.8699999999999903,105,545.4019859922373
99.225,0.8699999999999903,105,545.4019859922373
99.225,0.8699999999999903,105,545.4019859922373
99.225,0.8699999999999903,109,547.1419859922371
99.21000000000001,0.8399999999999892,113,547.186985992239
99.185,0.789999999999992,114,544.7569859922369
99.17,0.7599999999999909,114,543.0469859922378
99.16,0.7399999999999949,114,541.9069859922365
99.155,0.7299999999999898,112,542.0669859922382
99.155,0.7299999999999898,112,542.0669859922382
99.155,0.7299999999999898,112,542.0669859922382
99.155,0.7299999999999898,105,544.6219859922367
99.155,0.7299999999999898,105,544.6219859922367
99.155,0.7299999999999898,105,544.6219859922367
99.155,0.7299999999999898,105,544.6219859922367
99.155,0.7299999999999898,105,544.6219859922367
99.14537536621094,0.7492492675781222,131,552.8511589658701
99.05537536621094,0.5692492675781295,131,541.0611589658693
99.01037536621094,0.47924926757812614,131,535.1661589658688
98.98537536621095,0.429249267578129,131,531.8911589658692
98.975,0.4100000000000108,132,530.7362352598138
98.965,0.39000000000000057,132,529.416235259816
98.96000000000001,0.38000000000000966,137,529.706235259815
98.93,0.3200000000000074,137,525.5962352598162
98.91499999999999,0.29000000000000625,138,523.6862352598127
98.9,0.2600000000000051,132,522.3962352598155
98.9,0.2600000000000051,132,522.3962352598155
98.9,0.2600000000000051,132,522.3962352598155
98.9,0.2600000000000051,133,522.5262352598147
98.91499999999999,0.29000000000000625,125,525.5612352598127
98.91499999999999,0.29000000000000625,132,526.576235259814
98.91499999999999,0.29000000000000625,132,526.576235259814
98.91499999999999,0.29000000000000625,138,527.446235259813
98.9,0.2600000000000051,138,525.3762352598151
98.895,0.25,138,524.6862352598146
98.895,0.25,140,524.9362352598127
98.88,0.21999999999999886,140,522.8362352598124
98.875,0.21000000000000796,140,522.1362352598135
98.87,0.20000000000000284,143,521.7362352598138
98.85499999999999,0.1700000000000017,143,519.5912352598134
98.845,0.15000000000000568,143,518.1612352598131
98.83,0.1599999999999966,154,516.7962352598133
98.765,0.05000000000001137,161,506.92123525981515
98.69999999999999,-0.0799999999999983,161,496.4562352598132
98.66499999999999,-0.14999999999999147,161,490.82123525981297
98.645,-0.18999999999999773,161,487.6012352598136
98.63499999999999,-0.20999999999999375,161,485.99123525981304
98.63,-0.21999999999999886,161,485.18623525981275
98.63,-0.21999999999999886,161,485.18623525981275
98.63,-0.21999999999999886,161,485.18623525981275
98.63,-0.21999999999999886,161,485.18623525981275
98.63,-0.21999999999999886,158,484.8562352598128
98.63,-0.21999999999999886,158,484.8562352598128
98.63,-0.21999999999999886,152,484.19623525981297
98.63,-0.21999999999999886,152,484.19623525981297
98.63,-0.21999999999999886,123,481.0062352598143
98.63,-0.21999999999999886,123,481.0062352598143
98.63,-0.21999999999999886,123,481.0062352598143
98.625,-0.21000000000000796,130,479.5862352598142
98.625,-0.21000000000000796,130,479.5862352598142
98.625,-0.21000000000000796,130,479.5862352598142
98.625,-0.21000000000000796,130,479.5862352598142
98.625,-0.21000000000000796,145,478.0112352598135
98.625,-0.21000000000000796,145,478.0112352598135
98.625,-0.21000000000000796,145,478.0112352598135
98.625,-0.21000000000000796,145,478.0112352598135
98.625,-0.21000000000000796,145,478.0112352598135
98.625,-0.21000000000000796,143,477.80123525981435
98.625,-0.21000000000000796,143,477.80123525981435
98.625,-0.21000000000000796,143,477.80123525981435
98.625,-0.21000000000000796,143,477.80123525981435
98.62,-0.20000000000000284,161,475.23623525981566
98.61500000000001,-0.20999999999999375,161,474.43123525981537
98.61500000000001,-0.20999999999999375,154,473.6962352598148
98.61500000000001,-0.20999999999999375,154,473.6962352598148
98.61500000000001,-0.20999999999999375,148,473.06623525981377
98.62,-0.20000000000000284,136,472.5362352598131
98.62,-0.20000000000000284,136,472.5362352598131
98.625,-0.18999999999999773,123,471.93123525981355
98.63499999999999,-0.1700000000000017,120,472.8662352598112
98.63499999999999,-0.1700000000000017,120,472.8662352598112
98.63499999999999,-0.1700000000000017,120,472.8662352598112
98.63499999999999,-0.1700000000000017,116,472.5262352598129
98.63499999999999,-0.1700000000000017,116,472.5262352598129
98.63499999999999,-0.1700000000000017,116,472.5262352598129
98.63499999999999,-0.1700000000000017,113,472.2712352598119
98.63499999999999,-0.1700000000000017,113,472.2712352598119
98.63499999999999,-0.1700000000000017,117,471.93123525981173
98.63499999999999,-0.1700000000000017,117,471.93123525981173
98.63499999999999,-0.1700000000000017,117,471.93123525981173
98.63499999999999,-0.1700000000000017,128,470.99623525981224
98.63499999999999,-0.1700000000000017,133,470.57123525981115
98.63499999999999,-0.1700000000000017,128,470.1462352598119
98.63499999999999,-0.1700000000000017,122,469.63623525981166
98.63499999999999,-0.1700000000000017,120,469.4662352598116
98.63499999999999,-0.1700000000000017,120,469.4662352598116
98.63499999999999,-0.1700000000000017,122,469.2962352598115
98.63499999999999,-0.1700000000000017,122,469.2962352598115
98.65,-0.14000000000000057,107,469.80623525981355
98.645,-0.12999999999999545,120,468.37623525981144
98.645,-0.12999999999999545,120,468.37623525981144
98.645,-0.12999999999999545,125,468.05123525981253
98.645,-0.12999999999999545,124,467.986235259812
98.645,-0.12999999999999545,125,467.92123525981333
98.645,-0.12999999999999545,126,467.8562352598128
98.645,-0.12999999999999545,127,467.79123525981413
98.645,-0.12999999999999545,127,467.79123525981413
98.645,-0.12999999999999545,119,467.2712352598137
98.645,-0.12999999999999545,119,467.2712352598137
98.645,-0.12999999999999545,119,467.2712352598137
98.65,-0.11999999999999034,107,467.0962352598144
98.65,-0.11999999999999034,107,467.0962352598144
98.65,-0.11999999999999034,111,466.85623525981464
98.65,-0.11999999999999034,118,466.43623525981457
98.65,-0.11999999999999034,118,466.43623525981457
98.65,-0.11999999999999034,116,466.3162352598156
98.65,-0.11999999999999034,116,466.3162352598156
98.65,-0.11999999999999034,116,466.3162352598156
98.65,-0.11999999999999034,116,466.3162352598156
98.65,-0.11999999999999034,116,466.3162352598156
98.65,-0.11999999999999034,116,466.3162352598156
98.65,-0.11999999999999034,116,466.3162352598156
98.65,-0.11999999999999034,116,466.3162352598156
98.66,-0.09999999999999432,115,467.4062352598139
98.66,-0.09999999999999432,115,467.4062352598139
98.66,-0.09999999999999432,124,466.956235259815
98.66,-0.09999999999999432,123,466.90623525981573
98.66,-0.09999999999999432,116,466.55623525981537
98.66,-0.09999999999999432,116,466.55623525981537
98.66,-0.09999999999999432,125,466.10623525981646
98.66,-0.09999999999999432,125,466.10623525981646
98.655,-0.09000000000000341,136,464.9362352598164
98.655,-0.09000000000000341,136,464.9362352598164
98.655,-0.09000000000000341,136,464.9362352598164
98.655,-0.09000000000000341,136,464.9362352598164
98.655,-0.09000000000000341,137,464.8912352598163
98.67,-0.060000000000002274,117,465.98623525981566
98.67,-0.060000000000002274,118,465.956235259815
98.67,-0.060000000000002274,127,465.6862352598164
98.67,-0.060000000000002274,141,465.2662352598163
98.68,-0.04000000000000625,138,466.5762352598176
98.68,-0.04000000000000625,138,466.5762352598176
98.68,-0.04000000000000625,138,466.5762352598176
98.68,-0.04000000000000625,138,466.5762352598176
98.68,-0.04000000000000625,138,466.5762352598176
98.68,-0.04000000000000625,138,466.5762352598176
98.68,-0.04000000000000625,130,466.4162352598196
98.68,-0.04000000000000625,130,466.4162352598196
98.68,-0.04000000000000625,130,466.4162352598196
98.68,-0.04000000000000625,130,466.4162352598196
98.68,-0.04000000000000625,130,466.4162352598196
98.68,-0.04000000000000625,130,466.4162352598196
98.68,-0.04000000000000625,130,466.4162352598196
98.685,-0.030000000000001137,129,467.04123525981777
98.685,-0.030000000000001137,135,466.9512352598176
98.68,-0.01999999999999602,162,465.8762352598187
98.625,-0.12999999999999545,162,456.96623525981704
98.595,-0.18999999999999773,162,452.10623525981646
98.58,-0.21999999999999886,161,449.5662352598156
98.58,-0.21999999999999886,158,449.23623525981566
98.57,-0.20000000000000284,176,445.53623525981675
98.485,-0.3499999999999943,185,428.92123525981515
98.4,-0.519999999999996,185,413.1962352598166
98.35499999999999,-0.6099999999999994,186,404.5662352598156
98.32499999999999,-0.6700000000000017,190,397.6462352598137
98.32499999999999,-0.6700000000000017,175,391.92123525981515
98.32499999999999,-0.6700000000000017,175,391.92123525981515
98.32499999999999,-0.6700000000000017,176,391.586235259816
98.32499999999999,-0.6700000000000017,176,391.586235259816
98.32499999999999,-0.6700000000000017,176,391.586235259816
98.32499999999999,-0.6700000000000017,176,391.586235259816
98.35499999999999,-0.6099999999999994,164,392.90623525981755
98.35499999999999,-0.6099999999999994,163,392.60123525981726
98.35499999999999,-0.6099999999999994,165,391.9912352598185
98.35499999999999,-0.6099999999999994,165,391.9912352598185
98.35499999999999,-0.6099999999999994,165,391.9912352598185
98.365,-0.5900000000000034,106,375.7962352598188
98.365,-0.5900000000000034,111,374.32123525982024
98.365,-0.5900000000000034,111,374.32123525982024
98.365,-0.5900000000000034,111,374.32123525982024
98.365,-0.5900000000000034,111,374.32123525982024
98.365,-0.5900000000000034,110,374.02623525982017
98.365,-0.5900000000000034,110,374.02623525982017
98.365,-0.5900000000000034,113,373.14123525981995
98.365,-0.5900000000000034,113,373.14123525981995
98.365,-0.5900000000000034,113,373.14123525981995
98.4,-0.519999999999996,111,376.43623525982184
98.4,-0.519999999999996,111,376.43623525982184
98.4,-0.519999999999996,111,376.43623525982184
98.4,-0.519999999999996,111,376.43623525982184
98.4,-0.519999999999996,102,374.0962352598217
98.4,-0.519999999999996,106,373.05623525982264
98.4,-0.519999999999996,112,371.49623525982133
98.4,-0.519999999999996,128,367.3362352598215
98.4,-0.519999999999996,128,367.3362352598215
98.4,-0.519999999999996,128,367.3362352598215
98.4,-0.519999999999996,128,367.3362352598215
98.4,-0.519999999999996,128,367.3362352598215
98.4,-0.519999999999996,128,367.3362352598215
98.4,-0.519999999999996,133,366.0362352598222
98.4,-0.519999999999996,135,365.51623525982177
98.4,-0.519999999999996,136,365.25623525982337
98.39537536621094,-0.5107507324218687,147,361.734912627986
98.39537536621094,-0.5107507324218687,147,361.734912627986
98.39537536621094,-0.5107507324218687,147,361.734912627986
98.39537536621094,-0.5107507324218687,147,361.734912627986
98.39537536621094,-0.5107507324218687,147,361.734912627986
98.42537536621094,-0.4507507324218665,146,365.8595372617747
98.42537536621094,-0.4507507324218665,146,365.8595372617747
98.42537536621094,-0.4507507324218665,146,365.8595372617747
98.41691406250001,-0.4338281250000051,161,361.11663687115106
98.41691406250001,-0.4338281250000051,161,361.11663687115106
98.41499999999999,-0.4299999999999926,170,358.8696446836475
98.41499999999999,-0.4299999999999926,173,358.22464468364706
98.405,-0.44999999999998863,170,355.8196446836482
98.41499999999999,-0.4299999999999926,160,355.2296446836481
98.41499999999999,-0.4299999999999926,160,355.2296446836481
98.41499999999999,-0.4299999999999926,156,354.3696446836475
98.41499999999999,-0.4299999999999926,156,354.3696446836475
98.41499999999999,-0.4299999999999926,156,354.3696446836475
98.41499999999999,-0.4299999999999926,157,354.15464468364917
98.41499999999999,-0.4299999999999926,157,354.15464468364917
98.41499999999999,-0.4299999999999926,157,354.15464468364917
98.41499999999999,-0.4299999999999926,157,354.15464468364917
98.41499999999999,-0.4299999999999926,157,354.15464468364917
98.41499999999999,-0.4299999999999926,152,353.07964468364844
98.41499999999999,-0.4299999999999926,152,353.07964468364844
98.41499999999999,-0.4299999999999926,152,353.07964468364844
98.41499999999999,-0.4299999999999926,152,353.07964468364844
98.41499999999999,-0.4299999999999926,150,352.64964468364815
98.41499999999999,-0.4299999999999926,150,352.64964468364815
98.41499999999999,-0.4299999999999926,147,352.00464468364953
98.41499999999999,-0.4299999999999926,147,352.00464468364953
98.41499999999999,-0.4299999999999926,147,352.00464468364953
98.41499999999999,-0.4299999999999926,147,352.00464468364953
98.41499999999999,-0.4299999999999926,147,352.00464468364953
98.41499999999999,-0.4299999999999926,147,352.00464468364953
98.41499999999999,-0.4299999999999926,147,352.00464468364953
98.41499999999999,-0.4299999999999926,145,351.57464468364924
98.41499999999999,-0.4299999999999926,147,351.14464468364895
98.41499999999999,-0.4299999999999926,132,347.9196446836486
98.41999999999999,-0.4200000000000017,114,344.7396446836501
98.41999999999999,-0.4200000000000017,130,341.37964468364953
98.47,-0.3199999999999932,109,342.81964468365186
98.47,-0.3199999999999932,110,342.6596446836538
98.47,-0.3199999999999932,110,342.6596446836538
98.47,-0.3199999999999932,110,342.6596446836538
98.47,-0.3199999999999932,110,342.6596446836538
98.47,-0.3199999999999932,110,342.6596446836538
98.47,-0.3199999999999932,109,342.49964468365215
98.47,-0.3199999999999932,109,342.49964468365215
98.47,-0.3199999999999932,109,342.49964468365215
98.47,-0.3199999999999932,104,341.69964468365106
98.47,-0.3199999999999932,104,341.69964468365106
98.47,-0.3199999999999932,105,341.539644683653
98.47,-0.3199999999999932,105,341.539644683653
98.47,-0.3199999999999932,104,341.37964468365135
98.47,-0.3199999999999932,106,341.05964468365164
98.47,-0.3199999999999932,97,339.61964468365113
98.47,-0.3199999999999932,95,339.2996446836514
98.47,-0.3199999999999932,94,339.13964468365157
98.47,-0.3199999999999932,81,337.05964468365073
98.47,-0.3199999999999932,81,337.05964468365073
98.47,-0.3199999999999932,81,337.05964468365073
98.47,-0.3199999999999932,83,336.739644683651
98.47,-0.3199999999999932,83,336.739644683651
98.47,-0.3199999999999932,76,335.61964468365113
98.47,-0.3199999999999932,76,335.61964468365113
98.47,-0.3199999999999932,76,335.61964468365113
98.47,-0.3199999999999932,86,334.01964468365077
98.47,-0.3199999999999932,85,333.8596446836518
98.47,-0.3199999999999932,85,333.8596446836518
98.47,-0.3199999999999932,85,333.8596446836518
98.47,-0.3199999999999932,85,333.8596446836518
98.47,-0.3199999999999932,85,333.8596446836518
98.47,-0.3199999999999932,85,333.8596446836518
98.47,-0.3199999999999932,85,333.8596446836518
98.47,-0.3199999999999932,85,333.8596446836518
98.47,-0.3199999999999932,85,333.8596446836518
98.47,-0.3199999999999932,85,333.8596446836518
98.485,-0.28999999999999204,75,333.4746446836507
98.485,-0.28999999999999204,75,333.4746446836507
98.485,-0.28999999999999204,75,333.4746446836507
98.485,-0.28999999999999204,68,332.45964468365037
98.485,-0.28999999999999204,68,332.45964468365037
98.485,-0.28999999999999204,68,332.45964468365037
98.485,-0.28999999999999204,68,332.45964468365037
98.485,-0.28999999999999204,68,332.45964468365037
98.485,-0.28999999999999204,68,332.45964468365037
98.485,-0.28999999999999204,60,331.2996446836514
98.485,-0.28999999999999204,60,331.2996446836514
98.485,-0.28999999999999204,60,331.2996446836514
98.485,-0.28999999999999204,60,331.2996446836514
98.485,-0.28999999999999204,60,331.2996446836514
98.485,-0.28999999999999204,60,331.2996446836514
98.485,-0.28999999999999204,57,330.864644683651
98.485,-0.28999999999999204,50,329.8496446836516
98.485,-0.28999999999999204,50,329.8496446836516
98.485,-0.28999999999999204,42,328.68964468365175
98.485,-0.28999999999999204,42,328.68964468365175
98.485,-0.28999999999999204,41,328.54464468365177
98.485,-0.28999999999999204,36,327.81964468365186
98.485,-0.28999999999999204,35,327.6746446836519
98.485,-0.28999999999999204,36,327.5296446836519
98.485,-0.28999999999999204,36,327.5296446836519
98.485,-0.28999999999999204,36,327.5296446836519
98.485,-0.28999999999999204,36,327.5296446836519
98.485,-0.28999999999999204,36,327.5296446836519
98.485,-0.28999999999999204,36,327.5296446836519
98.485,-0.28999999999999204,36,327.5296446836519
98.48441406250001,-0.2888281249999949,54,324.90558218365186
98.48441406250001,-0.2888281249999949,54,324.90558218365186
98.48441406250001,-0.2888281249999949,54,324.90558218365186
98.48441406250001,-0.2888281249999949,54,324.90558218365186
98.48441406250001,-0.2888281249999949,54,324.90558218365186
98.48441406250001,-0.2888281249999949,51,324.4723399961522
98.48441406250001,-0.2888281249999949,51,324.4723399961522
98.48441406250001,-0.2888281249999949,51,324.4723399961522
98.48441406250001,-0.2888281249999949,51,324.4723399961522
98.48441406250001,-0.2888281249999949,58,323.46144155865295
98.4894140625,-0.278828125000004,50,322.59612905865197
98.4894140625,-0.278828125000004,50,322.59612905865197
98.4894140625,-0.278828125000004,50,322.59612905865197
98.4894140625,-0.278828125000004,53,322.1778868711526
98.4894140625,-0.278828125000004,61,321.06257437115164
98.4894140625,-0.278828125000004,61,321.06257437115164
98.4894140625,-0.278828125000004,61,321.06257437115164
98.4894140625,-0.278828125000004,61,321.06257437115164
98.4894140625,-0.278828125000004,63,320.7837462461521
98.47999999999999,-0.2600000000000051,72,318.85120718365124
98.47999999999999,-0.2600000000000051,72,318.85120718365124
98.47999999999999,-0.2600000000000051,82,317.55120718365015
98.47999999999999,-0.2600000000000051,81,317.42120718365095
98.47999999999999,-0.2600000000000051,88,316.511207183652
98.47999999999999,-0.2600000000000051,88,316.511207183652
98.47999999999999,-0.2600000000000051,88,316.511207183652
98.47999999999999,-0.2600000000000051,88,316.511207183652
98.47999999999999,-0.2600000000000051,88,316.511207183652
98.47999999999999,-0.2600000000000051,88,316.511207183652
98.47999999999999,-0.2600000000000051,88,316.511207183652
98.47999999999999,-0.2600000000000051,88,316.511207183652
98.47999999999999,-0.2600000000000051,91,316.12120718365077
98.47999999999999,-0.2600000000000051,91,316.12120718365077
98.47999999999999,-0.2600000000000051,91,316.12120718365077
98.47999999999999,-0.2600000000000051,91,316.12120718365077
98.47999999999999,-0.2600000000000051,91,316.12120718365077
98.47999999999999,-0.2600000000000051,92,315.99120718365157
98.47999999999999,-0.2600000000000051,92,315.99120718365157
98.47999999999999,-0.2600000000000051,91,315.86120718365055
98.47999999999999,-0.2600000000000051,91,315.86120718365055
98.47999999999999,-0.2600000000000051,85,315.0812071836517
98.47999999999999,-0.2600000000000051,85,315.0812071836517
98.47999999999999,-0.2600000000000051,85,315.0812071836517
98.47999999999999,-0.2600000000000051,85,315.0812071836517
98.47999999999999,-0.2600000000000051,85,315.0812071836517
98.47999999999999,-0.2600000000000051,75,313.78120718365153
98.47999999999999,-0.2600000000000051,75,313.78120718365153
98.47999999999999,-0.2600000000000051,75,313.78120718365153
98.47999999999999,-0.2600000000000051,75,313.78120718365153
98.47999999999999,-0.2600000000000051,76,313.65120718365233
98.47999999999999,-0.2600000000000051,86,312.35120718365124
98.47999999999999,-0.2600000000000051,99,310.66120718365164
98.5,-0.21999999999999886,91,311.4412071836523
98.5,-0.21999999999999886,87,311.0012071836518
98.5,-0.21999999999999886,87,311.0012071836518
98.5,-0.21999999999999886,87,311.0012071836518
98.5,-0.21999999999999886,87,311.0012071836518
98.5,-0.21999999999999886,81,310.34120718365193
98.5,-0.21999999999999886,81,310.34120718365193
98.493984375,-0.20796875000000625,90,308.85792593365113
98.493984375,-0.20796875000000625,90,308.85792593365113
98.493984375,-0.20796875000000625,90,308.85792593365113
98.493984375,-0.20796875000000625,78,307.61011343365135
98.493984375,-0.20796875000000625,76,307.4021446836514
98.493984375,-0.20796875000000625,76,307.4021446836514
98.493984375,-0.20796875000000625,76,307.4021446836514
98.493984375,-0.20796875000000625,77,307.29816030865095
98.493984375,-0.20796875000000625,77,307.29816030865095
98.493984375,-0.20796875000000625,77,307.29816030865095
98.493984375,-0.20796875000000625,77,307.29816030865095
98.493984375,-0.20796875000000625,77,307.29816030865095
98.493984375,-0.20796875000000625,85,306.466285308652
98.493984375,-0.20796875000000625,85,306.466285308652
98.493984375,-0.20796875000000625,85,306.466285308652
98.493984375,-0.20796875000000625,85,306.466285308652
98.49000000000001,-0.20000000000000284,111,303.4160509336525
98.49000000000001,-0.20000000000000284,111,303.4160509336525
98.49000000000001,-0.20000000000000284,111,303.4160509336525
98.49000000000001,-0.20000000000000284,111,303.4160509336525
98.49000000000001,-0.20000000000000284,111,303.4160509336525
98.49000000000001,-0.20000000000000284,111,303.4160509336525
98.49000000000001,-0.20000000000000284,106,302.9160509336525
98.49000000000001,-0.20000000000000284,105,302.81605093365215
98.49000000000001,-0.20000000000000284,105,302.81605093365215
98.49000000000001,-0.20000000000000284,105,302.81605093365215
98.49000000000001,-0.20000000000000284,101,302.4160509336525
98.49000000000001,-0.20000000000000284,101,302.4160509336525
98.49000000000001,-0.20000000000000284,101,302.4160509336525
98.49000000000001,-0.20000000000000284,106,301.9160509336507
98.49000000000001,-0.20000000000000284,106,301.9160509336507
98.49000000000001,-0.20000000000000284,106,301.9160509336507
98.49000000000001,-0.20000000000000284,106,301.9160509336507
98.49000000000001,-0.20000000000000284,106,301.9160509336507
98.49000000000001,-0.20000000000000284,106,301.9160509336507
98.49000000000001,-0.20000000000000284,106,301.9160509336507
98.49000000000001,-0.20000000000000284,106,301.9160509336507
98.49000000000001,-0.20000000000000284,111,301.4160509336507
98.5,-0.18000000000000682,93,300.7860509336497
98.5,-0.18000000000000682,93,300.7860509336497
98.5,-0.18000000000000682,93,300.7860509336497
98.5,-0.18000000000000682,87,300.2460509336488
98.5,-0.18000000000000682,87,300.2460509336488
98.5,-0.18000000000000682,87,300.2460509336488
98.5,-0.18000000000000682,87,300.2460509336488
98.51,-0.1599999999999966,82,300.6760509336491
98.51,-0.1599999999999966,82,300.6760509336491
98.51,-0.1599999999999966,94,299.71605093364815
98.51,-0.1599999999999966,94,299.71605093364815
98.51,-0.1599999999999966,94,299.71605093364815
98.51,-0.1599999999999966,94,299.71605093364815
98.51,-0.1599999999999966,94,299.71605093364815
98.51,-0.1599999999999966,94,299.71605093364815
98.51,-0.1599999999999966,103,298.9960509336488
98.51,-0.1599999999999966,103,298.9960509336488
98.51,-0.1599999999999966,124,297.3160509336485
98.51,-0.1599999999999966,124,297.3160509336485
98.51,-0.1599999999999966,130,296.83605093365077
98.51,-0.1599999999999966,106,294.9160509336507
98.51,-0.1599999999999966,109,294.6760509336491
98.51,-0.1599999999999966,102,294.1160509336496
98.51,-0.1599999999999966,102,294.1160509336496
98.51,-0.1599999999999966,104,293.95605093364975
98.51,-0.1599999999999966,103,293.8760509336498
98.51,-0.1599999999999966,103,293.8760509336498
98.506484375,-0.15296874999998522,126,291.6493321836497
98.506484375,-0.15296874999998522,119,291.11394155864946
98.506484375,-0.15296874999998522,121,290.9609728086489
98.506484375,-0.15296874999998522,118,290.7315196836498
98.506484375,-0.15296874999998522,119,290.65503530864953
98.506484375,-0.15296874999998522,119,290.65503530864953
98.506484375,-0.15296874999998522,119,290.65503530864953
98.506484375,-0.15296874999998522,119,290.65503530864953
98.511484375,-0.14296874999999432,108,290.4137071836485
98.511484375,-0.14296874999999432,108,290.4137071836485
98.511484375,-0.14296874999999432,109,290.3422228086474
98.511484375,-0.14296874999999432,109,290.3422228086474
98.511484375,-0.14296874999999432,109,290.3422228086474
98.511484375,-0.14296874999999432,110,290.27073843364633
98.511484375,-0.14296874999999432,111,290.19925405864524
98.511484375,-0.14296874999999432,111,290.19925405864524
98.511484375,-0.14296874999999432,111,290.19925405864524
98.511484375,-0.14296874999999432,111,290.19925405864524
98.511484375,-0.14296874999999432,105,289.77034780864415
98.511484375,-0.14296874999999432,105,289.77034780864415
98.511484375,-0.14296874999999432,105,289.77034780864415
98.511484375,-0.14296874999999432,107,289.6273790586456
98.511484375,-0.14296874999999432,107,289.6273790586456
98.511484375,-0.14296874999999432,107,289.6273790586456
98.511484375,-0.14296874999999432,73,287.1969103086449
98.511484375,-0.14296874999999432,73,287.1969103086449
98.511484375,-0.14296874999999432,69,286.91097280864506
98.511484375,-0.14296874999999432,69,286.91097280864506
98.511484375,-0.14296874999999432,69,286.91097280864506
98.511484375,-0.14296874999999432,69,286.91097280864506
98.511484375,-0.14296874999999432,69,286.91097280864506
98.511484375,-0.14296874999999432,69,286.91097280864506
98.511484375,-0.14296874999999432,66,286.6965196836445
98.511484375,-0.14296874999999432,66,286.6965196836445
98.511484375,-0.14296874999999432,66,286.6965196836445
98.511484375,-0.14296874999999432,66,286.6965196836445
98.511484375,-0.14296874999999432,55,285.91019155864524
98.511484375,-0.14296874999999432,55,285.91019155864524
98.511484375,-0.14296874999999432,63,285.3383165586456
98.511484375,-0.14296874999999432,63,285.3383165586456
98.511484375,-0.14296874999999432,63,285.3383165586456
98.511484375,-0.14296874999999432,63,285.3383165586456
98.511484375,-0.14296874999999432,71,284.76644155864597
98.511484375,-0.14296874999999432,71,284.76644155864597
98.511484375,-0.14296874999999432,72,284.6949571836458
98.511484375,-0.14296874999999432,77,284.3375353086458
98.511484375,-0.14296874999999432,78,284.2660509336456
98.511484375,-0.14296874999999432,78,284.2660509336456
98.511484375,-0.14296874999999432,78,284.2660509336456
98.511484375,-0.14296874999999432,82,283.9801134336458
98.511484375,-0.14296874999999432,82,283.9801134336458
98.511484375,-0.14296874999999432,82,283.9801134336458
98.511484375,-0.14296874999999432,82,283.9801134336458
98.511484375,-0.14296874999999432,82,283.9801134336458
98.511484375,-0.14296874999999432,81,283.9086290586456
98.511484375,-0.14296874999999432,81,283.9086290586456
98.511484375,-0.14296874999999432,81,283.9086290586456
98.511484375,-0.14296874999999432,75,283.47972280864633
98.511484375,-0.14296874999999432,75,283.47972280864633
98.511484375,-0.14296874999999432,75,283.47972280864633
98.511484375,-0.14296874999999432,75,283.47972280864633
98.511484375,-0.14296874999999432,75,283.47972280864633
98.511484375,-0.14296874999999432,75,283.47972280864633
98.511484375,-0.14296874999999432,75,283.47972280864633
98.511484375,-0.14296874999999432,82,282.97933218364597
98.511484375,-0.14296874999999432,82,282.97933218364597
98.511484375,-0.14296874999999432,79,282.76487905864633
98.511484375,-0.14296874999999432,79,282.76487905864633
98.511484375,-0.14296874999999432,77,282.62191030864597
98.511484375,-0.14296874999999432,77,282.62191030864597
98.511484375,-0.14296874999999432,77,282.62191030864597
98.511484375,-0.14296874999999432,82,282.26448843364597
98.511484375,-0.14296874999999432,95,281.33519155864633
98.511484375,-0.14296874999999432,95,281.33519155864633
98.511484375,-0.14296874999999432,95,281.33519155864633
98.511484375,-0.14296874999999432,95,281.33519155864633
98.521484375,-0.1229687499999983,90,281.8977696836464
98.521484375,-0.1229687499999983,82,281.4058946836467
98.526484375,-0.11296874999999318,81,281.7494103086465
98.526484375,-0.11296874999999318,81,281.7494103086465
98.526484375,-0.11296874999999318,81,281.7494103086465
98.526484375,-0.11296874999999318,80,281.6929259336466
98.526484375,-0.11296874999999318,84,281.4669884336472
98.526484375,-0.11296874999999318,84,281.4669884336472
98.526484375,-0.11296874999999318,86,281.3540196836475
98.526484375,-0.11296874999999318,86,281.3540196836475
98.526484375,-0.11296874999999318,86,281.3540196836475
98.526484375,-0.11296874999999318,86,281.3540196836475
98.526484375,-0.11296874999999318,91,281.0715978086464
98.526484375,-0.11296874999999318,99,280.61972280864575
98.526484375,-0.11296874999999318,100,280.5632384336459
98.526484375,-0.11296874999999318,90,279.99839468364553
98.526484375,-0.11296874999999318,90,279.99839468364553
98.526484375,-0.11296874999999318,90,279.99839468364553
98.526484375,-0.11296874999999318,90,279.99839468364553
98.526484375,-0.11296874999999318,90,279.99839468364553
98.526484375,-0.11296874999999318,90,279.99839468364553
98.526484375,-0.11296874999999318,90,279.99839468364553
98.526484375,-0.11296874999999318,77,279.2640978086456
98.526484375,-0.11296874999999318,77,279.2640978086456
98.526484375,-0.11296874999999318,77,279.2640978086456
98.526484375,-0.11296874999999318,77,279.2640978086456
98.526484375,-0.11296874999999318,72,278.98167593364633
98.526484375,-0.11296874999999318,88,278.077925933645
98.526484375,-0.11296874999999318,74,277.28714468364615
98.526484375,-0.11296874999999318,75,277.2306603086463
98.526484375,-0.11296874999999318,75,277.2306603086463
98.526484375,-0.11296874999999318,80,276.9482384336461
98.523984375,-0.10796874999999773,86,276.40933218364626
98.523984375,-0.10796874999999773,86,276.40933218364626
98.523984375,-0.10796874999999773,86,276.40933218364626
98.523984375,-0.10796874999999773,86,276.40933218364626
98.523984375,-0.10796874999999773,91,276.1394103086459
98.523984375,-0.10796874999999773,91,276.1394103086459
98.523984375,-0.10796874999999773,91,276.1394103086459
98.538984375,-0.07796874999999659,81,277.02456655864626
98.538984375,-0.07796874999999659,81,277.02456655864626
98.538984375,-0.07796874999999659,85,276.86862905864564
98.538984375,-0.07796874999999659,85,276.86862905864564
98.538984375,-0.07796874999999659,85,276.86862905864564
98.538984375,-0.07796874999999659,85,276.86862905864564
98.53,-0.060000000000002274,104,275.40917593364793
98.53,-0.060000000000002274,104,275.40917593364793
98.53,-0.060000000000002274,104,275.40917593364793
98.53,-0.060000000000002274,113,275.1391759336475
98.53,-0.060000000000002274,113,275.1391759336475
98.53,-0.060000000000002274,113,275.1391759336475
98.53,-0.060000000000002274,104,274.8691759336489
98.53,-0.060000000000002274,107,274.77917593364873
98.53,-0.060000000000002274,107,274.77917593364873
98.53,-0.060000000000002274,107,274.77917593364873
98.53,-0.060000000000002274,107,274.77917593364873
98.53,-0.060000000000002274,107,274.77917593364873
98.53,-0.060000000000002274,106,274.7491759336481
98.53,-0.060000000000002274,106,274.7491759336481
98.53,-0.060000000000002274,106,274.7491759336481
98.53,-0.060000000000002274,106,274.7491759336481
98.53,-0.060000000000002274,106,274.7491759336481
98.525,-0.04999999999999716,131,273.3912071836512
98.525,-0.04999999999999716,131,273.3912071836512
98.525,-0.04999999999999716,131,273.3912071836512
98.525,-0.04999999999999716,131,273.3912071836512
98.525,-0.04999999999999716,135,273.291207183649
98.525,-0.04999999999999716,135,273.291207183649
98.525,-0.04999999999999716,135,273.291207183649
98.525,-0.04999999999999716,135,273.291207183649
98.525,-0.04999999999999716,135,273.291207183649
98.555,0.010000000000005116,107,277.00120718364815
98.55000000000001,0.01999999999999602,114,276.48620718364873
98.55000000000001,0.01999999999999602,114,276.48620718364873
98.55000000000001,0.01999999999999602,114,276.48620718364873
98.55000000000001,0.01999999999999602,114,276.48620718364873
98.55000000000001,0.01999999999999602,115,276.49620718364895
98.55000000000001,0.01999999999999602,115,276.49620718364895
98.55000000000001,0.01999999999999602,115,276.49620718364895
98.55000000000001,0.01999999999999602,115,276.49620718364895
98.55000000000001,0.01999999999999602,115,276.49620718364895
98.55000000000001,0.01999999999999602,115,276.49620718364895
98.55000000000001,0.01999999999999602,115,276.49620718364895
98.55000000000001,0.01999999999999602,115,276.49620718364895
98.55000000000001,0.01999999999999602,115,276.49620718364895
98.55000000000001,0.01999999999999602,115,276.49620718364895
98.55000000000001,0.01999999999999602,115,276.49620718364895
98.55000000000001,0.01999999999999602,115,276.49620718364895
98.55000000000001,0.01999999999999602,118,276.5262071836478
98.55000000000001,0.01999999999999602,118,276.5262071836478
98.55000000000001,0.01999999999999602,131,276.656207183647
98.55000000000001,0.01999999999999602,131,276.656207183647
98.55000000000001,0.01999999999999602,131,276.656207183647
98.55000000000001,0.01999999999999602,131,276.656207183647
98.55000000000001,0.01999999999999602,131,276.656207183647
98.55000000000001,0.01999999999999602,131,276.656207183647
98.55000000000001,0.01999999999999602,130,276.6662071836472
98.55000000000001,0.01999999999999602,132,276.68620718364764
98.55000000000001,0.01999999999999602,132,276.68620718364764
98.55000000000001,0.01999999999999602,131,276.69620718364604
98.55000000000001,0.01999999999999602,131,276.69620718364604
98.55000000000001,0.01999999999999602,132,276.70620718364626
98.55000000000001,0.01999999999999602,132,276.70620718364626
98.55000000000001,0.01999999999999602,132,276.70620718364626
98.55000000000001,0.01999999999999602,132,276.70620718364626
98.55000000000001,0.01999999999999602,132,276.70620718364626
98.55000000000001,0.01999999999999602,132,276.70620718364626
98.55000000000001,0.01999999999999602,137,276.75620718364553
98.55000000000001,0.01999999999999602,139,276.77620718364415
98.55000000000001,0.01999999999999602,139,276.77620718364415
98.555,0.029999999999986926,130,277.57620718364524
98.555,0.029999999999986926,130,277.57620718364524
98.555,0.029999999999986926,136,277.6662071836454
98.555,0.029999999999986926,136,277.6662071836454
98.565,0.04999999999999716,128,279.14620718364495
98.58000000000001,0.0799999999999983,92,282.32620718364524
98.58000000000001,0.0799999999999983,92,282.32620718364524
98.58000000000001,0.0799999999999983,92,282.32620718364524
98.58000000000001,0.0799999999999983,100,282.64620718364677
98.58000000000001,0.0799999999999983,100,282.64620718364677
98.58000000000001,0.0799999999999983,88,283.12620718364633
98.58000000000001,0.0799999999999983,100,283.6062071836477
98.58000000000001,0.0799999999999983,100,283.6062071836477
98.58000000000001,0.0799999999999983,100,283.6062071836477
98.58000000000001,0.0799999999999983,92,283.9262071836456
98.58000000000001,0.0799999999999983,92,283.9262071836456
98.58000000000001,0.0799999999999983,93,283.96620718364466
98.575,0.09000000000000341,103,283.91120718364436
98.575,0.09000000000000341,103,283.91120718364436
98.575,0.09000000000000341,103,283.91120718364436
98.575,0.09000000000000341,103,283.91120718364436
98.575,0.09000000000000341,98,284.13620718364473
98.575,0.09000000000000341,98,284.13620718364473
98.575,0.09000000000000341,97,284.1812071836448
98.575,0.09000000000000341,97,284.1812071836448
98.575,0.09000000000000341,95,284.27120718364495
98.575,0.09000000000000341,95,284.27120718364495
98.575,0.09000000000000341,96,284.316207183645
98.575,0.09000000000000341,88,284.6762071836438
98.575,0.09000000000000341,88,284.6762071836438
98.57000000000001,0.09999999999999432,105,285.056207183643
98.57000000000001,0.09999999999999432,104,285.1062071836441
98.57000000000001,0.09999999999999432,105,285.15620718364335
98.59,0.13999999999998636,87,288.3962071836431
98.59,0.13999999999998636,91,288.6762071836438
98.59,0.13999999999998636,91,288.6762071836438
98.59,0.13999999999998636,91,288.6762071836438
98.59,0.13999999999998636,91,288.6762071836438
98.59,0.13999999999998636,99,289.2362071836433
98.59,0.13999999999998636,99,289.2362071836433
98.59,0.13999999999998636,99,289.2362071836433
98.59,0.13999999999998636,126,291.1262071836427
98.59,0.13999999999998636,126,291.1262071836427
98.595,0.14999999999999147,120,292.1562071836415
98.595,0.14999999999999147,120,292.1562071836415
98.595,0.14999999999999147,120,292.1562071836415
98.595,0.15000000000000568,125,292.5312071836415
98.595,0.15000000000000568,125,292.5312071836415
98.595,0.15000000000000568,125,292.5312071836415
98.595,0.15000000000000568,125,292.5312071836415
98.595,0.15000000000000568,129,292.8312071836408
98.595,0.15000000000000568,129,292.8312071836408
98.595,0.15000000000000568,135,293.2812071836415
98.595,0.15000000000000568,134,293.35620718364044
98.595,0.15000000000000568,134,293.35620718364044
98.595,0.15000000000000568,174,296.3562071836386
98.44,-0.1599999999999966,187,268.3462071836402
98.29499999999999,-0.45000000000000284,187,241.23120718363862
98.22,-0.5999999999999943,187,227.2062071836408
98.185,-0.6700000000000017,187,220.66120718364255
98.16499999999999,-0.7099999999999937,187,216.92120718364095
98.155,-0.7299999999999898,187,215.05120718364196
98.15,-0.7399999999999949,187,214.11620718364065
98.15,-0.7399999999999949,187,214.11620718364065
98.15,-0.7399999999999949,187,214.11620718364065
98.15,-0.7399999999999949,187,214.11620718364065
98.15,-0.7399999999999949,187,214.11620718364065
98.15,-0.7399999999999949,182,212.2662071836421
98.15,-0.7399999999999949,182,212.2662071836421
98.15,-0.7399999999999949,183,211.89620718364313
98.15,-0.7399999999999949,183,211.89620718364313
98.15,-0.7399999999999949,183,211.89620718364313
98.15,-0.7399999999999949,183,211.89620718364313
98.15,-0.7399999999999949,183,211.89620718364313
98.15,-0.7399999999999949,183,211.89620718364313
98.15,-0.7399999999999949,177,209.67620718364196
98.15,-0.7399999999999949,177,209.67620718364196
98.15,-0.7399999999999949,183,207.45620718364444
98.15,-0.7399999999999949,183,207.45620718364444
98.15,-0.7399999999999949,180,206.34620718364386
98.15,-0.7399999999999949,180,206.34620718364386
98.15,-0.7399999999999949,180,206.34620718364386
98.15,-0.7399999999999949,180,206.34620718364386
98.15,-0.7399999999999949,180,206.34620718364386
98.15,-0.7399999999999949,181,205.97620718364487
98.15,-0.7399999999999949,181,205.97620718364487
98.15,-0.7399999999999949,181,205.97620718364487
98.15,-0.7399999999999949,182,205.60620718364225
98.15,-0.7399999999999949,182,205.60620718364225
98.15,-0.7399999999999949,182,205.60620718364225
98.15,-0.7399999999999949,182,205.60620718364225
98.15,-0.7399999999999949,214,193.76620718364575
98.015,-1.009999999999991,214,164.8762071836427
97.94999999999999,-1.1400000000000006,214,150.96620718364284
97.94999999999999,-1.1400000000000006,203,143.99620718364167
97.94999999999999,-1.1400000000000006,203,143.99620718364167
97.94999999999999,-1.1400000000000006,203,143.99620718364167
97.94999999999999,-1.1400000000000006,203,143.99620718364167
97.94999999999999,-1.1400000000000006,203,143.99620718364167
97.94999999999999,-1.1400000000000006,195,139.43620718364036
97.94999999999999,-1.1400000000000006,195,139.43620718364036
97.945,-1.1300000000000097,206,132.1962071836424
97.945,-1.1300000000000097,206,132.1962071836424
97.945,-1.1300000000000097,204,131.06620718364138
97.945,-1.1300000000000097,204,131.06620718364138
97.945,-1.1300000000000097,204,131.06620718364138
97.945,-1.1300000000000097,204,131.06620718364138
97.945,-1.1300000000000097,199,128.2412071836443
97.945,-1.1300000000000097,199,128.2412071836443
97.945,-1.1300000000000097,200,127.6762071836456
97.945,-1.1300000000000097,199,127.11120718364691
97.945,-1.1300000000000097,191,122.59120718364647
97.945,-1.1300000000000097,189,121.46120718364546
97.945,-1.1300000000000097,189,121.46120718364546
97.945,-1.1300000000000097,189,121.46120718364546
97.945,-1.1300000000000097,189,121.46120718364546
97.945,-1.1300000000000097,189,121.46120718364546
97.95500000000001,-1.1099999999999994,184,120.51620718364575
97.95500000000001,-1.1099999999999994,184,120.51620718364575
97.95500000000001,-1.1099999999999994,178,117.18620718364764
97.95500000000001,-1.1099999999999994,179,116.63120718365099
97.95500000000001,-1.1099999999999994,179,116.63120718365099
97.95500000000001,-1.1099999999999994,179,116.63120718365099
97.95500000000001,-1.1099999999999994,182,114.96620718365011
97.95500000000001,-1.1099999999999994,182,114.96620718365011
97.95500000000001,-1.1099999999999994,193,108.86120718365055
97.95500000000001,-1.1099999999999994,192,108.30620718365026
97.95500000000001,-1.1099999999999994,192,108.30620718365026
97.95500000000001,-1.1099999999999994,194,107.19620718365331
97.95500000000001,-1.1099999999999994,193,106.64120718365302
97.95500000000001,-1.1099999999999994,192,106.08620718365273
97.95500000000001,-1.1099999999999994,191,105.53120718365608
97.95500000000001,-1.1099999999999994,191,105.53120718365608
97.95500000000001,-1.1099999999999994,190,104.97620718365579
97.95500000000001,-1.1099999999999994,190,104.97620718365579
97.95500000000001,-1.1099999999999994,190,104.97620718365579
97.95500000000001,-1.1099999999999994,190,104.97620718365579
97.95500000000001,-1.1099999999999994,190,104.97620718365579
97.95500000000001,-1.1099999999999994,190,104.97620718365579
97.95500000000001,-1.1099999999999994,190,104.97620718365579
97.95500000000001,-1.1099999999999994,190,104.97620718365579
97.95500000000001,-1.1099999999999994,190,104.97620718365579
97.95500000000001,-1.1099999999999994,190,104.97620718365579
97.95500000000001,-1.1099999999999994,190,104.97620718365579
97.95500000000001,-1.1099999999999994,190,104.97620718365579
97.95500000000001,-1.1099999999999994,189,104.42120718365913
97.95500000000001,-1.1099999999999994,177,97.76120718365928
97.95500000000001,-1.1099999999999994,177,97.76120718365928
97.95500000000001,-1.1099999999999994,176,97.20620718365899
97.95500000000001,-1.1099999999999994,177,96.65120718366234
97.95500000000001,-1.1099999999999994,169,92.21120718366001
97.95500000000001,-1.1099999999999994,169,92.21120718366001
97.95500000000001,-1.1099999999999994,169,92.21120718366001
97.95500000000001,-1.1099999999999994,169,92.21120718366001
97.95500000000001,-1.1099999999999994,169,92.21120718366001
97.95500000000001,-1.1099999999999994,169,92.21120718366001
97.95500000000001,-1.1099999999999994,171,91.10120718366306
97.95500000000001,-1.1099999999999994,171,91.10120718366306
97.95500000000001,-1.1099999999999994,193,78.8912071836603
97.95500000000001,-1.1099999999999994,193,78.8912071836603
97.95500000000001,-1.1099999999999994,193,78.8912071836603
97.95500000000001,-1.1099999999999994,194,78.33620718366365
97.95500000000001,-1.1099999999999994,213,67.79120718366175
97.92,-1.1800000000000068,213,60.33620718366001
97.9,-1.2199999999999989,212,55.466207183664665
97.89500000000001,-1.230000000000004,212,54.406207183663355
97.89500000000001,-1.230000000000004,212,54.406207183663355
97.89500000000001,-1.230000000000004,212,54.406207183663355
97.89500000000001,-1.230000000000004,212,54.406207183663355
97.89500000000001,-1.230000000000004,212,54.406207183663355
97.89500000000001,-1.230000000000004,212,54.406207183663355
97.89500000000001,-1.230000000000004,211,53.791207183661754
97.89500000000001,-1.230000000000004,211,53.791207183661754
97.89500000000001,-1.230000000000004,211,53.791207183661754
97.89500000000001,-1.230000000000004,211,53.791207183661754
97.89500000000001,-1.230000000000004,211,53.791207183661754
97.89500000000001,-1.230000000000004,213,52.56120718366219
97.89,-1.240000000000009,213,51.49620718365986
97.885,-1.25,213,50.43120718366117
97.885,-1.25,213,50.43120718366117
97.885,-1.25,206,46.05620718366117
97.885,-1.25,223,35.431207183657534
97.83500000000001,-1.3500000000000085,223,24.281207183659717
97.81,-1.4000000000000057,220,16.606207183660445
97.81,-1.4000000000000057,220,16.606207183660445
97.81,-1.4000000000000057,219,15.906207183659717
97.81,-1.4000000000000057,219,15.906207183659717
97.81,-1.4000000000000057,219,15.906207183659717
97.81,-1.4000000000000057,214,12.406207183659717
97.81,-1.4000000000000057,214,12.406207183659717
97.81,-1.4000000000000057,214,12.406207183659717
97.81,-1.4000000000000057,222,6.806207183657534
97.80000000000001,-1.4200000000000017,222,4.586207183660008
97.795,-1.4300000000000068,222,3.476207183659426
97.795,-1.4300000000000068,222,3.476207183659426
97.795,-1.4300000000000068,223,2.7612071836592804
97.785,-1.4500000000000028,225,-0.9187928163410106
97.77000000000001,-1.480000000000004,225,-4.293792816337373
97.765,-1.490000000000009,234,-12.123792816342757
97.715,-1.5900000000000034,235,-24.6187928163381
97.69,-1.6400000000000006,235,-30.493792816341738
97.6725,-1.664999999999992,241,-39.61129281633839
97.6325,-1.7449999999999903,241,-49.25129281633781
97.6125,-1.7849999999999966,233,-61.211292816340574
97.6125,-1.7849999999999966,233,-61.211292816340574
97.6425,-1.7249999999999943,206,-77.82879281634087
97.6425,-1.7249999999999943,206,-77.82879281634087
97.6425,-1.7249999999999943,206,-77.82879281634087
97.6425,-1.7249999999999943,206,-77.82879281634087
97.6425,-1.7249999999999943,207,-78.69129281634014
97.64,-1.7199999999999989,238,-105.98879281634072
97.63,-1.7399999999999949,237,-109.23879281634436
97.63,-1.7399999999999949,242,-113.5887928163429
97.60499999999999,-1.7900000000000063,242,-119.63879281634581
97.59,-1.8199999999999932,242,-123.26879281633956
97.59,-1.8199999999999932,228,-136.1087928163397
97.59,-1.8199999999999932,228,-136.1087928163397
97.59,-1.8199999999999932,228,-136.1087928163397
97.59,-1.8199999999999932,228,-136.1087928163397
97.59,-1.8199999999999932,230,-137.9287928163394
97.59,-1.8199999999999932,230,-137.9287928163394
97.59,-1.8199999999999932,230,-137.9287928163394
97.59,-1.8199999999999932,230,-137.9287928163394
97.59,-1.8199999999999932,230,-137.9287928163394
97.59,-1.8199999999999932,226,-141.56879281633883
97.59,-1.8199999999999932,226,-141.56879281633883
97.59,-1.8199999999999932,226,-141.56879281633883
97.59,-1.8199999999999932,227,-142.47879281633868
97.59,-1.8199999999999932,227,-142.47879281633868
97.60499999999999,-1.7900000000000063,221,-144.50379281634014
97.60499999999999,-1.7900000000000063,221,-144.50379281634014
97.60499999999999,-1.7900000000000063,221,-144.50379281634014
97.60499999999999,-1.7900000000000063,221,-144.50379281634014
97.60499999999999,-1.7900000000000063,221,-144.50379281634014
97.60499999999999,-1.7900000000000063,221,-144.50379281634014
97.60499999999999,-1.7900000000000063,221,-144.50379281634014
97.60499999999999,-1.7900000000000063,221,-144.50379281634014
97.60499999999999,-1.7900000000000063,221,-144.50379281634014
97.60499999999999,-1.7900000000000063,221,-144.50379281634014
97.60499999999999,-1.7900000000000063,221,-144.50379281634014
97.60499999999999,-1.7900000000000063,221,-144.50379281634014
97.60499999999999,-1.7900000000000063,221,-144.50379281634014
97.60499999999999,-1.7900000000000063,221,-144.50379281634014
97.60499999999999,-1.7900000000000063,232,-154.3487928163413
97.60499999999999,-1.7900000000000063,232,-154.3487928163413
97.60499999999999,-1.7900000000000063,232,-154.3487928163413
97.64,-1.7199999999999989,205,-170.24879281633912
97.64,-1.7199999999999989,206,-171.1087928163397
97.64,-1.7199999999999989,206,-171.1087928163397
97.64,-1.7199999999999989,195,-180.56879281634247
97.64,-1.7199999999999989,195,-180.56879281634247
97.64,-1.7199999999999989,195,-180.56879281634247
97.64,-1.7199999999999989,195,-180.56879281634247
97.64,-1.7199999999999989,195,-180.56879281634247
97.64,-1.7199999999999989,193,-182.28879281634
97.64,-1.7199999999999989,193,-182.28879281634
97.64,-1.7199999999999989,193,-182.28879281634
97.64,-1.7199999999999989,193,-182.28879281634
97.64,-1.7199999999999989,193,-182.28879281634
97.64,-1.7199999999999989,192,-183.14879281634057
97.64,-1.7199999999999989,192,-183.14879281634057
97.64,-1.7199999999999989,178,-195.1887928163378
97.64,-1.7199999999999989,178,-195.1887928163378
97.64,-1.7199999999999989,178,-195.1887928163378
97.64,-1.7199999999999989,178,-195.1887928163378
97.64,-1.7199999999999989,179,-196.0487928163384
97.64,-1.7199999999999989,179,-196.0487928163384
97.64,-1.7199999999999989,180,-196.90879281633897
97.64,-1.7199999999999989,180,-196.90879281633897
97.64,-1.7199999999999989,180,-196.90879281633897
97.64,-1.7199999999999989,176,-200.3487928163413
97.64,-1.7199999999999989,176,-200.3487928163413
97.64,-1.7199999999999989,176,-200.3487928163413
97.64,-1.7199999999999989,177,-201.20879281634188
97.64,-1.7199999999999989,186,-208.94879281633985
97.64,-1.7199999999999989,186,-208.94879281633985
97.64,-1.7199999999999989,186,-208.94879281633985
97.64500000000001,-1.7099999999999937,173,-219.14379281633956
97.64500000000001,-1.7099999999999937,172,-219.99879281633912
97.64500000000001,-1.7099999999999937,179,-225.9837928163397
97.64500000000001,-1.7099999999999937,179,-225.9837928163397
97.64500000000001,-1.7099999999999937,175,-229.4037928163416
97.64500000000001,-1.7099999999999937,175,-229.4037928163416
97.64500000000001,-1.7099999999999937,172,-231.96879281634028
97.64500000000001,-1.7099999999999937,172,-231.96879281634028
97.64500000000001,-1.7099999999999937,171,-232.82379281633985
97.64500000000001,-1.7099999999999937,171,-232.82379281633985
97.64500000000001,-1.7099999999999937,171,-232.82379281633985
97.64500000000001,-1.7099999999999937,171,-232.82379281633985
97.64500000000001,-1.7099999999999937,171,-232.82379281633985
97.64500000000001,-1.7099999999999937,171,-232.82379281633985
97.64500000000001,-1.7099999999999937,170,-233.6787928163394
97.64500000000001,-1.7099999999999937,170,-233.6787928163394
97.64500000000001,-1.7099999999999937,170,-233.6787928163394
97.64500000000001,-1.7099999999999937,170,-233.6787928163394
97.64500000000001,-1.7099999999999937,170,-233.6787928163394
97.64500000000001,-1.7099999999999937,171,-234.53379281633897
97.64500000000001,-1.7099999999999937,171,-234.53379281633897
97.64500000000001,-1.7099999999999937,178,-240.51879281633956
97.64500000000001,-1.7099999999999937,178,-240.51879281633956
97.64500000000001,-1.7099999999999937,178,-240.51879281633956
97.64500000000001,-1.7099999999999937,177,-241.37379281633912
97.64500000000001,-1.7099999999999937,160,-255.90879281633897
97.64500000000001,-1.7099999999999937,160,-255.90879281633897
97.64500000000001,-1.7099999999999937,160,-255.90879281633897
97.64500000000001,-1.7099999999999937,160,-255.90879281633897
97.64500000000001,-1.7099999999999937,154,-261.0387928163382
97.64500000000001,-1.7099999999999937,168,-273.00879281634116
97.64500000000001,-1.7099999999999937,168,-273.00879281634116
97.64500000000001,-1.7099999999999937,168,-273.00879281634116
97.64500000000001,-1.7099999999999937,182,-284.9787928163387
97.64500000000001,-1.7099999999999937,182,-284.9787928163387
97.655,-1.6899999999999977,174,-289.9987928163391
97.655,-1.6899999999999977,174,-289.9987928163391
97.655,-1.6899999999999977,174,-289.9987928163391
97.655,-1.6899999999999977,174,-289.9987928163391
97.655,-1.6899999999999977,174,-289.9987928163391
97.655,-1.6899999999999977,174,-289.9987928163391
97.655,-1.6899999999999977,174,-289.9987928163391
97.655,-1.6899999999999977,171,-292.533792816339
97.655,-1.6899999999999977,170,-293.37879281634014
97.655,-1.6899999999999977,170,-293.37879281634014
97.655,-1.6899999999999977,170,-293.37879281634014
97.655,-1.6899999999999977,170,-293.37879281634014
97.655,-1.6899999999999977,170,-293.37879281634014
97.655,-1.6899999999999977,170,-293.37879281634014
97.655,-1.6899999999999977,178,-300.13879281633854
97.655,-1.6899999999999977,178,-300.13879281633854
97.655,-1.6899999999999977,182,-303.51879281633956
97.655,-1.6899999999999977,181,-304.3637928163371
97.655,-1.6899999999999977,181,-304.3637928163371
97.655,-1.6899999999999977,180,-305.2087928163346
97.655,-1.6899999999999977,180,-305.2087928163346
97.655,-1.6899999999999977,180,-305.2087928163346
97.655,-1.6899999999999977,179,-306.0537928163358
97.655,-1.6899999999999977,191,-316.1937928163352
97.645,-1.6699999999999875,214,-337.4887928163371
97.645,-1.6699999999999875,201,-348.34379281633665
97.645,-1.6699999999999875,201,-348.34379281633665
97.645,-1.6699999999999875,201,-348.34379281633665
97.645,-1.6699999999999875,205,-351.6837928163368
97.645,-1.6699999999999875,210,-355.85879281633606
97.645,-1.6699999999999875,210,-355.85879281633606
97.645,-1.6699999999999875,211,-356.6937928163388
97.64,-1.6599999999999966,223,-367.73879281633344
97.64,-1.6599999999999966,224,-368.5687928163352
97.64,-1.6599999999999966,224,-368.5687928163352
97.64,-1.6599999999999966,224,-368.5687928163352
97.64,-1.6599999999999966,224,-368.5687928163352
97.64,-1.6599999999999966,216,-375.2087928163346
97.64,-1.6599999999999966,217,-376.03879281633635
97.645,-1.6500000000000057,198,-390.70879281633825
97.645,-1.6500000000000057,198,-390.70879281633825
97.645,-1.6500000000000057,198,-390.70879281633825
97.645,-1.6500000000000057,198,-390.70879281633825
97.645,-1.6500000000000057,198,-390.70879281633825
97.645,-1.6500000000000057,198,-390.70879281633825
97.645,-1.6500000000000057,198,-390.70879281633825
97.645,-1.6500000000000057,198,-390.70879281633825
97.645,-1.6500000000000057,193,-394.83379281633825
97.645,-1.6500000000000057,193,-394.83379281633825
97.645,-1.6500000000000057,193,-394.83379281633825
97.645,-1.6500000000000057,193,-394.83379281633825
97.645,-1.6500000000000057,193,-394.83379281633825
97.645,-1.6500000000000057,193,-394.83379281633825
97.65,-1.6400000000000006,180,-404.5687928163388
97.65,-1.6400000000000006,180,-404.5687928163388
97.65,-1.6400000000000006,180,-404.5687928163388
97.65,-1.6400000000000006,180,-404.5687928163388
97.65,-1.6400000000000006,180,-404.5687928163388
97.65,-1.6400000000000006,180,-404.5687928163388
97.65,-1.6400000000000006,180,-404.5687928163388
97.65,-1.6400000000000006,180,-404.5687928163388
97.65,-1.6400000000000006,180,-404.5687928163388
97.65,-1.6400000000000006,180,-404.5687928163388
97.65,-1.6400000000000006,189,-411.9487928163362
97.65,-1.6400000000000006,182,-417.6887928163378
97.65,-1.6400000000000006,182,-417.6887928163378
97.65,-1.6400000000000006,182,-417.6887928163378
97.65,-1.6400000000000006,185,-420.14879281633694
97.65,-1.6400000000000006,185,-420.14879281633694
97.65,-1.6400000000000006,185,-420.14879281633694
97.65,-1.6400000000000006,185,-420.14879281633694
97.65,-1.6400000000000006,185,-420.14879281633694
97.65,-1.6400000000000006,176,-427.5287928163343
97.65,-1.6400000000000006,176,-427.5287928163343
97.65,-1.6400000000000006,175,-428.348792816334
97.65,-1.6400000000000006,175,-428.348792816334
97.65,-1.6400000000000006,176,-429.16879281633373
97.65,-1.6400000000000006,176,-429.16879281633373
97.65,-1.6400000000000006,177,-429.9887928163371
97.65,-1.6400000000000006,177,-429.9887928163371
97.65,-1.6400000000000006,176,-430.80879281633315
97.65,-1.6400000000000006,176,-430.80879281633315
97.65,-1.6400000000000006,177,-431.6287928163365
97.65,-1.6400000000000006,177,-431.6287928163365
97.65,-1.6400000000000006,177,-431.6287928163365
97.65,-1.6400000000000006,177,-431.6287928163365
97.65,-1.6400000000000006,177,-431.6287928163365
97.65,-1.6400000000000006,177,-431.6287928163365
97.65,-1.6400000000000006,179,-433.2687928163323
97.65,-1.6400000000000006,179,-433.2687928163323
97.65,-1.6400000000000006,179,-433.2687928163323
97.65,-1.6400000000000006,179,-433.2687928163323
97.65,-1.6400000000000006,179,-433.2687928163323
97.64500000000001,-1.6300000000000097,184,-438.2587928163339
97.64500000000001,-1.6300000000000097,184,-438.2587928163339
97.64500000000001,-1.6300000000000097,184,-438.2587928163339
97.64500000000001,-1.6300000000000097,184,-438.2587928163339
97.65,-1.6200000000000045,178,-442.2287928163314
97.65,-1.6200000000000045,178,-442.2287928163314
97.65,-1.6200000000000045,186,-448.70879281633097
97.65,-1.6200000000000045,186,-448.70879281633097
97.65,-1.6200000000000045,186,-448.70879281633097
97.65,-1.6200000000000045,186,-448.70879281633097
97.65,-1.6200000000000045,185,-449.5187928163323
97.65,-1.6200000000000045,182,-451.94879281633257
97.65,-1.6200000000000045,182,-451.94879281633257
97.65,-1.6200000000000045,182,-451.94879281633257
97.65,-1.6200000000000045,182,-451.94879281633257
97.665,-1.5900000000000034,174,-455.6687928163301
97.665,-1.5900000000000034,175,-456.463792816332
97.665,-1.5900000000000034,175,-456.463792816332
97.665,-1.5900000000000034,175,-456.463792816332
97.665,-1.5900000000000034,175,-456.463792816332
97.665,-1.5900000000000034,175,-456.463792816332
97.665,-1.5900000000000034,171,-459.6437928163323
97.67500000000001,-1.5700000000000074,167,-461.093792816333
97.67500000000001,-1.5700000000000074,167,-461.093792816333
97.67500000000001,-1.5700000000000074,167,-461.093792816333
97.67500000000001,-1.5700000000000074,160,-466.5887928163338
97.67500000000001,-1.5700000000000074,136,-485.42879281633395
97.67500000000001,-1.5700000000000074,136,-485.42879281633395
97.67500000000001,-1.5700000000000074,137,-486.213792816332
97.67500000000001,-1.5700000000000074,137,-486.213792816332
97.67500000000001,-1.5700000000000074,137,-486.213792816332
97.67500000000001,-1.5700000000000074,136,-486.99879281633366
97.67500000000001,-1.5700000000000074,136,-486.99879281633366
97.67500000000001,-1.5700000000000074,137,-487.7837928163317
97.67500000000001,-1.5700000000000074,137,-487.7837928163317
97.67500000000001,-1.5700000000000074,122,-499.55879281633133
97.67500000000001,-1.5700000000000074,123,-500.3437928163312
97.67500000000001,-1.5700000000000074,123,-500.3437928163312
97.67500000000001,-1.5700000000000074,123,-500.3437928163312
97.67500000000001,-1.5700000000000074,123,-500.3437928163312
97.67500000000001,-1.5700000000000074,123,-500.3437928163312
97.67500000000001,-1.5700000000000074,113,-508.19379281633155
97.67500000000001,-1.5700000000000074,113,-508.19379281633155
97.67500000000001,-1.5700000000000074,113,-508.19379281633155
97.67500000000001,-1.5700000000000074,113,-508.19379281633155
97.67500000000001,-1.5700000000000074,113,-508.19379281633155
97.67500000000001,-1.5700000000000074,105,-514.4737928163304
97.67500000000001,-1.5700000000000074,104,-515.2587928163321
97.67500000000001,-1.5700000000000074,104,-515.2587928163321
97.67500000000001,-1.5700000000000074,106,-516.8287928163318
97.67500000000001,-1.5700000000000074,90,-529.3887928163313
97.67500000000001,-1.5700000000000074,90,-529.3887928163313
97.67500000000001,-1.5700000000000074,85,-533.3137928163305
97.67500000000001,-1.5700000000000074,85,-533.3137928163305
97.67500000000001,-1.5700000000000074,85,-533.3137928163305
97.67500000000001,-1.5700000000000074,85,-533.3137928163305
97.67500000000001,-1.5700000000000074,84,-534.0987928163322
97.67500000000001,-1.5700000000000074,84,-534.0987928163322
97.67500000000001,-1.5700000000000074,73,-542.7337928163324
97.67500000000001,-1.5700000000000074,74,-543.5187928163323
97.67500000000001,-1.5700000000000074,74,-543.5187928163323
97.67500000000001,-1.5700000000000074,74,-543.5187928163323
97.67500000000001,-1.5700000000000074,74,-543.5187928163323
97.67500000000001,-1.5700000000000074,78,-546.6587928163326
97.67500000000001,-1.5700000000000074,55,-564.7137928163329
97.68,-1.5600000000000023,33,-581.7487928163332
97.68,-1.5600000000000023,30,-584.0887928163334
97.68,-1.5600000000000023,30,-584.0887928163334
97.68,-1.5600000000000023,17,-594.2287928163335
97.68,-1.5600000000000023,17,-594.2287928163335
97.68,-1.5600000000000023,17,-594.2287928163335
97.68,-1.5600000000000023,16,-595.0087928163334
97.68,-1.5600000000000023,16,-595.0087928163334
97.68,-1.5600000000000023,16,-595.0087928163334
97.68,-1.5600000000000023,16,-595.0087928163334
97.68,-1.5600000000000023,17,-595.7887928163334
97.68,-1.5600000000000023,24,-601.2487928163332
97.68,-1.5600000000000023,24,-601.2487928163332
97.68,-1.5600000000000023,24,-601.2487928163332
97.68,-1.5600000000000023,24,-601.2487928163332
97.68,-1.5600000000000023,23,-602.028792816333
97.68,-1.5600000000000023,23,-602.028792816333
97.68,-1.5600000000000023,9,-612.948792816333
97.68,-1.5600000000000023,9,-612.948792816333
97.68,-1.5600000000000023,9,-612.948792816333
97.68,-1.5600000000000023,9,-612.948792816333
97.68,-1.5600000000000023,9,-612.948792816333
97.685,-1.5500000000000114,7,-614.4637928163329
97.685,-1.5500000000000114,7,-614.4637928163329
97.685,-1.5500000000000114,7,-614.4637928163329
97.685,-1.5500000000000114,7,-614.4637928163329
97.685,-1.5500000000000114,7,-614.4637928163329
97.715,-1.490000000000009,-12,-629.4487928163329
97.715,-1.490000000000009,-12,-629.4487928163329
97.715,-1.490000000000009,-13,-630.193792816333
97.72,-1.480000000000004,-24,-638.4887928163325
97.72,-1.480000000000004,-24,-638.4887928163325
97.72,-1.480000000000004,-11,-648.1087928163329
97.72,-1.480000000000004,-16,-651.8087928163327
97.72,-1.480000000000004,-16,-651.8087928163327
97.72,-1.480000000000004,-16,-651.8087928163327
97.72,-1.480000000000004,-16,-651.8087928163327
97.72,-1.480000000000004,-16,-651.8087928163327
97.72,-1.480000000000004,-16,-651.8087928163327
97.73,-1.460000000000008,-25,-658.5987928163327
97.72749999999999,-1.4549999999999983,-9,-670.2162928163326
97.72749999999999,-1.4549999999999983,-9,-670.2162928163326
97.7425,-1.4249999999999972,-37,-690.5212928163332
97.7425,-1.4249999999999972,-37,-690.5212928163332
97.7425,-1.4249999999999972,-37,-690.5212928163332
97.7425,-1.4249999999999972,-37,-690.5212928163332
97.7425,-1.4249999999999972,-37,-690.5212928163332
97.7525,-1.4050000000000011,-51,-700.8462928163326
97.7525,-1.4050000000000011,-49,-702.2512928163324
97.745,-1.3900000000000006,-1,-735.8487928163328
97.745,-1.3900000000000006,-1,-735.8487928163328
97.745,-1.3900000000000006,-1,-735.8487928163328
97.745,-1.3900000000000006,-1,-735.8487928163328
97.745,-1.3900000000000006,-1,-735.8487928163328
97.745,-1.3900000000000006,-1,-735.8487928163328
97.745,-1.3900000000000006,-1,-735.8487928163328
97.745,-1.3900000000000006,6,-740.7137928163327
97.745,-1.3900000000000006,6,-740.7137928163327
97.745,-1.3900000000000006,6,-740.7137928163327
97.75,-1.3799999999999955,-6,-749.0837928163328
97.75,-1.3799999999999955,-6,-749.0837928163328
97.75,-1.3799999999999955,-6,-749.0837928163328
97.75,-1.3799999999999955,12,-761.5037928163329
97.75,-1.3799999999999955,12,-761.5037928163329
97.75,-1.3799999999999955,12,-761.5037928163329
97.74000000000001,-1.3599999999999994,17,-765.103792816333
97.74000000000001,-1.3599999999999994,17,-765.103792816333
97.745,-1.3500000000000085,-1,-777.2687928163333
97.745,-1.3500000000000085,-1,-777.2687928163333
97.745,-1.3500000000000085,-1,-777.2687928163333
97.745,-1.3500000000000085,-1,-777.2687928163333
97.75,-1.3400000000000034,-4,-779.3037928163333
97.75,-1.3400000000000034,-13,-785.3337928163332
97.75,-1.3400000000000034,-13,-785.3337928163332
97.75,-1.3400000000000034,-13,-785.3337928163332
97.75,-1.3400000000000034,-13,-785.3337928163332
97.75,-1.3400000000000034,-13,-785.3337928163332
97.75,-1.3400000000000034,-13,-785.3337928163332
97.75,-1.3400000000000034,-12,-786.0037928163333
97.75,-1.3400000000000034,-21,-792.0337928163333
97.75,-1.3400000000000034,-21,-792.0337928163333
97.75,-1.3400000000000034,-21,-792.0337928163333
97.75,-1.3400000000000034,-21,-792.0337928163333
97.75,-1.3400000000000034,-21,-792.0337928163333
97.75,-1.3400000000000034,-21,-792.0337928163333
97.75,-1.3400000000000034,-21,-792.0337928163333
97.75,-1.3400000000000034,-21,-792.0337928163333
97.75,-1.3400000000000034,-15,-796.0537928163333
97.75,-1.3400000000000034,-19,-798.7337928163333
97.75,-1.3400000000000034,-19,-798.7337928163333
97.75,-1.3400000000000034,-19,-798.7337928163333
97.75,-1.3400000000000034,-24,-802.0837928163332
97.75,-1.3400000000000034,-24,-802.0837928163332
97.75,-1.3400000000000034,-25,-802.7537928163333
97.75,-1.3400000000000034,-25,-802.7537928163333
97.75,-1.3400000000000034,-25,-802.7537928163333
97.75,-1.3400000000000034,-25,-802.7537928163333
97.75,-1.3400000000000034,-25,-802.7537928163333
97.75,-1.3400000000000034,-28,-804.7637928163333
97.74000000000001,-1.3200000000000074,-22,-808.4837928163333
97.74000000000001,-1.3200000000000074,-22,-808.4837928163333
97.74000000000001,-1.3200000000000074,-29,-813.1037928163332
97.74000000000001,-1.3200000000000074,-30,-813.7637928163335
97.74000000000001,-1.3200000000000074,-30,-813.7637928163335
97.74000000000001,-1.3200000000000074,-30,-813.7637928163335
97.74000000000001,-1.3200000000000074,-29,-814.4237928163334
97.74000000000001,-1.3200000000000074,-29,-814.4237928163334
97.735,-1.3100000000000023,-21,-819.5687928163334
97.735,-1.3100000000000023,-25,-822.1887928163335
97.735,-1.3100000000000023,-25,-822.1887928163335
97.735,-1.3100000000000023,-25,-822.1887928163335
97.735,-1.3100000000000023,-25,-822.1887928163335
97.735,-1.3100000000000023,-25,-822.1887928163335
97.735,-1.3100000000000023,-25,-822.1887928163335
97.735,-1.3100000000000023,-25,-822.1887928163335
97.735,-1.3100000000000023,-31,-826.1187928163336
97.735,-1.3100000000000023,-31,-826.1187928163336
97.735,-1.3100000000000023,-31,-826.1187928163336
97.735,-1.3100000000000023,-31,-826.1187928163336
97.735,-1.3100000000000023,-26,-829.3937928163339
97.735,-1.3100000000000023,-33,-833.9787928163341
97.735,-1.3100000000000023,-45,-841.8387928163338
97.735,-1.3100000000000023,-45,-841.8387928163338
97.735,-1.3100000000000023,-45,-841.8387928163338
97.735,-1.3100000000000023,-55,-848.388792816334
97.735,-1.3100000000000023,-65,-854.9387928163333
97.735,-1.3100000000000023,-65,-854.9387928163333
97.735,-1.3100000000000023,-65,-854.9387928163333
97.735,-1.3100000000000023,-56,-860.8337928163337
97.735,-1.3100000000000023,-56,-860.8337928163337
97.735,-1.3100000000000023,-56,-860.8337928163337
97.735,-1.3100000000000023,-55,-861.4887928163344
97.72999999999999,-1.2999999999999972,-53,-862.5337928163335
97.72999999999999,-1.2999999999999972,-53,-862.5337928163335
97.72999999999999,-1.2999999999999972,-53,-862.5337928163335
97.72999999999999,-1.2999999999999972,-53,-862.5337928163335
97.72999999999999,-1.2999999999999972,-53,-862.5337928163335
97.72999999999999,-1.2999999999999972,-53,-862.5337928163335
97.72999999999999,-1.2999999999999972,-53,-862.5337928163335
97.72999999999999,-1.2999999999999972,-53,-862.5337928163335
97.72999999999999,-1.2999999999999972,-53,-862.5337928163335
97.72999999999999,-1.2999999999999972,-53,-862.5337928163335
97.72999999999999,-1.2999999999999972,-53,-862.5337928163335
97.72999999999999,-1.2999999999999972,-53,-862.5337928163335
97.72999999999999,-1.2999999999999972,-53,-862.5337928163335
97.72999999999999,-1.2999999999999972,-52,-863.1837928163332
97.735,-1.289999999999992,-56,-866.0337928163335
97.735,-1.289999999999992,-68,-873.7737928163333
97.735,-1.289999999999992,-68,-873.7737928163333
97.735,-1.289999999999992,-68,-873.7737928163333
97.735,-1.289999999999992,-68,-873.7737928163333
97.735,-1.289999999999992,-68,-873.7737928163333
97.735,-1.289999999999992,-68,-873.7737928163333
97.735,-1.289999999999992,-68,-873.7737928163333
97.735,-1.289999999999992,-68,-873.7737928163333
97.735,-1.289999999999992,-68,-873.7737928163333
97.735,-1.289999999999992,-68,-873.7737928163333
97.735,-1.289999999999992,-68,-873.7737928163333
97.735,-1.289999999999992,-68,-873.7737928163333
97.735,-1.289999999999992,-69,-874.4187928163337
97.735,-1.289999999999992,-70,-875.0637928163333
97.735,-1.289999999999992,-79,-880.8687928163326
97.735,-1.289999999999992,-79,-880.8687928163326
97.735,-1.289999999999992,-79,-880.8687928163326
97.735,-1.289999999999992,-79,-880.8687928163326
97.735,-1.289999999999992,-79,-880.8687928163326
97.735,-1.289999999999992,-79,-880.8687928163326
97.735,-1.289999999999992,-80,-881.5137928163331
97.745,-1.269999999999996,-83,-884.2787928163334
97.745,-1.269999999999996,-83,-884.2787928163334
97.745,-1.269999999999996,-83,-884.2787928163334
97.745,-1.269999999999996,-84,-884.9137928163336
97.745,-1.269999999999996,-84,-884.9137928163336
97.745,-1.269999999999996,-83,-885.5487928163338
97.745,-1.269999999999996,-98,-895.0737928163344
97.745,-1.269999999999996,-98,-895.0737928163344
97.745,-1.269999999999996,-98,-895.0737928163344
97.745,-1.269999999999996,-98,-895.0737928163344
97.745,-1.269999999999996,-101,-896.978792816335
97.745,-1.269999999999996,-101,-896.978792816335
97.745,-1.269999999999996,-101,-896.978792816335
97.745,-1.269999999999996,-101,-896.978792816335
97.745,-1.269999999999996,-100,-897.6137928163334
97.745,-1.269999999999996,-100,-897.6137928163334
97.745,-1.269999999999996,-100,-897.6137928163334
97.745,-1.269999999999996,-100,-897.6137928163334
97.745,-1.269999999999996,-99,-898.2487928163337
97.745,-1.269999999999996,-99,-898.2487928163337
97.745,-1.269999999999996,-97,-899.5187928163341
97.75,-1.259999999999991,-115,-911.3637928163334
97.75,-1.259999999999991,-116,-911.9937928163326
97.75,-1.259999999999991,-113,-913.8837928163321
97.75,-1.259999999999991,-113,-913.8837928163321
97.75,-1.259999999999991,-113,-913.8837928163321
97.75,-1.259999999999991,-116,-915.7737928163315
97.75,-1.259999999999991,-116,-915.7737928163315
97.75,-1.259999999999991,-116,-915.7737928163315
97.75,-1.259999999999991,-116,-915.7737928163315
97.745,-1.25,-112,-917.7037928163318
97.745,-1.25,-112,-917.7037928163318
97.745,-1.25,-112,-917.7037928163318
97.745,-1.25,-112,-917.7037928163318
97.745,-1.25,-112,-917.7037928163318
97.745,-1.25,-112,-917.7037928163318
97.745,-1.25,-99,-925.8287928163318
97.745,-1.25,-107,-930.82879281633
97.745,-1.25,-107,-930.82879281633
97.745,-1.25,-98,-936.45379281633
97.745,-1.25,-98,-936.45379281633
97.745,-1.25,-96,-937.70379281633
97.745,-1.25,-96,-937.70379281633
97.745,-1.25,-96,-937.70379281633
97.745,-1.25,-96,-937.70379281633
97.745,-1.25,-96,-937.70379281633
97.745,-1.25,-96,-937.70379281633
97.745,-1.25,-96,-937.70379281633
97.745,-1.25,-96,-937.70379281633
97.745,-1.25,-73,-952.07879281633
97.75,-1.240000000000009,-80,-956.8037928163303
97.765,-1.210000000000008,-122,-984.1637928163309
97.765,-1.210000000000008,-115,-988.3987928163315
97.765,-1.210000000000008,-115,-988.3987928163315
97.765,-1.210000000000008,-115,-988.3987928163315
97.765,-1.210000000000008,-114,-989.0037928163329
97.765,-1.210000000000008,-118,-991.4237928163329
97.765,-1.210000000000008,-124,-995.0537928163321
97.765,-1.210000000000008,-124,-995.0537928163321
97.765,-1.210000000000008,-126,-996.2637928163313
97.765,-1.210000000000008,-132,-999.8937928163323
97.765,-1.210000000000008,-132,-999.8937928163323
97.765,-1.210000000000008,-132,-999.8937928163323
97.765,-1.210000000000008,-132,-999.8937928163323
97.765,-1.210000000000008,-132,-999.8937928163323
97.765,-1.210000000000008,-132,-999.8937928163323
97.765,-1.210000000000008,-136,-1002.3137928163342
97.765,-1.210000000000008,-129,-1006.5487928163329
97.765,-1.210000000000008,-130,-1007.1537928163343
97.765,-1.210000000000008,-130,-1007.1537928163343
97.765,-1.210000000000008,-129,-1007.7587928163339
97.765,-1.210000000000008,-126,-1009.5737928163344
97.7525,-1.1850000000000023,-108,-1018.9387928163342
97.7525,-1.1850000000000023,-108,-1018.9387928163342
97.7525,-1.1850000000000023,-116,-1023.6787928163321
97.7525,-1.1850000000000023,-116,-1023.6787928163321
97.74,-1.1599999999999966,-115,-1022.833792816331
97.74,-1.1599999999999966,-115,-1022.833792816331
97.74,-1.1599999999999966,-114,-1023.4137928163309
97.74,-1.1599999999999966,-114,-1023.4137928163309
97.74,-1.1599999999999966,-114,-1023.4137928163309
97.74,-1.1599999999999966,-114,-1023.4137928163309
97.74,-1.1599999999999966,-115,-1023.9937928163308
97.74,-1.1599999999999966,-118,-1025.7337928163324
97.74,-1.1599999999999966,-118,-1025.7337928163324
97.74,-1.1599999999999966,-116,-1026.8937928163323
97.74,-1.1599999999999966,-116,-1026.8937928163323
97.74,-1.1599999999999966,-116,-1026.8937928163323
97.74,-1.1599999999999966,-116,-1026.8937928163323
97.74,-1.1599999999999966,-116,-1026.8937928163323
97.74,-1.1599999999999966,-116,-1026.8937928163323
97.74,-1.1599999999999966,-116,-1026.8937928163323
97.74,-1.1599999999999966,-116,-1026.8937928163323
97.74,-1.1599999999999966,-116,-1026.8937928163323
97.74,-1.1599999999999966,-116,-1026.8937928163323
97.74,-1.1599999999999966,-116,-1026.8937928163323
97.74,-1.1599999999999966,-116,-1026.8937928163323
97.74,-1.1599999999999966,-115,-1027.4737928163304
97.705,-1.0900000000000034,-105,-1029.3887928163313
97.705,-1.0900000000000034,-112,-1033.20379281633
97.705,-1.0900000000000034,-112,-1033.20379281633
97.71000000000001,-1.0799999999999983,-152,-1055.673792816333
97.71000000000001,-1.0799999999999983,-155,-1057.293792816332
97.71000000000001,-1.0799999999999983,-163,-1061.6137928163316
97.71000000000001,-1.0799999999999983,-165,-1062.6937928163316
97.71000000000001,-1.0799999999999983,-165,-1062.6937928163316
97.72,-1.0600000000000023,-174,-1069.2737928163278
97.72,-1.0600000000000023,-174,-1069.2737928163278
97.72,-1.0600000000000023,-175,-1069.8037928163285
97.72,-1.0600000000000023,-175,-1069.8037928163285
97.72,-1.0600000000000023,-175,-1069.8037928163285
97.72,-1.0600000000000023,-175,-1069.8037928163285
97.72,-1.0600000000000023,-172,-1071.3937928163286
97.72,-1.0600000000000023,-172,-1071.3937928163286
97.72,-1.0600000000000023,-172,-1071.3937928163286
97.72,-1.0600000000000023,-172,-1071.3937928163286
97.72,-1.0600000000000023,-186,-1078.813792816327
97.72,-1.0600000000000023,-186,-1078.813792816327
97.72,-1.0600000000000023,-189,-1080.403792816327
97.72,-1.0600000000000023,-189,-1080.403792816327
97.715,-1.0499999999999972,-183,-1082.6587928163317
97.715,-1.0499999999999972,-182,-1083.1837928163332
97.715,-1.0499999999999972,-182,-1083.1837928163332
97.715,-1.0499999999999972,-182,-1083.1837928163332
97.715,-1.0499999999999972,-182,-1083.1837928163332
97.715,-1.0499999999999972,-182,-1083.1837928163332
97.715,-1.0499999999999972,-182,-1083.1837928163332
97.715,-1.0499999999999972,-203,-1094.208792816331
97.72,-1.0600000000000023,-201,-1096.2837928163317
97.72,-1.0600000000000023,-201,-1096.2837928163317
97.72,-1.0600000000000023,-207,-1099.463792816332
97.74000000000001,-1.1000000000000085,-210,-1105.2537928163329
97.775,-1.1300000000000097,-214,-1114.8837928163339
97.815,-1.210000000000008,-214,-1123.4437928163316
97.83,-1.240000000000009,-214,-1126.6537928163307
97.84,-1.2600000000000051,-214,-1128.7937928163337
97.845,-1.2700000000000102,-214,-1129.8637928163298
97.845,-1.2700000000000102,-213,-1130.4987928163318
97.845,-1.2700000000000102,-213,-1130.4987928163318
97.845,-1.2700000000000102,-214,-1131.1337928163302
97.845,-1.2700000000000102,-220,-1134.9437928163352
97.88,-1.3400000000000034,-220,-1142.6437928163323
97.895,-1.3700000000000045,-215,-1149.3687928163345
97.895,-1.3700000000000045,-215,-1149.3687928163345
97.895,-1.3700000000000045,-217,-1150.738792816337
97.895,-1.3700000000000045,-217,-1150.738792816337
97.895,-1.3700000000000045,-220,-1152.7937928163337
97.9,-1.3800000000000097,-220,-1153.893792816336
97.905,-1.3900000000000006,-220,-1154.9937928163345
97.91,-1.4000000000000057,-220,-1156.0937928163366
97.91,-1.4000000000000057,-220,-1156.0937928163366
97.91,-1.4000000000000057,-220,-1156.0937928163366
97.91,-1.4000000000000057,-221,-1156.7937928163374
97.91499999999999,-1.4100000000000108,-224,-1160.013792816335
97.93,-1.440000000000012,-224,-1163.3737928163355
97.94,-1.460000000000008,-226,-1167.0737928163362
97.955,-1.490000000000009,-233,-1175.6787928163358
97.995,-1.5700000000000074,-247,-1195.988792816337
98.09,-1.7600000000000051,-256,-1227.3737928163391
98.18,-1.940000000000012,-256,-1250.41379281634
98.225,-2.030000000000001,-256,-1261.9337928163368
98.245,-2.0700000000000074,-256,-1267.0537928163394
98.25999999999999,-2.1000000000000085,-258,-1272.993792816338
98.275,-2.1300000000000097,-258,-1276.8637928163407
98.285,-2.1500000000000057,-258,-1279.4437928163388
98.285,-2.1500000000000057,-258,-1279.4437928163388
98.285,-2.1500000000000057,-258,-1279.4437928163388
98.285,-2.1500000000000057,-258,-1279.4437928163388
98.285,-2.1500000000000057,-258,-1279.4437928163388
98.285,-2.1500000000000057,-258,-1279.4437928163388
98.285,-2.1500000000000057,-253,-1284.8187928163388
98.285,-2.1500000000000057,-253,-1284.8187928163388
98.285,-2.1500000000000057,-253,-1284.8187928163388
98.285,-2.1500000000000057,-253,-1284.8187928163388
98.285,-2.1500000000000057,-253,-1284.8187928163388
98.285,-2.1500000000000057,-249,-1289.118792816338
98.285,-2.1500000000000057,-247,-1291.2687928163396
98.285,-2.1500000000000057,-247,-1291.2687928163396
98.285,-2.1500000000000057,-247,-1291.2687928163396
98.285,-2.1500000000000057,-264,-1309.5437928163374
98.315,-2.210000000000008,-264,-1317.4637928163393
98.33,-2.240000000000009,-264,-1321.4237928163384
98.34,-2.260000000000005,-264,-1324.0637928163414
98.345,-2.2700000000000102,-264,-1325.3837928163375
98.345,-2.2700000000000102,-264,-1325.3837928163375
98.345,-2.2700000000000102,-264,-1325.3837928163375
98.345,-2.2700000000000102,-271,-1333.3287928163372
98.38,-2.3400000000000034,-271,-1342.8137928163378
98.4,-2.3800000000000097,-271,-1348.2337928163397
98.41,-2.4000000000000057,-274,-1354.5437928163374
98.43,-2.440000000000012,-274,-1360.0237928163406
98.44,-2.460000000000008,-271,-1366.4537928163336
98.44,-2.460000000000008,-265,-1373.8337928163346
98.44,-2.460000000000008,-271,-1381.2137928163356
98.44,-2.460000000000008,-271,-1381.2137928163356
98.44,-2.460000000000008,-284,-1397.2037928163372
98.44,-2.460000000000008,-274,-1410.603792816335
98.445,-2.470000000000013,-274,-1411.973792816334
98.445,-2.470000000000013,-273,-1413.2087928163346
98.445,-2.470000000000013,-273,-1413.2087928163346
98.445,-2.470000000000013,-273,-1413.2087928163346
98.445,-2.470000000000013,-273,-1413.2087928163346
98.445,-2.470000000000013,-273,-1413.2087928163346
98.445,-2.470000000000013,-267,-1420.618792816338
98.445,-2.470000000000013,-267,-1420.618792816338
98.445,-2.470000000000013,-267,-1420.618792816338
98.445,-2.470000000000013,-275,-1430.4987928163355
98.445,-2.470000000000013,-259,-1450.3587928163397
98.445,-2.470000000000013,-259,-1450.3587928163397
98.445,-2.470000000000013,-259,-1450.3587928163397
98.445,-2.470000000000013,-259,-1450.3587928163397
98.445,-2.470000000000013,-259,-1450.3587928163397
98.445,-2.470000000000013,-259,-1450.3587928163397
98.445,-2.470000000000013,-259,-1450.3587928163397
98.445,-2.470000000000013,-259,-1450.3587928163397
98.445,-2.470000000000013,-259,-1450.3587928163397
98.45,-2.460000000000008,-262,-1455.3737928163428
98.45,-2.460000000000008,-262,-1455.3737928163428
98.45,-2.460000000000008,-262,-1455.3737928163428
98.45,-2.460000000000008,-258,-1460.2937928163446
98.45,-2.460000000000008,-259,-1461.5237928163406
98.465,-2.430000000000007,-278,-1489.0637928163414
98.5,-2.5,-270,-1508.793792816341
98.5,-2.5,-270,-1508.793792816341
98.5,-2.5,-270,-1508.793792816341
98.5,-2.5,-270,-1508.793792816341
98.5,-2.5,-270,-1508.793792816341
98.5,-2.5,-270,-1508.793792816341
98.5,-2.5,-270,-1508.793792816341
98.5,-2.5,-270,-1508.793792816341
98.5,-2.5,-270,-1508.793792816341
98.5,-2.5,-270,-1508.793792816341
98.5,-2.5,-270,-1508.793792816341
98.475,-2.450000000000003,-263,-1510.7187928163403
98.475,-2.450000000000003,-263,-1510.7187928163403
98.475,-2.450000000000003,-263,-1510.7187928163403
98.475,-2.450000000000003,-243,-1535.2187928163403
98.475,-2.450000000000003,-250,-1543.793792816341
98.475,-2.450000000000003,-250,-1543.793792816341
98.475,-2.450000000000003,-250,-1543.793792816341
98.48,-2.4399999999999977,-253,-1548.7337928163433
98.48,-2.4399999999999977,-253,-1548.7337928163433
98.48,-2.4399999999999977,-253,-1548.7337928163433
98.48,-2.4399999999999977,-253,-1548.7337928163433
98.48,-2.4399999999999977,-254,-1549.9537928163445
98.48,-2.4399999999999977,-254,-1549.9537928163445
98.48,-2.4399999999999977,-255,-1551.1737928163457
98.48,-2.4399999999999977,-261,-1558.4937928163454
98.48,-2.4399999999999977,-261,-1558.4937928163454
98.48,-2.4399999999999977,-261,-1558.4937928163454
98.48,-2.4399999999999977,-264,-1562.1537928163452
98.48,-2.4399999999999977,-264,-1562.1537928163452
98.48,-2.4399999999999977,-264,-1562.1537928163452
98.48,-2.4399999999999977,-264,-1562.1537928163452
98.48,-2.4399999999999977,-270,-1569.473792816345
98.48,-2.4399999999999977,-270,-1569.473792816345
98.48,-2.4399999999999977,-275,-1575.5737928163435
98.495,-2.469999999999999,-277,-1582.1687928163446
98.515,-2.509999999999991,-276,-1588.963792816343
98.515,-2.509999999999991,-266,-1601.6137928163444
98.515,-2.509999999999991,-266,-1601.6137928163444
98.515,-2.509999999999991,-272,-1609.1437928163432
98.52,-2.5,-284,-1625.5337928163426
98.565,-2.5900000000000034,-284,-1638.3137928163414
98.59,-2.6400000000000006,-284,-1645.4137928163436
98.6,-2.660000000000011,-284,-1648.2537928163401
98.60499999999999,-2.6700000000000017,-281,-1653.6787928163394
98.60499999999999,-2.6700000000000017,-281,-1653.6787928163394
98.60499999999999,-2.6700000000000017,-277,-1659.018792816336
98.60499999999999,-2.6700000000000017,-277,-1659.018792816336
98.61,-2.6599999999999966,-283,-1668.3937928163396
98.61,-2.6599999999999966,-274,-1680.363792816337
98.61,-2.6599999999999966,-274,-1680.363792816337
98.61,-2.6599999999999966,-274,-1680.363792816337
98.61,-2.6599999999999966,-274,-1680.363792816337
98.61,-2.6599999999999966,-274,-1680.363792816337
98.605,-2.6500000000000057,-262,-1694.9337928163368
98.605,-2.6500000000000057,-262,-1694.9337928163368
98.605,-2.6500000000000057,-261,-1696.2587928163375
98.605,-2.6500000000000057,-261,-1696.2587928163375
98.595,-2.6299999999999955,-252,-1705.5037928163329
98.595,-2.6299999999999955,-252,-1705.5037928163329
98.595,-2.6299999999999955,-252,-1705.5037928163329
98.595,-2.6299999999999955,-252,-1705.5037928163329
98.595,-2.6299999999999955,-252,-1705.5037928163329
98.595,-2.6299999999999955,-252,-1705.5037928163329
98.595,-2.6299999999999955,-252,-1705.5037928163329
98.595,-2.6299999999999955,-252,-1705.5037928163329
98.595,-2.6299999999999955,-252,-1705.5037928163329
98.595,-2.6299999999999955,-249,-1709.4487928163326
98.595,-2.6299999999999955,-249,-1709.4487928163326
98.595,-2.6299999999999955,-249,-1709.4487928163326
98.595,-2.6299999999999955,-249,-1709.4487928163326
98.595,-2.6299999999999955,-249,-1709.4487928163326
98.595,-2.6299999999999955,-256,-1718.6537928163343
98.595,-2.6299999999999955,-256,-1718.6537928163343
98.595,-2.6299999999999955,-274,-1742.3237928163326
98.595,-2.6299999999999955,-274,-1742.3237928163326
98.595,-2.6299999999999955,-274,-1742.3237928163326
98.595,-2.6299999999999955,-271,-1746.2687928163323
98.595,-2.6299999999999955,-271,-1746.2687928163323
98.595,-2.6299999999999955,-290,-1771.2537928163329
98.64,-2.719999999999999,-290,-1784.3037928163321
98.66,-2.760000000000005,-290,-1790.1037928163314
98.67,-2.780000000000001,-290,-1793.0037928163329
98.675,-2.789999999999992,-290,-1794.4537928163336
98.68,-2.799999999999997,-290,-1795.9037928163343
98.68,-2.799999999999997,-292,-1798.7037928163336
98.69,-2.819999999999993,-292,-1801.6237928163318
98.695,-2.8299999999999983,-291,-1804.4987928163318
98.695,-2.8299999999999983,-291,-1804.4987928163318
98.69,-2.819999999999993,-255,-1853.893792816336
98.69,-2.819999999999993,-255,-1853.893792816336
98.69,-2.819999999999993,-255,-1853.893792816336
98.69,-2.819999999999993,-255,-1853.893792816336
98.69,-2.819999999999993,-255,-1853.893792816336
98.68,-2.799999999999997,-252,-1855.603792816335
98.68,-2.799999999999997,-252,-1855.603792816335
98.68,-2.799999999999997,-248,-1861.2037928163372
98.68,-2.799999999999997,-271,-1893.403792816338
98.68,-2.799999999999997,-271,-1893.403792816338
98.68,-2.799999999999997,-271,-1893.403792816338
98.68,-2.799999999999997,-271,-1893.403792816338
98.68,-2.799999999999997,-271,-1893.403792816338
98.68,-2.799999999999997,-271,-1893.403792816338
98.675,-2.789999999999992,-246,-1927.0837928163346
98.675,-2.789999999999992,-257,-1942.4287928163321
98.67,-2.780000000000001,-256,-1942.5437928163337
98.67,-2.780000000000001,-255,-1943.9337928163368
98.67,-2.780000000000001,-256,-1945.3237928163362
98.67,-2.780000000000001,-256,-1945.3237928163362
98.67,-2.780000000000001,-256,-1945.3237928163362
98.67,-2.780000000000001,-263,-1955.0537928163358
98.67500000000001,-2.769999999999996,-283,-1984.1287928163365
98.67500000000001,-2.769999999999996,-296,-2002.1337928163375
98.715,-2.8499999999999943,-296,-2013.973792816334
98.73,-2.8799999999999955,-294,-2021.2937928163374
98.73,-2.8799999999999955,-294,-2021.2937928163374
98.73,-2.8799999999999955,-294,-2021.2937928163374
98.73,-2.8799999999999955,-308,-2041.4537928163336
98.80000000000001,-3.019999999999996,-308,-2063.0137928163385
98.83500000000001,-3.089999999999989,-308,-2073.7937928163374
98.855,-3.1299999999999955,-311,-2084.648792816337
98.88,-3.1799999999999926,-311,-2092.4237928163348
98.89,-3.1999999999999886,-311,-2095.5337928163353
98.89500000000001,-3.2099999999999937,-311,-2097.0887928163393
98.9,-3.219999999999999,-311,-2098.643792816336
98.9,-3.219999999999999,-311,-2098.643792816336
98.9,-3.219999999999999,-311,-2098.643792816336
98.9,-3.219999999999999,-326,-2122.7937928163374
98.975,-3.3699999999999903,-326,-2147.2437928163345
99.01,-3.4399999999999977,-326,-2158.653792816338
99.03,-3.4799999999999898,-333,-2177.353792816335
99.075,-3.569999999999993,-333,-2192.3387928163356
99.1,-3.6199999999999903,-333,-2200.6637928163327
99.11000000000001,-3.6400000000000006,-333,-2203.9937928163417
99.11500000000001,-3.6499999999999915,-333,-2205.6587928163426
99.12,-3.6599999999999966,-333,-2207.323792816336
99.12,-3.6599999999999966,-336,-2212.813792816338
99.135,-3.6899999999999977,-336,-2217.8537928163387
99.14500000000001,-3.7099999999999937,-336,-2221.2137928163393
99.15,-3.719999999999999,-336,-2222.8937928163396
99.15,-3.719999999999999,-336,-2222.8937928163396
99.15,-3.719999999999999,-336,-2222.8937928163396
99.15,-3.719999999999999,-330,-2234.053792816343
99.15,-3.719999999999999,-330,-2234.053792816343
99.15,-3.719999999999999,-330,-2234.053792816343
99.15,-3.719999999999999,-330,-2234.053792816343
99.15,-3.719999999999999,-330,-2234.053792816343
99.15,-3.719999999999999,-330,-2234.053792816343
99.15,-3.719999999999999,-330,-2234.053792816343
99.15,-3.719999999999999,-330,-2234.053792816343
99.15,-3.719999999999999,-330,-2234.053792816343
99.15,-3.719999999999999,-327,-2239.633792816341
99.15,-3.719999999999999,-327,-2239.633792816341
99.15,-3.719999999999999,-327,-2239.633792816341
99.15,-3.719999999999999,-328,-2241.493792816338
99.15,-3.719999999999999,-321,-2254.5137928163385
99.15,-3.719999999999999,-321,-2254.5137928163385
99.15,-3.719999999999999,-325,-2261.953792816341
99.15,-3.719999999999999,-348,-2304.7337928163397
99.21000000000001,-3.839999999999989,-348,-2325.613792816337
99.24000000000001,-3.8999999999999915,-343,-2345.8037928163358
99.245,-3.8900000000000006,-353,-2366.9887928163334
99.28999999999999,-3.980000000000004,-363,-2402.7737928163333
99.36,-4.1200000000000045,-363,-2428.183792816337
99.395,-4.189999999999998,-363,-2440.8887928163385
99.41,-4.219999999999999,-363,-2446.3337928163382
99.42,-4.240000000000009,-363,-2449.9637928163356
99.41,-4.219999999999999,-343,-2489.0337928163353
99.41,-4.219999999999999,-343,-2489.0337928163353
99.41,-4.219999999999999,-339,-2497.4737928163377
99.41,-4.219999999999999,-339,-2497.4737928163377
99.41,-4.219999999999999,-339,-2497.4737928163377
99.41,-4.219999999999999,-339,-2497.4737928163377
99.36,-4.1200000000000045,-316,-2529.203792816337
99.36,-4.1200000000000045,-317,-2531.2637928163385
99.36,-4.1200000000000045,-317,-2531.2637928163385
99.32,-4.040000000000006,-314,-2524.8837928163375
99.32,-4.040000000000006,-313,-2526.9037928163343
99.32,-4.040000000000006,-313,-2526.9037928163343
99.32,-4.040000000000006,-313,-2526.9037928163343
99.32,-4.040000000000006,-314,-2528.9237928163384
99.32,-4.040000000000006,-314,-2528.9237928163384
99.32,-4.040000000000006,-296,-2565.2837928163353
99.32,-4.040000000000006,-296,-2565.2837928163353
99.32,-4.040000000000006,-296,-2565.2837928163353
99.32,-4.040000000000006,-302,-2577.403792816338
99.32,-4.040000000000006,-302,-2577.403792816338
99.32,-4.040000000000006,-311,-2595.5837928163346
99.32,-4.040000000000006,-311,-2595.5837928163346
99.32,-4.040000000000006,-311,-2595.5837928163346
99.3,-4.0,-308,-2595.4037928163343
99.3,-4.0,-308,-2595.4037928163343
99.3,-4.0,-297,-2617.4037928163343
99.3,-4.0,-297,-2617.4037928163343
99.3,-4.0,-298,-2619.4037928163343
99.3,-4.0,-296,-2623.4037928163343
99.3,-4.0,-294,-2627.4037928163343
99.3,-4.0,-294,-2627.4037928163343
99.3,-4.0,-294,-2627.4037928163343
99.3,-4.0,-296,-2631.4037928163343
99.3,-4.0,-298,-2635.4037928163343
99.3,-4.0,-298,-2635.4037928163343
99.3,-4.0,-297,-2637.4037928163343
99.3,-4.0,-297,-2637.4037928163343
99.3,-4.0,-297,-2637.4037928163343
99.3,-4.0,-297,-2637.4037928163343
99.3,-4.0,-297,-2637.4037928163343
99.3,-4.0,-297,-2637.4037928163343
99.3,-4.0,-297,-2637.4037928163343
99.3,-4.0,-302,-2647.4037928163343
99.3,-4.0,-302,-2647.4037928163343
99.3,-4.0,-302,-2647.4037928163343
99.3,-4.0,-302,-2647.4037928163343
99.3,-4.0,-291,-2669.4037928163343
99.3,-4.0,-302,-2691.4037928163343
99.3,-4.0,-302,-2691.4037928163343
99.305,-3.989999999999995,-314,-2716.893792816336
99.305,-3.989999999999995,-314,-2716.893792816336
99.305,-3.989999999999995,-315,-2718.888792816335
99.305,-3.989999999999995,-315,-2718.888792816335
99.305,-3.989999999999995,-315,-2718.888792816335
99.305,-3.989999999999995,-315,-2718.888792816335
99.305,-3.989999999999995,-328,-2744.823792816336
99.305,-3.989999999999995,-326,-2748.813792816338
99.305,-3.989999999999995,-326,-2748.813792816338
99.305,-3.989999999999995,-326,-2748.813792816338
99.305,-3.989999999999995,-326,-2748.813792816338
99.305,-3.989999999999995,-327,-2750.808792816333
99.22,-3.819999999999993,-291,-2795.503792816333
99.22,-3.819999999999993,-291,-2795.503792816333
99.22,-3.819999999999993,-291,-2795.503792816333
99.22999999999999,-3.799999999999997,-323,-2859.5537928163285
99.21000000000001,-3.760000000000005,-314,-2870.3337928163346
99.21000000000001,-3.760000000000005,-314,-2870.3337928163346
99.21000000000001,-3.760000000000005,-314,-2870.3337928163346
99.21000000000001,-3.760000000000005,-314,-2870.3337928163346
99.21000000000001,-3.760000000000005,-314,-2870.3337928163346
99.21000000000001,-3.760000000000005,-314,-2870.3337928163346
99.21000000000001,-3.760000000000005,-314,-2870.3337928163346
99.21000000000001,-3.760000000000005,-314,-2870.3337928163346
99.21000000000001,-3.760000000000005,-314,-2870.3337928163346
99.21000000000001,-3.760000000000005,-314,-2870.3337928163346
99.21000000000001,-3.760000000000005,-319,-2879.7337928163324
99.21000000000001,-3.760000000000005,-311,-2894.7737928163333
99.205,-3.75,-306,-2902.6037928163314
99.205,-3.75,-306,-2902.6037928163314
99.205,-3.75,-338,-2962.6037928163314
99.205,-3.75,-338,-2962.6037928163314
99.205,-3.75,-338,-2962.6037928163314
99.205,-3.75,-338,-2962.6037928163314
99.205,-3.75,-338,-2962.6037928163314
99.205,-3.75,-338,-2962.6037928163314
99.205,-3.75,-339,-2964.4787928163314
99.21000000000001,-3.760000000000005,-338,-2968.053792816332
99.21000000000001,-3.760000000000005,-338,-2968.053792816332
99.21000000000001,-3.760000000000005,-330,-2983.093792816333
99.21000000000001,-3.760000000000005,-330,-2983.093792816333
99.21000000000001,-3.760000000000005,-330,-2983.093792816333
99.21000000000001,-3.760000000000005,-330,-2983.093792816333
99.21000000000001,-3.760000000000005,-330,-2983.093792816333
99.21000000000001,-3.760000000000005,-330,-2983.093792816333
99.21000000000001,-3.760000000000005,-330,-2983.093792816333
99.21000000000001,-3.760000000000005,-326,-2990.6137928163334
99.21000000000001,-3.760000000000005,-327,-2992.493792816331
99.21000000000001,-3.760000000000005,-321,-3003.7737928163333
99.21000000000001,-3.760000000000005,-321,-3003.7737928163333
99.21000000000001,-3.760000000000005,-321,-3003.7737928163333
99.21000000000001,-3.760000000000005,-321,-3003.7737928163333
99.205,-3.75,-305,-3032.2787928163307
99.205,-3.75,-291,-3058.5287928163307
99.205,-3.75,-288,-3064.1537928163343
99.205,-3.75,-288,-3064.1537928163343
99.205,-3.75,-274,-3090.4037928163307
99.205,-3.75,-274,-3090.4037928163307
99.205,-3.75,-274,-3090.4037928163307
99.205,-3.75,-274,-3090.4037928163307
99.205,-3.75,-279,-3099.7787928163307
99.205,-3.75,-279,-3099.7787928163307
99.205,-3.75,-279,-3099.7787928163307
99.205,-3.75,-279,-3099.7787928163307
99.205,-3.75,-279,-3099.7787928163307
99.205,-3.75,-279,-3099.7787928163307
99.205,-3.75,-272,-3112.9037928163307
99.205,-3.75,-280,-3127.9037928163307
99.205,-3.75,-284,-3135.4037928163343
99.205,-3.75,-280,-3142.9037928163307
99.205,-3.75,-267,-3167.2787928163343
99.205,-3.75,-267,-3167.2787928163343
99.205,-3.75,-267,-3167.2787928163343
99.205,-3.75,-267,-3167.2787928163343
99.205,-3.75,-267,-3167.2787928163343
99.205,-3.75,-304,-3236.6537928163343
99.205,-3.75,-304,-3236.6537928163343
99.19999999999999,-3.739999999999995,-298,-3246.413792816329
99.205,-3.7299999999999898,-307,-3264.708792816331
99.205,-3.7299999999999898,-307,-3264.708792816331
99.205,-3.7299999999999898,-292,-3292.683792816333
99.205,-3.7299999999999898,-281,-3313.1987928163326
99.205,-3.7299999999999898,-281,-3313.1987928163326
99.205,-3.7299999999999898,-282,-3315.063792816334
99.205,-3.7299999999999898,-282,-3315.063792816334
99.205,-3.7299999999999898,-282,-3315.063792816334
99.205,-3.7299999999999898,-282,-3315.063792816334
99.205,-3.7299999999999898,-282,-3315.063792816334
99.205,-3.7299999999999898,-282,-3315.063792816334
99.205,-3.7299999999999898,-282,-3315.063792816334
99.205,-3.7299999999999898,-283,-3316.928792816332
99.205,-3.7299999999999898,-283,-3316.928792816332
99.205,-3.7299999999999898,-283,-3316.928792816332
99.205,-3.7299999999999898,-283,-3316.928792816332
99.205,-3.7299999999999898,-283,-3316.928792816332
99.205,-3.7299999999999898,-283,-3316.928792816332
99.205,-3.7299999999999898,-283,-3316.928792816332
99.205,-3.7299999999999898,-283,-3316.928792816332
99.205,-3.7299999999999898,-283,-3316.928792816332
99.205,-3.7299999999999898,-302,-3352.3637928163334
99.205,-3.7299999999999898,-297,-3361.6887928163305
99.205,-3.7299999999999898,-297,-3361.6887928163305
99.205,-3.7299999999999898,-297,-3361.6887928163305
99.205,-3.7299999999999898,-297,-3361.6887928163305
99.205,-3.7299999999999898,-297,-3361.6887928163305
99.205,-3.7299999999999898,-297,-3361.6887928163305
99.205,-3.7299999999999898,-297,-3361.6887928163305
99.205,-3.7299999999999898,-297,-3361.6887928163305
99.205,-3.7299999999999898,-297,-3361.6887928163305
99.205,-3.7299999999999898,-297,-3361.6887928163305
99.205,-3.7299999999999898,-297,-3361.6887928163305
99.205,-3.7299999999999898,-297,-3361.6887928163305
99.205,-3.7299999999999898,-297,-3361.6887928163305
99.185,-3.6899999999999977,-281,-3385.628792816333
99.185,-3.6899999999999977,-281,-3385.628792816333
99.185,-3.6899999999999977,-283,-3389.3187928163316
99.185,-3.6899999999999977,-283,-3389.3187928163316
99.185,-3.6899999999999977,-283,-3389.3187928163316
99.18,-3.6799999999999926,-270,-3411.9537928163336
99.18,-3.6799999999999926,-270,-3411.9537928163336
99.18,-3.6799999999999926,-270,-3411.9537928163336
99.18,-3.6799999999999926,-271,-3413.7937928163337
99.18,-3.6799999999999926,-271,-3413.7937928163337
99.18,-3.6799999999999926,-271,-3413.7937928163337
99.18,-3.6799999999999926,-284,-3437.7137928163356
99.18,-3.6799999999999926,-284,-3437.7137928163356
99.18,-3.6799999999999926,-295,-3457.9537928163336
99.18,-3.6799999999999926,-295,-3457.9537928163336
99.18,-3.6799999999999926,-295,-3457.9537928163336
99.18,-3.6799999999999926,-295,-3457.9537928163336
99.18,-3.6799999999999926,-295,-3457.9537928163336
99.18,-3.6799999999999926,-294,-3459.7937928163337
99.185,-3.6700000000000017,-305,-3481.498792816332
99.185,-3.6700000000000017,-305,-3481.498792816332
99.185,-3.6700000000000017,-305,-3481.498792816332
99.185,-3.6700000000000017,-312,-3494.343792816333
99.185,-3.6700000000000017,-312,-3494.343792816333
99.185,-3.6700000000000017,-312,-3494.343792816333
99.185,-3.6700000000000017,-312,-3494.343792816333
99.185,-3.6700000000000017,-312,-3494.343792816333
99.185,-3.6700000000000017,-312,-3494.343792816333
99.185,-3.6700000000000017,-313,-3496.1787928163358
99.185,-3.6700000000000017,-313,-3496.1787928163358
99.185,-3.6700000000000017,-324,-3516.363792816337
99.185,-3.6700000000000017,-323,-3518.198792816336
99.185,-3.6700000000000017,-323,-3518.198792816336
99.185,-3.6700000000000017,-323,-3518.198792816336
99.185,-3.6700000000000017,-323,-3518.198792816336
99.185,-3.6700000000000017,-323,-3518.198792816336
99.185,-3.6700000000000017,-323,-3518.198792816336
99.185,-3.6700000000000017,-317,-3529.2087928163346
99.185,-3.6700000000000017,-318,-3531.0437928163374
99.185,-3.6700000000000017,-318,-3531.0437928163374
99.185,-3.6700000000000017,-318,-3531.0437928163374
99.185,-3.6700000000000017,-318,-3531.0437928163374
99.185,-3.6700000000000017,-320,-3534.7137928163356
99.185,-3.6700000000000017,-324,-3542.0537928163358
99.185,-3.6700000000000017,-338,-3567.743792816331
99.205,-3.710000000000008,-378,-3648.7037928163263
99.41499999999999,-4.13000000000001,-378,-3728.0837928163237
99.52,-4.340000000000003,-378,-3767.773792816326
99.57499999999999,-4.450000000000003,-378,-3788.563792816327
99.6,-4.5,-371,-3813.763792816324
99.6,-4.5,-371,-3813.763792816324
99.6,-4.5,-374,-3820.513792816324
99.595,-4.490000000000009,-367,-3834.388792816324
99.595,-4.490000000000009,-367,-3834.388792816324
99.595,-4.490000000000009,-369,-3838.878792816329
99.595,-4.490000000000009,-369,-3838.878792816329
99.595,-4.490000000000009,-369,-3838.878792816329
99.595,-4.490000000000009,-375,-3852.3487928163304
99.595,-4.490000000000009,-375,-3852.3487928163304
99.595,-4.490000000000009,-375,-3852.3487928163304
99.595,-4.490000000000009,-369,-3865.8187928163316
99.6,-4.480000000000004,-393,-3921.6537928163234
99.695,-4.670000000000002,-392,-3961.3237928163217
99.695,-4.670000000000002,-381,-3987.8087928163222
99.695,-4.670000000000002,-382,-3990.1437928163214
99.695,-4.670000000000002,-390,-4008.8237928163217
99.725,-4.730000000000004,-390,-4020.523792816326
99.74000000000001,-4.760000000000005,-399,-4047.79379281633
99.795,-4.8700000000000045,-398,-4072.1737928163348
99.795,-4.8700000000000045,-388,-4097.023792816333
99.795,-4.8700000000000045,-388,-4097.023792816333
99.795,-4.8700000000000045,-388,-4097.023792816333
99.795,-4.8700000000000045,-393,-4109.198792816329
99.795,-4.8700000000000045,-393,-4109.198792816329
99.795,-4.8700000000000045,-393,-4109.198792816329
99.795,-4.8700000000000045,-393,-4109.198792816329
99.795,-4.8700000000000045,-388,-4121.373792816332
99.795,-4.8700000000000045,-374,-4155.463792816336
99.795,-4.8700000000000045,-374,-4155.463792816336
99.795,-4.8700000000000045,-377,-4162.768792816336
99.795,-4.8700000000000045,-377,-4162.768792816336
99.795,-4.8700000000000045,-377,-4162.768792816336
99.795,-4.8700000000000045,-377,-4162.768792816336
99.795,-4.8700000000000045,-371,-4177.378792816329
99.795,-4.8700000000000045,-371,-4177.378792816329
99.795,-4.8700000000000045,-366,-4189.553792816332
99.795,-4.8700000000000045,-367,-4191.98879281633
99.795,-4.8700000000000045,-367,-4191.98879281633
99.795,-4.8700000000000045,-367,-4191.98879281633
99.795,-4.8700000000000045,-367,-4191.98879281633
99.795,-4.8700000000000045,-367,-4191.98879281633
99.795,-4.8700000000000045,-366,-4194.423792816331
99.795,-4.8700000000000045,-366,-4194.423792816331
99.795,-4.8700000000000045,-366,-4194.423792816331
99.795,-4.8700000000000045,-355,-4221.208792816327
99.795,-4.8700000000000045,-355,-4221.208792816327
99.765,-4.810000000000002,-347,-4230.218792816329
99.765,-4.810000000000002,-347,-4230.218792816329
99.765,-4.810000000000002,-346,-4232.623792816328
99.765,-4.810000000000002,-346,-4232.623792816328
99.765,-4.810000000000002,-346,-4232.623792816328
99.765,-4.810000000000002,-346,-4232.623792816328
99.765,-4.810000000000002,-346,-4232.623792816328
99.765,-4.810000000000002,-346,-4232.623792816328
99.765,-4.810000000000002,-346,-4232.623792816328
99.765,-4.810000000000002,-346,-4232.623792816328
99.765,-4.810000000000002,-346,-4232.623792816328
99.765,-4.810000000000002,-346,-4232.623792816328
99.765,-4.810000000000002,-346,-4232.623792816328
99.765,-4.810000000000002,-349,-4239.838792816325
99.765,-4.810000000000002,-359,-4263.888792816328
99.765,-4.810000000000002,-370,-4290.343792816329
99.765,-4.810000000000002,-374,-4299.963792816328
99.765,-4.810000000000002,-372,-4304.773792816326
99.765,-4.810000000000002,-408,-4391.353792816328
99.85,-4.980000000000004,-408,-4426.033792816321
99.89500000000001,-5.070000000000007,-406,-4449.463792816328
99.91,-5.099999999999994,-406,-4455.553792816325
99.91499999999999,-5.109999999999999,-405,-4460.138792816324
99.91499999999999,-5.109999999999999,-405,-4460.138792816324
99.91499999999999,-5.109999999999999,-405,-4460.138792816324
99.91499999999999,-5.109999999999999,-405,-4460.138792816324
99.91499999999999,-5.109999999999999,-405,-4460.138792816324
99.91,-5.099999999999994,-394,-4486.253792816329
99.91,-5.099999999999994,-396,-4491.353792816328
99.91,-5.099999999999994,-405,-4514.303792816325
99.91,-5.099999999999994,-405,-4514.303792816325
99.91,-5.099999999999994,-405,-4514.303792816325
99.91,-5.099999999999994,-405,-4514.303792816325
99.91,-5.099999999999994,-403,-4519.403792816323
99.91,-5.099999999999994,-403,-4519.403792816323
99.91,-5.099999999999994,-403,-4519.403792816323
99.91,-5.099999999999994,-412,-4542.353792816328
99.945,-5.170000000000002,-410,-4561.943792816324
99.95,-5.180000000000007,-410,-4563.993792816327
99.955,-5.189999999999998,-405,-4579.018792816329
99.955,-5.189999999999998,-405,-4579.018792816329
99.955,-5.189999999999998,-405,-4579.018792816329
99.945,-5.170000000000002,-388,-4619.1137928163225
99.945,-5.170000000000002,-388,-4619.1137928163225
99.945,-5.170000000000002,-399,-4647.5487928163275
99.945,-5.170000000000002,-410,-4675.983792816325
99.95,-5.180000000000007,-412,-4683.213792816328
99.965,-5.209999999999994,-415,-4697.208792816324
99.99000000000001,-5.260000000000005,-416,-4710.213792816328
100.005,-5.290000000000006,-411,-4729.678792816325
100.005,-5.290000000000006,-411,-4729.678792816325
100.005,-5.290000000000006,-411,-4729.678792816325
100.005,-5.290000000000006,-411,-4729.678792816325
100.005,-5.290000000000006,-409,-4734.968792816326
100.005,-5.290000000000006,-409,-4734.968792816326
100.005,-5.290000000000006,-409,-4734.968792816326
100.005,-5.290000000000006,-409,-4734.968792816326
100.005,-5.290000000000006,-409,-4734.968792816326
100.005,-5.290000000000006,-410,-4737.6137928163225
100.005,-5.290000000000006,-410,-4737.6137928163225
100.005,-5.290000000000006,-410,-4737.6137928163225
100.005,-5.290000000000006,-418,-4758.773792816326
100.025,-5.329999999999998,-418,-4767.133792816334
100.035,-5.349999999999994,-418,-4771.313792816327
100.03999999999999,-5.359999999999999,-418,-4773.403792816323
100.045,-5.349999999999994,-423,-4788.878792816329
100.075,-5.409999999999997,-423,-4801.568792816324
100.09,-5.439999999999998,-440,-4854.153792816323
100.18,-5.61999999999999,-440,-4893.753792816329
100.225,-5.709999999999994,-443,-4922.11879281632
100.265,-5.789999999999992,-444,-4942.733792816325
100.285,-5.829999999999998,-444,-4951.6137928163225
100.295,-5.849999999999994,-443,-4958.9787928163205
100.295,-5.849999999999994,-458,-5002.8537928163205
100.295,-5.849999999999994,-441,-5054.178792816325
100.295,-5.849999999999994,-441,-5054.178792816325
100.295,-5.849999999999994,-441,-5054.178792816325
100.295,-5.849999999999994,-441,-5054.178792816325
100.295,-5.849999999999994,-443,-5060.028792816323
100.295,-5.849999999999994,-443,-5060.028792816323
100.295,-5.849999999999994,-443,-5060.028792816323
100.295,-5.849999999999994,-443,-5060.028792816323
100.295,-5.849999999999994,-443,-5060.028792816323
100.3,-5.840000000000003,-470,-5141.263792816324
100.44,-6.1200000000000045,-470,-5207.06379281632
100.50999999999999,-6.260000000000005,-470,-5239.963792816321
100.54499999999999,-6.329999999999998,-470,-5256.413792816318
100.56,-6.359999999999999,-470,-5263.463792816328
100.57,-6.38000000000001,-470,-5268.163792816318
100.57499999999999,-6.390000000000001,-470,-5270.513792816317
100.57499999999999,-6.390000000000001,-468,-5276.903792816316
100.57499999999999,-6.390000000000001,-484,-5328.023792816319
100.645,-6.530000000000001,-484,-5361.903792816323
100.68,-6.6000000000000085,-484,-5378.843792816326
100.69999999999999,-6.640000000000001,-484,-5388.523792816319
100.71000000000001,-6.660000000000011,-484,-5393.36379281633
100.715,-6.670000000000002,-484,-5395.783792816328
100.72,-6.680000000000007,-484,-5398.203792816319
100.715,-6.670000000000002,-460,-5476.023792816319
100.715,-6.670000000000002,-462,-5482.693792816317
100.715,-6.670000000000002,-457,-5499.36879281632
100.715,-6.670000000000002,-457,-5499.36879281632
100.715,-6.670000000000002,-457,-5499.36879281632
100.715,-6.670000000000002,-457,-5499.36879281632
100.715,-6.670000000000002,-457,-5499.36879281632
100.715,-6.670000000000002,-457,-5499.36879281632
100.71000000000001,-6.660000000000011,-447,-5530.393792816321
100.71000000000001,-6.660000000000011,-447,-5530.393792816321
100.71000000000001,-6.660000000000011,-448,-5533.723792816323
100.71000000000001,-6.660000000000011,-448,-5533.723792816323
100.69999999999999,-6.640000000000001,-446,-5535.903792816316
100.69999999999999,-6.640000000000001,-446,-5535.903792816316
100.69999999999999,-6.640000000000001,-446,-5535.903792816316
100.69999999999999,-6.640000000000001,-446,-5535.903792816316
100.69999999999999,-6.640000000000001,-446,-5535.903792816316
100.69999999999999,-6.640000000000001,-446,-5535.903792816316
100.69999999999999,-6.640000000000001,-446,-5535.903792816316
100.69999999999999,-6.640000000000001,-446,-5535.903792816316
100.69999999999999,-6.640000000000001,-448,-5542.543792816308
100.69999999999999,-6.640000000000001,-447,-5545.863792816308
100.69999999999999,-6.640000000000001,-447,-5545.863792816308
100.69999999999999,-6.640000000000001,-444,-5555.823792816307
100.69999999999999,-6.640000000000001,-444,-5555.823792816307
100.69999999999999,-6.640000000000001,-447,-5565.783792816306
100.69999999999999,-6.640000000000001,-447,-5565.783792816306
100.69999999999999,-6.640000000000001,-461,-5612.263792816309
100.69999999999999,-6.640000000000001,-461,-5612.263792816309
100.69999999999999,-6.640000000000001,-461,-5612.263792816309
100.69999999999999,-6.640000000000001,-467,-5632.183792816308
100.69999999999999,-6.640000000000001,-464,-5642.143792816307
100.645,-6.530000000000001,-445,-5679.578792816319
100.625,-6.490000000000009,-440,-5687.023792816319
100.625,-6.490000000000009,-440,-5687.023792816319
100.625,-6.490000000000009,-440,-5687.023792816319
100.625,-6.490000000000009,-440,-5687.023792816319
100.625,-6.490000000000009,-440,-5687.023792816319
100.625,-6.490000000000009,-440,-5687.023792816319
100.625,-6.490000000000009,-443,-5696.758792816319
100.625,-6.490000000000009,-443,-5696.758792816319
100.625,-6.490000000000009,-443,-5696.758792816319
100.625,-6.490000000000009,-442,-5700.003792816322
100.625,-6.490000000000009,-445,-5709.7387928163225
100.61,-6.460000000000008,-433,-5742.0337928163135
100.61,-6.460000000000008,-432,-5745.263792816309
100.61,-6.460000000000008,-430,-5751.723792816316
100.61,-6.460000000000008,-436,-5771.103792816313
100.61,-6.460000000000008,-436,-5771.103792816313
100.61,-6.460000000000008,-436,-5771.103792816313
100.61,-6.460000000000008,-443,-5793.713792816314
100.61,-6.460000000000008,-443,-5793.713792816314
100.61,-6.460000000000008,-472,-5887.383792816312
100.61,-6.460000000000008,-472,-5887.383792816312
100.61,-6.460000000000008,-464,-5913.223792816316
100.61,-6.460000000000008,-467,-5922.913792816318
100.61,-6.460000000000008,-467,-5922.913792816318
100.61,-6.460000000000008,-467,-5922.913792816318
100.61,-6.460000000000008,-467,-5922.913792816318
100.61,-6.460000000000008,-467,-5922.913792816318
100.61,-6.460000000000008,-482,-5971.363792816315
100.655,-6.550000000000011,-481,-5996.328792816319
100.675,-6.590000000000003,-481,-6005.948792816314
100.68,-6.6000000000000085,-490,-6038.053792816325
100.72999999999999,-6.700000000000003,-490,-6062.553792816318
100.755,-6.75,-490,-6074.803792816318
100.77,-6.780000000000001,-490,-6082.153792816316
100.775,-6.790000000000006,-490,-6084.6037928163205
100.78,-6.800000000000011,-497,-6110.8537928163205
100.815,-6.8700000000000045,-497,-6128.248792816317
100.83,-6.900000000000006,-497,-6135.703792816319
100.84,-6.920000000000002,-496,-6144.133792816319
100.84,-6.920000000000002,-496,-6144.133792816319
100.84,-6.920000000000002,-496,-6144.133792816319
100.84,-6.920000000000002,-496,-6144.133792816319
100.84,-6.920000000000002,-496,-6144.133792816319
100.84,-6.920000000000002,-495,-6147.593792816326
100.84,-6.920000000000002,-495,-6147.593792816326
100.84,-6.920000000000002,-495,-6147.593792816326
100.84,-6.920000000000002,-495,-6147.593792816326
100.84,-6.920000000000002,-495,-6147.593792816326
100.84,-6.920000000000002,-495,-6147.593792816326
100.84,-6.920000000000002,-495,-6147.593792816326
100.84,-6.920000000000002,-495,-6147.593792816326
100.845,-6.909999999999997,-500,-6167.393792816321
100.86500000000001,-6.950000000000003,-500,-6177.393792816329
100.88,-6.980000000000004,-506,-6205.833792816324
100.91499999999999,-7.049999999999997,-506,-6223.543792816323
100.93,-7.079999999999998,-504,-6238.213792816328
100.93,-7.079999999999998,-504,-6238.213792816328
100.93,-7.079999999999998,-504,-6238.213792816328
100.93,-7.079999999999998,-506,-6245.29379281633
100.93,-7.079999999999998,-495,-6284.433792816337
100.93,-7.079999999999998,-492,-6295.053792816339
100.93,-7.079999999999998,-492,-6295.053792816339
100.93,-7.079999999999998,-492,-6295.053792816339
100.93,-7.079999999999998,-492,-6295.053792816339
100.93,-7.079999999999998,-492,-6295.053792816339
100.93,-7.079999999999998,-492,-6295.053792816339
100.93,-7.079999999999998,-486,-6316.293792816337
100.93,-7.079999999999998,-484,-6323.373792816339
100.93,-7.079999999999998,-484,-6323.373792816339
100.93,-7.079999999999998,-484,-6323.373792816339
100.93,-7.079999999999998,-500,-6380.0137928163385
100.93,-7.079999999999998,-500,-6380.0137928163385
100.93,-7.079999999999998,-500,-6380.0137928163385
100.93,-7.079999999999998,-500,-6380.0137928163385
100.93,-7.079999999999998,-500,-6380.0137928163385
100.93,-7.079999999999998,-504,-6394.173792816342
100.93,-7.079999999999998,-504,-6394.173792816342
100.93,-7.079999999999998,-467,-6525.153792816345
100.91499999999999,-7.049999999999997,-454,-6564.243792816342
100.91,-7.040000000000006,-447,-6586.673792816342
100.91,-7.040000000000006,-447,-6586.673792816342
100.91,-7.040000000000006,-443,-6600.753792816344
100.91,-7.040000000000006,-442,-6604.273792816348
100.91,-7.040000000000006,-442,-6604.273792816348
100.91,-7.040000000000006,-442,-6604.273792816348
100.91,-7.040000000000006,-442,-6604.273792816348
100.91,-7.040000000000006,-442,-6604.273792816348
100.91,-7.040000000000006,-442,-6604.273792816348
100.91,-7.040000000000006,-442,-6604.273792816348
100.91,-7.040000000000006,-437,-6621.873792816346
100.91,-7.040000000000006,-440,-6632.433792816351
100.91,-7.040000000000006,-440,-6632.433792816351
100.91,-7.040000000000006,-436,-6646.513792816353
100.91,-7.040000000000006,-435,-6650.03379281635
100.91,-7.040000000000006,-434,-6653.553792816347
100.91,-7.040000000000006,-437,-6664.113792816352
100.91,-7.040000000000006,-434,-6674.673792816349
100.91,-7.040000000000006,-434,-6674.673792816349
100.91,-7.040000000000006,-434,-6674.673792816349
100.91,-7.040000000000006,-412,-6752.113792816352
100.91,-7.040000000000006,-412,-6752.113792816352
100.91,-7.040000000000006,-412,-6752.113792816352
100.91,-7.040000000000006,-406,-6773.233792816354
100.91,-7.040000000000006,-406,-6773.233792816354
100.91,-7.040000000000006,-406,-6773.233792816354
100.91,-7.040000000000006,-406,-6773.233792816354
100.91,-7.040000000000006,-407,-6776.753792816351
100.91,-7.040000000000006,-407,-6776.753792816351
100.91,-7.040000000000006,-407,-6776.753792816351
100.88499999999999,-6.989999999999995,-403,-6780.658792816357
100.88499999999999,-6.989999999999995,-403,-6780.658792816357
100.88499999999999,-6.989999999999995,-403,-6780.658792816357
100.88,-6.980000000000004,-395,-6806.643792816358
100.88,-6.980000000000004,-395,-6806.643792816358
100.88,-6.980000000000004,-398,-6817.113792816359
100.88,-6.980000000000004,-398,-6817.113792816359
100.88,-6.980000000000004,-398,-6817.113792816359
100.88,-6.980000000000004,-398,-6817.113792816359
100.88,-6.980000000000004,-398,-6817.113792816359
100.88,-6.980000000000004,-398,-6817.113792816359
100.88,-6.980000000000004,-398,-6817.113792816359
100.88,-6.980000000000004,-398,-6817.113792816359
100.88,-6.980000000000004,-407,-6848.523792816355
100.88,-6.980000000000004,-407,-6848.523792816355
100.88,-6.980000000000004,-407,-6848.523792816355
100.88,-6.980000000000004,-411,-6862.4837928163615
100.88,-6.980000000000004,-404,-6886.9137928163545
100.88,-6.980000000000004,-404,-6886.9137928163545
100.88,-6.980000000000004,-402,-6893.8937928163505
100.87,-6.959999999999994,-388,-6938.613792816363
100.875,-6.949999999999989,-399,-6978.868792816356
100.875,-6.949999999999989,-392,-7003.193792816357
100.875,-6.949999999999989,-393,-7006.668792816356
100.875,-6.949999999999989,-393,-7006.668792816356
100.875,-6.949999999999989,-393,-7006.668792816356
100.875,-6.949999999999989,-393,-7006.668792816356
100.875,-6.949999999999989,-399,-7027.518792816358
100.875,-6.949999999999989,-412,-7072.693792816361
100.875,-6.949999999999989,-412,-7072.693792816361
100.875,-6.949999999999989,-412,-7072.693792816361
100.875,-6.949999999999989,-411,-7076.168792816359
100.875,-6.949999999999989,-411,-7076.168792816359
100.875,-6.949999999999989,-411,-7076.168792816359
100.875,-6.949999999999989,-411,-7076.168792816359
100.875,-6.949999999999989,-404,-7100.493792816356
100.875,-6.949999999999989,-404,-7100.493792816356
100.875,-6.949999999999989,-404,-7100.493792816356
100.875,-6.949999999999989,-404,-7100.493792816356
100.875,-6.949999999999989,-403,-7103.968792816355
100.875,-6.949999999999989,-403,-7103.968792816355
100.875,-6.949999999999989,-403,-7103.968792816355
100.875,-6.949999999999989,-403,-7103.968792816355
100.875,-6.949999999999989,-403,-7103.968792816355
100.875,-6.949999999999989,-403,-7103.968792816355
100.875,-6.949999999999989,-403,-7103.968792816355
100.875,-6.949999999999989,-403,-7103.968792816355
100.875,-6.949999999999989,-403,-7103.968792816355
100.875,-6.949999999999989,-403,-7103.968792816355
100.875,-6.949999999999989,-403,-7103.968792816355
100.875,-6.949999999999989,-403,-7103.968792816355
100.875,-6.949999999999989,-408,-7121.343792816355
100.875,-6.949999999999989,-408,-7121.343792816355
100.875,-6.949999999999989,-410,-7128.293792816352
100.875,-6.949999999999989,-413,-7138.718792816355
100.875,-6.949999999999989,-410,-7149.143792816358
100.875,-6.949999999999989,-410,-7149.143792816358
100.875,-6.949999999999989,-410,-7149.143792816358
100.875,-6.949999999999989,-410,-7149.143792816358
100.875,-6.949999999999989,-413,-7159.568792816361
100.875,-6.949999999999989,-413,-7159.568792816361
100.875,-6.949999999999989,-411,-7166.518792816358
100.875,-6.949999999999989,-409,-7173.468792816355
100.875,-6.949999999999989,-415,-7194.318792816353
100.875,-6.949999999999989,-415,-7194.318792816353
100.875,-6.949999999999989,-415,-7194.318792816353
100.875,-6.949999999999989,-415,-7194.318792816353
100.875,-6.949999999999989,-415,-7194.318792816353
100.875,-6.949999999999989,-415,-7194.318792816353
100.88499999999999,-6.929999999999993,-422,-7222.803792816347
100.88499999999999,-6.929999999999993,-422,-7222.803792816347
100.88499999999999,-6.929999999999993,-422,-7222.803792816347
100.88499999999999,-6.929999999999993,-422,-7222.803792816347
100.88499999999999,-6.929999999999993,-422,-7222.803792816347
100.88499999999999,-6.929999999999993,-419,-7233.198792816351
100.88499999999999,-6.929999999999993,-419,-7233.198792816351
100.88499999999999,-6.929999999999993,-401,-7295.568792816353
100.88499999999999,-6.929999999999993,-401,-7295.568792816353
100.88499999999999,-6.929999999999993,-408,-7319.823792816351
100.88,-6.920000000000002,-398,-7352.4137928163545
100.88,-6.920000000000002,-398,-7352.4137928163545
100.88,-6.920000000000002,-398,-7352.4137928163545
100.88,-6.920000000000002,-398,-7352.4137928163545
100.88,-6.920000000000002,-398,-7352.4137928163545
100.88,-6.920000000000002,-398,-7352.4137928163545
100.88,-6.920000000000002,-398,-7352.4137928163545
100.88,-6.920000000000002,-398,-7352.4137928163545
100.88,-6.920000000000002,-398,-7352.4137928163545
100.88,-6.920000000000002,-398,-7352.4137928163545
100.88,-6.920000000000002,-410,-7393.933792816351
100.88,-6.920000000000002,-410,-7393.933792816351
100.88,-6.920000000000002,-410,-7393.933792816351
100.88,-6.920000000000002,-410,-7393.933792816351
100.88,-6.920000000000002,-410,-7393.933792816351
100.88,-6.920000000000002,-410,-7393.933792816351
100.88,-6.920000000000002,-409,-7397.3937928163505
100.88,-6.920000000000002,-409,-7397.3937928163505
100.88,-6.920000000000002,-409,-7397.3937928163505
100.88,-6.920000000000002,-409,-7397.3937928163505
100.88,-6.920000000000002,-409,-7397.3937928163505
100.86,-6.8799999999999955,-380,-7489.053792816354
100.86,-6.8799999999999955,-369,-7526.893792816347
100.86,-6.8799999999999955,-372,-7537.21379281635
100.86,-6.8799999999999955,-370,-7544.093792816348
100.86,-6.8799999999999955,-370,-7544.093792816348
100.86,-6.8799999999999955,-370,-7544.093792816348
100.86,-6.8799999999999955,-370,-7544.093792816348
100.86,-6.8799999999999955,-369,-7547.533792816346
100.86,-6.8799999999999955,-380,-7585.373792816354
100.86,-6.8799999999999955,-387,-7609.453792816352
100.86,-6.8799999999999955,-387,-7609.453792816352
100.86,-6.8799999999999955,-381,-7630.093792816348
100.86,-6.8799999999999955,-381,-7630.093792816348
100.86,-6.8799999999999955,-379,-7636.973792816352
100.86,-6.8799999999999955,-379,-7636.973792816352
100.86,-6.8799999999999955,-375,-7650.733792816351
100.86,-6.8799999999999955,-381,-7671.373792816346
100.86,-6.8799999999999955,-380,-7674.813792816352
100.86,-6.8799999999999955,-380,-7674.813792816352
100.86,-6.8799999999999955,-380,-7674.813792816352
100.86,-6.8799999999999955,-380,-7674.813792816352
100.86,-6.8799999999999955,-380,-7674.813792816352
100.855,-6.8700000000000045,-369,-7710.738792816352
100.855,-6.8700000000000045,-369,-7710.738792816352
100.855,-6.8700000000000045,-370,-7714.173792816349
100.855,-6.8700000000000045,-370,-7714.173792816349
100.855,-6.8700000000000045,-370,-7714.173792816349
100.855,-6.8700000000000045,-371,-7717.608792816354
100.855,-6.8700000000000045,-371,-7717.608792816354
100.855,-6.8700000000000045,-371,-7717.608792816354
100.855,-6.8700000000000045,-378,-7741.653792816356
100.855,-6.8700000000000045,-377,-7745.088792816354
100.855,-6.8700000000000045,-380,-7755.393792816358
100.855,-6.8700000000000045,-380,-7755.393792816358
100.855,-6.8700000000000045,-380,-7755.393792816358
100.855,-6.8700000000000045,-380,-7755.393792816358
100.855,-6.8700000000000045,-382,-7762.263792816357
100.855,-6.8700000000000045,-382,-7762.263792816357
100.855,-6.8700000000000045,-382,-7762.263792816357
100.855,-6.8700000000000045,-382,-7762.263792816357
100.855,-6.8700000000000045,-382,-7762.263792816357
100.855,-6.8700000000000045,-382,-7762.263792816357
100.855,-6.8700000000000045,-382,-7762.263792816357
100.855,-6.8700000000000045,-381,-7765.698792816362
100.855,-6.8700000000000045,-381,-7765.698792816362
100.855,-6.8700000000000045,-374,-7789.74379281636
100.855,-6.8700000000000045,-365,-7820.658792816361
100.855,-6.8700000000000045,-365,-7820.658792816361
100.855,-6.8700000000000045,-365,-7820.658792816361
100.855,-6.8700000000000045,-365,-7820.658792816361
100.855,-6.8700000000000045,-365,-7820.658792816361
100.855,-6.8700000000000045,-365,-7820.658792816361
100.855,-6.8700000000000045,-365,-7820.658792816361
100.855,-6.8700000000000045,-365,-7820.658792816361
100.855,-6.8700000000000045,-355,-7855.008792816359
100.855,-6.8700000000000045,-355,-7855.008792816359
100.855,-6.8700000000000045,-355,-7855.008792816359
100.855,-6.8700000000000045,-354,-7858.443792816357
100.855,-6.8700000000000045,-354,-7858.443792816357
100.855,-6.8700000000000045,-353,-7861.878792816362
100.855,-6.8700000000000045,-369,-7916.838792816361
100.855,-6.8700000000000045,-377,-7944.318792816357
100.855,-6.8700000000000045,-377,-7944.318792816357
100.855,-6.8700000000000045,-377,-7944.318792816357
100.855,-6.8700000000000045,-385,-7971.79879281636
100.855,-6.8700000000000045,-393,-7999.278792816356
100.855,-6.8700000000000045,-393,-7999.278792816356
100.855,-6.8700000000000045,-393,-7999.278792816356
100.855,-6.8700000000000045,-393,-7999.278792816356
100.855,-6.8700000000000045,-398,-8016.453792816359
100.855,-6.8700000000000045,-396,-8023.323792816362
100.855,-6.8700000000000045,-395,-8026.758792816359
100.855,-6.8700000000000045,-395,-8026.758792816359
100.855,-6.8700000000000045,-395,-8026.758792816359
100.855,-6.8700000000000045,-409,-8074.8487928163595
100.855,-6.8700000000000045,-409,-8074.8487928163595
100.855,-6.8700000000000045,-409,-8074.8487928163595
100.855,-6.8700000000000045,-410,-8078.283792816364
100.855,-6.8700000000000045,-410,-8078.283792816364
100.855,-6.8700000000000045,-410,-8078.283792816364
100.855,-6.8700000000000045,-410,-8078.283792816364
100.855,-6.8700000000000045,-411,-8081.718792816362
100.855,-6.8700000000000045,-408,-8092.02379281637
100.855,-6.8700000000000045,-408,-8092.02379281637
100.855,-6.8700000000000045,-399,-8122.938792816371
100.855,-6.8700000000000045,-399,-8122.938792816371
100.855,-6.8700000000000045,-408,-8153.853792816371
100.855,-6.8700000000000045,-408,-8153.853792816371
100.855,-6.8700000000000045,-404,-8167.593792816366
100.855,-6.8700000000000045,-404,-8167.593792816366
100.855,-6.8700000000000045,-404,-8167.593792816366
100.855,-6.8700000000000045,-404,-8167.593792816366
100.855,-6.8700000000000045,-404,-8167.593792816366
100.855,-6.8700000000000045,-404,-8167.593792816366
100.855,-6.8700000000000045,-403,-8171.028792816371
100.855,-6.8700000000000045,-403,-8171.028792816371
100.855,-6.8700000000000045,-401,-8177.898792816373
100.855,-6.8700000000000045,-401,-8177.898792816373
100.855,-6.8700000000000045,-401,-8177.898792816373
100.855,-6.8700000000000045,-401,-8177.898792816373
100.855,-6.8700000000000045,-401,-8177.898792816373
100.855,-6.8700000000000045,-401,-8177.898792816373
100.855,-6.8700000000000045,-401,-8177.898792816373
100.855,-6.8700000000000045,-401,-8177.898792816373
100.855,-6.8700000000000045,-401,-8177.898792816373
100.855,-6.8700000000000045,-399,-8184.768792816376
100.855,-6.8700000000000045,-399,-8184.768792816376
100.855,-6.8700000000000045,-377,-8260.338792816372
100.855,-6.8700000000000045,-377,-8260.338792816372
100.85,-6.859999999999999,-370,-8282.533792816372
100.85,-6.859999999999999,-372,-8289.393792816369
100.85,-6.859999999999999,-372,-8289.393792816369
100.85,-6.859999999999999,-372,-8289.393792816369
100.85,-6.859999999999999,-372,-8289.393792816369
100.85,-6.859999999999999,-372,-8289.393792816369
100.85,-6.859999999999999,-383,-8327.123792816368
100.85,-6.859999999999999,-383,-8327.123792816368
100.845,-6.849999999999994,-369,-8373.258792816374
100.845,-6.849999999999994,-361,-8400.658792816372
100.845,-6.849999999999994,-361,-8400.658792816372
100.845,-6.849999999999994,-370,-8431.483792816376
100.845,-6.849999999999994,-370,-8431.483792816376
100.845,-6.849999999999994,-371,-8434.908792816379
100.845,-6.849999999999994,-371,-8434.908792816379
100.845,-6.849999999999994,-382,-8472.583792816378
100.845,-6.849999999999994,-382,-8472.583792816378
100.845,-6.849999999999994,-382,-8472.583792816378
100.845,-6.849999999999994,-382,-8472.583792816378
100.845,-6.849999999999994,-382,-8472.583792816378
100.845,-6.849999999999994,-369,-8517.108792816376
100.845,-6.849999999999994,-369,-8517.108792816376
100.845,-6.849999999999994,-367,-8523.958792816375
100.80000000000001,-6.760000000000005,-346,-8579.39379281638
100.80000000000001,-6.760000000000005,-346,-8579.39379281638
100.80000000000001,-6.760000000000005,-346,-8579.39379281638
100.80000000000001,-6.760000000000005,-350,-8592.913792816384
100.805,-6.75,-372,-8669.003792816377
100.805,-6.75,-372,-8669.003792816377
100.805,-6.75,-371,-8672.378792816384
100.805,-6.75,-371,-8672.378792816384
100.805,-6.75,-371,-8672.378792816384
100.805,-6.75,-371,-8672.378792816384
100.805,-6.75,-379,-8699.37879281638
100.805,-6.75,-379,-8699.37879281638
100.81,-6.740000000000009,-400,-8772.23379281638
100.805,-6.730000000000004,-397,-8780.33879281638
100.805,-6.730000000000004,-392,-8797.163792816384
100.805,-6.730000000000004,-392,-8797.163792816384
100.805,-6.730000000000004,-392,-8797.163792816384
100.77,-6.659999999999997,-365,-8874.463792816372
100.77,-6.659999999999997,-365,-8874.463792816372
100.71000000000001,-6.540000000000006,-343,-8926.223792816381
100.71000000000001,-6.540000000000006,-345,-8932.763792816379
100.71000000000001,-6.540000000000006,-345,-8932.763792816379
100.71000000000001,-6.540000000000006,-349,-8945.843792816377
100.71000000000001,-6.540000000000006,-349,-8945.843792816377
100.71000000000001,-6.540000000000006,-349,-8945.843792816377
100.71000000000001,-6.540000000000006,-349,-8945.843792816377
100.71000000000001,-6.540000000000006,-349,-8945.843792816377
100.71000000000001,-6.540000000000006,-370,-9014.513792816379
100.71000000000001,-6.540000000000006,-370,-9014.513792816379
100.71000000000001,-6.540000000000006,-370,-9014.513792816379
100.71000000000001,-6.540000000000006,-368,-9021.05379281638
100.705,-6.530000000000001,-362,-9038.823792816373
100.705,-6.530000000000001,-362,-9038.823792816373
100.705,-6.530000000000001,-362,-9038.823792816373
100.695,-6.510000000000005,-351,-9071.128792816373
100.695,-6.510000000000005,-351,-9071.128792816373
100.695,-6.510000000000005,-351,-9071.128792816373
100.695,-6.510000000000005,-349,-9077.638792816375
100.695,-6.510000000000005,-349,-9077.638792816375
100.695,-6.510000000000005,-370,-9145.993792816367
100.695,-6.510000000000005,-370,-9145.993792816367
100.695,-6.510000000000005,-369,-9149.248792816368
100.695,-6.510000000000005,-369,-9149.248792816368
100.695,-6.510000000000005,-369,-9149.248792816368
100.695,-6.510000000000005,-369,-9149.248792816368
100.695,-6.510000000000005,-369,-9149.248792816368
100.695,-6.510000000000005,-373,-9162.268792816376
100.695,-6.510000000000005,-385,-9201.328792816374
100.695,-6.510000000000005,-390,-9217.603792816371
100.695,-6.510000000000005,-390,-9217.603792816371
100.695,-6.510000000000005,-390,-9217.603792816371
100.695,-6.510000000000005,-390,-9217.603792816371
100.695,-6.510000000000005,-390,-9217.603792816371
100.695,-6.510000000000005,-389,-9220.858792816372
100.695,-6.510000000000005,-389,-9220.858792816372
100.695,-6.510000000000005,-389,-9220.858792816372
100.695,-6.510000000000005,-389,-9220.858792816372
100.695,-6.510000000000005,-402,-9263.173792816375
100.7,-6.5,-409,-9287.993792816378
100.7,-6.5,-416,-9310.743792816378
100.66499999999999,-6.429999999999993,-405,-9332.068792816372
100.66499999999999,-6.429999999999993,-405,-9332.068792816372
100.66499999999999,-6.429999999999993,-400,-9348.143792816376
100.66499999999999,-6.429999999999993,-402,-9354.573792816369
100.66499999999999,-6.429999999999993,-402,-9354.573792816369
100.66499999999999,-6.429999999999993,-401,-9357.78879281637
100.66499999999999,-6.429999999999993,-401,-9357.78879281637
100.66499999999999,-6.429999999999993,-401,-9357.78879281637
100.66499999999999,-6.429999999999993,-402,-9361.00379281637
100.66499999999999,-6.429999999999993,-408,-9380.293792816374
100.66499999999999,-6.429999999999993,-408,-9380.293792816374
100.66499999999999,-6.429999999999993,-415,-9402.798792816371
100.66499999999999,-6.429999999999993,-427,-9441.378792816366
100.66499999999999,-6.429999999999993,-427,-9441.378792816366
100.66499999999999,-6.429999999999993,-427,-9441.378792816366
100.66499999999999,-6.429999999999993,-421,-9460.668792816366
100.66499999999999,-6.429999999999993,-421,-9460.668792816366
100.66499999999999,-6.429999999999993,-421,-9460.668792816366
100.66499999999999,-6.429999999999993,-419,-9467.098792816363
100.66499999999999,-6.429999999999993,-419,-9467.098792816363
100.66499999999999,-6.429999999999993,-423,-9479.958792816367
100.66499999999999,-6.429999999999993,-426,-9489.603792816364
100.66499999999999,-6.429999999999993,-427,-9492.818792816368
100.66499999999999,-6.429999999999993,-427,-9492.818792816368
100.66499999999999,-6.429999999999993,-428,-9496.033792816372
100.66499999999999,-6.429999999999993,-438,-9528.183792816373
100.64500000000001,-6.390000000000001,-423,-9567.548792816386
100.64500000000001,-6.390000000000001,-423,-9567.548792816386
100.64500000000001,-6.390000000000001,-423,-9567.548792816386
100.64500000000001,-6.390000000000001,-422,-9570.743792816378
100.64500000000001,-6.390000000000001,-422,-9570.743792816378
100.64500000000001,-6.390000000000001,-422,-9570.743792816378
100.64500000000001,-6.390000000000001,-421,-9573.938792816378
100.64500000000001,-6.390000000000001,-421,-9573.938792816378
100.64,-6.3799999999999955,-416,-9587.803792816372
100.64,-6.3799999999999955,-425,-9616.513792816375
100.64,-6.3799999999999955,-425,-9616.513792816375
100.64,-6.3799999999999955,-425,-9616.513792816375
100.64,-6.3799999999999955,-425,-9616.513792816375
100.64,-6.3799999999999955,-425,-9616.513792816375
100.64,-6.3799999999999955,-425,-9616.513792816375
100.64,-6.3799999999999955,-425,-9616.513792816375
100.64,-6.3799999999999955,-414,-9651.603792816375
100.64,-6.3799999999999955,-414,-9651.603792816375
100.64,-6.3799999999999955,-414,-9651.603792816375
100.64,-6.3799999999999955,-418,-9664.363792816373
100.64,-6.3799999999999955,-418,-9664.363792816373
100.64,-6.3799999999999955,-417,-9667.553792816376
100.64,-6.3799999999999955,-417,-9667.553792816376
100.64,-6.3799999999999955,-424,-9689.883792816378
100.64,-6.3799999999999955,-445,-9756.873792816383
100.64,-6.3799999999999955,-445,-9756.873792816383
100.64,-6.3799999999999955,-445,-9756.873792816383
100.64,-6.3799999999999955,-445,-9756.873792816383
100.64,-6.3799999999999955,-459,-9801.533792816379
100.64,-6.3799999999999955,-471,-9839.813792816378
100.65,-6.3999999999999915,-471,-9844.523792816377
100.655,-6.409999999999997,-471,-9846.878792816373
100.655,-6.409999999999997,-465,-9866.108792816376
100.655,-6.409999999999997,-464,-9869.313792816378
100.655,-6.409999999999997,-464,-9869.313792816378
100.655,-6.409999999999997,-464,-9869.313792816378
100.655,-6.409999999999997,-464,-9869.313792816378
100.655,-6.409999999999997,-464,-9869.313792816378
100.655,-6.409999999999997,-464,-9869.313792816378
100.655,-6.409999999999997,-464,-9869.313792816378
100.655,-6.409999999999997,-464,-9869.313792816378
100.655,-6.409999999999997,-454,-9901.36379281638
100.655,-6.409999999999997,-452,-9907.773792816377
100.655,-6.409999999999997,-452,-9907.773792816377
100.655,-6.409999999999997,-463,-9943.028792816382
100.65,-6.3999999999999915,-453,-9972.723792816389
100.65,-6.3999999999999915,-453,-9972.723792816389
100.65,-6.3999999999999915,-453,-9972.723792816389
100.65,-6.3999999999999915,-453,-9972.723792816389
100.65,-6.3999999999999915,-454,-9975.923792816393
100.64,-6.3799999999999955,-444,-10003.30379281639
100.64,-6.3799999999999955,-444,-10003.30379281639
100.64,-6.3799999999999955,-447,-10012.87379281639
100.64,-6.3799999999999955,-447,-10012.87379281639
100.64,-6.3799999999999955,-447,-10012.87379281639
100.64,-6.3799999999999955,-448,-10016.063792816392
100.64,-6.3799999999999955,-456,-10041.583792816396
100.64,-6.3799999999999955,-456,-10041.583792816396
100.64,-6.3799999999999955,-456,-10041.583792816396
100.64,-6.3799999999999955,-456,-10041.583792816396
100.64,-6.3799999999999955,-457,-10044.773792816399
100.64,-6.3799999999999955,-451,-10063.913792816398
100.64,-6.3799999999999955,-446,-10079.863792816403
100.64,-6.3799999999999955,-446,-10079.863792816403
100.645,-6.3700000000000045,-450,-10094.863792816403
100.645,-6.3700000000000045,-450,-10094.863792816403
100.645,-6.3700000000000045,-450,-10094.863792816403
100.645,-6.3700000000000045,-450,-10094.863792816403
100.645,-6.3700000000000045,-450,-10094.863792816403
100.65,-6.359999999999999,-474,-10173.523792816406
100.68,-6.420000000000002,-474,-10187.7437928164
100.695,-6.450000000000003,-474,-10194.8537928164
100.7,-6.460000000000008,-470,-10210.143792816401
100.7,-6.460000000000008,-472,-10216.6037928164
100.7,-6.460000000000008,-472,-10216.6037928164
100.7,-6.460000000000008,-472,-10216.6037928164
100.7,-6.460000000000008,-472,-10216.6037928164
100.7,-6.460000000000008,-473,-10219.833792816396
100.7,-6.460000000000008,-473,-10219.833792816396
100.7,-6.460000000000008,-478,-10235.983792816398
100.7,-6.460000000000008,-468,-10268.7837928164
100.7,-6.460000000000008,-468,-10268.7837928164
100.715,-6.430000000000007,-487,-10337.098792816403
100.795,-6.590000000000003,-492,-10392.5337928164
100.86,-6.719999999999999,-492,-10424.513792816404
100.89,-6.780000000000001,-492,-10439.273792816399
100.905,-6.810000000000002,-492,-10446.653792816403
100.91499999999999,-6.829999999999998,-492,-10451.573792816394
100.91499999999999,-6.829999999999998,-492,-10451.573792816394
100.91499999999999,-6.829999999999998,-492,-10451.573792816394
100.91499999999999,-6.829999999999998,-490,-10458.403792816403
100.91499999999999,-6.829999999999998,-490,-10458.403792816403
100.91499999999999,-6.829999999999998,-481,-10489.138792816404
100.91499999999999,-6.829999999999998,-481,-10489.138792816404
100.91499999999999,-6.829999999999998,-481,-10489.138792816404
100.91499999999999,-6.829999999999998,-481,-10489.138792816404
100.91499999999999,-6.829999999999998,-481,-10489.138792816404
100.91499999999999,-6.829999999999998,-478,-10499.3837928164
100.91499999999999,-6.829999999999998,-478,-10499.3837928164
100.91499999999999,-6.829999999999998,-478,-10499.3837928164
100.91499999999999,-6.829999999999998,-478,-10499.3837928164
100.91499999999999,-6.829999999999998,-478,-10499.3837928164
100.91499999999999,-6.829999999999998,-478,-10499.3837928164
100.91499999999999,-6.829999999999998,-470,-10526.703792816399
100.91499999999999,-6.829999999999998,-470,-10526.703792816399
100.91499999999999,-6.829999999999998,-471,-10530.1187928164
100.91499999999999,-6.829999999999998,-471,-10530.1187928164
100.91499999999999,-6.829999999999998,-471,-10530.1187928164
100.91499999999999,-6.829999999999998,-471,-10530.1187928164
100.91499999999999,-6.829999999999998,-471,-10530.1187928164
100.92,-6.819999999999993,-483,-10573.413792816405
100.92,-6.819999999999993,-483,-10573.413792816405
100.92,-6.819999999999993,-483,-10573.413792816405
100.92,-6.819999999999993,-483,-10573.413792816405
100.92,-6.819999999999993,-491,-10600.693792816404
100.92,-6.819999999999993,-490,-10604.103792816408
100.92,-6.819999999999993,-490,-10604.103792816408
100.92,-6.819999999999993,-490,-10604.103792816408
100.92,-6.819999999999993,-490,-10604.103792816408
100.92,-6.819999999999993,-490,-10604.103792816408
100.92,-6.819999999999993,-491,-10607.513792816404
100.92,-6.819999999999993,-491,-10607.513792816404
100.92,-6.819999999999993,-492,-10610.9237928164
100.92500000000001,-6.829999999999998,-492,-10613.383792816407
100.93,-6.839999999999989,-492,-10615.843792816406
100.93,-6.839999999999989,-483,-10646.623792816405
100.93,-6.839999999999989,-483,-10646.623792816405
100.93,-6.839999999999989,-483,-10646.623792816405
100.93,-6.839999999999989,-483,-10646.623792816405
100.93,-6.839999999999989,-483,-10646.623792816405
100.93,-6.839999999999989,-483,-10646.623792816405
100.93,-6.839999999999989,-483,-10646.623792816405
100.93,-6.839999999999989,-483,-10646.623792816405
100.93,-6.839999999999989,-483,-10646.623792816405
100.93,-6.839999999999989,-483,-10646.623792816405
100.93,-6.839999999999989,-479,-10660.303792816405
100.93,-6.839999999999989,-480,-10663.723792816403
100.93,-6.839999999999989,-480,-10663.723792816403
100.93,-6.839999999999989,-480,-10663.723792816403
100.935,-6.829999999999998,-499,-10731.198792816402
100.97,-6.900000000000006,-499,-10748.663792816398
100.99,-6.939999999999998,-499,-10758.643792816394
101.0,-6.960000000000008,-499,-10763.6337928164
101.005,-6.969999999999999,-499,-10766.128792816395
101.005,-6.969999999999999,-499,-10766.128792816395
101.005,-6.969999999999999,-499,-10766.128792816395
101.005,-6.969999999999999,-499,-10766.128792816395
101.005,-6.969999999999999,-490,-10797.4937928164
101.005,-6.969999999999999,-490,-10797.4937928164
101.005,-6.969999999999999,-490,-10797.4937928164
101.005,-6.969999999999999,-498,-10825.373792816397
101.005,-6.969999999999999,-498,-10825.373792816397
101.005,-6.969999999999999,-498,-10825.373792816397
101.005,-6.969999999999999,-493,-10842.798792816393
101.005,-6.969999999999999,-493,-10842.798792816393
101.005,-6.969999999999999,-493,-10842.798792816393
101.005,-6.969999999999999,-493,-10842.798792816393
101.0,-6.960000000000008,-454,-10976.413792816398
101.0,-6.960000000000008,-454,-10976.413792816398
101.0,-6.960000000000008,-464,-11011.213792816401
101.0,-6.960000000000008,-464,-11011.213792816401
101.0,-6.960000000000008,-464,-11011.213792816401
101.0,-6.960000000000008,-464,-11011.213792816401
101.005,-6.950000000000003,-473,-11044.828792816399
101.005,-6.950000000000003,-440,-11159.503792816395
101.005,-6.950000000000003,-440,-11159.503792816395
101.005,-6.950000000000003,-440,-11159.503792816395
101.005,-6.950000000000003,-440,-11159.503792816395
101.005,-6.950000000000003,-440,-11159.503792816395
101.005,-6.950000000000003,-440,-11159.503792816395
101.005,-6.950000000000003,-440,-11159.503792816395
101.005,-6.950000000000003,-454,-11208.153792816396
101.005,-6.950000000000003,-451,-11218.578792816399
101.005,-6.950000000000003,-461,-11253.328792816399
101.005,-6.950000000000003,-466,-11270.703792816392
101.005,-6.950000000000003,-466,-11270.703792816392
101.005,-6.950000000000003,-467,-11274.178792816398
100.995,-6.929999999999993,-466,-11272.993792816407
100.995,-6.929999999999993,-466,-11272.993792816407
100.995,-6.929999999999993,-466,-11272.993792816407
100.995,-6.929999999999993,-469,-11283.388792816404
100.995,-6.929999999999993,-469,-11283.388792816404
100.995,-6.929999999999993,-468,-11286.853792816408
100.995,-6.929999999999993,-463,-11304.178792816412
100.985,-6.909999999999997,-459,-11313.448792816402
100.985,-6.909999999999997,-459,-11313.448792816402
100.985,-6.909999999999997,-459,-11313.448792816402
100.99000000000001,-6.8999999999999915,-483,-11398.743792816407
100.99000000000001,-6.8999999999999915,-483,-11398.743792816407
100.99000000000001,-6.8999999999999915,-476,-11422.893792816409
100.99000000000001,-6.8999999999999915,-477,-11426.343792816406
100.99000000000001,-6.8999999999999915,-477,-11426.343792816406
100.99000000000001,-6.8999999999999915,-477,-11426.343792816406
100.99000000000001,-6.8999999999999915,-476,-11429.79379281641
100.99000000000001,-6.8999999999999915,-476,-11429.79379281641
100.99000000000001,-6.8999999999999915,-476,-11429.79379281641
100.99000000000001,-6.8999999999999915,-476,-11429.79379281641
100.99000000000001,-6.8999999999999915,-476,-11429.79379281641
100.99000000000001,-6.8999999999999915,-476,-11429.79379281641
100.99000000000001,-6.8999999999999915,-477,-11433.243792816407
100.99000000000001,-6.8999999999999915,-477,-11433.243792816407
100.99000000000001,-6.8999999999999915,-477,-11433.243792816407
100.99000000000001,-6.8999999999999915,-477,-11433.243792816407
100.99000000000001,-6.8999999999999915,-477,-11433.243792816407
100.99000000000001,-6.8999999999999915,-477,-11433.243792816407
100.99000000000001,-6.8999999999999915,-491,-11481.54379281641
100.99000000000001,-6.8999999999999915,-491,-11481.54379281641
100.975,-6.86999999999999,-443,-11640.1187928164
100.975,-6.86999999999999,-439,-11653.858792816398
100.975,-6.86999999999999,-439,-11653.858792816398
100.975,-6.86999999999999,-439,-11653.858792816398
100.975,-6.86999999999999,-439,-11653.858792816398
100.975,-6.86999999999999,-439,-11653.858792816398
100.975,-6.86999999999999,-439,-11653.858792816398
100.97,-6.859999999999999,-418,-11723.893792816405
100.97,-6.859999999999999,-419,-11727.323792816405
100.97,-6.859999999999999,-411,-11754.763792816404
100.97,-6.859999999999999,-411,-11754.763792816404
100.97,-6.859999999999999,-407,-11768.483792816405
100.97,-6.859999999999999,-401,-11789.063792816407
100.97,-6.859999999999999,-401,-11789.063792816407
100.97,-6.859999999999999,-409,-11816.503792816402
100.945,-6.809999999999988,-408,-11809.733792816405
100.945,-6.809999999999988,-408,-11809.733792816405
100.94999999999999,-6.799999999999997,-409,-11815.183792816402
100.94999999999999,-6.799999999999997,-409,-11815.183792816402
100.94999999999999,-6.799999999999997,-409,-11815.183792816402
100.94999999999999,-6.799999999999997,-409,-11815.183792816402
100.94999999999999,-6.799999999999997,-409,-11815.183792816402
100.94999999999999,-6.799999999999997,-409,-11815.183792816402
100.94999999999999,-6.799999999999997,-409,-11815.183792816402
100.94999999999999,-6.799999999999997,-411,-11821.983792816405
100.94999999999999,-6.799999999999997,-411,-11821.983792816405
100.945,-6.790000000000006,-404,-11843.763792816408
100.945,-6.790000000000006,-404,-11843.763792816408
100.945,-6.790000000000006,-404,-11843.763792816408
100.945,-6.790000000000006,-404,-11843.763792816408
100.945,-6.790000000000006,-404,-11843.763792816408
100.945,-6.790000000000006,-404,-11843.763792816408
100.945,-6.790000000000006,-408,-11857.343792816406
100.945,-6.790000000000006,-408,-11857.343792816406
100.945,-6.790000000000006,-408,-11857.343792816406
100.945,-6.790000000000006,-408,-11857.343792816406
100.945,-6.790000000000006,-408,-11857.343792816406
100.945,-6.790000000000006,-409,-11860.738792816406
100.945,-6.790000000000006,-409,-11860.738792816406
100.945,-6.790000000000006,-409,-11860.738792816406
100.945,-6.790000000000006,-409,-11860.738792816406
100.945,-6.790000000000006,-409,-11860.738792816406
100.945,-6.790000000000006,-413,-11874.318792816404
100.945,-6.790000000000006,-404,-11904.873792816408
100.945,-6.790000000000006,-404,-11904.873792816408
100.945,-6.790000000000006,-404,-11904.873792816408
100.945,-6.790000000000006,-410,-11925.243792816407
100.945,-6.790000000000006,-410,-11925.243792816407
100.945,-6.790000000000006,-410,-11925.243792816407
100.945,-6.790000000000006,-410,-11925.243792816407
100.945,-6.790000000000006,-411,-11928.638792816408
100.945,-6.790000000000006,-422,-11965.983792816405
100.94,-6.780000000000001,-415,-11987.61379281641
100.94,-6.780000000000001,-413,-11994.393792816412
100.94,-6.780000000000001,-413,-11994.393792816412
100.94,-6.780000000000001,-413,-11994.393792816412
100.94,-6.780000000000001,-413,-11994.393792816412
100.94,-6.780000000000001,-428,-12045.24379281641
100.94,-6.780000000000001,-426,-12052.023792816413
100.94,-6.780000000000001,-426,-12052.023792816413
100.94,-6.780000000000001,-426,-12052.023792816413
100.94,-6.780000000000001,-427,-12055.41379281641
100.94,-6.780000000000001,-427,-12055.41379281641
100.94,-6.780000000000001,-436,-12085.923792816408
100.94,-6.780000000000001,-436,-12085.923792816408
100.94,-6.780000000000001,-436,-12085.923792816408
100.94,-6.780000000000001,-436,-12085.923792816408
100.94,-6.780000000000001,-421,-12136.77379281641
100.94,-6.780000000000001,-424,-12146.943792816408
100.94,-6.780000000000001,-421,-12157.11379281641
100.94,-6.780000000000001,-421,-12157.11379281641
100.94,-6.780000000000001,-421,-12157.11379281641
100.94,-6.780000000000001,-415,-12177.45379281641
100.94,-6.780000000000001,-415,-12177.45379281641
100.94,-6.780000000000001,-403,-12218.13379281641
100.94,-6.780000000000001,-417,-12265.593792816406
100.94,-6.780000000000001,-417,-12265.593792816406
100.94,-6.780000000000001,-417,-12265.593792816406
100.94,-6.780000000000001,-417,-12265.593792816406
100.94,-6.780000000000001,-420,-12275.763792816404
100.94,-6.780000000000001,-420,-12275.763792816404
100.94,-6.780000000000001,-420,-12275.763792816404
100.94,-6.780000000000001,-420,-12275.763792816404
100.935,-6.769999999999996,-418,-12280.443792816412
100.935,-6.769999999999996,-408,-12314.293792816414
100.935,-6.769999999999996,-403,-12331.21879281641
100.935,-6.769999999999996,-403,-12331.21879281641
100.935,-6.769999999999996,-400,-12341.373792816408
100.935,-6.769999999999996,-397,-12351.528792816407
100.935,-6.769999999999996,-397,-12351.528792816407
100.935,-6.769999999999996,-397,-12351.528792816407
100.935,-6.769999999999996,-397,-12351.528792816407
100.935,-6.769999999999996,-397,-12351.528792816407
100.935,-6.769999999999996,-400,-12361.683792816406
100.935,-6.769999999999996,-399,-12365.068792816408
100.935,-6.769999999999996,-400,-12368.453792816406
100.935,-6.769999999999996,-400,-12368.453792816406
100.935,-6.769999999999996,-387,-12412.458792816407
100.935,-6.769999999999996,-387,-12412.458792816407
100.935,-6.769999999999996,-388,-12415.843792816406
100.935,-6.769999999999996,-380,-12442.923792816411
100.935,-6.769999999999996,-380,-12442.923792816411
100.935,-6.769999999999996,-380,-12442.923792816411
100.935,-6.769999999999996,-380,-12442.923792816411
100.935,-6.769999999999996,-377,-12453.07879281641
100.935,-6.769999999999996,-379,-12459.848792816407
100.93,-6.760000000000005,-348,-12562.963792816408
100.93,-6.760000000000005,-348,-12562.963792816408
100.93,-6.760000000000005,-348,-12562.963792816408
100.93,-6.760000000000005,-349,-12566.34379281641
100.93,-6.760000000000005,-349,-12566.34379281641
100.93,-6.760000000000005,-354,-12583.24379281641
100.93,-6.760000000000005,-354,-12583.24379281641
100.93,-6.760000000000005,-355,-12586.623792816412
100.93,-6.760000000000005,-352,-12596.763792816411
100.93,-6.760000000000005,-352,-12596.763792816411
100.93,-6.760000000000005,-351,-12600.143792816412
100.93,-6.760000000000005,-351,-12600.143792816412
100.93,-6.760000000000005,-351,-12600.143792816412
100.93,-6.760000000000005,-351,-12600.143792816412
100.93,-6.760000000000005,-354,-12610.283792816412
100.93,-6.760000000000005,-354,-12610.283792816412
100.93,-6.760000000000005,-354,-12610.283792816412
100.93,-6.760000000000005,-357,-12620.423792816411
100.93,-6.760000000000005,-361,-12633.943792816412
100.93,-6.760000000000005,-361,-12633.943792816412
100.93,-6.760000000000005,-361,-12633.943792816412
100.91499999999999,-6.730000000000004,-341,-12696.36879281641
100.91499999999999,-6.730000000000004,-341,-12696.36879281641
100.91499999999999,-6.730000000000004,-340,-12699.733792816409
100.91499999999999,-6.730000000000004,-340,-12699.733792816409
100.91499999999999,-6.730000000000004,-340,-12699.733792816409
100.91499999999999,-6.730000000000004,-340,-12699.733792816409
100.91499999999999,-6.730000000000004,-340,-12699.733792816409
100.91499999999999,-6.730000000000004,-340,-12699.733792816409
100.905,-6.710000000000008,-324,-12750.15379281641
100.905,-6.710000000000008,-324,-12750.15379281641
100.905,-6.710000000000008,-327,-12760.218792816406
100.91,-6.700000000000003,-337,-12795.443792816404
100.91,-6.700000000000003,-337,-12795.443792816404
100.91,-6.700000000000003,-337,-12795.443792816404
100.91,-6.700000000000003,-337,-12795.443792816404
100.91,-6.700000000000003,-337,-12795.443792816404
100.91,-6.700000000000003,-337,-12795.443792816404
100.91,-6.700000000000003,-337,-12795.443792816404
100.91,-6.700000000000003,-342,-12812.193792816408
100.91,-6.700000000000003,-342,-12812.193792816408
100.91,-6.700000000000003,-342,-12812.193792816408
100.91,-6.700000000000003,-350,-12838.993792816407
100.91,-6.700000000000003,-350,-12838.993792816407
100.91,-6.700000000000003,-365,-12889.243792816407
100.91,-6.700000000000003,-365,-12889.243792816407
100.91,-6.700000000000003,-365,-12889.243792816407
100.91,-6.700000000000003,-365,-12889.243792816407
100.91,-6.700000000000003,-365,-12889.243792816407
100.91,-6.700000000000003,-364,-12892.593792816402
100.91,-6.700000000000003,-364,-12892.593792816402
100.91,-6.700000000000003,-364,-12892.593792816402
100.91,-6.700000000000003,-358,-12912.693792816404
100.91,-6.700000000000003,-358,-12912.693792816404
100.91,-6.700000000000003,-358,-12912.693792816404
100.91,-6.700000000000003,-337,-12983.043792816403
100.91,-6.700000000000003,-337,-12983.043792816403
100.91,-6.700000000000003,-337,-12983.043792816403
100.91,-6.700000000000003,-337,-12983.043792816403
100.91,-6.700000000000003,-337,-12983.043792816403
100.91,-6.700000000000003,-337,-12983.043792816403
100.91,-6.700000000000003,-337,-12983.043792816403
100.91,-6.700000000000003,-340,-12993.093792816406
100.91,-6.700000000000003,-340,-12993.093792816406
100.91,-6.700000000000003,-364,-13073.493792816404
100.91,-6.700000000000003,-364,-13073.493792816404
100.91,-6.700000000000003,-364,-13073.493792816404
100.91,-6.700000000000003,-364,-13073.493792816404
100.91,-6.700000000000003,-356,-13100.293792816406
100.91,-6.700000000000003,-356,-13100.293792816406
100.91,-6.700000000000003,-355,-13103.643792816401
100.91,-6.700000000000003,-349,-13123.743792816404
100.91,-6.700000000000003,-353,-13137.143792816401
100.91,-6.700000000000003,-357,-13150.5437928164
100.91,-6.700000000000003,-356,-13153.893792816401
100.91,-6.700000000000003,-356,-13153.893792816401
100.91,-6.700000000000003,-375,-13217.543792816403
100.91,-6.700000000000003,-374,-13220.893792816398
100.91,-6.700000000000003,-374,-13220.893792816398
100.91,-6.700000000000003,-374,-13220.893792816398
100.91,-6.700000000000003,-374,-13220.893792816398
100.91,-6.700000000000003,-374,-13220.893792816398
100.91,-6.700000000000003,-367,-13244.343792816402
100.91,-6.700000000000003,-367,-13244.343792816402
100.91,-6.700000000000003,-367,-13244.343792816402
100.91,-6.700000000000003,-367,-13244.343792816402
100.91,-6.700000000000003,-366,-13247.693792816397
100.91,-6.700000000000003,-372,-13267.793792816396
100.91,-6.700000000000003,-331,-13405.143792816398
100.91,-6.700000000000003,-331,-13405.143792816398
100.91,-6.700000000000003,-331,-13405.143792816398
100.91,-6.700000000000003,-331,-13405.143792816398
100.91,-6.700000000000003,-332,-13408.493792816393
100.91,-6.700000000000003,-332,-13408.493792816393
100.91,-6.700000000000003,-332,-13408.493792816393
100.91,-6.700000000000003,-338,-13428.593792816398
100.91,-6.700000000000003,-338,-13428.593792816398
100.91,-6.700000000000003,-329,-13458.743792816396
100.91,-6.700000000000003,-333,-13472.143792816394
100.91,-6.700000000000003,-333,-13472.143792816394
100.91,-6.700000000000003,-333,-13472.143792816394
100.91,-6.700000000000003,-333,-13472.143792816394
100.91,-6.700000000000003,-333,-13472.143792816394
100.91,-6.700000000000003,-333,-13472.143792816394
100.91,-6.700000000000003,-334,-13475.493792816396
100.91,-6.700000000000003,-333,-13478.843792816391
100.91499999999999,-6.690000000000012,-354,-13550.94379281639
100.91499999999999,-6.690000000000012,-354,-13550.94379281639
100.91499999999999,-6.690000000000012,-354,-13550.94379281639
100.91499999999999,-6.690000000000012,-354,-13550.94379281639
100.91499999999999,-6.690000000000012,-354,-13550.94379281639
100.91499999999999,-6.690000000000012,-356,-13557.633792816392
100.91499999999999,-6.690000000000012,-356,-13557.633792816392
100.91499999999999,-6.690000000000012,-356,-13557.633792816392
100.91499999999999,-6.690000000000012,-355,-13560.97879281639
100.92,-6.680000000000007,-366,-13599.553792816394
100.92,-6.680000000000007,-367,-13602.89379281639
100.935,-6.650000000000006,-372,-13625.14379281639
100.935,-6.650000000000006,-372,-13625.14379281639
100.935,-6.650000000000006,-372,-13625.14379281639
100.935,-6.650000000000006,-372,-13625.14379281639
100.935,-6.650000000000006,-372,-13625.14379281639
100.935,-6.650000000000006,-372,-13625.14379281639
100.935,-6.650000000000006,-372,-13625.14379281639
100.94,-6.640000000000001,-385,-13670.253792816391
100.94,-6.640000000000001,-386,-13673.573792816387
100.94,-6.640000000000001,-386,-13673.573792816387
100.94,-6.640000000000001,-386,-13673.573792816387
100.94,-6.640000000000001,-386,-13673.573792816387
100.94,-6.640000000000001,-386,-13673.573792816387
100.94,-6.640000000000001,-386,-13673.573792816387
100.94,-6.640000000000001,-386,-13673.573792816387
100.94,-6.640000000000001,-386,-13673.573792816387
100.94,-6.640000000000001,-386,-13673.573792816387
100.94,-6.640000000000001,-386,-13673.573792816387
100.94,-6.640000000000001,-368,-13733.33379281639
100.94,-6.640000000000001,-368,-13733.33379281639
100.94,-6.640000000000001,-368,-13733.33379281639
100.94,-6.640000000000001,-368,-13733.33379281639
100.94,-6.640000000000001,-368,-13733.33379281639
100.94,-6.640000000000001,-368,-13733.33379281639
100.94,-6.640000000000001,-368,-13733.33379281639
100.94,-6.640000000000001,-367,-13736.653792816385
100.94,-6.640000000000001,-371,-13749.933792816388
100.94,-6.640000000000001,-371,-13749.933792816388
100.95,-6.6200000000000045,-384,-13796.893792816394
100.95,-6.6200000000000045,-385,-13800.203792816392
100.95,-6.6200000000000045,-400,-13849.853792816393
100.95,-6.6200000000000045,-392,-13876.333792816396
100.95,-6.6200000000000045,-392,-13876.333792816396
100.95,-6.6200000000000045,-392,-13876.333792816396
100.95,-6.6200000000000045,-391,-13879.643792816398
100.95,-6.6200000000000045,-388,-13889.57379281639
100.95,-6.6200000000000045,-388,-13889.57379281639
100.95,-6.6200000000000045,-388,-13889.57379281639
100.95,-6.6200000000000045,-388,-13889.57379281639
100.95,-6.6200000000000045,-388,-13889.57379281639
100.95,-6.6200000000000045,-388,-13889.57379281639
100.965,-6.590000000000003,-395,-13918.518792816398
100.965,-6.590000000000003,-395,-13918.518792816398
100.965,-6.590000000000003,-388,-13941.583792816393
100.965,-6.590000000000003,-388,-13941.583792816393
100.965,-6.590000000000003,-388,-13941.583792816393
100.965,-6.590000000000003,-388,-13941.583792816393
100.965,-6.590000000000003,-388,-13941.583792816393
100.965,-6.590000000000003,-403,-13991.0087928164
100.965,-6.590000000000003,-395,-14017.3687928164
100.97,-6.579999999999998,-409,-14065.503792816391
100.97,-6.579999999999998,-409,-14065.503792816391
100.97,-6.579999999999998,-409,-14065.503792816391
100.97,-6.579999999999998,-409,-14065.503792816391
100.97,-6.579999999999998,-408,-14068.793792816396
100.97,-6.579999999999998,-405,-14078.663792816391
100.97,-6.579999999999998,-405,-14078.663792816391
100.97,-6.579999999999998,-405,-14078.663792816391
100.97,-6.579999999999998,-405,-14078.663792816391
100.97,-6.579999999999998,-405,-14078.663792816391
100.97,-6.579999999999998,-405,-14078.663792816391
100.975,-6.570000000000007,-418,-14123.453792816385
100.975,-6.570000000000007,-422,-14136.593792816388
100.975,-6.570000000000007,-422,-14136.593792816388
100.975,-6.570000000000007,-412,-14169.443792816386
100.975,-6.570000000000007,-412,-14169.443792816386
100.975,-6.570000000000007,-409,-14179.298792816382
100.975,-6.570000000000007,-417,-14205.578792816385
100.975,-6.570000000000007,-417,-14205.578792816385
100.975,-6.570000000000007,-417,-14205.578792816385
100.975,-6.570000000000007,-417,-14205.578792816385
100.975,-6.570000000000007,-417,-14205.578792816385
100.975,-6.570000000000007,-422,-14222.003792816384
100.975,-6.570000000000007,-422,-14222.003792816384
100.975,-6.570000000000007,-422,-14222.003792816384
100.97,-6.560000000000002,-406,-14272.503792816387
100.97,-6.560000000000002,-406,-14272.503792816387
100.97,-6.560000000000002,-407,-14275.78379281639
100.97,-6.560000000000002,-407,-14275.78379281639
100.97,-6.560000000000002,-407,-14275.78379281639
100.97,-6.560000000000002,-407,-14275.78379281639
100.97,-6.560000000000002,-407,-14275.78379281639
100.97,-6.560000000000002,-407,-14275.78379281639
100.97,-6.560000000000002,-407,-14275.78379281639
100.97,-6.560000000000002,-407,-14275.78379281639
101.0,-6.5,-435,-14379.793792816388
101.0,-6.5,-435,-14379.793792816388
101.0,-6.5,-435,-14379.793792816388
101.0,-6.5,-435,-14379.793792816388
101.0,-6.5,-435,-14379.793792816388
101.0,-6.5,-435,-14379.793792816388
101.0,-6.5,-432,-14389.543792816388
101.00999999999999,-6.480000000000004,-440,-14419.923792816382
101.00999999999999,-6.480000000000004,-440,-14419.923792816382
101.00999999999999,-6.480000000000004,-440,-14419.923792816382
101.00999999999999,-6.480000000000004,-440,-14419.923792816382
101.00999999999999,-6.480000000000004,-443,-14429.64379281638
101.00999999999999,-6.480000000000004,-443,-14429.64379281638
101.00999999999999,-6.480000000000004,-447,-14442.603792816379
101.00999999999999,-6.480000000000004,-439,-14468.523792816384
101.00999999999999,-6.480000000000004,-439,-14468.523792816384
101.00999999999999,-6.480000000000004,-439,-14468.523792816384
101.00999999999999,-6.480000000000004,-439,-14468.523792816384
101.00999999999999,-6.480000000000004,-439,-14468.523792816384
101.00999999999999,-6.480000000000004,-429,-14500.923792816378
101.00999999999999,-6.480000000000004,-429,-14500.923792816378
101.00999999999999,-6.480000000000004,-422,-14523.603792816379
101.00999999999999,-6.480000000000004,-422,-14523.603792816379
101.00999999999999,-6.480000000000004,-423,-14526.84379281638
101.00999999999999,-6.480000000000004,-425,-14533.323792816376
101.00999999999999,-6.480000000000004,-425,-14533.323792816376
101.00999999999999,-6.480000000000004,-425,-14533.323792816376
101.00999999999999,-6.480000000000004,-420,-14549.52379281638
101.00999999999999,-6.480000000000004,-420,-14549.52379281638
101.00999999999999,-6.480000000000004,-420,-14549.52379281638
101.00999999999999,-6.480000000000004,-420,-14549.52379281638
101.00999999999999,-6.480000000000004,-420,-14549.52379281638
101.00999999999999,-6.480000000000004,-420,-14549.52379281638
101.00999999999999,-6.480000000000004,-420,-14549.52379281638
101.00999999999999,-6.480000000000004,-420,-14549.52379281638
101.00999999999999,-6.480000000000004,-420,-14549.52379281638
101.00999999999999,-6.480000000000004,-420,-14549.52379281638
101.00999999999999,-6.480000000000004,-422,-14556.003792816377
101.00999999999999,-6.480000000000004,-427,-14572.20379281638
101.00999999999999,-6.480000000000004,-429,-14578.683792816377
101.00999999999999,-6.480000000000004,-429,-14578.683792816377
101.00999999999999,-6.480000000000004,-429,-14578.683792816377
101.00999999999999,-6.480000000000004,-429,-14578.683792816377
101.00999999999999,-6.480000000000004,-429,-14578.683792816377
101.00999999999999,-6.480000000000004,-427,-14585.16379281638
101.00999999999999,-6.480000000000004,-427,-14585.16379281638
101.00999999999999,-6.480000000000004,-427,-14585.16379281638
101.00999999999999,-6.480000000000004,-432,-14601.363792816377
101.00999999999999,-6.480000000000004,-432,-14601.363792816377
101.00999999999999,-6.480000000000004,-432,-14601.363792816377
101.00999999999999,-6.480000000000004,-432,-14601.363792816377
101.00999999999999,-6.480000000000004,-420,-14640.243792816382
101.00999999999999,-6.480000000000004,-426,-14659.68379281638
101.00999999999999,-6.480000000000004,-426,-14659.68379281638
101.00999999999999,-6.480000000000004,-436,-14692.083792816378
101.00999999999999,-6.480000000000004,-436,-14692.083792816378
101.00999999999999,-6.480000000000004,-436,-14692.083792816378
101.00999999999999,-6.480000000000004,-439,-14701.803792816383
101.00999999999999,-6.480000000000004,-439,-14701.803792816383
101.00999999999999,-6.480000000000004,-454,-14750.403792816378
101.015,-6.469999999999999,-491,-14872.37879281638
101.1,-6.640000000000001,-491,-14914.11379281638
101.14500000000001,-6.730000000000004,-489,-14942.938792816385
101.16,-6.760000000000005,-489,-14950.273792816377
101.16499999999999,-6.769999999999996,-489,-14952.718792816377
101.16499999999999,-6.769999999999996,-485,-14966.25879281637
101.16499999999999,-6.769999999999996,-485,-14966.25879281637
101.16499999999999,-6.769999999999996,-485,-14966.25879281637
101.16499999999999,-6.769999999999996,-483,-14973.028792816374
101.16499999999999,-6.769999999999996,-483,-14973.028792816374
101.16499999999999,-6.769999999999996,-477,-14993.338792816372
101.16499999999999,-6.769999999999996,-477,-14993.338792816372
101.16499999999999,-6.769999999999996,-481,-15006.878792816373
101.16499999999999,-6.769999999999996,-481,-15006.878792816373
101.16499999999999,-6.769999999999996,-483,-15013.648792816377
101.16499999999999,-6.769999999999996,-486,-15023.803792816376
101.16499999999999,-6.769999999999996,-486,-15023.803792816376
101.16499999999999,-6.769999999999996,-486,-15023.803792816376
101.16499999999999,-6.769999999999996,-486,-15023.803792816376
101.16,-6.760000000000005,-478,-15048.493792816378
101.16,-6.760000000000005,-478,-15048.493792816378
101.16,-6.760000000000005,-478,-15048.493792816378
101.16,-6.760000000000005,-478,-15048.493792816378
101.15,-6.739999999999995,-467,-15080.983792816387
101.15,-6.739999999999995,-467,-15080.983792816387
101.15,-6.739999999999995,-467,-15080.983792816387
101.155,-6.72999999999999,-468,-15086.693792816386
101.155,-6.72999999999999,-468,-15086.693792816386
101.155,-6.72999999999999,-468,-15086.693792816386
101.16499999999999,-6.709999999999994,-479,-15128.478792816386
101.16499999999999,-6.709999999999994,-479,-15128.478792816386
101.16499999999999,-6.709999999999994,-478,-15131.833792816382
101.16499999999999,-6.709999999999994,-474,-15145.253792816387
101.16499999999999,-6.709999999999994,-474,-15145.253792816387
101.16499999999999,-6.709999999999994,-475,-15148.608792816383
101.16499999999999,-6.709999999999994,-456,-15212.35379281639
101.16499999999999,-6.709999999999994,-456,-15212.35379281639
101.16499999999999,-6.709999999999994,-456,-15212.35379281639
101.16499999999999,-6.709999999999994,-455,-15215.70879281639
101.16499999999999,-6.709999999999994,-455,-15215.70879281639
101.16499999999999,-6.709999999999994,-455,-15215.70879281639
101.16499999999999,-6.709999999999994,-445,-15249.258792816388
101.16,-6.700000000000003,-428,-15304.023792816392
101.16,-6.700000000000003,-432,-15317.42379281639
101.16,-6.700000000000003,-428,-15330.82379281639
101.16,-6.700000000000003,-428,-15330.82379281639
101.16,-6.700000000000003,-427,-15334.173792816393
101.16,-6.700000000000003,-428,-15337.523792816388
101.16,-6.700000000000003,-434,-15357.623792816386
101.15,-6.679999999999993,-409,-15437.183792816399
101.15,-6.679999999999993,-413,-15450.543792816396
101.15,-6.679999999999993,-413,-15450.543792816396
101.15,-6.679999999999993,-413,-15450.543792816396
101.15,-6.679999999999993,-414,-15453.883792816396
101.15,-6.679999999999993,-421,-15477.26379281639
101.14,-6.659999999999997,-377,-15620.073792816387
101.14,-6.659999999999997,-377,-15620.073792816387
101.14,-6.659999999999997,-377,-15620.073792816387
101.14,-6.659999999999997,-377,-15620.073792816387
101.14,-6.659999999999997,-377,-15620.073792816387
101.14,-6.659999999999997,-377,-15620.073792816387
101.14,-6.659999999999997,-395,-15680.01379281639
101.14,-6.659999999999997,-395,-15680.01379281639
101.14,-6.659999999999997,-395,-15680.01379281639
101.13,-6.640000000000001,-382,-15719.243792816385
101.13,-6.640000000000001,-380,-15725.883792816392
101.13,-6.640000000000001,-380,-15725.883792816392
101.13,-6.640000000000001,-379,-15729.203792816388
101.125,-6.6299999999999955,-374,-15743.933792816391
101.125,-6.6299999999999955,-378,-15757.19379281639
101.125,-6.6299999999999955,-385,-15780.398792816392
101.125,-6.6299999999999955,-385,-15780.398792816392
101.125,-6.6299999999999955,-382,-15790.343792816391
101.125,-6.6299999999999955,-385,-15800.288792816391
101.125,-6.6299999999999955,-385,-15800.288792816391
101.125,-6.6299999999999955,-385,-15800.288792816391
101.125,-6.6299999999999955,-385,-15800.288792816391
101.125,-6.6299999999999955,-383,-15806.918792816392
101.125,-6.6299999999999955,-383,-15806.918792816392
101.125,-6.6299999999999955,-383,-15806.918792816392
101.125,-6.6299999999999955,-379,-15820.17879281639
101.125,-6.6299999999999955,-379,-15820.17879281639
101.125,-6.6299999999999955,-379,-15820.17879281639
101.125,-6.6299999999999955,-379,-15820.17879281639
101.125,-6.6299999999999955,-375,-15833.438792816389
101.125,-6.6299999999999955,-375,-15833.438792816389
101.125,-6.6299999999999955,-375,-15833.438792816389
101.13,-6.6200000000000045,-378,-15845.273792816388
101.13,-6.6200000000000045,-378,-15845.273792816388
101.13,-6.6200000000000045,-344,-15957.813792816389
101.13,-6.6200000000000045,-344,-15957.813792816389
101.125,-6.610000000000014,-332,-15995.783792816386
101.125,-6.610000000000014,-332,-15995.783792816386
101.125,-6.610000000000014,-373,-16131.288792816387
101.125,-6.610000000000014,-373,-16131.288792816387
101.125,-6.610000000000014,-373,-16131.288792816387
101.125,-6.610000000000014,-373,-16131.288792816387
101.125,-6.610000000000014,-373,-16131.288792816387
101.125,-6.610000000000014,-374,-16134.593792816388
101.125,-6.610000000000014,-374,-16134.593792816388
101.125,-6.610000000000014,-374,-16134.593792816388
101.125,-6.610000000000014,-374,-16134.593792816388
101.125,-6.610000000000014,-379,-16151.118792816389
101.125,-6.610000000000014,-379,-16151.118792816389
101.125,-6.610000000000014,-379,-16151.118792816389
101.125,-6.610000000000014,-400,-16220.523792816388
101.125,-6.610000000000014,-400,-16220.523792816388
101.125,-6.610000000000014,-400,-16220.523792816388
101.125,-6.610000000000014,-400,-16220.523792816388
101.125,-6.610000000000014,-400,-16220.523792816388
101.125,-6.610000000000014,-400,-16220.523792816388
101.125,-6.610000000000014,-400,-16220.523792816388
101.125,-6.610000000000014,-401,-16223.828792816388
101.125,-6.610000000000014,-401,-16223.828792816388
101.125,-6.610000000000014,-401,-16223.828792816388
101.125,-6.610000000000014,-401,-16223.828792816388
101.125,-6.610000000000014,-401,-16223.828792816388
101.125,-6.610000000000014,-401,-16223.828792816388
101.125,-6.610000000000014,-401,-16223.828792816388
101.125,-6.610000000000014,-401,-16223.828792816388
101.125,-6.610000000000014,-401,-16223.828792816388
101.125,-6.610000000000014,-401,-16223.828792816388
101.125,-6.610000000000014,-401,-16223.828792816388
101.125,-6.610000000000014,-401,-16223.828792816388
101.125,-6.610000000000014,-401,-16223.828792816388
101.125,-6.610000000000014,-401,-16223.828792816388
101.125,-6.610000000000014,-401,-16223.828792816388
101.125,-6.610000000000014,-401,-16223.828792816388
101.125,-6.610000000000014,-399,-16230.438792816389
101.125,-6.610000000000014,-399,-16230.438792816389
101.125,-6.610000000000014,-399,-16230.438792816389
101.125,-6.610000000000014,-399,-16230.438792816389
101.125,-6.610000000000014,-399,-16230.438792816389
101.125,-6.610000000000014,-397,-16237.04879281639
101.125,-6.610000000000014,-396,-16240.35379281639
101.125,-6.610000000000014,-410,-16286.62379281639
101.125,-6.610000000000014,-410,-16286.62379281639
101.125,-6.610000000000014,-410,-16286.62379281639
101.125,-6.610000000000014,-410,-16286.62379281639
101.125,-6.610000000000014,-410,-16286.62379281639
101.125,-6.610000000000014,-410,-16286.62379281639
101.125,-6.610000000000014,-434,-16365.94379281639
101.125,-6.610000000000014,-434,-16365.94379281639
101.125,-6.610000000000014,-434,-16365.94379281639
101.125,-6.610000000000014,-435,-16369.24879281639
101.125,-6.610000000000014,-439,-16382.468792816391
101.125,-6.610000000000014,-445,-16402.298792816393
101.125,-6.610000000000014,-445,-16402.298792816393
101.125,-6.610000000000014,-445,-16402.298792816393
101.125,-6.610000000000014,-444,-16405.603792816393
101.125,-6.610000000000014,-445,-16408.908792816394
101.125,-6.610000000000014,-445,-16408.908792816394
101.125,-6.610000000000014,-445,-16408.908792816394
101.125,-6.610000000000014,-445,-16408.908792816394
101.12,-6.6000000000000085,-435,-16439.733792816398
101.125,-6.590000000000003,-438,-16451.803792816394
101.125,-6.590000000000003,-438,-16451.803792816394
101.125,-6.590000000000003,-438,-16451.803792816394
101.125,-6.590000000000003,-451,-16494.638792816393
101.125,-6.590000000000003,-454,-16504.52379281639
101.12,-6.579999999999998,-449,-16518.753792816395
101.12,-6.579999999999998,-449,-16518.753792816395
101.12,-6.579999999999998,-448,-16522.043792816392
101.12,-6.579999999999998,-448,-16522.043792816392
101.12,-6.579999999999998,-448,-16522.043792816392
101.12,-6.579999999999998,-469,-16591.13379281639
101.12,-6.579999999999998,-475,-16610.87379281639
101.12,-6.579999999999998,-475,-16610.87379281639
101.12,-6.579999999999998,-475,-16610.87379281639
101.12,-6.579999999999998,-475,-16610.87379281639
101.12,-6.579999999999998,-475,-16610.87379281639
101.11500000000001,-6.570000000000007,-463,-16648.008792816392
101.11500000000001,-6.570000000000007,-463,-16648.008792816392
101.11500000000001,-6.570000000000007,-463,-16648.008792816392
101.11500000000001,-6.570000000000007,-463,-16648.008792816392
101.11500000000001,-6.570000000000007,-467,-16661.14879281639
101.11500000000001,-6.570000000000007,-467,-16661.14879281639
101.11500000000001,-6.570000000000007,-467,-16661.14879281639
101.11500000000001,-6.570000000000007,-467,-16661.14879281639
101.11500000000001,-6.570000000000007,-467,-16661.14879281639
101.11500000000001,-6.570000000000007,-477,-16693.998792816394
101.12,-6.560000000000002,-493,-16748.87379281639
101.195,-6.709999999999994,-493,-16785.84879281638
101.23,-6.780000000000001,-504,-16840.393792816394
101.305,-6.929999999999993,-507,-16888.588792816394
101.36,-7.039999999999992,-505,-16923.513792816397
101.375,-7.069999999999993,-501,-16945.228792816393
101.375,-7.069999999999993,-500,-16948.763792816397
101.375,-7.069999999999993,-500,-16948.763792816397
101.375,-7.069999999999993,-500,-16948.763792816397
101.36500000000001,-7.049999999999997,-495,-16961.488792816403
101.36500000000001,-7.049999999999997,-495,-16961.488792816403
101.36500000000001,-7.049999999999997,-495,-16961.488792816403
101.36500000000001,-7.049999999999997,-495,-16961.488792816403
101.37,-7.040000000000006,-509,-17013.253792816402
101.405,-7.109999999999999,-509,-17031.068792816404
101.425,-7.150000000000006,-509,-17041.248792816397
101.435,-7.170000000000002,-509,-17046.3387928164
101.44,-7.180000000000007,-509,-17048.8837928164
101.44,-7.180000000000007,-509,-17048.8837928164
101.44,-7.180000000000007,-509,-17048.8837928164
101.44,-7.180000000000007,-512,-17059.653792816396
101.455,-7.210000000000008,-511,-17070.938792816392
101.455,-7.210000000000008,-511,-17070.938792816392
101.455,-7.210000000000008,-511,-17070.938792816392
101.455,-7.210000000000008,-504,-17096.173792816393
101.455,-7.210000000000008,-504,-17096.173792816393
101.455,-7.210000000000008,-504,-17096.173792816393
101.455,-7.210000000000008,-504,-17096.173792816393
101.455,-7.210000000000008,-504,-17096.173792816393
101.455,-7.210000000000008,-512,-17125.01379281639
101.465,-7.230000000000004,-510,-17137.363792816395
101.465,-7.230000000000004,-510,-17137.363792816395
101.465,-7.230000000000004,-515,-17155.438792816392
101.485,-7.27000000000001,-515,-17165.738792816395
101.495,-7.290000000000006,-527,-17214.628792816402
101.56,-7.420000000000002,-528,-17252.5937928164
101.595,-7.490000000000009,-528,-17271.073792816394
101.615,-7.530000000000001,-528,-17281.633792816392
101.62,-7.540000000000006,-527,-17288.043792816403
101.62,-7.540000000000006,-528,-17291.8137928164
101.625,-7.550000000000011,-528,-17294.4537928164
101.63,-7.560000000000002,-528,-17297.0937928164
101.63,-7.560000000000002,-528,-17297.0937928164
101.63,-7.560000000000002,-528,-17297.0937928164
101.63,-7.560000000000002,-530,-17304.653792816396
101.64,-7.5800000000000125,-532,-17317.533792816408
101.655,-7.609999999999999,-543,-17367.368792816407
101.72,-7.740000000000009,-543,-17402.663792816405
101.75,-7.800000000000011,-543,-17418.953792816406
101.765,-7.8300000000000125,-538,-17446.673792816408
101.765,-7.8300000000000125,-538,-17446.673792816408
101.765,-7.8300000000000125,-537,-17450.58879281641
101.765,-7.8300000000000125,-538,-17454.50379281641
101.765,-7.8300000000000125,-538,-17454.50379281641
101.78,-7.800000000000011,-551,-17513.303792816412
101.83500000000001,-7.910000000000011,-551,-17543.60879281642
101.865,-7.969999999999999,-551,-17560.13879281641
101.88,-8.0,-552,-17572.40379281641
101.89,-8.02000000000001,-552,-17577.923792816415
101.895,-8.030000000000001,-553,-17584.698792816416
101.9,-8.040000000000006,-547,-17611.58379281642
101.9,-8.040000000000006,-547,-17611.58379281642
101.9,-8.040000000000006,-547,-17611.58379281642
101.895,-8.030000000000001,-542,-17628.963792816416
101.895,-8.030000000000001,-539,-17641.00879281642
101.895,-8.030000000000001,-543,-17657.068792816426
101.895,-8.030000000000001,-543,-17657.068792816426
101.895,-8.030000000000001,-543,-17657.068792816426
101.93,-7.959999999999994,-561,-17748.153792816433
101.995,-8.090000000000003,-560,-17788.663792816435
102.02000000000001,-8.14,-560,-17802.663792816435
102.035,-8.170000000000002,-557,-17823.318792816426
102.035,-8.170000000000002,-557,-17823.318792816426
102.02000000000001,-8.14,-526,-17941.543792816432
101.995,-8.090000000000003,-520,-17952.96379281643
101.995,-8.090000000000003,-520,-17952.96379281643
101.995,-8.090000000000003,-520,-17952.96379281643
101.995,-8.090000000000003,-520,-17952.96379281643
101.995,-8.090000000000003,-515,-17973.18879281643
101.92500000000001,-7.950000000000003,-504,-17981.483792816434
101.92500000000001,-7.950000000000003,-504,-17981.483792816434
101.92500000000001,-7.950000000000003,-504,-17981.483792816434
101.92500000000001,-7.950000000000003,-504,-17981.483792816434
101.92500000000001,-7.950000000000003,-505,-17985.45879281644
101.92500000000001,-7.950000000000003,-505,-17985.45879281644
101.91499999999999,-7.929999999999993,-488,-18047.99379281643
101.91499999999999,-7.929999999999993,-488,-18047.99379281643
101.91499999999999,-7.929999999999993,-488,-18047.99379281643
101.91499999999999,-7.929999999999993,-488,-18047.99379281643
101.91499999999999,-7.929999999999993,-488,-18047.99379281643
101.91,-7.920000000000002,-485,-18057.453792816428
101.91,-7.920000000000002,-485,-18057.453792816428
101.91,-7.920000000000002,-492,-18085.17379281643
101.91,-7.920000000000002,-492,-18085.17379281643
101.91,-7.920000000000002,-485,-18112.893792816427
101.91,-7.920000000000002,-485,-18112.893792816427
101.91,-7.920000000000002,-484,-18116.853792816422
101.91,-7.920000000000002,-484,-18116.853792816422
101.91,-7.920000000000002,-484,-18116.853792816422
101.91,-7.920000000000002,-484,-18116.853792816422
101.91,-7.920000000000002,-484,-18116.853792816422
101.91,-7.920000000000002,-484,-18116.853792816422
101.91,-7.920000000000002,-485,-18120.813792816425
101.91,-7.920000000000002,-485,-18120.813792816425
101.91,-7.920000000000002,-485,-18120.813792816425
101.91,-7.920000000000002,-485,-18120.813792816425
101.91,-7.920000000000002,-486,-18124.77379281642
101.91,-7.920000000000002,-486,-18124.77379281642
101.91,-7.920000000000002,-486,-18124.77379281642
101.91,-7.920000000000002,-486,-18124.77379281642
101.91,-7.920000000000002,-486,-18124.77379281642
101.91,-7.920000000000002,-488,-18132.693792816426
101.91,-7.920000000000002,-472,-18196.05379281642
101.91,-7.920000000000002,-473,-18200.013792816422
101.91,-7.920000000000002,-473,-18200.013792816422
101.91,-7.920000000000002,-470,-18211.89379281642
101.91,-7.920000000000002,-471,-18215.853792816422
101.91,-7.920000000000002,-471,-18215.853792816422
101.96000000000001,-7.820000000000007,-515,-18415.343792816428
101.96000000000001,-7.820000000000007,-515,-18415.343792816428
101.96000000000001,-7.820000000000007,-515,-18415.343792816428
101.96000000000001,-7.820000000000007,-515,-18415.343792816428
101.96000000000001,-7.820000000000007,-515,-18415.343792816428
101.96000000000001,-7.820000000000007,-515,-18415.343792816428
101.96000000000001,-7.820000000000007,-516,-18419.253792816424
101.935,-7.769999999999996,-495,-18488.338792816427
101.935,-7.769999999999996,-491,-18503.87879281642
101.935,-7.769999999999996,-491,-18503.87879281642
101.935,-7.769999999999996,-483,-18534.958792816426
101.935,-7.769999999999996,-483,-18534.958792816426
101.935,-7.769999999999996,-483,-18534.958792816426
101.935,-7.769999999999996,-483,-18534.958792816426
101.935,-7.769999999999996,-483,-18534.958792816426
101.935,-7.769999999999996,-483,-18534.958792816426
101.935,-7.769999999999996,-486,-18546.613792816424
101.935,-7.769999999999996,-485,-18550.49879281642
101.935,-7.769999999999996,-491,-18573.80879281642
101.935,-7.769999999999996,-491,-18573.80879281642
101.93,-7.760000000000005,-481,-18610.233792816423
101.93,-7.760000000000005,-489,-18641.273792816424
101.93,-7.760000000000005,-489,-18641.273792816424
101.93,-7.760000000000005,-489,-18641.273792816424
101.93,-7.760000000000005,-510,-18722.753792816424
101.93,-7.760000000000005,-509,-18726.63379281642
101.93,-7.760000000000005,-509,-18726.63379281642
101.93,-7.760000000000005,-509,-18726.63379281642
101.93,-7.760000000000005,-509,-18726.63379281642
101.93,-7.760000000000005,-509,-18726.63379281642
101.93,-7.760000000000005,-509,-18726.63379281642
101.93,-7.760000000000005,-509,-18726.63379281642
101.93,-7.760000000000005,-506,-18738.27379281642
101.93,-7.760000000000005,-506,-18738.27379281642
101.93,-7.760000000000005,-506,-18738.27379281642
101.93,-7.760000000000005,-506,-18738.27379281642
101.93,-7.760000000000005,-506,-18738.27379281642
101.93,-7.760000000000005,-506,-18738.27379281642
101.93,-7.760000000000005,-506,-18738.27379281642
101.91499999999999,-7.730000000000004,-487,-18804.33879281642
101.875,-7.650000000000006,-457,-18900.808792816424
101.88499999999999,-7.63000000000001,-470,-18955.113792816424
101.88499999999999,-7.63000000000001,-472,-18962.74379281642
101.88499999999999,-7.63000000000001,-472,-18962.74379281642
101.88499999999999,-7.63000000000001,-472,-18962.74379281642
101.88499999999999,-7.63000000000001,-471,-18966.558792816428
101.88499999999999,-7.63000000000001,-471,-18966.558792816428
101.91,-7.579999999999998,-473,-18986.01379281643
101.91,-7.579999999999998,-473,-18986.01379281643
101.91,-7.579999999999998,-473,-18986.01379281643
101.91,-7.579999999999998,-473,-18986.01379281643
101.91,-7.579999999999998,-473,-18986.01379281643
101.91,-7.579999999999998,-472,-18989.803792816427
101.91,-7.579999999999998,-472,-18989.803792816427
101.91,-7.579999999999998,-471,-18993.59379281643
101.91,-7.579999999999998,-471,-18993.59379281643
101.91,-7.579999999999998,-471,-18993.59379281643
101.91,-7.579999999999998,-471,-18993.59379281643
101.91499999999999,-7.570000000000007,-484,-19045.253792816424
101.91499999999999,-7.570000000000007,-485,-19049.038792816424
101.91499999999999,-7.570000000000007,-485,-19049.038792816424
101.91499999999999,-7.570000000000007,-485,-19049.038792816424
101.91499999999999,-7.570000000000007,-485,-19049.038792816424
101.91499999999999,-7.570000000000007,-485,-19049.038792816424
101.91499999999999,-7.570000000000007,-485,-19049.038792816424
101.91499999999999,-7.570000000000007,-485,-19049.038792816424
101.91499999999999,-7.570000000000007,-485,-19049.038792816424
101.91499999999999,-7.570000000000007,-485,-19049.038792816424
101.92,-7.560000000000002,-501,-19112.003792816427
101.92,-7.560000000000002,-503,-19119.563792816432
101.92,-7.560000000000002,-504,-19123.34379281643
101.92,-7.560000000000002,-494,-19161.143792816434
101.92,-7.560000000000002,-494,-19161.143792816434
101.99000000000001,-7.420000000000002,-503,-19230.09379281643
101.99000000000001,-7.420000000000002,-497,-19252.353792816437
101.99000000000001,-7.420000000000002,-497,-19252.353792816437
102.015,-7.3700000000000045,-515,-19332.00879281643
102.015,-7.3700000000000045,-513,-19339.37879281643
102.015,-7.3700000000000045,-513,-19339.37879281643
102.015,-7.3700000000000045,-513,-19339.37879281643
102.015,-7.3700000000000045,-513,-19339.37879281643
102.015,-7.3700000000000045,-519,-19361.48879281643
102.015,-7.3700000000000045,-519,-19361.48879281643
102.015,-7.3700000000000045,-525,-19383.598792816425
102.05,-7.439999999999998,-525,-19401.973792816425
102.065,-7.469999999999999,-525,-19409.848792816425
102.07,-7.480000000000004,-525,-19412.473792816425
102.07499999999999,-7.489999999999995,-525,-19415.098792816418
102.07499999999999,-7.489999999999995,-525,-19415.098792816418
102.07499999999999,-7.489999999999995,-525,-19415.098792816418
102.07499999999999,-7.489999999999995,-525,-19415.098792816418
102.07499999999999,-7.489999999999995,-521,-19430.07879281642
102.07499999999999,-7.489999999999995,-504,-19493.743792816418
102.07499999999999,-7.489999999999995,-504,-19493.743792816418
102.07499999999999,-7.489999999999995,-501,-19504.97879281642
102.07499999999999,-7.489999999999995,-501,-19504.97879281642
102.07499999999999,-7.489999999999995,-501,-19504.97879281642
102.07499999999999,-7.489999999999995,-513,-19549.91879281641
102.07499999999999,-7.489999999999995,-513,-19549.91879281641
102.07499999999999,-7.489999999999995,-513,-19549.91879281641
102.07499999999999,-7.489999999999995,-513,-19549.91879281641
102.07499999999999,-7.489999999999995,-513,-19549.91879281641
102.07499999999999,-7.489999999999995,-513,-19549.91879281641
102.07499999999999,-7.489999999999995,-513,-19549.91879281641
102.07499999999999,-7.489999999999995,-504,-19583.623792816416
102.07499999999999,-7.489999999999995,-504,-19583.623792816416
102.07499999999999,-7.489999999999995,-504,-19583.623792816416
102.08,-7.47999999999999,-524,-19661.103792816415
102.08,-7.47999999999999,-524,-19661.103792816415
102.09,-7.459999999999994,-540,-19726.343792816413
102.175,-7.6299999999999955,-540,-19772.243792816414
102.22,-7.719999999999999,-541,-19800.40379281641
102.245,-7.769999999999996,-541,-19813.92879281642
102.22,-7.719999999999999,-513,-19909.783792816415
102.22,-7.719999999999999,-513,-19909.783792816415
102.22,-7.719999999999999,-513,-19909.783792816415
102.22,-7.719999999999999,-513,-19909.783792816415
102.22,-7.719999999999999,-513,-19909.783792816415
102.175,-7.6299999999999955,-506,-19913.58379281641
102.175,-7.6299999999999955,-506,-19913.58379281641
102.175,-7.6299999999999955,-506,-19913.58379281641
102.175,-7.6299999999999955,-506,-19913.58379281641
102.10499999999999,-7.489999999999995,-497,-19912.568792816415
102.10499999999999,-7.489999999999995,-497,-19912.568792816415
102.10499999999999,-7.489999999999995,-497,-19912.568792816415
102.125,-7.449999999999989,-508,-19963.843792816417
102.125,-7.449999999999989,-503,-19982.468792816417
102.125,-7.449999999999989,-503,-19982.468792816417
102.125,-7.449999999999989,-503,-19982.468792816417
102.125,-7.449999999999989,-503,-19982.468792816417
102.125,-7.449999999999989,-501,-19989.918792816417
102.125,-7.449999999999989,-501,-19989.918792816417
102.125,-7.449999999999989,-489,-20034.618792816418
102.125,-7.449999999999989,-487,-20042.06879281642
102.125,-7.449999999999989,-487,-20042.06879281642
102.125,-7.449999999999989,-487,-20042.06879281642
102.125,-7.449999999999989,-486,-20045.793792816417
102.125,-7.449999999999989,-484,-20053.243792816418
102.125,-7.449999999999989,-484,-20053.243792816418
102.125,-7.449999999999989,-484,-20053.243792816418
102.125,-7.449999999999989,-484,-20053.243792816418
102.125,-7.449999999999989,-485,-20056.968792816417
102.125,-7.449999999999989,-485,-20056.968792816417
102.125,-7.449999999999989,-485,-20056.968792816417
102.125,-7.449999999999989,-479,-20079.318792816415
102.145,-7.409999999999997,-495,-20148.45879281642
102.145,-7.409999999999997,-495,-20148.45879281642
102.145,-7.409999999999997,-495,-20148.45879281642
102.145,-7.409999999999997,-495,-20148.45879281642
102.145,-7.409999999999997,-495,-20148.45879281642
102.145,-7.409999999999997,-496,-20152.163792816416
102.145,-7.409999999999997,-496,-20152.163792816416
102.145,-7.409999999999997,-496,-20152.163792816416
102.145,-7.409999999999997,-496,-20152.163792816416
102.145,-7.409999999999997,-496,-20152.163792816416
102.145,-7.409999999999997,-496,-20152.163792816416
102.145,-7.409999999999997,-496,-20152.163792816416
102.145,-7.409999999999997,-496,-20152.163792816416
102.145,-7.409999999999997,-487,-20185.508792816418
102.145,-7.409999999999997,-487,-20185.508792816418
102.145,-7.409999999999997,-488,-20189.213792816416
102.145,-7.409999999999997,-488,-20189.213792816416
102.145,-7.409999999999997,-488,-20189.213792816416
102.145,-7.409999999999997,-487,-20192.918792816417
102.145,-7.409999999999997,-487,-20192.918792816417
102.145,-7.409999999999997,-487,-20192.918792816417
102.145,-7.409999999999997,-487,-20192.918792816417
102.145,-7.409999999999997,-487,-20192.918792816417
102.145,-7.409999999999997,-487,-20192.918792816417
102.13,-7.3799999999999955,-481,-20207.933792816417
102.13,-7.3799999999999955,-479,-20215.313792816414
102.13,-7.3799999999999955,-480,-20219.003792816413
102.13,-7.3799999999999955,-479,-20222.693792816415
102.13,-7.3799999999999955,-477,-20230.073792816413
102.13,-7.3799999999999955,-463,-20281.733792816412
102.13,-7.3799999999999955,-463,-20281.733792816412
102.13,-7.3799999999999955,-463,-20281.733792816412
102.13,-7.3799999999999955,-463,-20281.733792816412
102.13,-7.3799999999999955,-474,-20322.323792816413
102.13,-7.3799999999999955,-465,-20355.533792816415
102.13,-7.3799999999999955,-465,-20355.533792816415
102.13,-7.3799999999999955,-465,-20355.533792816415
102.13,-7.3799999999999955,-465,-20355.533792816415
102.13,-7.3799999999999955,-466,-20359.223792816414
102.13,-7.3799999999999955,-472,-20381.36379281642
102.13,-7.3799999999999955,-472,-20381.36379281642
102.13,-7.3799999999999955,-472,-20381.36379281642
102.13,-7.3799999999999955,-465,-20407.19379281642
102.13,-7.3799999999999955,-465,-20407.19379281642
102.125,-7.3700000000000045,-456,-20438.05379281642
102.125,-7.3700000000000045,-456,-20438.05379281642
102.13,-7.359999999999999,-471,-20495.633792816414
102.11500000000001,-7.329999999999998,-456,-20543.833792816422
102.11500000000001,-7.329999999999998,-456,-20543.833792816422
102.09,-7.280000000000001,-438,-20598.75379281642
102.09,-7.280000000000001,-438,-20598.75379281642
102.09,-7.280000000000001,-435,-20609.673792816422
102.09,-7.280000000000001,-435,-20609.673792816422
102.09,-7.280000000000001,-435,-20609.673792816422
102.16,-7.140000000000001,-444,-20672.95379281642
102.16,-7.140000000000001,-429,-20726.50379281642
102.16,-7.140000000000001,-429,-20726.50379281642
102.16,-7.140000000000001,-429,-20726.50379281642
102.16,-7.140000000000001,-429,-20726.50379281642
102.16,-7.140000000000001,-425,-20740.78379281642
102.16,-7.140000000000001,-425,-20740.78379281642
102.16,-7.140000000000001,-425,-20740.78379281642
102.16,-7.140000000000001,-425,-20740.78379281642
102.16,-7.140000000000001,-425,-20740.78379281642
102.16,-7.140000000000001,-425,-20740.78379281642
102.16,-7.140000000000001,-425,-20740.78379281642
102.16,-7.140000000000001,-425,-20740.78379281642
102.16,-7.140000000000001,-425,-20740.78379281642
102.16,-7.140000000000001,-425,-20740.78379281642
102.16,-7.140000000000001,-425,-20740.78379281642
102.16,-7.140000000000001,-425,-20740.78379281642
102.16,-7.140000000000001,-425,-20740.78379281642
102.16,-7.140000000000001,-422,-20751.493792816414
102.16,-7.140000000000001,-422,-20751.493792816414
102.16,-7.140000000000001,-422,-20751.493792816414
102.16,-7.140000000000001,-422,-20751.493792816414
102.16,-7.140000000000001,-422,-20751.493792816414
102.16,-7.140000000000001,-423,-20755.063792816418
102.16,-7.140000000000001,-423,-20755.063792816418
102.16,-7.140000000000001,-423,-20755.063792816418
102.16,-7.140000000000001,-424,-20758.633792816414
102.16,-7.140000000000001,-416,-20787.193792816415
102.16,-7.140000000000001,-416,-20787.193792816415
102.16,-7.140000000000001,-416,-20787.193792816415
102.16,-7.140000000000001,-416,-20787.193792816415
102.16,-7.140000000000001,-420,-20801.473792816414
102.16,-7.140000000000001,-420,-20801.473792816414
102.16,-7.140000000000001,-420,-20801.473792816414
102.14500000000001,-7.109999999999999,-410,-20830.93379281642
102.14500000000001,-7.109999999999999,-408,-20838.04379281642
102.14500000000001,-7.109999999999999,-408,-20838.04379281642
102.14500000000001,-7.109999999999999,-408,-20838.04379281642
102.14500000000001,-7.109999999999999,-408,-20838.04379281642
102.14500000000001,-7.109999999999999,-408,-20838.04379281642
102.14500000000001,-7.109999999999999,-408,-20838.04379281642
102.14500000000001,-7.109999999999999,-406,-20845.15379281642
102.14500000000001,-7.109999999999999,-406,-20845.15379281642
102.14500000000001,-7.109999999999999,-406,-20845.15379281642
102.14500000000001,-7.109999999999999,-407,-20848.708792816426
102.14500000000001,-7.109999999999999,-407,-20848.708792816426
102.14500000000001,-7.109999999999999,-412,-20866.483792816423
102.14500000000001,-7.109999999999999,-412,-20866.483792816423
102.14500000000001,-7.109999999999999,-412,-20866.483792816423
102.14500000000001,-7.109999999999999,-412,-20866.483792816423
102.14500000000001,-7.109999999999999,-412,-20866.483792816423
102.14500000000001,-7.109999999999999,-413,-20870.03879281642
102.14500000000001,-7.109999999999999,-422,-20902.03379281642
102.14500000000001,-7.109999999999999,-422,-20902.03379281642
102.14500000000001,-7.109999999999999,-422,-20902.03379281642
102.14500000000001,-7.109999999999999,-422,-20902.03379281642
102.14500000000001,-7.109999999999999,-422,-20902.03379281642
102.14500000000001,-7.109999999999999,-422,-20902.03379281642
102.14500000000001,-7.109999999999999,-422,-20902.03379281642
102.14500000000001,-7.109999999999999,-423,-20905.588792816423
102.14500000000001,-7.109999999999999,-422,-20909.14379281642
102.14500000000001,-7.109999999999999,-422,-20909.14379281642
102.14500000000001,-7.109999999999999,-423,-20912.698792816424
102.14500000000001,-7.109999999999999,-423,-20912.698792816424
102.14500000000001,-7.109999999999999,-424,-20916.25379281642
102.14500000000001,-7.109999999999999,-426,-20923.36379281642
102.14500000000001,-7.109999999999999,-426,-20923.36379281642
102.14500000000001,-7.109999999999999,-442,-20980.24379281642
102.14500000000001,-7.109999999999999,-442,-20980.24379281642
102.14500000000001,-7.109999999999999,-440,-20987.353792816422
102.14500000000001,-7.109999999999999,-440,-20987.353792816422
102.14500000000001,-7.109999999999999,-427,-21033.56879281642
102.14500000000001,-7.109999999999999,-427,-21033.56879281642
102.14500000000001,-7.109999999999999,-427,-21033.56879281642
102.14500000000001,-7.109999999999999,-427,-21033.56879281642
102.14500000000001,-7.109999999999999,-421,-21054.898792816424
102.14500000000001,-7.109999999999999,-414,-21079.783792816426
102.14500000000001,-7.109999999999999,-414,-21079.783792816426
102.14500000000001,-7.109999999999999,-414,-21079.783792816426
102.14500000000001,-7.109999999999999,-423,-21111.778792816425
102.14500000000001,-7.109999999999999,-423,-21111.778792816425
102.14500000000001,-7.109999999999999,-423,-21111.778792816425
102.14500000000001,-7.109999999999999,-423,-21111.778792816425
102.14500000000001,-7.109999999999999,-403,-21182.878792816424
102.14500000000001,-7.109999999999999,-402,-21186.43379281642
102.14500000000001,-7.109999999999999,-402,-21186.43379281642
102.14500000000001,-7.109999999999999,-403,-21189.988792816424
102.14500000000001,-7.109999999999999,-403,-21189.988792816424
102.14500000000001,-7.109999999999999,-403,-21189.988792816424
102.14500000000001,-7.109999999999999,-409,-21211.318792816426
102.14500000000001,-7.109999999999999,-401,-21239.75879281642
102.14500000000001,-7.109999999999999,-383,-21303.74879281642
102.14500000000001,-7.109999999999999,-385,-21310.85879281642
102.14500000000001,-7.109999999999999,-391,-21332.18879281642
102.14500000000001,-7.109999999999999,-389,-21339.298792816422
102.14500000000001,-7.109999999999999,-389,-21339.298792816422
102.14500000000001,-7.109999999999999,-382,-21364.183792816424
102.14500000000001,-7.109999999999999,-382,-21364.183792816424
102.14500000000001,-7.109999999999999,-382,-21364.183792816424
102.14500000000001,-7.109999999999999,-382,-21364.183792816424
102.14500000000001,-7.109999999999999,-382,-21364.183792816424
102.14500000000001,-7.109999999999999,-382,-21364.183792816424
102.14500000000001,-7.109999999999999,-382,-21364.183792816424
102.14500000000001,-7.109999999999999,-383,-21367.73879281642
102.14500000000001,-7.109999999999999,-384,-21371.293792816425
102.14500000000001,-7.109999999999999,-383,-21374.84879281642
102.14500000000001,-7.109999999999999,-383,-21374.84879281642
102.14500000000001,-7.109999999999999,-398,-21428.173792816426
102.14500000000001,-7.109999999999999,-400,-21435.283792816426
102.13,-7.079999999999998,-383,-21489.833792816422
102.13,-7.079999999999998,-379,-21503.993792816418
102.125,-7.069999999999993,-373,-21523.34879281642
102.125,-7.069999999999993,-385,-21565.768792816423
102.125,-7.069999999999993,-385,-21565.768792816423
102.125,-7.069999999999993,-389,-21579.908792816423
102.125,-7.069999999999993,-394,-21597.583792816422
102.125,-7.069999999999993,-387,-21622.32879281642
102.125,-7.069999999999993,-387,-21622.32879281642
102.125,-7.069999999999993,-387,-21622.32879281642
102.125,-7.069999999999993,-387,-21622.32879281642
102.125,-7.069999999999993,-387,-21622.32879281642
102.1325,-7.055000000000007,-394,-21649.968792816417
102.1325,-7.055000000000007,-394,-21649.968792816417
102.1325,-7.055000000000007,-391,-21660.551292816417
102.1325,-7.055000000000007,-391,-21660.551292816417
102.1325,-7.055000000000007,-391,-21660.551292816417
102.1325,-7.055000000000007,-391,-21660.551292816417
102.1325,-7.055000000000007,-391,-21660.551292816417
102.1325,-7.055000000000007,-391,-21660.551292816417
102.1325,-7.055000000000007,-391,-21660.551292816417
102.1325,-7.055000000000007,-391,-21660.551292816417
102.1325,-7.055000000000007,-391,-21660.551292816417
102.1325,-7.055000000000007,-391,-21660.551292816417
102.1325,-7.055000000000007,-391,-21660.551292816417
102.1325,-7.055000000000007,-386,-21678.188792816418
102.1325,-7.055000000000007,-386,-21678.188792816418
102.1325,-7.055000000000007,-386,-21678.188792816418
102.1325,-7.055000000000007,-386,-21678.188792816418
102.1325,-7.055000000000007,-386,-21678.188792816418
102.1325,-7.055000000000007,-379,-21702.88129281642
102.1325,-7.055000000000007,-380,-21706.40879281642
102.1325,-7.055000000000007,-380,-21706.40879281642
102.1325,-7.055000000000007,-385,-21724.046292816416
102.1325,-7.055000000000007,-389,-21738.156292816417
102.1325,-7.055000000000007,-389,-21738.156292816417
102.1325,-7.055000000000007,-389,-21738.156292816417
102.1325,-7.055000000000007,-389,-21738.156292816417
102.1325,-7.055000000000007,-389,-21738.156292816417
102.1325,-7.055000000000007,-389,-21738.156292816417
102.1325,-7.055000000000007,-387,-21745.211292816417
102.1325,-7.055000000000007,-387,-21745.211292816417
102.1325,-7.055000000000007,-387,-21745.211292816417
102.1325,-7.055000000000007,-387,-21745.211292816417
102.1325,-7.055000000000007,-374,-21791.06879281642
102.1325,-7.055000000000007,-384,-21826.343792816417
102.1325,-7.055000000000007,-389,-21843.981292816414
102.1275,-7.045000000000016,-383,-21863.181292816414
102.1275,-7.045000000000016,-380,-21873.748792816416
102.1275,-7.045000000000016,-380,-21873.748792816416
102.1275,-7.045000000000016,-375,-21891.36129281642
102.1275,-7.045000000000016,-373,-21898.40629281642
102.1275,-7.045000000000016,-373,-21898.40629281642
102.1225,-7.035000000000011,-363,-21931.766292816417
102.1225,-7.035000000000011,-363,-21931.766292816417
102.1225,-7.035000000000011,-363,-21931.766292816417
102.1225,-7.035000000000011,-362,-21935.28379281642
102.1225,-7.035000000000011,-373,-21973.976292816413
102.1225,-7.035000000000011,-373,-21973.976292816413
102.1225,-7.035000000000011,-381,-22002.11629281642
102.14,-7.0,-417,-22135.408792816415
102.14,-7.0,-414,-22145.908792816415
102.14,-7.0,-413,-22149.408792816415
102.14,-7.0,-413,-22149.408792816415
102.14,-7.0,-423,-22184.408792816415
102.14,-7.0,-423,-22184.408792816415
102.14,-7.0,-423,-22184.408792816415
102.14,-7.0,-423,-22184.408792816415
102.14,-7.0,-423,-22184.408792816415
102.14,-7.0,-423,-22184.408792816415
102.14,-7.0,-423,-22184.408792816415
102.14,-7.0,-423,-22184.408792816415
102.14,-7.0,-443,-22254.40879281641
102.14,-7.0,-443,-22254.40879281641
102.14,-7.0,-427,-22310.408792816415
102.14,-7.0,-427,-22310.408792816415
102.14,-7.0,-427,-22310.408792816415
102.14,-7.0,-427,-22310.408792816415
102.14,-7.0,-427,-22310.408792816415
102.14,-7.0,-427,-22310.408792816415
102.14,-7.0,-427,-22310.408792816415
102.14,-7.0,-427,-22310.408792816415
102.14,-7.0,-427,-22310.408792816415
102.14,-7.0,-426,-22313.908792816415
102.14,-7.0,-426,-22313.908792816415
102.14,-7.0,-421,-22331.40879281642
102.14,-7.0,-421,-22331.40879281642
102.14,-7.0,-421,-22331.40879281642
102.14,-7.0,-417,-22345.408792816415
102.14,-7.0,-417,-22345.408792816415
102.14,-7.0,-421,-22359.40879281642
102.14,-7.0,-411,-22394.40879281642
102.14,-7.0,-405,-22415.408792816415
102.14,-7.0,-406,-22418.908792816423
102.14,-7.0,-406,-22418.908792816423
102.14,-7.0,-406,-22418.908792816423
102.14,-7.0,-406,-22418.908792816423
102.14,-7.0,-406,-22418.908792816423
102.14,-7.0,-406,-22418.908792816423
102.14,-7.0,-406,-22418.908792816423
102.14,-7.0,-400,-22439.90879281642
102.14,-7.0,-400,-22439.90879281642
102.14,-7.0,-404,-22453.908792816415
102.14,-7.0,-404,-22453.908792816415
102.14,-7.0,-409,-22471.40879281642
102.14,-7.0,-409,-22471.40879281642
102.14,-7.0,-409,-22471.40879281642
102.14,-7.0,-409,-22471.40879281642
102.14,-7.0,-409,-22471.40879281642
102.14,-7.0,-410,-22474.90879281642
102.14,-7.0,-410,-22474.90879281642
102.14,-7.0,-410,-22474.90879281642
102.14,-7.0,-410,-22474.90879281642
102.14,-7.0,-410,-22474.90879281642
102.14,-7.0,-404,-22495.908792816415
102.14,-7.0,-403,-22499.408792816415
102.14,-7.0,-403,-22499.408792816415
102.14,-7.0,-403,-22499.408792816415
102.14,-7.0,-403,-22499.408792816415
102.14,-7.0,-417,-22548.408792816415
102.14,-7.0,-424,-22572.90879281642
102.14,-7.0,-424,-22572.90879281642
102.14,-7.0,-424,-22572.90879281642
102.14,-7.0,-414,-22607.90879281642
102.14,-7.0,-435,-22681.408792816423
102.14,-7.0,-434,-22684.908792816423
102.14,-7.0,-433,-22688.408792816423
102.14,-7.0,-433,-22688.408792816423
102.14,-7.0,-432,-22691.908792816423
102.14,-7.0,-432,-22691.908792816423
102.14250000000001,-6.99499999999999,-450,-22755.951292816426
102.14250000000001,-6.99499999999999,-450,-22755.951292816426
102.14250000000001,-6.99499999999999,-450,-22755.951292816426
102.14250000000001,-6.99499999999999,-450,-22755.951292816426
102.14250000000001,-6.99499999999999,-450,-22755.951292816426
102.14250000000001,-6.99499999999999,-450,-22755.951292816426
102.14250000000001,-6.99499999999999,-450,-22755.951292816426
102.14250000000001,-6.99499999999999,-450,-22755.951292816426
102.14250000000001,-6.99499999999999,-450,-22755.951292816426
102.14250000000001,-6.99499999999999,-450,-22755.951292816426
102.14250000000001,-6.99499999999999,-450,-22755.951292816426
102.14250000000001,-6.99499999999999,-450,-22755.951292816426
102.14250000000001,-6.99499999999999,-451,-22759.448792816427
102.14250000000001,-6.99499999999999,-451,-22759.448792816427
102.14250000000001,-6.99499999999999,-459,-22787.428792816427
102.14250000000001,-6.99499999999999,-459,-22787.428792816427
102.14250000000001,-6.99499999999999,-459,-22787.428792816427
102.14250000000001,-6.99499999999999,-459,-22787.428792816427
102.14250000000001,-6.99499999999999,-460,-22790.92629281642
102.14250000000001,-6.99499999999999,-460,-22790.92629281642
102.14250000000001,-6.99499999999999,-460,-22790.92629281642
102.14250000000001,-6.99499999999999,-460,-22790.92629281642
102.14250000000001,-6.99499999999999,-459,-22794.423792816426
102.14250000000001,-6.99499999999999,-459,-22794.423792816426
102.14250000000001,-6.99499999999999,-463,-22808.413792816424
102.14250000000001,-6.99499999999999,-463,-22808.413792816424
102.14250000000001,-6.99499999999999,-448,-22860.876292816418
102.14250000000001,-6.99499999999999,-448,-22860.876292816418
102.14250000000001,-6.99499999999999,-448,-22860.876292816418
102.14250000000001,-6.99499999999999,-448,-22860.876292816418
102.14250000000001,-6.99499999999999,-448,-22860.876292816418
102.14250000000001,-6.99499999999999,-448,-22860.876292816418
102.14250000000001,-6.99499999999999,-448,-22860.876292816418
102.14250000000001,-6.99499999999999,-448,-22860.876292816418
102.14250000000001,-6.99499999999999,-448,-22860.876292816418
102.14250000000001,-6.99499999999999,-448,-22860.876292816418
102.14250000000001,-6.99499999999999,-448,-22860.876292816418
102.14250000000001,-6.99499999999999,-448,-22860.876292816418
102.14250000000001,-6.99499999999999,-451,-22871.36879281642
102.14250000000001,-6.99499999999999,-457,-22892.35379281642
102.14250000000001,-6.99499999999999,-457,-22892.35379281642
102.14250000000001,-6.99499999999999,-457,-22892.35379281642
102.14250000000001,-6.99499999999999,-457,-22892.35379281642
102.14250000000001,-6.99499999999999,-457,-22892.35379281642
102.13250000000001,-6.974999999999994,-440,-22947.391292816417
102.13250000000001,-6.974999999999994,-440,-22947.391292816417
102.13250000000001,-6.974999999999994,-440,-22947.391292816417
102.135,-6.969999999999999,-454,-22997.301292816413
102.135,-6.969999999999999,-454,-22997.301292816413
102.135,-6.969999999999999,-454,-22997.301292816413
102.135,-6.969999999999999,-455,-23000.786292816414
102.135,-6.969999999999999,-455,-23000.786292816414
102.135,-6.969999999999999,-466,-23039.121292816413
102.135,-6.969999999999999,-466,-23039.121292816413
102.135,-6.969999999999999,-474,-23067.001292816414
102.135,-6.969999999999999,-474,-23067.001292816414
102.135,-6.969999999999999,-474,-23067.001292816414
102.135,-6.969999999999999,-474,-23067.001292816414
102.135,-6.969999999999999,-474,-23067.001292816414
102.135,-6.969999999999999,-493,-23133.21629281641
102.135,-6.969999999999999,-493,-23133.21629281641
102.135,-6.969999999999999,-496,-23143.67129281641
102.135,-6.969999999999999,-496,-23143.67129281641
102.135,-6.969999999999999,-496,-23143.67129281641
102.135,-6.969999999999999,-496,-23143.67129281641
102.135,-6.969999999999999,-490,-23164.581292816412
102.135,-6.969999999999999,-493,-23175.03629281641
102.135,-6.969999999999999,-493,-23175.03629281641
102.135,-6.969999999999999,-493,-23175.03629281641
102.135,-6.969999999999999,-493,-23175.03629281641
102.135,-6.969999999999999,-500,-23199.43129281641
102.14500000000001,-6.989999999999995,-500,-23204.431292816418
102.15,-7.0,-500,-23206.93129281641
102.15,-7.0,-500,-23206.93129281641
102.15,-7.0,-500,-23206.93129281641
102.15,-7.0,-486,-23255.93129281641
102.15,-7.0,-486,-23255.93129281641
102.15,-7.0,-486,-23255.93129281641
102.15,-7.0,-486,-23255.93129281641
102.15,-7.0,-485,-23259.43129281641
102.15,-7.0,-485,-23259.43129281641
102.15,-7.0,-485,-23259.43129281641
102.15,-7.0,-485,-23259.43129281641
102.15,-7.0,-493,-23287.431292816414
102.15,-7.0,-490,-23297.93129281641
102.15,-7.0,-490,-23297.93129281641
102.15,-7.0,-487,-23308.431292816414
102.15,-7.0,-487,-23308.431292816414
102.15,-7.0,-491,-23322.431292816414
102.15,-7.0,-491,-23322.431292816414
102.15,-7.0,-491,-23322.431292816414
102.15,-7.0,-491,-23322.431292816414
102.15,-7.0,-492,-23325.931292816414
102.15,-7.0,-492,-23325.931292816414
102.15,-7.0,-489,-23336.431292816418
102.15,-7.0,-489,-23336.431292816418
102.15,-7.0,-490,-23339.93129281641
102.15,-7.0,-490,-23339.93129281641
102.15,-7.0,-490,-23339.93129281641
102.15,-7.0,-490,-23339.93129281641
102.15,-7.0,-490,-23339.93129281641
102.15,-7.0,-490,-23339.93129281641
102.15,-7.0,-485,-23357.43129281641
102.15,-7.0,-483,-23364.431292816414
102.13,-6.959999999999994,-461,-23432.02129281641
102.13,-6.959999999999994,-457,-23445.941292816406
102.13,-6.959999999999994,-451,-23466.821292816407
102.13,-6.959999999999994,-451,-23466.821292816407
102.13,-6.959999999999994,-451,-23466.821292816407
102.13,-6.959999999999994,-451,-23466.821292816407
102.13,-6.959999999999994,-451,-23466.821292816407
102.13,-6.959999999999994,-451,-23466.821292816407
102.13,-6.959999999999994,-451,-23466.821292816407
102.13,-6.959999999999994,-455,-23480.741292816412
102.13,-6.959999999999994,-445,-23515.541292816408
102.13,-6.959999999999994,-445,-23515.541292816408
102.13,-6.959999999999994,-446,-23519.021292816404
102.13,-6.959999999999994,-446,-23519.021292816404
102.13,-6.959999999999994,-450,-23532.94129281641
102.13,-6.959999999999994,-455,-23550.34129281641
102.13,-6.959999999999994,-460,-23567.741292816405
102.13,-6.959999999999994,-457,-23578.181292816407
102.13,-6.959999999999994,-457,-23578.181292816407
102.13,-6.959999999999994,-457,-23578.181292816407
102.13,-6.959999999999994,-457,-23578.181292816407
102.13,-6.959999999999994,-457,-23578.181292816407
102.13,-6.959999999999994,-451,-23599.06129281641
102.13,-6.959999999999994,-451,-23599.06129281641
102.1325,-6.954999999999998,-457,-23621.06379281641
102.1325,-6.954999999999998,-457,-23621.06379281641
102.1325,-6.954999999999998,-457,-23621.06379281641
102.1325,-6.954999999999998,-457,-23621.06379281641
102.1325,-6.954999999999998,-457,-23621.06379281641
102.1325,-6.954999999999998,-456,-23624.54129281641
102.1325,-6.954999999999998,-455,-23628.018792816412
102.1325,-6.954999999999998,-455,-23628.018792816412
102.1325,-6.954999999999998,-455,-23628.018792816412
102.1325,-6.954999999999998,-455,-23628.018792816412
102.1325,-6.954999999999998,-458,-23638.45129281641
102.1325,-6.954999999999998,-458,-23638.45129281641
102.1325,-6.954999999999998,-458,-23638.45129281641
102.1325,-6.954999999999998,-478,-23708.001292816414
102.1325,-6.954999999999998,-478,-23708.001292816414
102.1325,-6.954999999999998,-478,-23708.001292816414
102.1325,-6.954999999999998,-478,-23708.001292816414
102.1325,-6.954999999999998,-479,-23711.478792816415
102.1325,-6.954999999999998,-480,-23714.956292816416
102.1325,-6.954999999999998,-479,-23718.433792816417
102.1325,-6.954999999999998,-479,-23718.433792816417
102.1325,-6.954999999999998,-479,-23718.433792816417
102.1325,-6.954999999999998,-479,-23718.433792816417
102.1325,-6.954999999999998,-479,-23718.433792816417
102.1325,-6.954999999999998,-479,-23718.433792816417
102.1325,-6.954999999999998,-492,-23763.641292816414
102.1325,-6.954999999999998,-472,-23833.191292816413
102.1325,-6.954999999999998,-472,-23833.191292816413
102.1325,-6.954999999999998,-472,-23833.191292816413
102.1325,-6.954999999999998,-472,-23833.191292816413
102.1325,-6.954999999999998,-473,-23836.668792816414
102.1325,-6.954999999999998,-473,-23836.668792816414
102.1325,-6.954999999999998,-469,-23850.578792816414
102.1325,-6.954999999999998,-475,-23871.44379281642
102.1325,-6.954999999999998,-472,-23881.876292816414
102.1325,-6.954999999999998,-472,-23881.876292816414
102.14,-6.939999999999998,-516,-24038.126292816418
102.235,-7.1299999999999955,-516,-24087.146292816422
102.28,-7.219999999999999,-518,-24117.58629281642
102.315,-7.289999999999992,-512,-24157.586292816417
102.3175,-7.284999999999982,-521,-24191.668792816414
102.3525,-7.35499999999999,-521,-24209.90379281642
102.3675,-7.384999999999991,-521,-24217.718792816424
102.3775,-7.404999999999987,-521,-24222.928792816416
102.38250000000001,-7.414999999999992,-523,-24232.94879281642
102.39250000000001,-7.434999999999988,-523,-24238.178792816423
102.39750000000001,-7.444999999999993,-523,-24240.79379281642
102.4025,-7.454999999999984,-523,-24243.40879281642
102.4025,-7.454999999999984,-523,-24243.40879281642
102.4025,-7.454999999999984,-523,-24243.40879281642
102.4025,-7.454999999999984,-527,-24258.31879281642
102.42250000000001,-7.49499999999999,-527,-24268.858792816427
102.4325,-7.514999999999986,-530,-24285.401292816423
102.45250000000001,-7.554999999999993,-540,-24333.776292816423
102.5125,-7.674999999999983,-540,-24366.176292816417
102.5425,-7.734999999999985,-540,-24382.37629281642
102.5575,-7.764999999999986,-548,-24421.536292816418
102.60750000000002,-7.864999999999995,-548,-24448.936292816426
102.63250000000001,-7.914999999999992,-548,-24462.636292816416
102.64250000000001,-7.934999999999988,-547,-24472.083792816426
102.64250000000001,-7.934999999999988,-547,-24472.083792816426
102.64250000000001,-7.934999999999988,-548,-24476.05129281642
102.64750000000001,-7.944999999999993,-548,-24478.79129281642
102.6525,-7.954999999999984,-548,-24481.531292816417
102.6525,-7.954999999999984,-548,-24481.531292816417
102.6525,-7.954999999999984,-548,-24481.531292816417
102.6525,-7.954999999999984,-548,-24481.531292816417
102.6525,-7.954999999999984,-548,-24481.531292816417
102.6525,-7.954999999999984,-548,-24481.531292816417
102.6525,-7.954999999999984,-540,-24513.351292816416
102.6525,-7.954999999999984,-537,-24525.28379281642
102.6525,-7.954999999999984,-537,-24525.28379281642
102.6525,-7.954999999999984,-537,-24525.28379281642
102.6525,-7.954999999999984,-537,-24525.28379281642
102.6525,-7.954999999999984,-537,-24525.28379281642
102.6525,-7.954999999999984,-536,-24529.261292816424
102.6525,-7.954999999999984,-531,-24549.14879281642
102.6525,-7.954999999999984,-531,-24549.14879281642
102.6525,-7.954999999999984,-525,-24573.01379281642
102.6525,-7.954999999999984,-519,-24596.878792816417
102.6525,-7.954999999999984,-519,-24596.878792816417
102.6525,-7.954999999999984,-519,-24596.878792816417
102.6525,-7.954999999999984,-508,-24640.63129281642
102.6525,-7.954999999999984,-500,-24672.45129281642
102.6525,-7.954999999999984,-500,-24672.45129281642
102.6525,-7.954999999999984,-500,-24672.45129281642
102.6525,-7.954999999999984,-500,-24672.45129281642
102.6525,-7.954999999999984,-500,-24672.45129281642
102.6525,-7.954999999999984,-500,-24672.45129281642
102.6525,-7.954999999999984,-500,-24672.45129281642
102.6525,-7.954999999999984,-500,-24672.45129281642
102.6525,-7.954999999999984,-500,-24672.45129281642
102.64750000000001,-7.944999999999993,-471,-24785.373792816423
102.64750000000001,-7.944999999999993,-471,-24785.373792816423
102.64750000000001,-7.944999999999993,-471,-24785.373792816423
102.64750000000001,-7.944999999999993,-472,-24789.346292816423
102.64750000000001,-7.944999999999993,-472,-24789.346292816423
102.64750000000001,-7.944999999999993,-472,-24789.346292816423
102.64250000000001,-7.934999999999988,-469,-24798.918792816425
102.64250000000001,-7.934999999999988,-467,-24806.85379281643
102.64250000000001,-7.934999999999988,-458,-24842.56129281643
102.64250000000001,-7.934999999999988,-458,-24842.56129281643
102.64250000000001,-7.934999999999988,-458,-24842.56129281643
102.64250000000001,-7.934999999999988,-458,-24842.56129281643
102.64250000000001,-7.934999999999988,-458,-24842.56129281643
102.64250000000001,-7.934999999999988,-458,-24842.56129281643
102.63250000000001,-7.914999999999992,-438,-24917.491292816427
102.63250000000001,-7.914999999999992,-447,-24953.108792816423
102.63250000000001,-7.914999999999992,-447,-24953.108792816423
102.63250000000001,-7.914999999999992,-447,-24953.108792816423
102.63250000000001,-7.914999999999992,-446,-24957.066292816424
102.63250000000001,-7.914999999999992,-444,-24964.981292816425
102.61250000000001,-7.874999999999986,-439,-24975.988792816428
102.61250000000001,-7.874999999999986,-439,-24975.988792816428
102.61250000000001,-7.874999999999986,-439,-24975.988792816428
102.61250000000001,-7.874999999999986,-445,-24999.61379281643
102.61250000000001,-7.874999999999986,-445,-24999.61379281643
102.61250000000001,-7.874999999999986,-445,-24999.61379281643
102.61250000000001,-7.874999999999986,-445,-24999.61379281643
102.61250000000001,-7.874999999999986,-445,-24999.61379281643
102.60750000000002,-7.864999999999995,-432,-25048.611292816433
102.60750000000002,-7.864999999999995,-427,-25068.273792816428
102.60750000000002,-7.864999999999995,-427,-25068.273792816428
102.60750000000002,-7.864999999999995,-427,-25068.273792816428
102.60750000000002,-7.864999999999995,-427,-25068.273792816428
102.60750000000002,-7.864999999999995,-427,-25068.273792816428
102.60750000000002,-7.864999999999995,-427,-25068.273792816428
102.60750000000002,-7.864999999999995,-427,-25068.273792816428
102.60750000000002,-7.864999999999995,-429,-25076.138792816433
102.60750000000002,-7.864999999999995,-429,-25076.138792816433
102.60750000000002,-7.864999999999995,-429,-25076.138792816433
102.60750000000002,-7.864999999999995,-429,-25076.138792816433
102.60750000000002,-7.864999999999995,-429,-25076.138792816433
102.61000000000001,-7.859999999999999,-438,-25112.586292816435
102.61000000000001,-7.859999999999999,-447,-25147.956292816434
102.6,-7.839999999999989,-442,-25163.12629281643
102.6,-7.839999999999989,-442,-25163.12629281643
102.6,-7.839999999999989,-442,-25163.12629281643
102.6,-7.839999999999989,-450,-25194.486292816433
102.6,-7.839999999999989,-450,-25194.486292816433
102.6,-7.839999999999989,-446,-25210.166292816433
102.6,-7.839999999999989,-446,-25210.166292816433
102.6,-7.839999999999989,-446,-25210.166292816433
102.6,-7.839999999999989,-446,-25210.166292816433
102.6,-7.839999999999989,-441,-25229.76629281643
102.6,-7.839999999999989,-444,-25241.526292816427
102.6,-7.839999999999989,-444,-25241.526292816427
102.6,-7.839999999999989,-443,-25245.44629281643
102.6,-7.839999999999989,-443,-25245.44629281643
102.6,-7.839999999999989,-443,-25245.44629281643
102.6,-7.839999999999989,-443,-25245.44629281643
102.6,-7.839999999999989,-438,-25265.046292816427
102.6,-7.839999999999989,-414,-25359.126292816425
102.6,-7.839999999999989,-414,-25359.126292816425
102.6,-7.839999999999989,-414,-25359.126292816425
102.6,-7.839999999999989,-414,-25359.126292816425
102.6,-7.839999999999989,-415,-25363.04629281643
102.6,-7.839999999999989,-415,-25363.04629281643
102.6,-7.839999999999989,-415,-25363.04629281643
102.6,-7.839999999999989,-415,-25363.04629281643
102.6,-7.839999999999989,-415,-25363.04629281643
102.6,-7.839999999999989,-413,-25370.886292816427
102.6,-7.839999999999989,-413,-25370.886292816427
102.6,-7.839999999999989,-417,-25386.566292816427
102.6,-7.839999999999989,-417,-25386.566292816427
102.6,-7.839999999999989,-417,-25386.566292816427
102.6,-7.839999999999989,-417,-25386.566292816427
102.6,-7.839999999999989,-417,-25386.566292816427
102.6,-7.839999999999989,-417,-25386.566292816427
102.595,-7.829999999999998,-408,-25419.77629281643
102.595,-7.829999999999998,-408,-25419.77629281643
102.595,-7.829999999999998,-408,-25419.77629281643
102.595,-7.829999999999998,-409,-25423.691292816424
102.57,-7.779999999999987,-402,-25441.046292816427
102.57,-7.779999999999987,-402,-25441.046292816427
102.57,-7.779999999999987,-403,-25444.936292816426
102.57,-7.779999999999987,-403,-25444.936292816426
102.57,-7.779999999999987,-402,-25448.826292816426
102.57,-7.779999999999987,-399,-25460.496292816424
102.57,-7.779999999999987,-398,-25464.386292816424
102.57,-7.779999999999987,-398,-25464.386292816424
102.57,-7.779999999999987,-398,-25464.386292816424
102.57,-7.779999999999987,-398,-25464.386292816424
102.57,-7.779999999999987,-397,-25468.276292816423
102.57,-7.779999999999987,-397,-25468.276292816423
102.57,-7.779999999999987,-397,-25468.276292816423
102.57,-7.779999999999987,-396,-25472.166292816415
102.57,-7.779999999999987,-399,-25483.83629281642
102.57,-7.779999999999987,-399,-25483.83629281642
102.57,-7.779999999999987,-399,-25483.83629281642
102.57,-7.779999999999987,-393,-25507.176292816417
102.57,-7.779999999999987,-391,-25514.956292816416
102.57,-7.779999999999987,-391,-25514.956292816416
102.57,-7.779999999999987,-391,-25514.956292816416
102.57,-7.779999999999987,-391,-25514.956292816416
102.57,-7.779999999999987,-405,-25569.416292816422
102.57,-7.779999999999987,-405,-25569.416292816422
102.57,-7.779999999999987,-405,-25569.416292816422
102.57,-7.779999999999987,-408,-25581.08629281642
102.57,-7.779999999999987,-408,-25581.08629281642
102.57,-7.779999999999987,-408,-25581.08629281642
102.57,-7.779999999999987,-408,-25581.08629281642
102.57,-7.779999999999987,-407,-25584.97629281642
102.57,-7.779999999999987,-407,-25584.97629281642
102.57,-7.779999999999987,-407,-25584.97629281642
102.57,-7.779999999999987,-406,-25588.86629281642
102.57,-7.779999999999987,-406,-25588.86629281642
102.57,-7.779999999999987,-410,-25604.426292816417
102.56,-7.759999999999991,-402,-25631.426292816424
102.56,-7.759999999999991,-405,-25643.066292816424
102.515,-7.6699999999999875,-376,-25737.606292816417
102.515,-7.6699999999999875,-376,-25737.606292816417
102.515,-7.6699999999999875,-376,-25737.606292816417
102.515,-7.6699999999999875,-376,-25737.606292816417
102.515,-7.6699999999999875,-376,-25737.606292816417
102.515,-7.6699999999999875,-376,-25737.606292816417
102.515,-7.6699999999999875,-376,-25737.606292816417
102.515,-7.6699999999999875,-376,-25737.606292816417
102.515,-7.6699999999999875,-376,-25737.606292816417
102.515,-7.6699999999999875,-376,-25737.606292816417
102.51,-7.659999999999997,-368,-25766.42629281642
102.51,-7.659999999999997,-368,-25766.42629281642
102.51,-7.659999999999997,-368,-25766.42629281642
102.51,-7.659999999999997,-368,-25766.42629281642
102.51,-7.659999999999997,-370,-25774.086292816424
102.51,-7.659999999999997,-371,-25777.91629281642
102.51,-7.659999999999997,-377,-25800.896292816426
102.51,-7.659999999999997,-377,-25800.896292816426
102.51,-7.659999999999997,-377,-25800.896292816426
102.51,-7.659999999999997,-368,-25835.36629281642
102.51,-7.659999999999997,-368,-25835.36629281642
102.51,-7.659999999999997,-368,-25835.36629281642
102.51,-7.659999999999997,-358,-25873.666292816422
102.51,-7.659999999999997,-351,-25900.47629281642
102.51,-7.659999999999997,-351,-25900.47629281642
102.45500000000001,-7.549999999999997,-347,-25896.49129281642
102.45500000000001,-7.549999999999997,-370,-25983.316292816424
102.45500000000001,-7.549999999999997,-369,-25987.09129281642
102.45500000000001,-7.549999999999997,-369,-25987.09129281642
102.45750000000001,-7.545000000000002,-376,-26014.43129281642
102.45750000000001,-7.545000000000002,-376,-26014.43129281642
102.45750000000001,-7.545000000000002,-382,-26037.066292816424
102.45750000000001,-7.545000000000002,-382,-26037.066292816424
102.45750000000001,-7.545000000000002,-378,-26052.15629281642
102.45750000000001,-7.545000000000002,-378,-26052.15629281642
102.45750000000001,-7.545000000000002,-378,-26052.15629281642
102.45750000000001,-7.545000000000002,-383,-26071.018792816423
102.45750000000001,-7.545000000000002,-381,-26078.56379281642
102.45750000000001,-7.545000000000002,-381,-26078.56379281642
102.45750000000001,-7.545000000000002,-381,-26078.56379281642
102.46000000000001,-7.540000000000006,-436,-26286.94629281642
102.46000000000001,-7.540000000000006,-445,-26320.87629281642
102.46000000000001,-7.540000000000006,-445,-26320.87629281642
102.46000000000001,-7.540000000000006,-449,-26335.95629281642
102.46000000000001,-7.540000000000006,-448,-26339.72629281642
102.44,-7.5,-434,-26383.666292816415
102.44,-7.5,-433,-26387.41629281641
102.44,-7.5,-433,-26387.41629281641
102.44,-7.5,-433,-26387.41629281641
102.44,-7.5,-435,-26394.916292816415
102.44,-7.5,-435,-26394.916292816415
102.44,-7.5,-435,-26394.916292816415
102.44,-7.5,-435,-26394.916292816415
102.44,-7.5,-443,-26424.91629281641
102.43,-7.480000000000004,-436,-26446.766292816417
102.4375,-7.465000000000003,-459,-26536.028792816414
102.4375,-7.465000000000003,-459,-26536.028792816414
102.4375,-7.465000000000003,-459,-26536.028792816414
102.4375,-7.465000000000003,-459,-26536.028792816414
102.4375,-7.465000000000003,-459,-26536.028792816414
102.4375,-7.465000000000003,-455,-26550.958792816415
102.4375,-7.465000000000003,-456,-26554.691292816413
102.42750000000001,-7.445000000000007,-450,-26572.54629281642
102.42750000000001,-7.445000000000007,-450,-26572.54629281642
102.42750000000001,-7.445000000000007,-443,-26598.60379281642
102.42750000000001,-7.445000000000007,-443,-26598.60379281642
102.42750000000001,-7.445000000000007,-427,-26658.163792816416
102.42750000000001,-7.445000000000007,-427,-26658.163792816416
102.43,-7.440000000000012,-429,-26666.681292816414
102.43,-7.440000000000012,-428,-26670.401292816416
102.43,-7.440000000000012,-428,-26670.401292816416
102.43,-7.440000000000012,-424,-26685.281292816413
102.43,-7.440000000000012,-424,-26685.281292816413
102.43,-7.440000000000012,-424,-26685.281292816413
102.43,-7.440000000000012,-424,-26685.281292816413
102.43,-7.440000000000012,-424,-26685.281292816413
102.43,-7.440000000000012,-424,-26685.281292816413
102.43,-7.440000000000012,-424,-26685.281292816413
102.43,-7.440000000000012,-424,-26685.281292816413
102.43,-7.440000000000012,-424,-26685.281292816413
102.43,-7.440000000000012,-424,-26685.281292816413
102.43,-7.440000000000012,-423,-26689.001292816414
102.4325,-7.435000000000002,-437,-26742.153792816418
102.4325,-7.435000000000002,-430,-26768.176292816413
102.435,-7.430000000000007,-455,-26862.23629281642
102.435,-7.430000000000007,-455,-26862.23629281642
102.435,-7.430000000000007,-455,-26862.23629281642
102.435,-7.430000000000007,-455,-26862.23629281642
102.435,-7.430000000000007,-459,-26877.096292816415
102.435,-7.430000000000007,-459,-26877.096292816415
102.435,-7.430000000000007,-454,-26895.671292816412
102.435,-7.430000000000007,-450,-26910.531292816413
102.435,-7.430000000000007,-450,-26910.531292816413
102.435,-7.430000000000007,-450,-26910.531292816413
102.435,-7.430000000000007,-450,-26910.531292816413
102.435,-7.430000000000007,-450,-26910.531292816413
102.435,-7.430000000000007,-450,-26910.531292816413
102.435,-7.430000000000007,-449,-26914.246292816417
102.435,-7.430000000000007,-449,-26914.246292816417
102.435,-7.430000000000007,-449,-26914.246292816417
102.435,-7.430000000000007,-437,-26958.826292816415
102.435,-7.430000000000007,-436,-26962.54129281642
102.435,-7.430000000000007,-436,-26962.54129281642
102.435,-7.430000000000007,-436,-26962.54129281642
102.435,-7.430000000000007,-429,-26988.546292816412
102.435,-7.430000000000007,-429,-26988.546292816412
102.435,-7.430000000000007,-429,-26988.546292816412
102.435,-7.430000000000007,-429,-26988.546292816412
102.435,-7.430000000000007,-429,-26988.546292816412
102.435,-7.430000000000007,-429,-26988.546292816412
102.435,-7.430000000000007,-432,-26999.691292816413
102.435,-7.430000000000007,-432,-26999.691292816413
102.435,-7.430000000000007,-439,-27025.696292816418
102.435,-7.430000000000007,-443,-27040.556292816414
102.435,-7.430000000000007,-438,-27059.13129281641
102.435,-7.430000000000007,-438,-27059.13129281641
102.435,-7.430000000000007,-438,-27059.13129281641
102.435,-7.430000000000007,-437,-27062.846292816415
102.435,-7.430000000000007,-437,-27062.846292816415
102.425,-7.409999999999997,-400,-27195.88129281641
102.425,-7.409999999999997,-400,-27195.88129281641
102.425,-7.409999999999997,-400,-27195.88129281641
102.425,-7.409999999999997,-400,-27195.88129281641
102.425,-7.409999999999997,-400,-27195.88129281641
102.425,-7.409999999999997,-400,-27195.88129281641
102.425,-7.409999999999997,-400,-27195.88129281641
102.425,-7.409999999999997,-401,-27199.58629281641
102.425,-7.409999999999997,-416,-27255.16129281641
102.425,-7.409999999999997,-422,-27277.391292816414
102.425,-7.409999999999997,-422,-27277.391292816414
102.425,-7.409999999999997,-446,-27366.311292816412
102.425,-7.409999999999997,-446,-27366.311292816412
102.425,-7.409999999999997,-446,-27366.311292816412
102.42,-7.400000000000006,-418,-27467.871292816413
102.42,-7.400000000000006,-424,-27490.071292816418
102.42,-7.400000000000006,-431,-27515.97129281642
102.42,-7.400000000000006,-431,-27515.97129281642
102.42,-7.400000000000006,-431,-27515.97129281642
102.41499999999999,-7.390000000000001,-425,-27535.996292816413
102.41499999999999,-7.390000000000001,-426,-27539.69129281641
102.41499999999999,-7.390000000000001,-428,-27547.08129281641
102.41499999999999,-7.390000000000001,-428,-27547.08129281641
102.41499999999999,-7.390000000000001,-428,-27547.08129281641
102.41499999999999,-7.390000000000001,-428,-27547.08129281641
102.41499999999999,-7.390000000000001,-431,-27558.16629281641
102.41499999999999,-7.390000000000001,-430,-27561.86129281641
102.41499999999999,-7.390000000000001,-430,-27561.86129281641
102.41499999999999,-7.390000000000001,-432,-27569.251292816414
102.41499999999999,-7.390000000000001,-432,-27569.251292816414
102.41499999999999,-7.390000000000001,-430,-27576.641292816414
102.41499999999999,-7.390000000000001,-430,-27576.641292816414
102.41499999999999,-7.390000000000001,-430,-27576.641292816414
102.41499999999999,-7.390000000000001,-437,-27602.50629281641
102.41499999999999,-7.390000000000001,-437,-27602.50629281641
102.405,-7.3700000000000045,-433,-27612.916292816415
102.405,-7.3700000000000045,-433,-27612.916292816415
102.405,-7.3700000000000045,-433,-27612.916292816415
102.405,-7.3700000000000045,-433,-27612.916292816415
102.405,-7.3700000000000045,-433,-27612.916292816415
102.405,-7.3700000000000045,-432,-27616.601292816416
102.405,-7.3700000000000045,-432,-27616.601292816416
102.41,-7.360000000000014,-448,-27677.653792816414
102.41,-7.360000000000014,-448,-27677.653792816414
102.41,-7.360000000000014,-448,-27677.653792816414
102.41,-7.360000000000014,-448,-27677.653792816414
102.41,-7.360000000000014,-448,-27677.653792816414
102.41,-7.360000000000014,-448,-27677.653792816414
102.41,-7.360000000000014,-447,-27681.33379281641
102.41,-7.360000000000014,-447,-27681.33379281641
102.41,-7.360000000000014,-447,-27681.33379281641
102.41,-7.360000000000014,-449,-27688.69379281641
102.41,-7.360000000000014,-449,-27688.69379281641
102.41,-7.360000000000014,-449,-27688.69379281641
102.41,-7.360000000000014,-460,-27729.173792816415
102.41,-7.360000000000014,-460,-27729.173792816415
102.41,-7.360000000000014,-460,-27729.173792816415
102.405,-7.3500000000000085,-451,-27760.008792816418
102.405,-7.3500000000000085,-451,-27760.008792816418
102.405,-7.3500000000000085,-451,-27760.008792816418
102.405,-7.3500000000000085,-445,-27782.058792816417
102.405,-7.3500000000000085,-445,-27782.058792816417
102.405,-7.3500000000000085,-453,-27811.458792816422
102.405,-7.3500000000000085,-453,-27811.458792816422
102.405,-7.3500000000000085,-453,-27811.458792816422
102.405,-7.3500000000000085,-453,-27811.458792816422
102.405,-7.3500000000000085,-453,-27811.458792816422
102.345,-7.230000000000004,-430,-27869.243792816414
102.345,-7.230000000000004,-430,-27869.243792816414
102.335,-7.210000000000008,-427,-27875.798792816415
102.335,-7.210000000000008,-427,-27875.798792816415
102.335,-7.210000000000008,-424,-27886.613792816417
102.335,-7.210000000000008,-425,-27890.21879281642
102.335,-7.210000000000008,-425,-27890.21879281642
102.335,-7.210000000000008,-425,-27890.21879281642
102.335,-7.210000000000008,-425,-27890.21879281642
102.335,-7.210000000000008,-425,-27890.21879281642
102.335,-7.210000000000008,-425,-27890.21879281642
102.335,-7.210000000000008,-425,-27890.21879281642
102.335,-7.210000000000008,-425,-27890.21879281642
102.335,-7.210000000000008,-424,-27893.82379281642
102.335,-7.210000000000008,-424,-27893.82379281642
102.335,-7.210000000000008,-424,-27893.82379281642
102.335,-7.210000000000008,-424,-27893.82379281642
102.335,-7.210000000000008,-424,-27893.82379281642
102.33500000000001,-7.209999999999994,-431,-27919.058792816424
102.33500000000001,-7.209999999999994,-431,-27919.058792816424
102.31,-7.159999999999997,-424,-27933.593792816424
102.31,-7.159999999999997,-424,-27933.593792816424
102.30000000000001,-7.140000000000001,-413,-27968.783792816423
102.30000000000001,-7.140000000000001,-412,-27972.35379281643
102.30000000000001,-7.140000000000001,-412,-27972.35379281643
102.30000000000001,-7.140000000000001,-412,-27972.35379281643
102.30000000000001,-7.140000000000001,-412,-27972.35379281643
102.30000000000001,-7.140000000000001,-437,-28061.60379281643
102.30000000000001,-7.140000000000001,-437,-28061.60379281643
102.30000000000001,-7.140000000000001,-440,-28072.313792816432
102.30000000000001,-7.140000000000001,-440,-28072.313792816432
102.30000000000001,-7.140000000000001,-441,-28075.88379281643
102.30000000000001,-7.140000000000001,-445,-28090.163792816435
102.30000000000001,-7.140000000000001,-445,-28090.163792816435
102.30000000000001,-7.140000000000001,-445,-28090.163792816435
102.30000000000001,-7.140000000000001,-445,-28090.163792816435
102.30000000000001,-7.140000000000001,-445,-28090.163792816435
102.30000000000001,-7.140000000000001,-445,-28090.163792816435
102.30000000000001,-7.140000000000001,-445,-28090.163792816435
102.30000000000001,-7.140000000000001,-445,-28090.163792816435
102.30000000000001,-7.140000000000001,-454,-28122.293792816432
102.30000000000001,-7.140000000000001,-456,-28129.43379281643
102.30000000000001,-7.140000000000001,-456,-28129.43379281643
102.30000000000001,-7.140000000000001,-464,-28157.993792816433
102.30000000000001,-7.140000000000001,-459,-28175.84379281643
102.30000000000001,-7.140000000000001,-448,-28215.113792816435
102.30000000000001,-7.140000000000001,-439,-28247.243792816433
102.30000000000001,-7.140000000000001,-439,-28247.243792816433
102.30000000000001,-7.140000000000001,-439,-28247.243792816433
102.30000000000001,-7.140000000000001,-446,-28272.23379281643
102.30000000000001,-7.140000000000001,-446,-28272.23379281643
102.295,-7.1299999999999955,-438,-28298.533792816426
102.295,-7.1299999999999955,-438,-28298.533792816426
102.295,-7.1299999999999955,-438,-28298.533792816426
102.295,-7.1299999999999955,-442,-28312.79379281643
102.295,-7.1299999999999955,-442,-28312.79379281643
102.295,-7.1299999999999955,-442,-28312.79379281643
102.295,-7.1299999999999955,-442,-28312.79379281643
102.295,-7.1299999999999955,-442,-28312.79379281643
102.295,-7.1299999999999955,-442,-28312.79379281643
102.295,-7.1299999999999955,-446,-28327.05379281643
102.295,-7.1299999999999955,-438,-28355.57379281643
102.28,-7.099999999999994,-422,-28406.253792816435
102.28,-7.099999999999994,-422,-28406.253792816435
102.28,-7.099999999999994,-422,-28406.253792816435
102.28,-7.099999999999994,-433,-28445.303792816427
102.28,-7.099999999999994,-433,-28445.303792816427
102.28,-7.099999999999994,-425,-28473.703792816428
102.225,-6.989999999999995,-401,-28536.01879281643
102.225,-6.989999999999995,-402,-28539.513792816426
102.225,-6.989999999999995,-402,-28539.513792816426
102.225,-6.989999999999995,-411,-28570.968792816428
102.225,-6.989999999999995,-411,-28570.968792816428
102.225,-6.989999999999995,-411,-28570.968792816428
102.225,-6.989999999999995,-384,-28665.333792816426
102.225,-6.989999999999995,-384,-28665.333792816426
102.225,-6.989999999999995,-384,-28665.333792816426
102.225,-6.989999999999995,-384,-28665.333792816426
102.225,-6.989999999999995,-384,-28665.333792816426
102.225,-6.989999999999995,-384,-28665.333792816426
102.225,-6.989999999999995,-384,-28665.333792816426
102.225,-6.989999999999995,-384,-28665.333792816426
102.225,-6.989999999999995,-400,-28721.25379281643
102.225,-6.989999999999995,-401,-28724.74879281643
102.225,-6.989999999999995,-401,-28724.74879281643
102.225,-6.989999999999995,-401,-28724.74879281643
102.225,-6.989999999999995,-401,-28724.74879281643
102.225,-6.989999999999995,-400,-28728.24379281643
102.225,-6.989999999999995,-400,-28728.24379281643
102.225,-6.989999999999995,-400,-28728.24379281643
102.225,-6.989999999999995,-394,-28749.213792816423
102.225,-6.989999999999995,-394,-28749.213792816423
102.225,-6.989999999999995,-394,-28749.213792816423
102.225,-6.989999999999995,-394,-28749.213792816423
102.225,-6.989999999999995,-394,-28749.213792816423
102.225,-6.989999999999995,-390,-28763.19379281643
102.225,-6.989999999999995,-389,-28766.68879281642
102.225,-6.989999999999995,-387,-28773.678792816427
102.225,-6.989999999999995,-387,-28773.678792816427
102.22749999999999,-6.984999999999999,-413,-28865.471292816426
102.22749999999999,-6.984999999999999,-402,-28903.888792816426
102.22749999999999,-6.984999999999999,-411,-28935.321292816425
102.22749999999999,-6.984999999999999,-411,-28935.321292816425
102.22749999999999,-6.984999999999999,-418,-28959.768792816423
102.22749999999999,-6.984999999999999,-418,-28959.768792816423
102.22749999999999,-6.984999999999999,-418,-28959.768792816423
102.22749999999999,-6.984999999999999,-418,-28959.768792816423
102.1725,-6.875,-412,-28957.953792816428
102.1725,-6.875,-412,-28957.953792816428
102.1725,-6.875,-412,-28957.953792816428
102.1725,-6.875,-412,-28957.953792816428
102.1725,-6.875,-412,-28957.953792816428
102.1725,-6.875,-412,-28957.953792816428
102.1725,-6.875,-412,-28957.953792816428
102.1725,-6.875,-412,-28957.953792816428
102.1725,-6.875,-407,-28975.141292816428
102.1725,-6.875,-402,-28992.328792816428
102.1725,-6.875,-405,-29002.64129281643
102.1725,-6.875,-409,-29016.391292816428
102.1725,-6.875,-409,-29016.391292816428
102.1725,-6.875,-416,-29040.453792816428
102.1725,-6.875,-415,-29043.891292816428
102.1725,-6.875,-415,-29043.891292816428
102.1725,-6.875,-417,-29050.76629281643
102.1725,-6.875,-439,-29126.391292816428
102.1725,-6.875,-439,-29126.391292816428
102.1725,-6.875,-440,-29129.828792816428
102.1725,-6.875,-439,-29133.266292816428
102.1725,-6.875,-438,-29136.703792816428
102.1725,-6.875,-438,-29136.703792816428
102.1725,-6.875,-438,-29136.703792816428
102.1725,-6.875,-439,-29140.141292816428
102.1725,-6.875,-437,-29147.016292816428
102.1725,-6.875,-435,-29153.891292816428
102.1725,-6.875,-435,-29153.891292816428
102.1725,-6.875,-432,-29164.203792816425
102.1725,-6.875,-432,-29164.203792816425
102.1725,-6.875,-420,-29205.453792816425
102.1725,-6.875,-414,-29226.078792816428
102.1725,-6.875,-414,-29226.078792816428
102.1725,-6.875,-409,-29243.266292816425
102.1725,-6.875,-417,-29270.766292816428
102.1725,-6.875,-414,-29281.078792816428
102.1725,-6.875,-414,-29281.078792816428
102.1725,-6.875,-414,-29281.078792816428
102.1725,-6.875,-428,-29329.203792816428
102.1725,-6.875,-428,-29329.203792816428
102.1725,-6.875,-442,-29377.328792816428
102.1725,-6.875,-444,-29384.20379281642
102.1725,-6.875,-444,-29384.20379281642
102.1725,-6.875,-444,-29384.20379281642
102.1725,-6.875,-444,-29384.20379281642
102.16749999999999,-6.864999999999995,-429,-29433.511292816424
102.16749999999999,-6.864999999999995,-429,-29433.511292816424
102.16749999999999,-6.864999999999995,-429,-29433.511292816424
102.16749999999999,-6.864999999999995,-429,-29433.511292816424
102.16749999999999,-6.864999999999995,-429,-29433.511292816424
102.16749999999999,-6.864999999999995,-429,-29433.511292816424
102.16749999999999,-6.864999999999995,-429,-29433.511292816424
102.16749999999999,-6.864999999999995,-429,-29433.511292816424
102.16749999999999,-6.864999999999995,-429,-29433.511292816424
102.16749999999999,-6.864999999999995,-429,-29433.511292816424
102.16749999999999,-6.864999999999995,-445,-29488.431292816425
102.16749999999999,-6.864999999999995,-445,-29488.431292816425
102.16749999999999,-6.864999999999995,-445,-29488.431292816425
102.16749999999999,-6.864999999999995,-449,-29502.161292816425
102.16749999999999,-6.864999999999995,-449,-29502.161292816425
102.16749999999999,-6.864999999999995,-449,-29502.161292816425
102.16749999999999,-6.864999999999995,-453,-29515.89129281642
102.16749999999999,-6.864999999999995,-463,-29550.216292816425
102.16749999999999,-6.864999999999995,-454,-29581.108792816427
102.16749999999999,-6.864999999999995,-454,-29581.108792816427
102.16749999999999,-6.864999999999995,-454,-29581.108792816427
102.16749999999999,-6.864999999999995,-454,-29581.108792816427
102.16999999999999,-6.859999999999999,-479,-29668.09379281642
102.16999999999999,-6.859999999999999,-482,-29678.38379281642
102.16999999999999,-6.859999999999999,-477,-29695.533792816423
102.16999999999999,-6.859999999999999,-477,-29695.533792816423
102.16999999999999,-6.859999999999999,-477,-29695.533792816423
102.16999999999999,-6.859999999999999,-477,-29695.533792816423
102.16999999999999,-6.859999999999999,-477,-29695.533792816423
102.16999999999999,-6.859999999999999,-477,-29695.533792816423
102.16999999999999,-6.859999999999999,-477,-29695.533792816423
102.16999999999999,-6.859999999999999,-477,-29695.533792816423
102.16999999999999,-6.859999999999999,-477,-29695.533792816423
102.16999999999999,-6.859999999999999,-477,-29695.533792816423
102.16999999999999,-6.859999999999999,-477,-29695.533792816423
102.16999999999999,-6.859999999999999,-477,-29695.533792816423
102.16999999999999,-6.859999999999999,-477,-29695.533792816423
102.16999999999999,-6.859999999999999,-482,-29712.68379281642
102.16999999999999,-6.859999999999999,-482,-29712.68379281642
102.16999999999999,-6.859999999999999,-482,-29712.68379281642
102.16999999999999,-6.859999999999999,-485,-29722.97379281642
102.16999999999999,-6.859999999999999,-485,-29722.97379281642
102.16999999999999,-6.859999999999999,-485,-29722.97379281642
102.16999999999999,-6.859999999999999,-479,-29743.553792816416
102.16999999999999,-6.859999999999999,-479,-29743.553792816416
102.16999999999999,-6.859999999999999,-479,-29743.553792816416
102.16999999999999,-6.859999999999999,-485,-29764.13379281642
102.16999999999999,-6.859999999999999,-485,-29764.13379281642
102.16999999999999,-6.859999999999999,-478,-29788.14379281642
102.16999999999999,-6.859999999999999,-490,-29829.30379281642
102.16999999999999,-6.859999999999999,-491,-29832.733792816416
102.16999999999999,-6.859999999999999,-491,-29832.733792816416
102.16999999999999,-6.859999999999999,-491,-29832.733792816416
102.16999999999999,-6.859999999999999,-491,-29832.733792816416
102.16999999999999,-6.859999999999999,-509,-29894.473792816414
102.25,-7.02000000000001,-512,-29945.72379281642
102.305,-7.13000000000001,-512,-29973.883792816425
102.33500000000001,-7.190000000000012,-512,-29989.243792816425
102.35,-7.219999999999999,-507,-30014.973792816418
102.35,-7.219999999999999,-507,-30014.973792816418
102.35,-7.219999999999999,-507,-30014.973792816418
102.35,-7.219999999999999,-507,-30014.973792816418
102.35,-7.219999999999999,-509,-30022.193792816415
102.33500000000001,-7.190000000000012,-489,-30086.708792816426
102.33500000000001,-7.190000000000012,-489,-30086.708792816426
102.33500000000001,-7.190000000000012,-490,-30090.303792816423
102.33500000000001,-7.190000000000012,-490,-30090.303792816423
102.33,-7.180000000000007,-474,-30145.34379281642
102.33,-7.180000000000007,-474,-30145.34379281642
102.305,-7.13000000000001,-436,-30270.413792816427
102.305,-7.13000000000001,-436,-30270.413792816427
102.305,-7.13000000000001,-444,-30298.933792816428
102.305,-7.13000000000001,-444,-30298.933792816428
102.24,-7.0,-424,-30340.403792816418
102.24,-7.0,-418,-30361.403792816425
102.24,-7.0,-418,-30361.403792816425
102.24,-7.0,-418,-30361.403792816425
102.24,-7.0,-418,-30361.403792816425
102.24,-7.0,-418,-30361.403792816425
102.24,-7.0,-417,-30364.903792816418
102.24,-7.0,-417,-30364.903792816418
102.24,-7.0,-417,-30364.903792816418
102.24,-7.0,-417,-30364.903792816418
102.24,-7.0,-417,-30364.903792816418
102.24,-7.0,-417,-30364.903792816418
102.24,-7.0,-416,-30368.403792816418
102.24,-7.0,-421,-30385.903792816425
102.24,-7.0,-419,-30392.903792816418
102.24,-7.0,-420,-30396.403792816418
102.24,-7.0,-420,-30396.403792816418
102.24,-7.0,-426,-30417.403792816418
102.24,-7.0,-426,-30417.403792816418
102.24,-7.0,-427,-30420.903792816418
102.235,-6.990000000000009,-426,-30422.27379281642
102.235,-6.990000000000009,-420,-30443.243792816418
102.235,-6.990000000000009,-420,-30443.243792816418
102.235,-6.990000000000009,-420,-30443.243792816418
102.235,-6.990000000000009,-420,-30443.243792816418
102.235,-6.990000000000009,-420,-30443.243792816418
102.235,-6.990000000000009,-412,-30471.20379281642
102.235,-6.990000000000009,-412,-30471.20379281642
102.235,-6.990000000000009,-412,-30471.20379281642
102.235,-6.990000000000009,-414,-30478.193792816423
102.235,-6.990000000000009,-419,-30495.668792816417
102.235,-6.990000000000009,-419,-30495.668792816417
102.16999999999999,-6.859999999999999,-402,-30527.523792816417
102.16999999999999,-6.859999999999999,-407,-30544.673792816415
102.16999999999999,-6.859999999999999,-394,-30589.263792816415
102.16999999999999,-6.859999999999999,-394,-30589.263792816415
102.16999999999999,-6.859999999999999,-394,-30589.263792816415
102.16999999999999,-6.859999999999999,-394,-30589.263792816415
102.16999999999999,-6.859999999999999,-394,-30589.263792816415
102.16999999999999,-6.859999999999999,-393,-30592.69379281642
102.16999999999999,-6.859999999999999,-393,-30592.69379281642
102.16999999999999,-6.859999999999999,-401,-30620.133792816418
102.16999999999999,-6.859999999999999,-405,-30633.85379281642
102.16999999999999,-6.859999999999999,-405,-30633.85379281642
102.17,-6.859999999999985,-415,-30668.153792816425
102.17,-6.859999999999985,-415,-30668.153792816425
102.17,-6.859999999999985,-415,-30668.153792816425
102.17,-6.859999999999985,-407,-30695.59379281642
102.1725,-6.85499999999999,-420,-30741.198792816416
102.1725,-6.85499999999999,-420,-30741.198792816416
102.1725,-6.85499999999999,-419,-30744.626292816414
102.1725,-6.85499999999999,-419,-30744.626292816414
102.1725,-6.85499999999999,-419,-30744.626292816414
102.1725,-6.85499999999999,-423,-30758.33629281642
102.1725,-6.85499999999999,-423,-30758.33629281642
102.1725,-6.85499999999999,-423,-30758.33629281642
102.1725,-6.85499999999999,-424,-30761.76379281642
102.1725,-6.85499999999999,-424,-30761.76379281642
102.1725,-6.85499999999999,-430,-30782.32879281642
102.1725,-6.85499999999999,-437,-30806.32129281642
102.1725,-6.85499999999999,-437,-30806.32129281642
102.1725,-6.85499999999999,-436,-30809.74879281642
102.1725,-6.85499999999999,-436,-30809.74879281642
102.1725,-6.85499999999999,-436,-30809.74879281642
102.1725,-6.85499999999999,-436,-30809.74879281642
102.1725,-6.85499999999999,-436,-30809.74879281642
102.1725,-6.85499999999999,-438,-30816.603792816422
102.1725,-6.85499999999999,-439,-30820.03129281642
102.1725,-6.85499999999999,-439,-30820.03129281642
102.1725,-6.85499999999999,-439,-30820.03129281642
102.1725,-6.85499999999999,-422,-30878.29879281642
102.1725,-6.85499999999999,-425,-30888.58129281642
102.1725,-6.85499999999999,-415,-30922.85629281642
102.1725,-6.85499999999999,-414,-30926.283792816423
102.1725,-6.85499999999999,-414,-30926.283792816423
102.1725,-6.85499999999999,-414,-30926.283792816423
102.1725,-6.85499999999999,-412,-30933.13879281642
102.1725,-6.85499999999999,-413,-30936.56629281642
102.1725,-6.85499999999999,-404,-30967.41379281642
102.1725,-6.85499999999999,-400,-30981.12379281642
102.1725,-6.85499999999999,-400,-30981.12379281642
102.1725,-6.85499999999999,-400,-30981.12379281642
102.1725,-6.85499999999999,-400,-30981.12379281642
102.1725,-6.85499999999999,-389,-31018.82629281642
102.1725,-6.85499999999999,-389,-31018.82629281642
102.1725,-6.85499999999999,-390,-31022.25379281642
102.1725,-6.85499999999999,-388,-31029.10879281642
102.1725,-6.85499999999999,-388,-31029.10879281642
102.1725,-6.85499999999999,-388,-31029.10879281642
102.1725,-6.85499999999999,-391,-31039.39129281642
102.1725,-6.85499999999999,-391,-31039.39129281642
102.1725,-6.85499999999999,-391,-31039.39129281642
102.1725,-6.85499999999999,-391,-31039.39129281642
102.1675,-6.844999999999999,-390,-31040.86879281642
102.1675,-6.844999999999999,-390,-31040.86879281642
102.1675,-6.844999999999999,-391,-31044.29129281642
102.1675,-6.844999999999999,-394,-31054.55879281642
102.1675,-6.844999999999999,-397,-31064.826292816422
102.1675,-6.844999999999999,-397,-31064.826292816422
102.1675,-6.844999999999999,-397,-31064.826292816422
102.1675,-6.844999999999999,-396,-31068.24879281642
102.1675,-6.844999999999999,-396,-31068.24879281642
102.1675,-6.844999999999999,-396,-31068.24879281642
102.1675,-6.844999999999999,-396,-31068.24879281642
102.1675,-6.844999999999999,-396,-31068.24879281642
102.1675,-6.844999999999999,-396,-31068.24879281642
102.1675,-6.844999999999999,-396,-31068.24879281642
102.1675,-6.844999999999999,-396,-31068.24879281642
102.1675,-6.844999999999999,-396,-31068.24879281642
102.1675,-6.844999999999999,-396,-31068.24879281642
102.1675,-6.844999999999999,-396,-31068.24879281642
102.1675,-6.844999999999999,-396,-31068.24879281642
102.1675,-6.844999999999999,-397,-31071.67129281642
102.1675,-6.844999999999999,-397,-31071.67129281642
102.1675,-6.844999999999999,-405,-31099.051292816417
102.1675,-6.844999999999999,-405,-31099.051292816417
102.1675,-6.844999999999999,-411,-31119.586292816413
102.1675,-6.844999999999999,-411,-31119.586292816413
102.1675,-6.844999999999999,-404,-31143.543792816414
102.1675,-6.844999999999999,-402,-31150.388792816415
102.1675,-6.844999999999999,-402,-31150.388792816415
102.1675,-6.844999999999999,-402,-31150.388792816415
102.1675,-6.844999999999999,-402,-31150.388792816415
102.1675,-6.844999999999999,-370,-31259.908792816415
102.1675,-6.844999999999999,-371,-31263.331292816416
102.1675,-6.844999999999999,-371,-31263.331292816416
102.1675,-6.844999999999999,-371,-31263.331292816416
102.1675,-6.844999999999999,-371,-31263.331292816416
102.1675,-6.844999999999999,-371,-31263.331292816416
102.1675,-6.844999999999999,-371,-31263.331292816416
102.1675,-6.844999999999999,-371,-31263.331292816416
