price,spread,inventory,pnl
100.0,2.0,-1,1.0
100.005,1.9899999999999949,4,5.96999999999997
99.96,2.0,21,22.139999999999873
99.85499999999999,1.7900000000000063,21,19.934999999999945
99.8,1.6800000000000068,16,22.980000000000018
99.8,1.6800000000000068,16,22.980000000000018
99.8,1.6800000000000068,16,22.980000000000018
99.8,1.6800000000000068,17,23.819999999999936
99.79499999999999,1.6700000000000017,17,23.7349999999999
99.78999999999999,1.6600000000000108,17,23.649999999999864
99.78999999999999,1.6600000000000108,1,36.93000000000009
99.78999999999999,1.6600000000000108,1,36.93000000000009
99.78999999999999,1.6600000000000108,1,36.93000000000009
99.78999999999999,1.6600000000000108,1,36.93000000000009
99.78999999999999,1.6600000000000108,1,36.93000000000009
99.78999999999999,1.6600000000000108,0,37.760000000000105
99.78999999999999,1.6600000000000108,-1,38.59000000000012
99.78999999999999,1.6600000000000108,-2,39.42000000000013
99.79499999999999,1.6700000000000017,-9,45.24500000000023
99.79499999999999,1.6700000000000017,-9,45.24500000000023
99.79499999999999,1.6700000000000017,-9,45.24500000000023
99.755,1.75,2,54.670000000000186
99.755,1.75,6,58.170000000000186
99.755,1.75,9,60.795000000000186
99.755,1.75,9,60.795000000000186
99.755,1.75,9,60.795000000000186
99.755,1.75,9,60.795000000000186
99.755,1.75,9,60.795000000000186
99.755,1.75,9,60.795000000000186
99.755,1.75,22,72.17000000000007
99.705,1.6500000000000057,22,71.07000000000016
99.68,1.6000000000000085,22,70.52000000000044
99.66999999999999,1.5799999999999983,22,70.30000000000018
99.66499999999999,1.5700000000000074,26,73.33000000000038
99.64,1.5200000000000102,26,72.68000000000029
99.63,1.5,26,72.42000000000053
99.625,1.490000000000009,27,73.03500000000031
99.58500000000001,1.5499999999999972,33,76.53500000000031
99.535,1.4500000000000028,33,74.88499999999976
99.505,1.3900000000000006,33,73.89499999999998
99.485,1.3700000000000045,43,80.03499999999985
99.425,1.25,41,78.70499999999993
99.41,1.2199999999999989,40,78.69999999999982
99.405,1.210000000000008,32,83.34000000000015
99.405,1.210000000000008,32,83.34000000000015
99.405,1.210000000000008,32,83.34000000000015
99.405,1.210000000000008,32,83.34000000000015
99.405,1.210000000000008,32,83.34000000000015
99.405,1.210000000000008,32,83.34000000000015
99.41,1.2199999999999989,30,84.69999999999982
99.41,1.2199999999999989,30,84.69999999999982
99.425,1.25,20,91.12999999999988
99.425,1.25,20,91.12999999999988
99.425,1.25,20,91.12999999999988
99.425,1.25,20,91.12999999999988
99.425,1.25,20,91.12999999999988
99.425,1.25,20,91.12999999999988
99.425,1.25,20,91.12999999999988
99.425,1.25,19,91.75499999999988
99.425,1.25,18,92.37999999999965
99.425,1.25,17,93.00499999999965
99.425,1.25,17,93.00499999999965
99.425,1.25,18,93.62999999999965
99.445,1.2900000000000063,11,98.3449999999998
99.445,1.2900000000000063,12,98.98999999999978
99.445,1.2900000000000063,-5,109.95499999999987
99.445,1.2900000000000063,-5,109.95499999999987
99.445,1.2900000000000063,-5,109.95499999999987
99.445,1.2900000000000063,-5,109.95499999999987
99.44,1.2999999999999972,10,119.61999999999989
99.44,1.2999999999999972,9,120.26999999999998
99.44,1.2999999999999972,9,120.26999999999998
99.44,1.2999999999999972,9,120.26999999999998
99.44,1.2999999999999972,9,120.26999999999998
99.44,1.2999999999999972,-7,130.67000000000007
99.44,1.2999999999999972,-6,131.32000000000005
99.44,1.2999999999999972,-6,131.32000000000005
99.44,1.2999999999999972,-6,131.32000000000005
99.44,1.3000000000000114,9,141.07000000000016
99.44,1.3000000000000114,9,141.07000000000016
99.44,1.3000000000000114,9,141.07000000000016
99.44,1.3000000000000114,8,141.72000000000014
99.44,1.3000000000000114,8,141.72000000000014
99.44,1.3000000000000114,4,144.32000000000016
99.44,1.3000000000000114,4,144.32000000000016
99.44,1.3000000000000114,6,145.62000000000018
99.44,1.3000000000000114,6,145.62000000000018
99.44,1.3000000000000114,6,145.62000000000018
99.44,1.3000000000000114,6,145.62000000000018
99.44,1.3000000000000114,6,145.62000000000018
99.44,1.3000000000000114,6,145.62000000000018
99.44,1.3000000000000114,6,145.62000000000018
99.435,1.3100000000000023,7,146.23500000000024
99.435,1.3100000000000023,7,146.23500000000024
99.435,1.3100000000000023,2,149.51000000000022
99.435,1.3100000000000023,2,149.51000000000022
99.435,1.3100000000000023,2,149.51000000000022
99.435,1.3100000000000023,-7,155.4050000000002
99.435,1.3100000000000023,-7,155.4050000000002
99.435,1.3100000000000023,-6,156.0600000000003
99.435,1.3100000000000023,-6,156.0600000000003
99.435,1.3100000000000023,-6,156.0600000000003
99.435,1.3100000000000023,-6,156.0600000000003
99.435,1.3100000000000023,-6,156.0600000000003
99.445,1.3299999999999983,-14,161.24000000000024
99.445,1.3299999999999983,-14,161.24000000000024
99.445,1.3299999999999983,-13,161.90500000000043
99.445,1.3299999999999983,-7,165.8950000000002
99.445,1.3299999999999983,-7,165.8950000000002
99.445,1.3299999999999983,-7,165.8950000000002
99.445,1.3299999999999983,-7,165.8950000000002
99.445,1.3299999999999983,-13,169.88500000000022
99.445,1.3299999999999983,-13,169.88500000000022
99.445,1.3299999999999983,-13,169.88500000000022
99.445,1.3299999999999983,-8,173.21000000000015
99.445,1.3299999999999983,-8,173.21000000000015
99.445,1.3299999999999983,-2,177.20000000000005
99.445,1.3299999999999983,-2,177.20000000000005
99.445,1.3299999999999983,-2,177.20000000000005
99.445,1.3299999999999983,-2,177.20000000000005
99.445,1.3299999999999983,-1,177.86500000000007
99.445,1.3299999999999983,4,181.19000000000005
99.445,1.3299999999999983,4,181.19000000000005
99.445,1.3299999999999983,4,181.19000000000005
99.445,1.3299999999999983,12,186.51
99.445,1.3299999999999983,12,186.51
99.445,1.3299999999999983,11,187.17500000000007
99.445,1.3299999999999983,11,187.17500000000007
99.445,1.3299999999999983,3,192.49500000000006
99.445,1.3299999999999983,3,192.49500000000006
99.445,1.3299999999999983,10,197.14999999999998
99.445,1.3299999999999983,10,197.14999999999998
99.445,1.3299999999999983,10,197.14999999999998
99.445,1.3299999999999983,14,199.80999999999995
99.445,1.3299999999999983,14,199.80999999999995
99.445,1.3299999999999983,14,199.80999999999995
99.475,1.3900000000000006,7,205.03499999999974
99.475,1.3900000000000006,8,205.7299999999998
99.4625,1.4150000000000063,14,209.74999999999977
99.4625,1.4150000000000063,13,210.45749999999975
99.4625,1.4150000000000063,13,210.45749999999975
99.4625,1.4150000000000063,13,210.45749999999975
99.4625,1.4150000000000063,13,210.45749999999975
99.47749999999999,1.4450000000000074,10,212.72999999999956
99.47749999999999,1.4450000000000074,10,212.72999999999956
99.47749999999999,1.4450000000000074,11,213.45249999999953
99.47749999999999,1.4450000000000074,11,213.45249999999953
99.4875,1.4650000000000034,1,220.68749999999972
99.4875,1.4650000000000034,1,220.68749999999972
99.4875,1.4650000000000034,0,221.4199999999997
99.4875,1.4650000000000034,0,221.4199999999997
99.4875,1.4650000000000034,0,221.4199999999997
99.4875,1.4650000000000034,-5,225.08249999999975
99.4875,1.4650000000000034,-5,225.08249999999975
99.4875,1.4650000000000034,-5,225.08249999999975
99.4875,1.4650000000000034,-5,225.08249999999975
99.4875,1.4650000000000034,-5,225.08249999999975
99.4875,1.4650000000000034,-5,225.08249999999975
99.4875,1.4650000000000034,-5,225.08249999999975
99.4875,1.4650000000000034,-5,225.08249999999975
99.4875,1.4650000000000034,-5,225.08249999999975
99.4875,1.4650000000000034,-5,225.08249999999975
99.4875,1.4650000000000034,-5,225.08249999999975
99.4875,1.4650000000000034,-5,225.08249999999975
99.4875,1.4650000000000034,-5,225.08249999999975
99.4875,1.4650000000000034,-5,225.08249999999975
99.4875,1.4650000000000034,-5,225.08249999999975
99.4875,1.4650000000000034,-5,225.08249999999975
99.4875,1.4650000000000034,-5,225.08249999999975
99.4875,1.4650000000000034,-5,225.08249999999975
99.4875,1.4650000000000034,-4,225.81499999999977
99.4875,1.4650000000000034,-18,236.06999999999994
99.4875,1.4650000000000034,-17,236.80249999999978
99.4875,1.4650000000000034,-17,236.80249999999978
99.4875,1.4650000000000034,-16,237.53499999999963
99.4875,1.4650000000000034,-16,237.53499999999963
99.4875,1.4650000000000034,-16,237.53499999999963
99.4875,1.4650000000000034,-17,238.2674999999997
99.4875,1.4650000000000034,-17,238.2674999999997
99.4875,1.4650000000000034,-16,238.99999999999977
99.4875,1.4650000000000034,-16,238.99999999999977
99.4875,1.4650000000000034,-16,238.99999999999977
99.4875,1.4650000000000034,-14,240.4649999999997
99.4875,1.4650000000000034,-18,243.39499999999975
99.4875,1.4650000000000034,-17,244.1274999999996
99.4875,1.4650000000000034,-24,249.25499999999965
99.4875,1.4650000000000034,-24,249.25499999999965
99.4875,1.4650000000000034,-24,249.25499999999965
99.4875,1.4650000000000034,-24,249.25499999999965
99.4875,1.4650000000000034,-27,251.45249999999942
99.49000000000001,1.4599999999999937,-27,251.38499999999885
99.49000000000001,1.4599999999999937,-24,253.5749999999989
99.49000000000001,1.4599999999999937,-24,253.5749999999989
99.49000000000001,1.4599999999999937,-24,253.5749999999989
99.49000000000001,1.4599999999999937,-26,255.03499999999894
99.49000000000001,1.4599999999999937,-32,259.41499999999905
99.515,1.4099999999999966,-32,258.6149999999993
99.525,1.3900000000000006,-32,258.29499999999916
99.53,1.3799999999999955,-32,258.1349999999993
99.535,1.3700000000000045,-32,257.97499999999945
99.535,1.3700000000000045,-32,257.97499999999945
99.535,1.3700000000000045,-32,257.97499999999945
99.535,1.3700000000000045,-32,257.97499999999945
99.535,1.3700000000000045,-32,257.97499999999945
99.535,1.3700000000000045,-32,257.97499999999945
99.535,1.3700000000000045,-28,260.71499999999924
99.535,1.3700000000000045,-28,260.71499999999924
99.535,1.3700000000000045,-21,265.5099999999993
99.535,1.3700000000000045,-21,265.5099999999993
99.535,1.3700000000000045,-20,266.1949999999997
99.535,1.3700000000000045,-14,270.3049999999996
99.535,1.3700000000000045,-14,270.3049999999996
99.535,1.3700000000000045,-14,270.3049999999996
99.535,1.3700000000000045,-14,270.3049999999996
99.535,1.3700000000000045,-8,274.41499999999974
99.535,1.3700000000000045,-8,274.41499999999974
99.535,1.3700000000000045,-8,274.41499999999974
99.535,1.3700000000000045,13,288.7999999999997
99.535,1.3700000000000045,13,288.7999999999997
99.535,1.3700000000000045,13,288.7999999999997
99.535,1.3700000000000045,1,297.01999999999964
99.535,1.3700000000000045,1,297.01999999999964
99.535,1.3700000000000045,2,297.7049999999997
99.535,1.3700000000000045,2,297.7049999999997
99.535,1.3700000000000045,2,297.7049999999997
99.535,1.3700000000000045,2,297.7049999999997
99.535,1.3700000000000045,2,297.7049999999997
99.535,1.3700000000000045,2,297.7049999999997
99.535,1.3700000000000045,2,297.7049999999997
99.535,1.3700000000000045,2,297.7049999999997
99.535,1.3700000000000045,9,302.49999999999966
99.535,1.3700000000000045,8,303.1849999999997
99.535,1.3700000000000045,8,303.1849999999997
99.535,1.3700000000000045,8,303.1849999999997
99.535,1.3700000000000045,2,307.2949999999997
99.535,1.3700000000000045,2,307.2949999999997
99.535,1.3700000000000045,2,307.2949999999997
99.535,1.3700000000000045,2,307.2949999999997
99.535,1.3700000000000045,1,307.9799999999997
99.53999999999999,1.3800000000000097,-10,315.5049999999999
99.53999999999999,1.3800000000000097,-10,315.5049999999999
99.53999999999999,1.3800000000000097,-13,317.5749999999998
99.53999999999999,1.3800000000000097,-13,317.5749999999998
99.53999999999999,1.3800000000000097,-13,317.5749999999998
99.53999999999999,1.3800000000000097,-12,318.2649999999999
99.54499999999999,1.3900000000000006,-33,332.77000000000044
99.54499999999999,1.3900000000000006,-18,342.9950000000006
99.54499999999999,1.3900000000000006,-19,343.6900000000003
99.54499999999999,1.3900000000000006,-19,343.6900000000003
99.54499999999999,1.3900000000000006,-19,343.6900000000003
99.535,1.4099999999999966,5,360.48
99.535,1.4099999999999966,6,361.1850000000001
99.535,1.4099999999999966,6,361.1850000000001
99.535,1.4099999999999966,11,364.71000000000004
99.535,1.4099999999999966,11,364.71000000000004
99.53999999999999,1.4200000000000017,1,371.855
99.53999999999999,1.4200000000000017,1,371.855
99.53999999999999,1.4200000000000017,-7,377.5350000000001
99.53999999999999,1.4200000000000017,-7,377.5350000000001
99.53999999999999,1.4200000000000017,-7,377.5350000000001
99.53999999999999,1.4200000000000017,-9,378.95500000000015
99.53999999999999,1.4200000000000017,-9,378.95500000000015
99.53,1.4399999999999977,-7,380.46500000000015
99.53,1.4399999999999977,-7,380.46500000000015
99.53,1.4399999999999977,-7,380.46500000000015
99.53,1.4399999999999977,-7,380.46500000000015
99.53,1.4399999999999977,-7,380.46500000000015
99.53,1.4399999999999977,-7,380.46500000000015
99.53,1.4399999999999977,-1,384.7850000000002
99.53,1.4399999999999977,-1,384.7850000000002
99.53,1.4399999999999977,0,385.50500000000017
99.53,1.4399999999999977,0,385.50500000000017
99.53,1.4399999999999977,0,385.50500000000017
99.53,1.4399999999999977,0,385.50500000000017
99.53,1.4399999999999977,0,385.50500000000017
99.53,1.4399999999999977,0,385.50500000000017
99.53,1.4399999999999977,0,385.50500000000017
99.53,1.4399999999999977,0,385.50500000000017
99.535,1.4500000000000028,-4,388.3950000000002
99.535,1.4500000000000028,-4,388.3950000000002
99.535,1.4500000000000028,-4,388.3950000000002
99.535,1.4500000000000028,-4,388.3950000000002
99.535,1.4500000000000028,-4,388.3950000000002
99.535,1.4500000000000028,-4,388.3950000000002
99.535,1.4500000000000028,-4,388.3950000000002
99.535,1.4500000000000028,-4,388.3950000000002
99.535,1.4500000000000028,-3,389.1200000000001
99.535,1.4500000000000028,-4,389.84500000000014
99.535,1.4500000000000028,-3,390.57000000000016
99.535,1.4500000000000028,-3,390.57000000000016
99.535,1.4500000000000028,-3,390.57000000000016
99.535,1.4500000000000028,-3,390.57000000000016
99.535,1.4500000000000028,-3,390.57000000000016
99.535,1.4500000000000028,-3,390.57000000000016
99.535,1.4500000000000028,-3,390.57000000000016
99.535,1.4500000000000028,2,394.19500000000016
99.535,1.4500000000000028,2,394.19500000000016
99.535,1.4500000000000028,2,394.19500000000016
99.535,1.4500000000000028,2,394.19500000000016
99.535,1.4500000000000028,2,394.19500000000016
99.535,1.4500000000000028,2,394.19500000000016
99.535,1.4500000000000028,2,394.19500000000016
99.535,1.4500000000000028,2,394.19500000000016
99.535,1.4500000000000028,14,402.8950000000002
99.535,1.4500000000000028,14,402.8950000000002
99.535,1.4500000000000028,15,403.6200000000001
99.535,1.4500000000000028,15,403.6200000000001
99.535,1.4500000000000028,15,403.6200000000001
99.535,1.4500000000000028,15,403.6200000000001
99.51,1.5,19,406.14500000000044
99.51,1.5,17,407.64500000000044
99.51,1.5,14,409.89500000000044
99.51,1.5,19,413.64500000000044
99.51,1.5,19,413.64500000000044
99.53,1.539999999999992,18,414.75500000000034
99.53,1.539999999999992,19,415.5250000000003
99.53,1.539999999999992,15,418.6050000000005
99.53,1.539999999999992,12,420.91500000000053
99.53,1.539999999999992,12,420.91500000000053
99.53,1.539999999999992,12,420.91500000000053
99.53,1.539999999999992,12,420.91500000000053
99.53,1.539999999999992,9,423.22500000000036
99.53,1.539999999999992,9,423.22500000000036
99.53,1.539999999999992,9,423.22500000000036
99.53,1.539999999999992,9,423.22500000000036
99.53,1.539999999999992,10,423.99500000000035
99.53,1.539999999999992,10,423.99500000000035
99.53,1.539999999999992,10,423.99500000000035
99.53,1.539999999999992,10,423.99500000000035
99.53,1.539999999999992,6,427.07500000000044
99.53,1.539999999999992,6,427.07500000000044
99.53,1.539999999999992,6,427.07500000000044
99.53,1.539999999999992,6,427.07500000000044
99.53,1.539999999999992,6,427.07500000000044
99.53,1.539999999999992,7,427.8450000000004
99.53,1.539999999999992,7,427.8450000000004
99.53,1.539999999999992,7,427.8450000000004
99.53,1.539999999999992,-2,434.77500000000026
99.53,1.539999999999992,-2,434.77500000000026
99.53,1.539999999999992,-2,434.77500000000026
99.53,1.539999999999992,-2,434.77500000000026
99.53,1.539999999999992,-7,438.6250000000002
99.53,1.539999999999992,-7,438.6250000000002
99.53999999999999,1.559999999999988,-19,447.87500000000045
99.53999999999999,1.559999999999988,-19,447.87500000000045
99.53999999999999,1.559999999999988,-19,447.87500000000045
99.53999999999999,1.559999999999988,-29,455.6750000000002
99.57499999999999,1.4899999999999949,-29,454.6600000000003
99.59,1.4599999999999937,-30,454.9549999999999
99.60499999999999,1.4299999999999926,-30,454.50500000000056
99.61,1.4199999999999875,-31,455.0650000000005
99.62,1.3999999999999915,-50,468.0550000000003
99.72,1.1999999999999886,-50,463.0550000000003
99.77,1.0999999999999943,-50,460.5550000000003
99.79499999999999,1.0499999999999972,-50,459.3050000000012
99.805,1.029999999999987,-50,458.8050000000003
99.815,1.009999999999991,-50,458.3050000000003
99.815,1.009999999999991,-57,461.84000000000015
99.85,0.9399999999999977,-57,459.84500000000025
99.87,0.8999999999999915,-51,461.40499999999975
99.87,0.8999999999999915,-51,461.40499999999975
99.87,0.8999999999999915,-55,463.204999999999
99.87,0.8999999999999915,-55,463.204999999999
99.87,0.8999999999999915,-55,463.204999999999
99.87,0.8999999999999915,-51,465.0049999999992
99.87,0.8999999999999915,-52,465.454999999999
99.87,0.8999999999999915,-52,465.454999999999
99.87,0.8999999999999915,-52,465.454999999999
99.87,0.8999999999999915,-52,465.454999999999
99.87,0.8999999999999915,-52,465.454999999999
99.87,0.8999999999999915,-52,465.454999999999
99.87,0.8999999999999915,-52,465.454999999999
99.87,0.8999999999999915,-52,465.454999999999
99.87,0.8999999999999915,-52,465.454999999999
99.87,0.8999999999999915,-52,465.454999999999
99.87,0.8999999999999915,-56,467.2549999999983
99.875,0.8899999999999864,-52,468.7549999999983
99.875,0.8899999999999864,-52,468.7549999999983
99.875,0.8899999999999864,-52,468.7549999999983
99.87,0.8999999999999915,-43,473.0049999999983
99.87,0.8999999999999915,-43,473.0049999999983
99.87,0.8999999999999915,-43,473.0049999999983
99.87,0.8999999999999915,-34,477.0549999999985
99.875,0.9099999999999966,-54,485.85499999999774
99.875,0.9099999999999966,-54,485.85499999999774
99.875,0.9099999999999966,-54,485.85499999999774
99.875,0.9099999999999966,-54,485.85499999999774
99.875,0.9099999999999966,-54,485.85499999999774
99.875,0.9099999999999966,-55,486.3099999999977
99.875,0.9099999999999966,-49,489.03999999999724
99.875,0.9099999999999966,-49,489.03999999999724
99.875,0.9099999999999966,-51,489.9499999999971
99.875,0.9099999999999966,-53,490.85999999999694
99.875,0.9099999999999966,-53,490.85999999999694
99.875,0.9099999999999966,-53,490.85999999999694
99.875,0.9099999999999966,-53,490.85999999999694
99.875,0.9099999999999966,-53,490.85999999999694
99.875,0.9099999999999966,-53,490.85999999999694
99.875,0.9099999999999966,-53,490.85999999999694
99.875,0.9099999999999966,-53,490.85999999999694
99.875,0.9099999999999966,-53,490.85999999999694
99.875,0.9099999999999966,-53,490.85999999999694
99.875,0.9099999999999966,-55,491.7699999999968
99.875,0.9099999999999966,-51,493.5899999999965
99.875,0.9099999999999966,-51,493.5899999999965
99.875,0.9099999999999966,-54,494.9549999999963
99.875,0.9099999999999966,-54,494.9549999999963
99.875,0.9099999999999966,-54,494.9549999999963
99.875,0.9099999999999966,-54,494.9549999999963
99.875,0.9099999999999966,-54,494.9549999999963
99.875,0.9099999999999966,-56,495.86499999999614
99.88499999999999,0.8900000000000006,-56,495.30499999999665
99.88499999999999,0.8900000000000006,-56,495.30499999999665
99.88499999999999,0.8900000000000006,-49,498.41999999999643
99.88499999999999,0.8900000000000006,-49,498.41999999999643
99.88499999999999,0.8900000000000006,-50,498.86499999999614
99.88499999999999,0.8900000000000006,-46,500.6449999999968
99.88499999999999,0.8900000000000006,-47,501.0899999999965
99.88499999999999,0.8900000000000006,-48,501.5349999999962
99.88499999999999,0.8900000000000006,-48,501.5349999999962
99.88499999999999,0.8900000000000006,-48,501.5349999999962
99.88499999999999,0.8900000000000006,-45,502.86999999999625
99.88499999999999,0.8900000000000006,-45,502.86999999999625
99.88499999999999,0.8900000000000006,-44,503.31499999999687
99.88499999999999,0.8900000000000006,-44,503.31499999999687
99.88499999999999,0.8900000000000006,-52,506.87499999999727
99.88499999999999,0.8900000000000006,-51,507.3199999999979
99.88499999999999,0.8900000000000006,-50,507.7649999999976
99.88499999999999,0.8900000000000006,-51,508.2099999999982
99.88499999999999,0.8900000000000006,-51,508.2099999999982
99.88499999999999,0.8900000000000006,-51,508.2099999999982
99.88499999999999,0.8900000000000006,-53,509.09999999999764
99.88499999999999,0.8900000000000006,-53,509.09999999999764
99.88499999999999,0.8900000000000006,-56,510.4349999999977
99.88499999999999,0.8900000000000006,-46,514.8849999999984
99.88499999999999,0.8900000000000006,-46,514.8849999999984
99.88499999999999,0.8900000000000006,-46,514.8849999999984
99.88499999999999,0.8900000000000006,-40,517.5549999999976
99.88499999999999,0.8900000000000006,-40,517.5549999999976
99.88499999999999,0.8900000000000006,-35,519.7799999999979
99.88499999999999,0.8900000000000006,-35,519.7799999999979
99.88499999999999,0.8900000000000006,-34,520.2249999999976
99.88499999999999,0.8900000000000006,-44,524.6749999999975
99.88499999999999,0.8900000000000006,-44,524.6749999999975
99.88499999999999,0.8900000000000006,-44,524.6749999999975
99.88499999999999,0.8900000000000006,-44,524.6749999999975
99.88499999999999,0.8900000000000006,-44,524.6749999999975
99.88499999999999,0.8900000000000006,-45,525.1199999999972
99.875,0.9099999999999966,-38,528.734999999997
99.875,0.9099999999999966,-31,531.9199999999969
99.875,0.9099999999999966,-31,531.9199999999969
99.875,0.9099999999999966,-32,532.3749999999968
99.875,0.9099999999999966,-29,533.739999999997
99.875,0.9099999999999966,-29,533.739999999997
99.875,0.9099999999999966,-29,533.739999999997
99.875,0.9099999999999966,-29,533.739999999997
99.875,0.9099999999999966,-29,533.739999999997
99.875,0.9099999999999966,-29,533.739999999997
99.875,0.9099999999999966,-29,533.739999999997
99.875,0.9099999999999966,-29,533.739999999997
99.875,0.9099999999999966,-29,533.739999999997
99.875,0.9099999999999966,-38,537.8349999999973
99.875,0.9099999999999966,-42,539.654999999997
99.875,0.9099999999999966,-42,539.654999999997
99.875,0.9099999999999966,-44,540.5649999999969
99.875,0.9099999999999966,-45,541.0199999999968
99.875,0.9099999999999966,-45,541.0199999999968
99.875,0.9099999999999966,-45,541.0199999999968
99.875,0.9099999999999966,-35,545.569999999997
99.875,0.9099999999999966,-35,545.569999999997
99.875,0.9099999999999966,-35,545.569999999997
99.875,0.9099999999999966,-28,548.7549999999969
99.875,0.9099999999999966,-29,549.2099999999969
99.875,0.9099999999999966,-29,549.2099999999969
99.875,0.9099999999999966,-27,550.1199999999967
99.875,0.9099999999999966,-27,550.1199999999967
99.875,0.9099999999999966,-27,550.1199999999967
99.88,0.9200000000000017,-37,554.5349999999967
99.88,0.9200000000000017,-32,556.8349999999969
99.88,0.9200000000000017,-32,556.8349999999969
99.88,0.9200000000000017,-27,559.134999999997
99.88,0.9200000000000017,-28,559.5949999999971
99.88,0.9200000000000017,-31,560.9749999999972
99.88,0.9200000000000017,-36,563.2749999999974
99.88,0.9200000000000017,-36,563.2749999999974
99.88,0.9200000000000017,-36,563.2749999999974
99.88,0.9200000000000017,-36,563.2749999999974
99.88,0.9200000000000017,-37,563.7349999999974
99.88,0.9200000000000017,-37,563.7349999999974
99.88,0.9200000000000017,-37,563.7349999999974
99.88,0.9200000000000017,-37,563.7349999999974
99.88,0.9200000000000017,-37,563.7349999999974
99.88,0.9200000000000017,-37,563.7349999999974
99.88,0.9200000000000017,-41,565.5749999999971
99.88,0.9200000000000017,-35,568.3349999999973
99.88,0.9200000000000017,-35,568.3349999999973
99.88,0.9200000000000017,-46,573.3949999999977
99.88,0.9200000000000017,-45,573.8549999999977
99.88,0.9200000000000017,-45,573.8549999999977
99.88,0.9200000000000017,-45,573.8549999999977
99.88,0.9200000000000017,-33,579.3749999999973
99.88,0.9200000000000017,-33,579.3749999999973
99.88,0.9200000000000017,-33,579.3749999999973
99.88,0.9200000000000017,-33,579.3749999999973
99.88,0.9200000000000017,-33,579.3749999999973
99.88,0.9200000000000017,-28,581.6749999999975
99.88,0.9200000000000017,-28,581.6749999999975
99.88,0.9200000000000017,-27,582.1349999999975
99.88,0.9200000000000017,-28,582.5949999999975
99.88,0.9200000000000017,-23,584.8949999999977
99.88,0.9200000000000017,-23,584.8949999999977
99.88,0.9200000000000017,-43,594.0949999999975
99.88,0.9200000000000017,-43,594.0949999999975
99.88,0.9200000000000017,-43,594.0949999999975
99.88,0.9200000000000017,-29,600.5349999999976
99.88,0.9200000000000017,-29,600.5349999999976
99.88,0.9200000000000017,-29,600.5349999999976
99.88,0.9200000000000017,-27,601.4549999999977
99.88,0.9200000000000017,-27,601.4549999999977
99.88,0.9200000000000017,-22,603.7549999999978
99.88,0.9200000000000017,-22,603.7549999999978
99.88,0.9200000000000017,-22,603.7549999999978
99.88,0.9200000000000017,-23,604.2149999999979
99.88,0.9200000000000017,-23,604.2149999999979
99.88,0.9200000000000017,-23,604.2149999999979
99.88,0.9200000000000017,-13,608.8149999999976
99.88,0.9200000000000017,-11,609.7349999999979
99.88,0.9200000000000017,-16,612.034999999998
99.88,0.9200000000000017,-16,612.034999999998
99.88,0.9200000000000017,-16,612.034999999998
99.88499999999999,0.9299999999999926,-32,619.364999999998
99.88499999999999,0.9299999999999926,-34,620.2949999999978
99.88499999999999,0.9299999999999926,-34,620.2949999999978
99.88499999999999,0.9299999999999926,-34,620.2949999999978
99.88499999999999,0.9299999999999926,-18,627.7349999999974
99.88499999999999,0.9299999999999926,-18,627.7349999999974
99.88499999999999,0.9299999999999926,-18,627.7349999999974
99.88,0.9399999999999977,-13,630.134999999997
99.88,0.9399999999999977,-13,630.134999999997
99.88,0.9399999999999977,-13,630.134999999997
99.88,0.9399999999999977,-13,630.134999999997
99.88,0.9399999999999977,-12,630.6049999999971
99.88,0.9399999999999977,-12,630.6049999999971
99.88,0.9399999999999977,-12,630.6049999999971
99.88,0.9399999999999977,-4,634.364999999997
99.88,0.9399999999999977,-4,634.364999999997
99.88,0.9399999999999977,-4,634.364999999997
99.88,0.9399999999999977,4,638.124999999997
99.88,0.9399999999999977,4,638.124999999997
99.88,0.9399999999999977,19,645.174999999997
99.88,0.9399999999999977,19,645.174999999997
99.88,0.9399999999999977,19,645.174999999997
99.88,0.9399999999999977,19,645.174999999997
99.88,0.9399999999999977,19,645.174999999997
99.88,0.9399999999999977,19,645.174999999997
99.88,0.9399999999999977,18,645.644999999997
99.88,0.9399999999999977,18,645.644999999997
99.88,0.9399999999999977,18,645.644999999997
99.88,0.9399999999999977,18,645.644999999997
99.88,0.9399999999999977,18,645.644999999997
99.88,0.9399999999999977,23,647.9949999999969
99.88,0.9399999999999977,27,649.8749999999968
99.88,0.9399999999999977,28,650.3449999999971
99.88,0.9399999999999977,27,650.8149999999969
99.88,0.9399999999999977,27,650.8149999999969
99.88,0.9399999999999977,27,650.8149999999969
99.88,0.9399999999999977,37,655.5149999999971
99.88,0.9399999999999977,44,658.8049999999967
99.88,0.9399999999999977,43,659.2749999999974
99.88,0.9399999999999977,44,659.7449999999967
99.88,0.9399999999999977,43,660.2149999999974
99.88,0.9399999999999977,43,660.2149999999974
99.88,0.9399999999999977,47,662.0949999999971
99.88,0.9399999999999977,47,662.0949999999971
99.88,0.9399999999999977,47,662.0949999999971
99.88,0.9399999999999977,47,662.0949999999971
99.88,0.9399999999999977,49,663.0349999999971
99.88,0.9399999999999977,49,663.0349999999971
99.88,0.9399999999999977,49,663.0349999999971
99.88,0.9399999999999977,49,663.0349999999971
99.88,0.9399999999999977,49,663.0349999999971
99.88,0.9399999999999977,49,663.0349999999971
99.88,0.9399999999999977,49,663.0349999999971
99.88,0.9399999999999977,49,663.0349999999971
99.88,0.9399999999999977,49,663.0349999999971
99.88,0.9399999999999977,50,663.5049999999974
99.88,0.9399999999999977,52,664.4449999999979
99.88,0.9399999999999977,52,664.4449999999979
99.88,0.9399999999999977,51,664.9149999999981
99.88,0.9399999999999977,51,664.9149999999981
99.88,0.9399999999999977,51,664.9149999999981
99.88,0.9399999999999977,52,665.3849999999984
99.88,0.9399999999999977,52,665.3849999999984
99.88,0.9399999999999977,51,665.8549999999987
99.88,0.9399999999999977,51,665.8549999999987
99.88,0.9399999999999977,51,665.8549999999987
99.88,0.9399999999999977,58,669.1449999999986
99.85499999999999,0.8900000000000006,59,668.1399999999985
99.83500000000001,0.8500000000000085,59,666.9599999999991
99.83,0.8400000000000034,56,667.9249999999984
99.83,0.8400000000000034,56,667.9249999999984
99.83,0.8400000000000034,56,667.9249999999984
99.83,0.8400000000000034,56,667.9249999999984
99.83,0.8400000000000034,56,667.9249999999984
99.83,0.8400000000000034,56,667.9249999999984
99.83,0.8400000000000034,56,667.9249999999984
99.83,0.8400000000000034,56,667.9249999999984
99.83,0.8400000000000034,57,668.3449999999984
99.83,0.8400000000000034,57,668.3449999999984
99.83,0.8400000000000034,57,668.3449999999984
99.83,0.8400000000000034,57,668.3449999999984
99.83,0.8400000000000034,57,668.3449999999984
99.83,0.8400000000000034,62,670.4449999999988
99.81,0.7999999999999972,62,669.204999999999
99.8,0.7800000000000011,61,668.9749999999985
99.8,0.7800000000000011,61,668.9749999999985
99.8,0.7800000000000011,57,670.534999999998
99.8,0.7800000000000011,57,670.534999999998
99.8,0.7800000000000011,57,670.534999999998
99.8,0.7800000000000011,57,670.534999999998
99.8,0.7800000000000011,57,670.534999999998
99.8,0.7800000000000011,57,670.534999999998
99.8,0.7800000000000011,57,670.534999999998
99.8,0.7800000000000011,58,670.9249999999984
99.8,0.7800000000000011,57,671.3149999999978
99.8,0.7800000000000011,62,673.2649999999976
99.795,0.7700000000000102,58,674.4949999999981
99.795,0.7700000000000102,58,674.4949999999981
99.795,0.7700000000000102,59,674.8799999999983
99.795,0.7700000000000102,58,675.2649999999985
99.795,0.7700000000000102,58,675.2649999999985
99.795,0.7700000000000102,58,675.2649999999985
99.795,0.7700000000000102,58,675.2649999999985
99.795,0.7700000000000102,58,675.2649999999985
99.795,0.7700000000000102,58,675.2649999999985
99.795,0.7700000000000102,58,675.2649999999985
99.795,0.7700000000000102,58,675.2649999999985
99.795,0.7700000000000102,58,675.2649999999985
99.795,0.7700000000000102,58,675.2649999999985
99.795,0.7700000000000102,68,679.1149999999989
99.75999999999999,0.7000000000000028,68,676.7349999999979
99.745,0.6700000000000017,63,677.3899999999985
99.745,0.6700000000000017,63,677.3899999999985
99.745,0.6700000000000017,63,677.3899999999985
99.745,0.6700000000000017,63,677.3899999999985
99.745,0.6700000000000017,70,679.7349999999988
99.72999999999999,0.6400000000000006,70,678.6849999999977
99.72,0.6200000000000045,69,678.2949999999983
99.72,0.6200000000000045,69,678.2949999999983
99.72,0.6200000000000045,70,678.6049999999977
99.715,0.6099999999999994,71,678.5599999999986
99.71000000000001,0.6000000000000085,71,678.204999999999
99.705,0.5900000000000034,71,677.8499999999985
99.705,0.5900000000000034,70,678.1449999999977
99.705,0.5900000000000034,70,678.1449999999977
99.705,0.5900000000000034,75,679.6199999999981
99.67500000000001,0.5499999999999972,84,679.8049999999985
99.62,0.4399999999999977,84,675.1849999999977
99.59,0.37999999999999545,84,672.6649999999972
99.575,0.3499999999999943,83,671.5799999999981
99.575,0.3499999999999943,83,671.5799999999981
99.57,0.35999999999999943,90,672.3749999999964
99.53,0.28000000000000114,91,668.9149999999972
99.505,0.23000000000000398,91,666.6399999999976
99.49000000000001,0.20000000000000284,87,665.6749999999984
99.49000000000001,0.20000000000000284,87,665.6749999999984
99.505,0.23000000000000398,80,667.6049999999968
99.505,0.23000000000000398,80,667.6049999999968
99.505,0.23000000000000398,80,667.6049999999968
99.505,0.23000000000000398,99,669.7899999999954
99.455,0.12999999999999545,99,664.8399999999965
99.43,0.0799999999999983,99,662.364999999998
99.41499999999999,0.04999999999999716,99,660.8799999999956
99.405,0.030000000000001137,99,659.8899999999958
99.405,0.030000000000001137,99,659.8899999999958
99.405,0.030000000000001137,100,659.904999999997
99.4,0.01999999999999602,100,659.404999999997
99.39500000000001,0.010000000000005116,100,658.9049999999988
99.39500000000001,0.010000000000005116,104,658.9249999999993
99.375,-0.030000000000001137,100,656.784999999998
99.375,-0.030000000000001137,103,656.739999999998
99.36500000000001,-0.04999999999999716,103,655.7099999999991
99.36500000000001,-0.04999999999999716,103,655.7099999999991
99.36500000000001,-0.04999999999999716,108,655.5849999999991
99.34,-0.09999999999999432,108,652.8849999999984
99.325,-0.12999999999999545,108,651.2649999999976
99.32,-0.14000000000000057,108,650.7249999999967
99.315,-0.15000000000000568,108,650.1849999999977
99.31,-0.1599999999999966,108,649.6449999999968
99.31,-0.1599999999999966,108,649.6449999999968
99.31,-0.1599999999999966,105,649.4049999999988
99.31,-0.1599999999999966,105,649.4049999999988
99.31,-0.1599999999999966,105,649.4049999999988
99.31,-0.1599999999999966,105,649.4049999999988
99.31,-0.1599999999999966,104,649.3249999999971
99.31,-0.1599999999999966,104,649.3249999999971
99.31,-0.1599999999999966,112,648.6849999999977
99.28999999999999,-0.20000000000000284,112,646.4449999999961
99.28999999999999,-0.20000000000000284,99,644.9449999999961
99.28999999999999,-0.20000000000000284,99,644.9449999999961
99.28999999999999,-0.20000000000000284,99,644.9449999999961
99.28999999999999,-0.20000000000000284,99,644.9449999999961
99.28999999999999,-0.20000000000000284,99,644.9449999999961
99.28999999999999,-0.20000000000000284,101,644.7449999999953
99.28999999999999,-0.20000000000000284,101,644.7449999999953
99.28999999999999,-0.20000000000000284,96,644.2449999999972
99.31,-0.1599999999999966,94,645.9249999999956
99.31,-0.1599999999999966,94,645.9249999999956
99.31,-0.1599999999999966,94,645.9249999999956
99.31,-0.1599999999999966,94,645.9249999999956
99.31,-0.1599999999999966,101,645.3649999999961
99.31,-0.1599999999999966,101,645.3649999999961
99.31,-0.1599999999999966,101,645.3649999999961
99.31,-0.1599999999999966,101,645.3649999999961
99.31,-0.1599999999999966,101,645.3649999999961
99.31,-0.1599999999999966,102,645.284999999998
99.31,-0.1599999999999966,102,645.284999999998
99.31,-0.1599999999999966,106,644.9649999999983
99.31,-0.1599999999999966,106,644.9649999999983
99.31,-0.1599999999999966,106,644.9649999999983
99.31,-0.1599999999999966,106,644.9649999999983
99.31,-0.1599999999999966,105,644.8849999999984
99.31,-0.1599999999999966,105,644.8849999999984
99.31,-0.1599999999999966,107,644.7249999999967
99.31,-0.1599999999999966,107,644.7249999999967
99.31,-0.1599999999999966,107,644.7249999999967
99.31,-0.1599999999999966,107,644.7249999999967
99.31,-0.1599999999999966,107,644.7249999999967
99.31,-0.1599999999999966,107,644.7249999999967
99.31,-0.1599999999999966,114,644.1649999999972
99.28,-0.21999999999999886,148,637.0049999999974
99.095,-0.5900000000000034,148,609.6249999999964
99.0,-0.7800000000000011,140,592.4449999999961
98.995,-0.7900000000000063,136,590.1649999999954
98.995,-0.7900000000000063,136,590.1649999999954
98.995,-0.7900000000000063,136,590.1649999999954
98.995,-0.7900000000000063,136,590.1649999999954
98.995,-0.7900000000000063,136,590.1649999999954
98.995,-0.7900000000000063,135,589.7699999999968
98.995,-0.7900000000000063,136,589.3749999999964
98.995,-0.7900000000000063,136,589.3749999999964
98.995,-0.7900000000000063,135,588.9799999999977
98.995,-0.7900000000000063,136,588.5849999999973
98.995,-0.7900000000000063,136,588.5849999999973
98.995,-0.7900000000000063,135,588.1899999999987
98.995,-0.7900000000000063,135,588.1899999999987
98.995,-0.7900000000000063,135,588.1899999999987
98.995,-0.7900000000000063,135,588.1899999999987
98.995,-0.7900000000000063,135,588.1899999999987
98.995,-0.7900000000000063,133,587.3999999999996
98.995,-0.7900000000000063,133,587.3999999999996
98.995,-0.7900000000000063,133,587.3999999999996
98.995,-0.7900000000000063,133,587.3999999999996
98.995,-0.7900000000000063,133,587.3999999999996
98.995,-0.7900000000000063,133,587.3999999999996
98.995,-0.7900000000000063,133,587.3999999999996
99.0,-0.7800000000000011,132,587.664999999999
99.0,-0.7800000000000011,132,587.664999999999
99.0,-0.7800000000000011,132,587.664999999999
99.0,-0.7800000000000011,132,587.664999999999
99.0,-0.7800000000000011,132,587.664999999999
99.0,-0.7800000000000011,132,587.664999999999
99.0,-0.7800000000000011,132,587.664999999999
99.0,-0.7800000000000011,132,587.664999999999
99.0,-0.7800000000000011,132,587.664999999999
99.0,-0.7800000000000011,132,587.664999999999
99.0,-0.7800000000000011,132,587.664999999999
99.015,-0.75,128,588.0849999999991
99.015,-0.75,128,588.0849999999991
99.015,-0.75,128,588.0849999999991
99.015,-0.75,128,588.0849999999991
99.015,-0.75,128,588.0849999999991
99.015,-0.75,138,584.3349999999991
99.015,-0.75,132,582.0849999999991
99.015,-0.75,133,581.710000000001
99.015,-0.75,133,581.710000000001
99.015,-0.75,140,579.085000000001
99.0,-0.7800000000000011,140,576.9850000000006
98.995,-0.7900000000000063,156,569.965000000002
98.91499999999999,-0.9500000000000028,156,557.4849999999988
98.87,-1.0400000000000063,156,550.465000000002
98.85,-1.0799999999999983,156,547.3449999999993
98.84,-1.0999999999999943,156,545.7850000000017
98.83500000000001,-1.1099999999999994,156,545.0050000000028
98.83500000000001,-1.1099999999999994,160,542.7850000000035
98.815,-1.1500000000000057,160,539.585000000001
98.805,-1.1700000000000017,160,537.9850000000024
98.8,-1.1800000000000068,167,533.0550000000003
98.75999999999999,-1.2600000000000051,167,526.375
98.74000000000001,-1.2999999999999972,167,523.0350000000035
98.74000000000001,-1.2999999999999972,153,513.7350000000042
98.74000000000001,-1.2999999999999972,151,512.435000000005
98.74000000000001,-1.2999999999999972,151,512.435000000005
98.74000000000001,-1.2999999999999972,151,512.435000000005
98.74000000000001,-1.2999999999999972,151,512.435000000005
98.74000000000001,-1.2999999999999972,151,512.435000000005
98.74000000000001,-1.2999999999999972,151,512.435000000005
98.74000000000001,-1.2999999999999972,151,512.435000000005
98.74000000000001,-1.2999999999999972,151,512.435000000005
98.74000000000001,-1.2999999999999972,154,510.4850000000042
98.74000000000001,-1.2999999999999972,153,509.8350000000046
98.74000000000001,-1.2999999999999972,153,509.8350000000046
98.74000000000001,-1.2999999999999972,153,509.8350000000046
98.74000000000001,-1.2999999999999972,153,509.8350000000046
98.74000000000001,-1.2999999999999972,153,509.8350000000046
98.74000000000001,-1.2999999999999972,153,509.8350000000046
98.74000000000001,-1.2999999999999972,153,509.8350000000046
98.74000000000001,-1.2999999999999972,154,509.18500000000495
98.74000000000001,-1.2999999999999972,154,509.18500000000495
98.74000000000001,-1.2999999999999972,153,508.5350000000053
98.75999999999999,-1.2600000000000051,142,504.58500000000276
98.75999999999999,-1.2600000000000051,142,504.58500000000276
98.75999999999999,-1.2600000000000051,142,504.58500000000276
98.75999999999999,-1.2600000000000051,142,504.58500000000276
98.795,-1.1899999999999977,133,504.13000000000466
98.795,-1.1899999999999977,133,504.13000000000466
98.795,-1.1899999999999977,133,504.13000000000466
98.795,-1.1899999999999977,133,504.13000000000466
98.795,-1.1899999999999977,133,504.13000000000466
98.795,-1.1899999999999977,133,504.13000000000466
98.795,-1.1899999999999977,133,504.13000000000466
98.795,-1.1899999999999977,133,504.13000000000466
98.795,-1.1899999999999977,133,504.13000000000466
98.795,-1.1899999999999977,133,504.13000000000466
98.795,-1.1899999999999977,126,499.9650000000038
98.795,-1.1899999999999977,117,494.6100000000024
98.795,-1.1899999999999977,126,489.25500000000284
98.795,-1.1899999999999977,126,489.25500000000284
98.795,-1.1899999999999977,139,481.5200000000041
98.795,-1.1899999999999977,139,481.5200000000041
98.795,-1.1899999999999977,139,481.5200000000041
98.795,-1.1899999999999977,138,480.92500000000473
98.795,-1.1899999999999977,137,480.3300000000054
98.795,-1.1899999999999977,141,477.95000000000437
98.795,-1.1899999999999977,141,477.95000000000437
98.795,-1.1899999999999977,141,477.95000000000437
98.795,-1.1899999999999977,143,476.76000000000386
98.795,-1.1899999999999977,143,476.76000000000386
98.795,-1.1899999999999977,143,476.76000000000386
98.795,-1.1899999999999977,143,476.76000000000386
98.8,-1.1800000000000068,134,472.1250000000018
98.8,-1.1800000000000068,134,472.1250000000018
98.8,-1.1800000000000068,134,472.1250000000018
98.8,-1.1800000000000068,142,467.4050000000025
98.8,-1.1800000000000068,140,466.2250000000022
98.8,-1.1800000000000068,141,465.63500000000204
98.79499999999999,-1.1700000000000017,153,457.7900000000009
98.79499999999999,-1.1700000000000017,157,455.4500000000007
98.79499999999999,-1.1700000000000017,157,455.4500000000007
98.79499999999999,-1.1700000000000017,169,448.4300000000021
98.74,-1.2800000000000011,175,435.2950000000019
98.685,-1.3900000000000006,183,420.1100000000006
98.62,-1.519999999999996,183,408.21500000000015
98.58500000000001,-1.5899999999999892,188,397.83500000000276
98.54499999999999,-1.6700000000000017,203,377.78999999999724
98.445,-1.8699999999999903,203,357.48999999999796
98.395,-1.9699999999999989,204,346.3549999999959
98.365,-2.030000000000001,204,340.23499999999694
98.35,-2.0600000000000023,203,336.1449999999968
98.35,-2.0600000000000023,203,336.1449999999968
98.35,-2.0600000000000023,203,336.1449999999968
98.35,-2.0600000000000023,203,336.1449999999968
98.345,-2.0500000000000114,218,319.66499999999724
98.265,-2.210000000000008,216,300.0149999999994
98.24000000000001,-2.260000000000005,216,294.6150000000016
98.225,-2.2900000000000063,217,290.2299999999959
98.21000000000001,-2.3200000000000074,217,286.9750000000022
98.20500000000001,-2.3299999999999983,215,283.56000000000495
98.20500000000001,-2.3299999999999983,215,283.56000000000495
98.20500000000001,-2.3299999999999983,215,283.56000000000495
98.20500000000001,-2.3299999999999983,215,283.56000000000495
98.20500000000001,-2.3299999999999983,215,283.56000000000495
98.20500000000001,-2.3299999999999983,215,283.56000000000495
98.20500000000001,-2.3299999999999983,215,283.56000000000495
98.20500000000001,-2.3299999999999983,214,282.3950000000041
98.20500000000001,-2.3299999999999983,214,282.3950000000041
98.20500000000001,-2.3299999999999983,214,282.3950000000041
98.20500000000001,-2.3299999999999983,216,280.0650000000023
98.20500000000001,-2.3299999999999983,215,278.9000000000051
98.20500000000001,-2.3299999999999983,215,278.9000000000051
98.20500000000001,-2.3299999999999983,215,278.9000000000051
98.20500000000001,-2.3299999999999983,216,277.7350000000042
98.20500000000001,-2.3299999999999983,216,277.7350000000042
98.20500000000001,-2.3299999999999983,217,276.570000000007
98.20500000000001,-2.3299999999999983,214,273.07500000000437
98.20500000000001,-2.3299999999999983,214,273.07500000000437
98.20500000000001,-2.3299999999999983,214,273.07500000000437
98.20500000000001,-2.3299999999999983,214,273.07500000000437
98.21000000000001,-2.3200000000000074,201,258.93500000000495
98.21000000000001,-2.3200000000000074,191,247.33500000000276
98.21000000000001,-2.3200000000000074,193,245.01500000000306
98.21000000000001,-2.3200000000000074,184,234.57500000000437
98.21000000000001,-2.3200000000000074,184,234.57500000000437
98.21000000000001,-2.3200000000000074,186,232.25500000000102
98.21000000000001,-2.3200000000000074,186,232.25500000000102
98.21000000000001,-2.3200000000000074,186,232.25500000000102
98.21000000000001,-2.3200000000000074,186,232.25500000000102
98.21000000000001,-2.3200000000000074,180,225.2950000000019
98.21000000000001,-2.3200000000000074,180,225.2950000000019
98.21000000000001,-2.3200000000000074,181,224.13500000000204
98.21000000000001,-2.3200000000000074,181,224.13500000000204
98.21000000000001,-2.3200000000000074,181,224.13500000000204
98.21000000000001,-2.3200000000000074,180,222.97500000000218
98.21000000000001,-2.3200000000000074,180,222.97500000000218
98.21000000000001,-2.3200000000000074,180,222.97500000000218
98.21000000000001,-2.3200000000000074,180,222.97500000000218
98.21000000000001,-2.3200000000000074,180,222.97500000000218
98.21000000000001,-2.3200000000000074,180,222.97500000000218
98.21000000000001,-2.3200000000000074,180,222.97500000000218
98.21000000000001,-2.3200000000000074,180,222.97500000000218
98.205,-2.3100000000000023,196,203.5550000000003
98.205,-2.3100000000000023,196,203.5550000000003
98.205,-2.3100000000000023,183,188.54000000000087
98.205,-2.3100000000000023,183,188.54000000000087
98.205,-2.3100000000000023,183,188.54000000000087
98.205,-2.3100000000000023,183,188.54000000000087
98.205,-2.3100000000000023,183,188.54000000000087
98.21000000000001,-2.299999999999997,180,185.99500000000262
98.21000000000001,-2.299999999999997,173,177.9449999999997
98.21000000000001,-2.299999999999997,173,177.9449999999997
98.21000000000001,-2.299999999999997,173,177.9449999999997
98.21000000000001,-2.299999999999997,173,177.9449999999997
98.21000000000001,-2.299999999999997,173,177.9449999999997
98.21000000000001,-2.299999999999997,173,177.9449999999997
98.21000000000001,-2.299999999999997,184,165.2950000000019
98.21000000000001,-2.299999999999997,184,165.2950000000019
98.21000000000001,-2.299999999999997,184,165.2950000000019
98.21000000000001,-2.299999999999997,178,158.39500000000044
98.21000000000001,-2.299999999999997,164,142.29500000000007
98.21000000000001,-2.299999999999997,164,142.29500000000007
98.21000000000001,-2.299999999999997,164,142.29500000000007
98.21000000000001,-2.299999999999997,163,141.14500000000044
98.21000000000001,-2.299999999999997,163,141.14500000000044
98.21000000000001,-2.299999999999997,163,141.14500000000044
98.21000000000001,-2.299999999999997,154,130.79500000000007
98.21000000000001,-2.299999999999997,154,130.79500000000007
98.21000000000001,-2.299999999999997,118,89.39499999999862
98.21000000000001,-2.299999999999997,106,75.59499999999753
98.21000000000001,-2.299999999999997,106,75.59499999999753
98.21000000000001,-2.299999999999997,106,75.59499999999753
98.21000000000001,-2.299999999999997,106,75.59499999999753
98.21000000000001,-2.299999999999997,106,75.59499999999753
98.21000000000001,-2.299999999999997,106,75.59499999999753
98.21000000000001,-2.299999999999997,102,70.99499999999716
98.21000000000001,-2.299999999999997,102,70.99499999999716
98.21000000000001,-2.299999999999997,102,70.99499999999716
98.21000000000001,-2.299999999999997,102,70.99499999999716
98.21000000000001,-2.299999999999997,102,70.99499999999716
98.21000000000001,-2.299999999999997,102,70.99499999999716
98.21000000000001,-2.299999999999997,102,70.99499999999716
98.21000000000001,-2.299999999999997,105,67.54499999999825
98.21000000000001,-2.299999999999997,105,67.54499999999825
98.21000000000001,-2.299999999999997,105,67.54499999999825
98.21000000000001,-2.299999999999997,105,67.54499999999825
98.21000000000001,-2.299999999999997,105,67.54499999999825
98.21000000000001,-2.299999999999997,98,59.49499999999716
98.21000000000001,-2.299999999999997,98,59.49499999999716
98.215,-2.2900000000000063,95,56.529999999998836
98.215,-2.2900000000000063,95,56.529999999998836
98.215,-2.2900000000000063,93,54.23999999999796
98.215,-2.2900000000000063,93,54.23999999999796
98.215,-2.2900000000000063,95,51.94999999999891
98.215,-2.2900000000000063,95,51.94999999999891
98.215,-2.2900000000000063,95,51.94999999999891
98.215,-2.2900000000000063,89,45.07999999999811
98.215,-2.2900000000000063,89,45.07999999999811
98.215,-2.2900000000000063,89,45.07999999999811
98.215,-2.2900000000000063,89,45.07999999999811
98.215,-2.2900000000000063,89,45.07999999999811
98.215,-2.2900000000000063,89,45.07999999999811
98.215,-2.2900000000000063,89,45.07999999999811
98.215,-2.2900000000000063,89,45.07999999999811
98.215,-2.2900000000000063,89,45.07999999999811
98.215,-2.2900000000000063,90,43.93499999999767
98.215,-2.2900000000000063,90,43.93499999999767
98.215,-2.2900000000000063,90,43.93499999999767
98.215,-2.2900000000000063,90,43.93499999999767
98.215,-2.2900000000000063,90,43.93499999999767
98.215,-2.2900000000000063,90,43.93499999999767
98.215,-2.2900000000000063,90,43.93499999999767
98.215,-2.2900000000000063,80,32.484999999997854
98.215,-2.2900000000000063,76,27.904999999997017
98.215,-2.2900000000000063,76,27.904999999997017
98.215,-2.2900000000000063,76,27.904999999997017
98.215,-2.2900000000000063,93,8.439999999996871
98.215,-2.2900000000000063,93,8.439999999996871
98.215,-2.2900000000000063,93,8.439999999996871
98.215,-2.2900000000000063,93,8.439999999996871
98.215,-2.2900000000000063,93,8.439999999996871
98.215,-2.2900000000000063,92,7.294999999996435
98.205,-2.2700000000000102,111,-15.370000000006257
98.205,-2.2700000000000102,111,-15.370000000006257
98.205,-2.2700000000000102,111,-15.370000000006257
98.205,-2.2700000000000102,107,-19.91000000000531
98.205,-2.2700000000000102,107,-19.91000000000531
98.205,-2.2700000000000102,107,-19.91000000000531
98.205,-2.2700000000000102,107,-19.91000000000531
98.205,-2.2700000000000102,107,-19.91000000000531
98.205,-2.2700000000000102,107,-19.91000000000531
98.205,-2.2700000000000102,107,-19.91000000000531
98.205,-2.2700000000000102,107,-19.91000000000531
98.205,-2.2700000000000102,107,-19.91000000000531
98.205,-2.2700000000000102,98,-30.125000000005457
98.205,-2.2700000000000102,98,-30.125000000005457
98.205,-2.2700000000000102,98,-30.125000000005457
98.205,-2.2700000000000102,98,-30.125000000005457
98.205,-2.2700000000000102,107,-40.3400000000056
98.205,-2.2700000000000102,107,-40.3400000000056
98.205,-2.2700000000000102,107,-40.3400000000056
98.205,-2.2700000000000102,107,-40.3400000000056
98.205,-2.2700000000000102,107,-40.3400000000056
98.205,-2.2700000000000102,107,-40.3400000000056
98.205,-2.2700000000000102,107,-40.3400000000056
98.205,-2.2700000000000102,107,-40.3400000000056
98.205,-2.2700000000000102,107,-40.3400000000056
98.205,-2.2700000000000102,107,-40.3400000000056
98.205,-2.2700000000000102,106,-41.47500000000582
98.205,-2.2700000000000102,105,-42.61000000000604
98.205,-2.2700000000000102,104,-43.74500000000626
98.205,-2.2700000000000102,95,-53.9600000000064
98.205,-2.2700000000000102,95,-53.9600000000064
98.205,-2.2700000000000102,98,-57.36500000000706
98.205,-2.2700000000000102,97,-58.500000000007276
98.205,-2.2700000000000102,97,-58.500000000007276
98.205,-2.2700000000000102,99,-60.77000000000771
98.205,-2.2700000000000102,99,-60.77000000000771
98.205,-2.2700000000000102,99,-60.77000000000771
98.205,-2.2700000000000102,99,-60.77000000000771
98.205,-2.2700000000000102,99,-60.77000000000771
98.205,-2.2700000000000102,98,-61.90500000000793
98.205,-2.2700000000000102,98,-61.90500000000793
98.205,-2.2700000000000102,96,-64.17500000000837
98.205,-2.2700000000000102,98,-66.4450000000088
98.205,-2.2700000000000102,98,-66.4450000000088
98.205,-2.2700000000000102,98,-66.4450000000088
98.205,-2.2700000000000102,98,-66.4450000000088
98.205,-2.2700000000000102,98,-66.4450000000088
98.205,-2.2700000000000102,105,-74.39000000000851
98.205,-2.2700000000000102,105,-74.39000000000851
98.205,-2.2700000000000102,105,-74.39000000000851
98.205,-2.2700000000000102,106,-75.52500000000873
98.205,-2.2700000000000102,106,-75.52500000000873
98.205,-2.2700000000000102,105,-76.66000000000895
98.205,-2.2700000000000102,109,-81.20000000000982
98.205,-2.2700000000000102,105,-85.74000000000888
98.205,-2.2700000000000102,105,-85.74000000000888
98.205,-2.2700000000000102,103,-88.01000000000931
98.205,-2.2700000000000102,103,-88.01000000000931
98.205,-2.2700000000000102,102,-89.14500000000953
98.205,-2.2700000000000102,103,-90.28000000000975
98.205,-2.2700000000000102,103,-90.28000000000975
98.205,-2.2700000000000102,101,-92.55000000001019
98.205,-2.2700000000000102,101,-92.55000000001019
98.205,-2.2700000000000102,101,-92.55000000001019
98.205,-2.2700000000000102,100,-93.6850000000104
98.205,-2.2700000000000102,100,-93.6850000000104
98.205,-2.2700000000000102,99,-94.82000000001062
98.205,-2.2700000000000102,99,-94.82000000001062
98.205,-2.2700000000000102,99,-94.82000000001062
98.205,-2.2700000000000102,106,-102.76500000001033
98.205,-2.2700000000000102,106,-102.76500000001033
98.19999999999999,-2.260000000000005,117,-115.81500000001142
98.205,-2.25,112,-120.90500000000975
98.205,-2.25,112,-120.90500000000975
98.205,-2.25,111,-122.03000000000975
98.205,-2.25,105,-128.78000000000975
98.205,-2.25,105,-128.78000000000975
98.205,-2.25,105,-128.78000000000975
98.205,-2.25,105,-128.78000000000975
98.205,-2.25,105,-128.78000000000975
98.205,-2.25,104,-129.90500000000975
98.22,-2.219999999999999,98,-135.0650000000096
98.22,-2.219999999999999,98,-135.0650000000096
98.22,-2.219999999999999,97,-136.17500000000837
98.22,-2.219999999999999,96,-137.28500000000895
98.22,-2.219999999999999,96,-137.28500000000895
98.22,-2.219999999999999,96,-137.28500000000895
98.22,-2.219999999999999,96,-137.28500000000895
98.22,-2.219999999999999,96,-137.28500000000895
98.22,-2.219999999999999,104,-146.16500000000815
98.22,-2.219999999999999,104,-146.16500000000815
98.22,-2.219999999999999,104,-146.16500000000815
98.22,-2.219999999999999,104,-146.16500000000815
98.22,-2.219999999999999,104,-146.16500000000815
98.22,-2.219999999999999,104,-146.16500000000815
98.22,-2.219999999999999,104,-146.16500000000815
98.22,-2.219999999999999,108,-150.60500000000684
98.22,-2.219999999999999,108,-150.60500000000684
98.22,-2.219999999999999,109,-151.71500000000742
98.22,-2.219999999999999,109,-151.71500000000742
98.22,-2.219999999999999,110,-152.82500000000618
98.22,-2.219999999999999,109,-153.93500000000677
98.22,-2.219999999999999,109,-153.93500000000677
98.22,-2.219999999999999,108,-155.04500000000553
98.22,-2.219999999999999,107,-156.1550000000061
98.22,-2.219999999999999,107,-156.1550000000061
98.22,-2.219999999999999,116,-166.14500000000407
98.22,-2.219999999999999,116,-166.14500000000407
98.22,-2.219999999999999,116,-166.14500000000407
98.265,-2.1299999999999955,103,-175.18000000000393
98.265,-2.1299999999999955,104,-176.24500000000444
98.265,-2.1299999999999955,104,-176.24500000000444
98.265,-2.1299999999999955,104,-176.24500000000444
98.265,-2.1299999999999955,104,-176.24500000000444
98.265,-2.1299999999999955,103,-177.31000000000313
98.265,-2.1299999999999955,103,-177.31000000000313
98.28999999999999,-2.0799999999999983,95,-183.30500000000393
98.28999999999999,-2.0799999999999983,95,-183.30500000000393
98.28999999999999,-2.0799999999999983,92,-186.42500000000473
98.28999999999999,-2.0799999999999983,92,-186.42500000000473
98.28999999999999,-2.0799999999999983,92,-186.42500000000473
98.28999999999999,-2.0799999999999983,100,-194.74500000000262
98.28999999999999,-2.0799999999999983,108,-203.06500000000233
98.28999999999999,-2.0799999999999983,108,-203.06500000000233
98.28999999999999,-2.0799999999999983,105,-206.18500000000313
98.28999999999999,-2.0799999999999983,106,-207.22500000000218
98.28999999999999,-2.0799999999999983,106,-207.22500000000218
98.28999999999999,-2.0799999999999983,106,-207.22500000000218
98.28999999999999,-2.0799999999999983,106,-207.22500000000218
98.28999999999999,-2.0799999999999983,106,-207.22500000000218
98.28999999999999,-2.0799999999999983,101,-212.4250000000029
98.28999999999999,-2.0799999999999983,100,-213.46500000000196
98.28999999999999,-2.0799999999999983,100,-213.46500000000196
98.28999999999999,-2.0799999999999983,100,-213.46500000000196
98.28999999999999,-2.0799999999999983,100,-213.46500000000196
98.28999999999999,-2.0799999999999983,100,-213.46500000000196
98.28999999999999,-2.0799999999999983,100,-213.46500000000196
98.28999999999999,-2.0799999999999983,100,-213.46500000000196
98.28999999999999,-2.0799999999999983,109,-222.82500000000255
98.28999999999999,-2.0799999999999983,115,-229.06500000000233
98.28999999999999,-2.0799999999999983,125,-239.46500000000196
98.28999999999999,-2.0799999999999983,125,-239.46500000000196
98.28999999999999,-2.0799999999999983,135,-249.86499999999978
98.28999999999999,-2.0799999999999983,136,-250.90500000000065
98.28999999999999,-2.0799999999999983,136,-250.90500000000065
98.28999999999999,-2.0799999999999983,136,-250.90500000000065
98.28999999999999,-2.0799999999999983,136,-250.90500000000065
98.28999999999999,-2.0799999999999983,137,-251.9449999999997
98.28999999999999,-2.0799999999999983,142,-257.14500000000044
98.28999999999999,-2.0799999999999983,142,-257.14500000000044
98.28999999999999,-2.0799999999999983,141,-258.1849999999995
98.28999999999999,-2.0799999999999983,141,-258.1849999999995
98.28999999999999,-2.0799999999999983,142,-259.22500000000036
98.28999999999999,-2.0799999999999983,143,-260.2649999999994
98.28999999999999,-2.0799999999999983,140,-263.3850000000002
98.305,-2.049999999999997,134,-267.4649999999983
98.305,-2.049999999999997,134,-267.4649999999983
98.305,-2.049999999999997,135,-268.48999999999796
98.305,-2.049999999999997,135,-268.48999999999796
98.305,-2.049999999999997,135,-268.48999999999796
98.305,-2.049999999999997,135,-268.48999999999796
98.305,-2.049999999999997,133,-270.53999999999905
98.3,-2.039999999999992,135,-273.2649999999994
98.3,-2.039999999999992,135,-273.2649999999994
98.3,-2.039999999999992,136,-274.28499999999985
98.31,-2.019999999999996,131,-278.03499999999804
98.31,-2.019999999999996,124,-285.10499999999774
98.31,-2.019999999999996,124,-285.10499999999774
98.31,-2.019999999999996,124,-285.10499999999774
98.31,-2.019999999999996,124,-285.10499999999774
98.32,-2.0,122,-285.8850000000002
98.32,-2.0,122,-285.8850000000002
98.32,-2.0,122,-285.8850000000002
98.32,-2.0,121,-286.8850000000002
98.32,-2.0,121,-286.8850000000002
98.32,-2.0,121,-286.8850000000002
98.32,-2.0,120,-287.8850000000002
98.32,-2.0,120,-287.8850000000002
98.32,-2.0,120,-287.8850000000002
98.32,-2.0,120,-287.8850000000002
98.32,-2.0,122,-289.8850000000002
98.32,-2.0,122,-289.8850000000002
98.32,-2.0,112,-299.8849999999984
98.32,-2.0,120,-307.8849999999984
98.32,-2.0,105,-322.8850000000002
98.32,-2.0,105,-322.8850000000002
98.32,-2.0,105,-322.8850000000002
98.32,-2.0,105,-322.8850000000002
98.32,-2.0,105,-322.8850000000002
98.32,-2.0,105,-322.8850000000002
98.32,-2.0,105,-322.8850000000002
98.32,-2.0,104,-323.8850000000002
98.32,-2.0,109,-328.8850000000002
98.32,-2.0,109,-328.8850000000002
98.32,-2.0,110,-329.8850000000002
98.32,-2.0,110,-329.8850000000002
98.32,-2.0,110,-329.8850000000002
98.32,-2.0,110,-329.8850000000002
98.32,-2.0,110,-329.8850000000002
98.32,-2.0,107,-332.8850000000002
98.32,-2.0,106,-333.8850000000002
98.32,-2.0,105,-334.88500000000204
98.32,-2.0,105,-334.88500000000204
98.32,-2.0,111,-340.88500000000204
98.32,-2.0,111,-340.88500000000204
98.32,-2.0,111,-340.88500000000204
98.32,-2.0,110,-341.88500000000204
98.32,-2.0,110,-341.88500000000204
98.32,-2.0,110,-341.88500000000204
98.32,-2.0,110,-341.88500000000204
98.32,-2.0,110,-341.88500000000204
98.32,-2.0,122,-353.88500000000204
98.32,-2.0,122,-353.88500000000204
98.32,-2.0,122,-353.88500000000204
98.32,-2.0,122,-353.88500000000204
98.32,-2.0,122,-353.88500000000204
98.32,-2.0,122,-353.88500000000204
98.32,-2.0,122,-353.88500000000204
98.32,-2.0,121,-354.88500000000204
98.32,-2.0,135,-368.88500000000204
98.32,-2.0,134,-369.88500000000204
98.32,-2.0,134,-369.88500000000204
98.32,-2.0,134,-369.88500000000204
98.32,-2.0,136,-371.88500000000204
98.335,-1.9699999999999989,124,-382.02500000000146
98.335,-1.9699999999999989,124,-382.02500000000146
98.335,-1.9699999999999989,124,-382.02500000000146
98.335,-1.9699999999999989,124,-382.02500000000146
98.335,-1.9699999999999989,124,-382.02500000000146
98.335,-1.9699999999999989,124,-382.02500000000146
98.335,-1.9699999999999989,124,-382.02500000000146
98.335,-1.9699999999999989,124,-382.02500000000146
98.335,-1.9699999999999989,124,-382.02500000000146
98.335,-1.9699999999999989,124,-382.02500000000146
98.335,-1.9699999999999989,118,-387.9350000000013
98.335,-1.9699999999999989,119,-388.9200000000001
98.335,-1.9699999999999989,118,-389.90500000000065
98.335,-1.9699999999999989,118,-389.90500000000065
98.335,-1.9699999999999989,119,-390.8899999999994
98.335,-1.9699999999999989,119,-390.8899999999994
98.335,-1.9699999999999989,121,-392.85999999999876
98.335,-1.9699999999999989,122,-393.84499999999935
98.335,-1.9699999999999989,122,-393.84499999999935
98.335,-1.9699999999999989,122,-393.84499999999935
98.33,-1.960000000000008,136,-408.3149999999987
98.33,-1.960000000000008,136,-408.3149999999987
98.33,-1.960000000000008,142,-414.1949999999979
98.33,-1.960000000000008,142,-414.1949999999979
98.33,-1.960000000000008,142,-414.1949999999979
98.33,-1.960000000000008,142,-414.1949999999979
98.33,-1.960000000000008,142,-414.1949999999979
98.33,-1.960000000000008,142,-414.1949999999979
98.33,-1.960000000000008,131,-424.97499999999854
98.33,-1.960000000000008,131,-424.97499999999854
98.33,-1.960000000000008,131,-424.97499999999854
98.33,-1.960000000000008,131,-424.97499999999854
98.33,-1.960000000000008,131,-424.97499999999854
98.33,-1.960000000000008,131,-424.97499999999854
98.33,-1.960000000000008,131,-424.97499999999854
98.33,-1.960000000000008,131,-424.97499999999854
98.33,-1.960000000000008,131,-424.97499999999854
98.33,-1.960000000000008,133,-426.9349999999995
98.33,-1.960000000000008,134,-427.91499999999905
98.33,-1.960000000000008,134,-427.91499999999905
98.33,-1.960000000000008,134,-427.91499999999905
98.33,-1.960000000000008,134,-427.91499999999905
98.33,-1.960000000000008,122,-439.67499999999745
98.33,-1.960000000000008,121,-440.654999999997
98.33,-1.960000000000008,120,-441.6349999999966
98.33,-1.960000000000008,120,-441.6349999999966
98.33,-1.960000000000008,111,-450.4549999999981
98.33,-1.960000000000008,111,-450.4549999999981
98.33,-1.960000000000008,111,-450.4549999999981
98.33,-1.960000000000008,111,-450.4549999999981
98.33,-1.960000000000008,111,-450.4549999999981
98.33,-1.960000000000008,111,-450.4549999999981
98.33,-1.960000000000008,117,-456.3349999999973
98.33,-1.960000000000008,114,-459.27499999999964
98.33,-1.960000000000008,114,-459.27499999999964
98.33,-1.960000000000008,114,-459.27499999999964
98.34,-1.9399999999999977,84,-487.35499999999774
98.34,-1.9399999999999977,83,-488.3249999999962
98.34,-1.9399999999999977,83,-488.3249999999962
98.34,-1.9399999999999977,87,-492.2049999999963
98.34,-1.9399999999999977,93,-498.024999999996
98.34,-1.9399999999999977,93,-498.024999999996
98.34,-1.9399999999999977,93,-498.024999999996
98.34,-1.9399999999999977,92,-498.99499999999534
98.34,-1.9399999999999977,99,-505.7849999999962
98.34,-1.9399999999999977,91,-513.5449999999964
98.34,-1.9399999999999977,91,-513.5449999999964
98.34,-1.9399999999999977,93,-515.484999999997
98.34,-1.9399999999999977,93,-515.484999999997
98.34,-1.9399999999999977,93,-515.484999999997
98.34,-1.9399999999999977,82,-526.1549999999979
98.345,-1.9300000000000068,70,-537.3749999999982
98.345,-1.9300000000000068,71,-538.3399999999983
98.345,-1.9300000000000068,71,-538.3399999999983
98.345,-1.9300000000000068,71,-538.3399999999983
98.345,-1.9300000000000068,71,-538.3399999999983
98.345,-1.9300000000000068,71,-538.3399999999983
98.345,-1.9300000000000068,57,-551.8499999999985
98.345,-1.9300000000000068,57,-551.8499999999985
98.345,-1.9300000000000068,56,-552.8149999999987
98.345,-1.9300000000000068,56,-552.8149999999987
98.345,-1.9300000000000068,54,-554.7449999999981
98.345,-1.9300000000000068,50,-558.6049999999977
98.345,-1.9300000000000068,50,-558.6049999999977
98.345,-1.9300000000000068,50,-558.6049999999977
98.345,-1.9300000000000068,51,-559.5699999999979
98.345,-1.9300000000000068,53,-561.4999999999982
98.345,-1.9300000000000068,52,-562.4649999999983
98.345,-1.9300000000000068,43,-571.1499999999978
98.345,-1.9300000000000068,43,-571.1499999999978
98.345,-1.9300000000000068,43,-571.1499999999978
98.345,-1.9300000000000068,39,-575.0099999999984
98.345,-1.9300000000000068,38,-575.9749999999981
98.345,-1.9300000000000068,38,-575.9749999999981
98.345,-1.9300000000000068,38,-575.9749999999981
98.355,-1.9099999999999966,31,-582.4199999999983
98.355,-1.9099999999999966,31,-582.4199999999983
98.355,-1.9099999999999966,31,-582.4199999999983
98.355,-1.9099999999999966,31,-582.4199999999983
98.355,-1.9099999999999966,31,-582.4199999999983
98.355,-1.9099999999999966,29,-584.3299999999981
98.355,-1.9099999999999966,31,-586.239999999998
98.355,-1.9099999999999966,31,-586.239999999998
98.355,-1.9099999999999966,31,-586.239999999998
98.355,-1.9099999999999966,30,-587.1949999999979
98.355,-1.9099999999999966,30,-587.1949999999979
98.355,-1.9099999999999966,30,-587.1949999999979
98.355,-1.9099999999999966,30,-587.1949999999979
98.355,-1.9099999999999966,30,-587.1949999999979
98.355,-1.9099999999999966,30,-587.1949999999979
98.355,-1.9099999999999966,41,-597.699999999998
98.355,-1.9099999999999966,46,-602.4749999999985
98.355,-1.9099999999999966,30,-617.7549999999983
98.36,-1.9000000000000057,18,-629.1149999999984
98.36,-1.9000000000000057,18,-629.1149999999984
98.36,-1.9000000000000057,18,-629.1149999999984
98.36,-1.9000000000000057,18,-629.1149999999984
98.36,-1.9000000000000057,18,-629.1149999999984
98.36,-1.9000000000000057,16,-631.0149999999983
98.35499999999999,-1.8900000000000006,20,-634.9149999999986
98.35499999999999,-1.8900000000000006,33,-647.1999999999985
98.35499999999999,-1.8900000000000006,33,-647.1999999999985
98.35499999999999,-1.8900000000000006,33,-647.1999999999985
98.35499999999999,-1.8900000000000006,33,-647.1999999999985
98.35499999999999,-1.8900000000000006,33,-647.1999999999985
98.35499999999999,-1.8900000000000006,32,-648.1449999999986
98.35499999999999,-1.8900000000000006,32,-648.1449999999986
98.35499999999999,-1.8900000000000006,34,-650.0349999999985
98.35499999999999,-1.8900000000000006,34,-650.0349999999985
98.35499999999999,-1.8900000000000006,34,-650.0349999999985
98.35499999999999,-1.8900000000000006,34,-650.0349999999985
98.35499999999999,-1.8900000000000006,34,-650.0349999999985
98.35499999999999,-1.8900000000000006,34,-650.0349999999985
98.35499999999999,-1.8900000000000006,34,-650.0349999999985
98.35499999999999,-1.8900000000000006,34,-650.0349999999985
98.35499999999999,-1.8900000000000006,34,-650.0349999999985
98.35499999999999,-1.8900000000000006,46,-661.3749999999982
98.35499999999999,-1.8900000000000006,55,-669.8799999999983
98.35499999999999,-1.8900000000000006,55,-669.8799999999983
98.35499999999999,-1.8900000000000006,55,-669.8799999999983
98.35499999999999,-1.8900000000000006,55,-669.8799999999983
98.35499999999999,-1.8900000000000006,55,-669.8799999999983
98.35499999999999,-1.8900000000000006,65,-679.329999999999
98.35499999999999,-1.8900000000000006,65,-679.329999999999
98.35499999999999,-1.8900000000000006,65,-679.329999999999
98.35499999999999,-1.8900000000000006,65,-679.329999999999
98.35499999999999,-1.8900000000000006,66,-680.2749999999987
98.35,-1.8800000000000097,78,-691.914999999999
98.35,-1.8800000000000097,78,-691.914999999999
98.35,-1.8800000000000097,78,-691.914999999999
98.35,-1.8800000000000097,78,-691.914999999999
98.35,-1.8800000000000097,77,-692.8549999999987
98.35,-1.8800000000000097,67,-702.2549999999983
98.35,-1.8800000000000097,67,-702.2549999999983
98.35,-1.8800000000000097,67,-702.2549999999983
98.35,-1.8800000000000097,67,-702.2549999999983
98.35,-1.8800000000000097,71,-706.0149999999985
98.35,-1.8800000000000097,68,-708.8349999999991
98.35,-1.8800000000000097,67,-709.7749999999987
98.35,-1.8800000000000097,64,-712.5949999999993
98.35,-1.8800000000000097,64,-712.5949999999993
98.35,-1.8800000000000097,64,-712.5949999999993
98.35,-1.8800000000000097,64,-712.5949999999993
98.35,-1.8800000000000097,64,-712.5949999999993
98.35,-1.8800000000000097,64,-712.5949999999993
98.35,-1.8800000000000097,64,-712.5949999999993
98.35,-1.8800000000000097,52,-723.8749999999991
98.35,-1.8800000000000097,52,-723.8749999999991
98.345,-1.8700000000000045,61,-732.619999999999
98.345,-1.8700000000000045,61,-732.619999999999
98.345,-1.8700000000000045,62,-733.5549999999985
98.345,-1.8700000000000045,62,-733.5549999999985
98.345,-1.8700000000000045,62,-733.5549999999985
98.345,-1.8700000000000045,61,-734.4899999999989
98.345,-1.8700000000000045,61,-734.4899999999989
98.345,-1.8700000000000045,54,-741.034999999999
98.345,-1.8700000000000045,54,-741.034999999999
98.345,-1.8700000000000045,56,-742.9049999999997
98.345,-1.8700000000000045,56,-742.9049999999997
98.345,-1.8700000000000045,56,-742.9049999999997
98.345,-1.8700000000000045,57,-743.8399999999992
98.345,-1.8700000000000045,57,-743.8399999999992
98.345,-1.8700000000000045,54,-746.6449999999995
98.345,-1.8700000000000045,54,-746.6449999999995
98.345,-1.8700000000000045,54,-746.6449999999995
98.345,-1.8700000000000045,54,-746.6449999999995
98.345,-1.8700000000000045,54,-746.6449999999995
98.345,-1.8700000000000045,54,-746.6449999999995
98.345,-1.8700000000000045,54,-746.6449999999995
98.345,-1.8700000000000045,54,-746.6449999999995
98.345,-1.8700000000000045,57,-749.4499999999998
98.345,-1.8700000000000045,57,-749.4499999999998
98.345,-1.8700000000000045,58,-750.3849999999993
98.345,-1.8700000000000045,60,-752.2550000000001
98.345,-1.8700000000000045,60,-752.2550000000001
98.345,-1.8700000000000045,58,-754.125
98.345,-1.8700000000000045,58,-754.125
98.345,-1.8700000000000045,58,-754.125
98.345,-1.8700000000000045,59,-755.0600000000004
98.345,-1.8700000000000045,59,-755.0600000000004
98.345,-1.8700000000000045,59,-755.0600000000004
98.345,-1.8700000000000045,59,-755.0600000000004
98.345,-1.8700000000000045,62,-757.8649999999998
98.345,-1.8700000000000045,62,-757.8649999999998
98.345,-1.8700000000000045,62,-757.8649999999998
98.345,-1.8700000000000045,61,-758.8000000000002
98.345,-1.8700000000000045,62,-759.7349999999997
98.34,-1.8599999999999994,66,-763.7950000000001
98.34,-1.8599999999999994,59,-770.3050000000003
98.34,-1.8599999999999994,59,-770.3050000000003
98.33,-1.8400000000000034,70,-781.1950000000015
98.33,-1.8400000000000034,71,-782.1150000000007
98.33,-1.8400000000000034,75,-785.795000000001
98.33,-1.8400000000000034,84,-794.0750000000025
98.33,-1.8400000000000034,84,-794.0750000000025
98.33,-1.8400000000000034,84,-794.0750000000025
98.33,-1.8400000000000034,84,-794.0750000000025
98.33,-1.8400000000000034,84,-794.0750000000025
98.33,-1.8400000000000034,84,-794.0750000000025
98.33,-1.8400000000000034,83,-794.9950000000026
98.33,-1.8400000000000034,83,-794.9950000000026
98.33,-1.8400000000000034,83,-794.9950000000026
98.33,-1.8400000000000034,83,-794.9950000000026
98.33,-1.8400000000000034,83,-794.9950000000026
98.33,-1.8400000000000034,95,-806.0350000000017
98.33,-1.8400000000000034,95,-806.0350000000017
98.33,-1.8400000000000034,95,-806.0350000000017
98.33,-1.8400000000000034,98,-808.7950000000019
98.33,-1.8400000000000034,99,-809.715000000002
98.33,-1.8400000000000034,99,-809.715000000002
98.33,-1.8400000000000034,102,-812.4750000000022
98.33,-1.8400000000000034,104,-814.3150000000023
98.33,-1.8400000000000034,105,-815.2350000000024
98.33,-1.8400000000000034,105,-815.2350000000024
98.33,-1.8400000000000034,105,-815.2350000000024
98.33,-1.8400000000000034,106,-816.1550000000025
98.33,-1.8400000000000034,119,-828.1150000000016
98.33,-1.8400000000000034,120,-829.0350000000017
98.33,-1.8400000000000034,120,-829.0350000000017
98.33,-1.8400000000000034,117,-831.7950000000019
98.33,-1.8400000000000034,117,-831.7950000000019
98.33,-1.8400000000000034,117,-831.7950000000019
98.33,-1.8400000000000034,117,-831.7950000000019
98.33,-1.8400000000000034,117,-831.7950000000019
98.33,-1.8400000000000034,117,-831.7950000000019
98.33,-1.8400000000000034,117,-831.7950000000019
98.33,-1.8400000000000034,122,-836.3950000000023
98.33,-1.8400000000000034,117,-840.9950000000026
98.33,-1.8400000000000034,120,-843.7550000000028
98.33,-1.8400000000000034,117,-846.515000000003
98.33,-1.8400000000000034,118,-847.4350000000031
98.33,-1.8400000000000034,116,-849.2750000000033
98.33,-1.8400000000000034,116,-849.2750000000033
98.33,-1.8400000000000034,116,-849.2750000000033
98.33,-1.8400000000000034,116,-849.2750000000033
98.33,-1.8400000000000034,116,-849.2750000000033
98.33,-1.8400000000000034,118,-851.1150000000034
98.33,-1.8400000000000034,117,-852.0350000000035
98.33,-1.8400000000000034,117,-852.0350000000035
98.33,-1.8400000000000034,117,-852.0350000000035
98.33,-1.8400000000000034,122,-856.6350000000039
98.33,-1.8400000000000034,122,-856.6350000000039
98.33,-1.8400000000000034,128,-862.1550000000043
98.33,-1.8400000000000034,128,-862.1550000000043
98.33,-1.8400000000000034,128,-862.1550000000043
98.33,-1.8400000000000034,128,-862.1550000000043
98.33,-1.8400000000000034,125,-864.9150000000045
98.33,-1.8400000000000034,113,-875.9550000000054
98.33,-1.8400000000000034,113,-875.9550000000054
98.33,-1.8400000000000034,113,-875.9550000000054
98.33,-1.8400000000000034,113,-875.9550000000054
98.33,-1.8400000000000034,113,-875.9550000000054
98.33,-1.8400000000000034,113,-875.9550000000054
98.33,-1.8400000000000034,113,-875.9550000000054
98.33,-1.8400000000000034,113,-875.9550000000054
98.33,-1.8400000000000034,113,-875.9550000000054
98.33,-1.8400000000000034,116,-878.7150000000038
98.33,-1.8400000000000034,116,-878.7150000000038
98.33,-1.8400000000000034,116,-878.7150000000038
98.33,-1.8400000000000034,121,-883.3150000000041
98.33,-1.8400000000000034,121,-883.3150000000041
98.33,-1.8400000000000034,125,-886.9950000000044
98.33,-1.8400000000000034,125,-886.9950000000044
98.33,-1.8400000000000034,125,-886.9950000000044
98.33,-1.8400000000000034,125,-886.9950000000044
98.33,-1.8400000000000034,125,-886.9950000000044
98.33,-1.8400000000000034,125,-886.9950000000044
98.33,-1.8400000000000034,125,-886.9950000000044
98.33,-1.8400000000000034,124,-887.9150000000045
98.33,-1.8400000000000034,124,-887.9150000000045
98.32499999999999,-1.8299999999999983,128,-892.2250000000058
98.32499999999999,-1.8299999999999983,128,-892.2250000000058
98.32499999999999,-1.8299999999999983,128,-892.2250000000058
98.32499999999999,-1.8299999999999983,128,-892.2250000000058
98.32499999999999,-1.8299999999999983,128,-892.2250000000058
98.32499999999999,-1.8299999999999983,126,-894.0550000000057
98.32499999999999,-1.8299999999999983,126,-894.0550000000057
98.32499999999999,-1.8299999999999983,125,-894.9700000000066
98.32499999999999,-1.8299999999999983,125,-894.9700000000066
98.32499999999999,-1.8299999999999983,125,-894.9700000000066
98.32499999999999,-1.8299999999999983,125,-894.9700000000066
98.32499999999999,-1.8299999999999983,134,-903.2050000000054
98.32499999999999,-1.8299999999999983,134,-903.2050000000054
98.32499999999999,-1.8299999999999983,134,-903.2050000000054
98.32499999999999,-1.8299999999999983,134,-903.2050000000054
98.32499999999999,-1.8299999999999983,135,-904.1200000000063
98.32499999999999,-1.8299999999999983,131,-907.7800000000061
98.32499999999999,-1.8299999999999983,131,-907.7800000000061
98.32499999999999,-1.8299999999999983,133,-909.610000000006
98.32499999999999,-1.8299999999999983,131,-911.440000000006
98.32499999999999,-1.8299999999999983,120,-921.5050000000065
98.32499999999999,-1.8299999999999983,114,-926.9950000000063
98.32499999999999,-1.8299999999999983,114,-926.9950000000063
98.32499999999999,-1.8299999999999983,114,-926.9950000000063
98.32499999999999,-1.8299999999999983,114,-926.9950000000063
98.32499999999999,-1.8299999999999983,115,-927.9100000000071
98.32499999999999,-1.8299999999999983,115,-927.9100000000071
98.32499999999999,-1.8299999999999983,115,-927.9100000000071
98.32499999999999,-1.8299999999999983,115,-927.9100000000071
98.32499999999999,-1.8299999999999983,116,-928.8250000000062
98.33500000000001,-1.809999999999988,106,-936.8750000000036
98.33500000000001,-1.809999999999988,113,-943.2100000000028
98.33500000000001,-1.809999999999988,113,-943.2100000000028
98.33500000000001,-1.809999999999988,113,-943.2100000000028
98.33500000000001,-1.809999999999988,113,-943.2100000000028
98.33500000000001,-1.809999999999988,109,-946.8300000000036
98.33500000000001,-1.809999999999988,109,-946.8300000000036
98.33500000000001,-1.809999999999988,111,-948.640000000003
98.33500000000001,-1.809999999999988,111,-948.640000000003
98.33500000000001,-1.809999999999988,111,-948.640000000003
98.36,-1.759999999999991,101,-954.8650000000052
98.36,-1.759999999999991,101,-954.8650000000052
98.36,-1.759999999999991,102,-955.7450000000063
98.36,-1.759999999999991,102,-955.7450000000063
98.36,-1.759999999999991,102,-955.7450000000063
98.36,-1.759999999999991,102,-955.7450000000063
98.36,-1.759999999999991,102,-955.7450000000063
98.36,-1.759999999999991,101,-956.6250000000055
98.36,-1.759999999999991,101,-956.6250000000055
98.36,-1.759999999999991,101,-956.6250000000055
98.36,-1.759999999999991,101,-956.6250000000055
98.36,-1.759999999999991,101,-956.6250000000055
98.36,-1.759999999999991,101,-956.6250000000055
98.36,-1.759999999999991,101,-956.6250000000055
98.36,-1.759999999999991,100,-957.5050000000065
98.36,-1.759999999999991,100,-957.5050000000065
98.36,-1.759999999999991,100,-957.5050000000065
98.36,-1.759999999999991,100,-957.5050000000065
98.36,-1.759999999999991,100,-957.5050000000065
98.36,-1.759999999999991,100,-957.5050000000065
98.36,-1.759999999999991,100,-957.5050000000065
98.36,-1.759999999999991,101,-958.3850000000057
98.36,-1.759999999999991,101,-958.3850000000057
98.36,-1.759999999999991,89,-968.945000000007
98.36,-1.759999999999991,92,-971.5850000000046
98.36,-1.759999999999991,92,-971.5850000000046
98.36,-1.759999999999991,92,-971.5850000000046
98.36,-1.759999999999991,94,-973.3450000000048
98.355,-1.75,107,-985.2800000000043
98.355,-1.75,107,-985.2800000000043
98.355,-1.75,107,-985.2800000000043
98.355,-1.75,107,-985.2800000000043
98.355,-1.75,107,-985.2800000000043
98.355,-1.75,107,-985.2800000000043
98.355,-1.75,113,-990.5300000000043
98.355,-1.75,113,-990.5300000000043
98.355,-1.75,113,-990.5300000000043
98.355,-1.75,103,-999.2800000000043
98.355,-1.75,102,-1000.1550000000043
98.355,-1.75,102,-1000.1550000000043
98.355,-1.75,105,-1002.7800000000061
98.355,-1.75,105,-1002.7800000000061
98.355,-1.75,105,-1002.7800000000061
98.355,-1.75,105,-1002.7800000000061
98.355,-1.75,97,-1009.7800000000061
98.355,-1.75,97,-1009.7800000000061
98.355,-1.75,95,-1011.5300000000061
98.355,-1.75,97,-1013.2800000000061
98.355,-1.75,98,-1014.1550000000043
98.355,-1.75,98,-1014.1550000000043
98.355,-1.75,104,-1019.4050000000043
98.355,-1.75,106,-1021.1550000000025
98.355,-1.75,110,-1024.6550000000025
98.355,-1.75,111,-1025.5300000000025
98.355,-1.75,105,-1030.7800000000043
98.35,-1.7399999999999949,117,-1041.855000000005
98.35,-1.7399999999999949,120,-1044.4650000000038
98.35,-1.7399999999999949,120,-1044.4650000000038
98.35,-1.7399999999999949,123,-1047.0750000000044
98.35,-1.7399999999999949,123,-1047.0750000000044
98.35,-1.7399999999999949,125,-1048.8150000000041
98.35,-1.7399999999999949,142,-1063.605000000005
98.35,-1.7399999999999949,143,-1064.475000000004
98.35,-1.7399999999999949,143,-1064.475000000004
98.35,-1.7399999999999949,142,-1065.3450000000048
98.35,-1.7399999999999949,142,-1065.3450000000048
98.35,-1.7399999999999949,142,-1065.3450000000048
98.35,-1.7399999999999949,152,-1074.0450000000055
98.35,-1.7399999999999949,147,-1078.395000000006
98.35,-1.7399999999999949,147,-1078.395000000006
98.35,-1.7399999999999949,147,-1078.395000000006
98.35,-1.7399999999999949,147,-1078.395000000006
98.35,-1.7399999999999949,147,-1078.395000000006
98.35,-1.7399999999999949,147,-1078.395000000006
98.35,-1.7399999999999949,147,-1078.395000000006
98.35,-1.7399999999999949,141,-1083.615000000007
98.35,-1.7399999999999949,143,-1085.3550000000068
98.35,-1.7399999999999949,143,-1085.3550000000068
98.35,-1.7399999999999949,144,-1086.2250000000058
98.35,-1.7399999999999949,144,-1086.2250000000058
98.35,-1.7399999999999949,144,-1086.2250000000058
98.35,-1.7399999999999949,144,-1086.2250000000058
98.35,-1.7399999999999949,144,-1086.2250000000058
98.35,-1.7399999999999949,144,-1086.2250000000058
98.35,-1.7399999999999949,144,-1086.2250000000058
98.35,-1.7399999999999949,145,-1087.0950000000048
98.395,-1.6500000000000057,130,-1093.6350000000039
98.395,-1.6500000000000057,130,-1093.6350000000039
98.395,-1.6500000000000057,130,-1093.6350000000039
98.395,-1.6500000000000057,130,-1093.6350000000039
98.395,-1.6500000000000057,130,-1093.6350000000039
98.395,-1.6500000000000057,130,-1093.6350000000039
98.395,-1.6500000000000057,130,-1093.6350000000039
98.395,-1.6500000000000057,131,-1094.4600000000046
98.395,-1.6500000000000057,131,-1094.4600000000046
98.395,-1.6500000000000057,132,-1095.2850000000035
98.395,-1.6500000000000057,132,-1095.2850000000035
98.395,-1.6500000000000057,118,-1106.8350000000046
98.395,-1.6500000000000057,118,-1106.8350000000046
98.395,-1.6500000000000057,128,-1115.0850000000046
98.395,-1.6500000000000057,128,-1115.0850000000046
98.395,-1.6500000000000057,128,-1115.0850000000046
98.395,-1.6500000000000057,133,-1119.2100000000046
98.395,-1.6500000000000057,133,-1119.2100000000046
98.395,-1.6500000000000057,133,-1119.2100000000046
98.395,-1.6500000000000057,133,-1119.2100000000046
98.395,-1.6500000000000057,125,-1125.810000000005
98.395,-1.6500000000000057,125,-1125.810000000005
98.395,-1.6500000000000057,125,-1125.810000000005
98.395,-1.6500000000000057,125,-1125.810000000005
98.395,-1.6500000000000057,125,-1125.810000000005
98.395,-1.6500000000000057,125,-1125.810000000005
98.395,-1.6500000000000057,125,-1125.810000000005
98.4,-1.6400000000000006,121,-1128.5050000000028
98.4,-1.6400000000000006,121,-1128.5050000000028
98.4,-1.6400000000000006,121,-1128.5050000000028
98.4,-1.6400000000000006,121,-1128.5050000000028
98.4,-1.6400000000000006,121,-1128.5050000000028
98.4,-1.6400000000000006,121,-1128.5050000000028
98.4,-1.6400000000000006,121,-1128.5050000000028
98.4,-1.6400000000000006,121,-1128.5050000000028
98.4,-1.6400000000000006,124,-1130.9650000000038
98.4,-1.6400000000000006,124,-1130.9650000000038
98.4,-1.6400000000000006,124,-1130.9650000000038
98.4,-1.6400000000000006,124,-1130.9650000000038
98.4,-1.6400000000000006,124,-1130.9650000000038
98.4,-1.6400000000000006,119,-1135.0650000000041
98.4,-1.6400000000000006,119,-1135.0650000000041
98.4,-1.6400000000000006,119,-1135.0650000000041
98.4,-1.6400000000000006,119,-1135.0650000000041
98.4,-1.6400000000000006,109,-1143.2650000000049
98.4,-1.6400000000000006,109,-1143.2650000000049
98.4,-1.6400000000000006,102,-1149.0050000000047
98.4,-1.6400000000000006,102,-1149.0050000000047
98.4,-1.6400000000000006,109,-1154.7450000000044
98.4,-1.6400000000000006,117,-1161.305000000004
98.4,-1.6400000000000006,113,-1164.5850000000046
98.445,-1.5499999999999972,104,-1166.8350000000064
98.445,-1.5499999999999972,104,-1166.8350000000064
98.445,-1.5499999999999972,98,-1171.485000000006
98.445,-1.5499999999999972,99,-1172.2600000000057
98.445,-1.5499999999999972,99,-1172.2600000000057
98.445,-1.5499999999999972,99,-1172.2600000000057
98.445,-1.5499999999999972,94,-1176.1350000000039
98.44,-1.539999999999992,109,-1188.185000000005
98.44,-1.539999999999992,109,-1188.185000000005
98.44,-1.539999999999992,106,-1190.4950000000044
98.46,-1.5,101,-1192.1650000000045
98.46,-1.5,103,-1193.6650000000045
98.46,-1.5,104,-1194.4150000000027
98.46,-1.5,111,-1199.6650000000027
98.46,-1.5,110,-1200.4150000000045
98.46,-1.5,110,-1200.4150000000045
98.46,-1.5,110,-1200.4150000000045
98.46,-1.5,107,-1202.6650000000045
98.46,-1.5,107,-1202.6650000000045
98.5,-1.4199999999999875,103,-1201.3850000000039
98.5,-1.4199999999999875,103,-1201.3850000000039
98.5,-1.4199999999999875,103,-1201.3850000000039
98.5,-1.4199999999999875,103,-1201.3850000000039
98.5,-1.4199999999999875,103,-1201.3850000000039
98.5,-1.4199999999999875,100,-1203.515000000003
98.52,-1.3799999999999955,94,-1205.8550000000032
98.52,-1.3799999999999955,93,-1206.5450000000037
98.52,-1.3799999999999955,93,-1206.5450000000037
98.52,-1.3799999999999955,94,-1207.2350000000024
98.52,-1.3799999999999955,95,-1207.925000000001
98.52,-1.3799999999999955,95,-1207.925000000001
98.52,-1.3799999999999955,93,-1209.305000000002
98.52,-1.3799999999999955,93,-1209.305000000002
98.52,-1.3799999999999955,93,-1209.305000000002
98.52,-1.3799999999999955,93,-1209.305000000002
98.53999999999999,-1.3399999999999892,64,-1227.3150000000023
98.53999999999999,-1.3399999999999892,64,-1227.3150000000023
98.53999999999999,-1.3399999999999892,64,-1227.3150000000023
98.53999999999999,-1.3399999999999892,64,-1227.3150000000023
98.53999999999999,-1.3399999999999892,65,-1227.9850000000024
98.53999999999999,-1.3399999999999892,65,-1227.9850000000024
98.53999999999999,-1.3399999999999892,65,-1227.9850000000024
98.53999999999999,-1.3399999999999892,65,-1227.9850000000024
98.53999999999999,-1.3399999999999892,70,-1231.3350000000028
98.53999999999999,-1.3399999999999892,70,-1231.3350000000028
98.53999999999999,-1.3399999999999892,70,-1231.3350000000028
98.53999999999999,-1.3399999999999892,60,-1238.0350000000026
98.53999999999999,-1.3399999999999892,62,-1239.3750000000027
98.53999999999999,-1.3399999999999892,68,-1243.3950000000032
98.53999999999999,-1.3399999999999892,66,-1244.7350000000033
98.53999999999999,-1.3399999999999892,66,-1244.7350000000033
98.53999999999999,-1.3399999999999892,66,-1244.7350000000033
98.53999999999999,-1.3399999999999892,66,-1244.7350000000033
98.53999999999999,-1.3399999999999892,67,-1245.4050000000034
98.53999999999999,-1.3399999999999892,67,-1245.4050000000034
98.53999999999999,-1.3399999999999892,67,-1245.4050000000034
98.53999999999999,-1.3399999999999892,67,-1245.4050000000034
98.53999999999999,-1.3399999999999892,73,-1249.4250000000038
98.53999999999999,-1.3399999999999892,73,-1249.4250000000038
98.53999999999999,-1.3399999999999892,73,-1249.4250000000038
98.53999999999999,-1.3399999999999892,73,-1249.4250000000038
98.53999999999999,-1.3399999999999892,73,-1249.4250000000038
98.53999999999999,-1.3399999999999892,77,-1252.105000000004
98.53999999999999,-1.3399999999999892,77,-1252.105000000004
98.53999999999999,-1.3399999999999892,77,-1252.105000000004
98.53999999999999,-1.3399999999999892,78,-1252.7750000000033
98.53999999999999,-1.3399999999999892,78,-1252.7750000000033
98.53999999999999,-1.3399999999999892,78,-1252.7750000000033
98.53999999999999,-1.3399999999999892,79,-1253.4450000000024
98.53999999999999,-1.3399999999999892,79,-1253.4450000000024
98.53999999999999,-1.3399999999999892,77,-1254.7850000000026
98.53999999999999,-1.3399999999999892,77,-1254.7850000000026
98.53999999999999,-1.3399999999999892,77,-1254.7850000000026
98.53999999999999,-1.3399999999999892,77,-1254.7850000000026
98.53999999999999,-1.3399999999999892,77,-1254.7850000000026
98.53999999999999,-1.3399999999999892,84,-1259.4750000000022
98.53999999999999,-1.3399999999999892,84,-1259.4750000000022
98.53999999999999,-1.3399999999999892,85,-1260.1450000000004
98.53999999999999,-1.3399999999999892,84,-1260.8150000000005
98.53999999999999,-1.3399999999999892,84,-1260.8150000000005
98.53999999999999,-1.3399999999999892,84,-1260.8150000000005
98.53999999999999,-1.3399999999999892,84,-1260.8150000000005
98.535,-1.3299999999999983,93,-1267.2299999999996
98.535,-1.3299999999999983,93,-1267.2299999999996
98.53,-1.3199999999999932,118,-1284.4149999999972
98.53,-1.3199999999999932,118,-1284.4149999999972
98.53,-1.3199999999999932,118,-1284.4149999999972
98.53,-1.3199999999999932,116,-1285.7349999999988
98.53,-1.3199999999999932,120,-1288.3749999999982
98.53,-1.3199999999999932,120,-1288.3749999999982
98.53,-1.3199999999999932,120,-1288.3749999999982
98.53,-1.3199999999999932,120,-1288.3749999999982
98.53,-1.3199999999999932,120,-1288.3749999999982
98.53,-1.3199999999999932,120,-1288.3749999999982
98.53,-1.3199999999999932,123,-1290.3549999999977
98.53,-1.3199999999999932,123,-1290.3549999999977
98.53,-1.3199999999999932,123,-1290.3549999999977
98.53,-1.3199999999999932,127,-1292.994999999999
98.53,-1.3199999999999932,125,-1294.3149999999987
98.53,-1.3199999999999932,125,-1294.3149999999987
98.53,-1.3199999999999932,122,-1296.2949999999983
98.53,-1.3199999999999932,121,-1296.9549999999963
98.53,-1.3199999999999932,121,-1296.9549999999963
98.53,-1.3199999999999932,121,-1296.9549999999963
98.53,-1.3199999999999932,121,-1296.9549999999963
98.53,-1.3199999999999932,121,-1296.9549999999963
98.53,-1.3199999999999932,121,-1296.9549999999963
98.53,-1.3199999999999932,121,-1296.9549999999963
98.53,-1.3199999999999932,121,-1296.9549999999963
98.53,-1.3199999999999932,123,-1298.274999999996
98.53,-1.3199999999999932,121,-1299.5949999999957
98.53,-1.3199999999999932,121,-1299.5949999999957
98.535,-1.3100000000000023,119,-1300.319999999998
98.535,-1.3100000000000023,119,-1300.319999999998
98.535,-1.3100000000000023,119,-1300.319999999998
98.535,-1.3100000000000023,120,-1300.9749999999985
98.535,-1.3100000000000023,118,-1302.284999999998
98.535,-1.3100000000000023,115,-1304.2499999999982
98.535,-1.3100000000000023,104,-1311.454999999998
98.535,-1.3100000000000023,104,-1311.454999999998
98.535,-1.3100000000000023,91,-1319.9699999999975
98.535,-1.3100000000000023,91,-1319.9699999999975
98.535,-1.3100000000000023,95,-1322.5899999999983
98.535,-1.3100000000000023,95,-1322.5899999999983
98.535,-1.3100000000000023,95,-1322.5899999999983
98.535,-1.3100000000000023,95,-1322.5899999999983
98.535,-1.3100000000000023,95,-1322.5899999999983
98.535,-1.3100000000000023,93,-1323.8999999999978
98.535,-1.3100000000000023,100,-1328.484999999997
98.535,-1.3100000000000023,100,-1328.484999999997
98.535,-1.3100000000000023,92,-1333.7249999999967
98.535,-1.3100000000000023,92,-1333.7249999999967
98.535,-1.3100000000000023,92,-1333.7249999999967
98.535,-1.3100000000000023,92,-1333.7249999999967
98.535,-1.3100000000000023,99,-1338.3099999999959
98.535,-1.3100000000000023,98,-1338.9649999999965
98.535,-1.3100000000000023,98,-1338.9649999999965
98.535,-1.3100000000000023,98,-1338.9649999999965
98.535,-1.3100000000000023,84,-1348.1349999999966
98.535,-1.3100000000000023,84,-1348.1349999999966
98.535,-1.3100000000000023,84,-1348.1349999999966
98.535,-1.3100000000000023,84,-1348.1349999999966
98.535,-1.3100000000000023,83,-1348.7899999999981
98.535,-1.3100000000000023,83,-1348.7899999999981
98.535,-1.3100000000000023,83,-1348.7899999999981
98.535,-1.3100000000000023,83,-1348.7899999999981
98.535,-1.3100000000000023,83,-1348.7899999999981
98.535,-1.3100000000000023,83,-1348.7899999999981
98.535,-1.3100000000000023,83,-1348.7899999999981
98.535,-1.3100000000000023,73,-1355.3399999999992
98.535,-1.3100000000000023,73,-1355.3399999999992
98.535,-1.3100000000000023,73,-1355.3399999999992
98.535,-1.3100000000000023,60,-1363.8549999999987
98.535,-1.3100000000000023,61,-1364.5099999999975
98.535,-1.3100000000000023,61,-1364.5099999999975
98.535,-1.3100000000000023,61,-1364.5099999999975
98.535,-1.3100000000000023,61,-1364.5099999999975
98.535,-1.3100000000000023,61,-1364.5099999999975
98.535,-1.3100000000000023,61,-1364.5099999999975
98.535,-1.3100000000000023,61,-1364.5099999999975
98.535,-1.3100000000000023,61,-1364.5099999999975
98.535,-1.3100000000000023,61,-1364.5099999999975
98.535,-1.3100000000000023,62,-1365.1649999999972
98.535,-1.3100000000000023,52,-1371.7149999999974
98.535,-1.3100000000000023,51,-1372.3699999999972
98.535,-1.3100000000000023,51,-1372.3699999999972
98.53999999999999,-1.2999999999999972,45,-1376.0249999999978
98.53,-1.2800000000000011,54,-1382.2949999999973
98.53,-1.2800000000000011,54,-1382.2949999999973
98.53,-1.2800000000000011,54,-1382.2949999999973
98.53,-1.2800000000000011,54,-1382.2949999999973
98.53,-1.2800000000000011,54,-1382.2949999999973
98.53,-1.2800000000000011,60,-1386.1349999999975
98.53,-1.2800000000000011,58,-1387.4149999999981
98.53,-1.2800000000000011,72,-1396.3749999999982
98.53,-1.2800000000000011,72,-1396.3749999999982
98.53,-1.2800000000000011,72,-1396.3749999999982
98.53,-1.2800000000000011,72,-1396.3749999999982
98.53,-1.2800000000000011,72,-1396.3749999999982
98.53,-1.2800000000000011,71,-1397.0149999999985
98.53,-1.2800000000000011,72,-1397.6549999999988
98.53999999999999,-1.2600000000000051,55,-1407.784999999998
98.53999999999999,-1.2600000000000051,55,-1407.784999999998
98.53999999999999,-1.2600000000000051,55,-1407.784999999998
98.53999999999999,-1.2600000000000051,46,-1413.454999999999
98.53999999999999,-1.2600000000000051,46,-1413.454999999999
98.53999999999999,-1.2600000000000051,47,-1414.0849999999991
98.53999999999999,-1.2600000000000051,47,-1414.0849999999991
98.53999999999999,-1.2600000000000051,47,-1414.0849999999991
98.53999999999999,-1.2600000000000051,47,-1414.0849999999991
98.53999999999999,-1.2600000000000051,59,-1421.6449999999986
98.53999999999999,-1.2600000000000051,59,-1421.6449999999986
98.53999999999999,-1.2600000000000051,59,-1421.6449999999986
98.53999999999999,-1.2600000000000051,48,-1428.574999999998
98.53999999999999,-1.2600000000000051,48,-1428.574999999998
98.53999999999999,-1.2600000000000051,48,-1428.574999999998
98.53999999999999,-1.2600000000000051,48,-1428.574999999998
98.53999999999999,-1.2600000000000051,48,-1428.574999999998
98.53999999999999,-1.2600000000000051,46,-1429.8349999999991
98.53999999999999,-1.2600000000000051,37,-1435.5049999999992
98.53999999999999,-1.2600000000000051,37,-1435.5049999999992
98.53999999999999,-1.2600000000000051,37,-1435.5049999999992
98.53999999999999,-1.2600000000000051,37,-1435.5049999999992
98.53999999999999,-1.2600000000000051,34,-1437.3949999999995
98.53999999999999,-1.2600000000000051,34,-1437.3949999999995
98.53999999999999,-1.2600000000000051,34,-1437.3949999999995
98.53999999999999,-1.2600000000000051,34,-1437.3949999999995
98.53999999999999,-1.2600000000000051,34,-1437.3949999999995
98.53999999999999,-1.2600000000000051,28,-1441.1749999999993
98.53999999999999,-1.2600000000000051,28,-1441.1749999999993
98.53999999999999,-1.2600000000000051,30,-1442.4349999999995
98.53999999999999,-1.2600000000000051,30,-1442.4349999999995
98.53999999999999,-1.2600000000000051,30,-1442.4349999999995
98.53999999999999,-1.2600000000000051,32,-1443.6949999999997
98.53999999999999,-1.2600000000000051,31,-1444.3249999999998
98.53999999999999,-1.2600000000000051,30,-1444.955
98.53999999999999,-1.2600000000000051,30,-1444.955
98.53999999999999,-1.2600000000000051,30,-1444.955
98.53999999999999,-1.2600000000000051,30,-1444.955
98.53999999999999,-1.2600000000000051,29,-1445.585
98.53999999999999,-1.2600000000000051,29,-1445.585
98.53999999999999,-1.2600000000000051,27,-1446.8450000000003
98.53999999999999,-1.2600000000000051,27,-1446.8450000000003
98.53999999999999,-1.2600000000000051,27,-1446.8450000000003
98.53999999999999,-1.2600000000000051,27,-1446.8450000000003
98.53999999999999,-1.2600000000000051,27,-1446.8450000000003
98.53999999999999,-1.2600000000000051,27,-1446.8450000000003
98.53999999999999,-1.2600000000000051,22,-1449.9950000000003
98.53999999999999,-1.2600000000000051,18,-1452.5150000000003
98.53999999999999,-1.2600000000000051,18,-1452.5150000000003
98.53999999999999,-1.2600000000000051,18,-1452.5150000000003
98.53999999999999,-1.2600000000000051,17,-1453.1450000000004
98.53999999999999,-1.2600000000000051,15,-1454.4050000000002
98.53999999999999,-1.2600000000000051,15,-1454.4050000000002
98.53999999999999,-1.2600000000000051,15,-1454.4050000000002
98.53999999999999,-1.2600000000000051,15,-1454.4050000000002
98.53999999999999,-1.2600000000000051,15,-1454.4050000000002
98.53999999999999,-1.2600000000000051,15,-1454.4050000000002
98.53999999999999,-1.2600000000000051,15,-1454.4050000000002
98.53999999999999,-1.2600000000000051,15,-1454.4050000000002
98.53999999999999,-1.2600000000000051,15,-1454.4050000000002
98.53999999999999,-1.2600000000000051,14,-1455.0350000000003
98.53999999999999,-1.2600000000000051,14,-1455.0350000000003
98.53999999999999,-1.2600000000000051,14,-1455.0350000000003
98.53999999999999,-1.2600000000000051,14,-1455.0350000000003
98.53999999999999,-1.2600000000000051,15,-1455.6650000000004
98.53999999999999,-1.2600000000000051,14,-1456.2950000000005
98.53999999999999,-1.2600000000000051,16,-1457.5550000000007
98.53999999999999,-1.2600000000000051,16,-1457.5550000000007
98.53999999999999,-1.2600000000000051,16,-1457.5550000000007
98.53999999999999,-1.2600000000000051,16,-1457.5550000000007
98.53999999999999,-1.2600000000000051,16,-1457.5550000000007
98.53999999999999,-1.2600000000000051,16,-1457.5550000000007
98.53999999999999,-1.2600000000000051,16,-1457.5550000000007
98.53999999999999,-1.2600000000000051,16,-1457.5550000000007
98.53999999999999,-1.2600000000000051,16,-1457.5550000000007
98.53999999999999,-1.2600000000000051,18,-1458.815000000001
98.53999999999999,-1.2600000000000051,18,-1458.815000000001
98.53999999999999,-1.2600000000000051,18,-1458.815000000001
98.53999999999999,-1.2600000000000051,18,-1458.815000000001
98.53999999999999,-1.2600000000000051,17,-1459.445000000001
98.53999999999999,-1.2600000000000051,16,-1460.0750000000012
98.53999999999999,-1.2600000000000051,16,-1460.0750000000012
98.53999999999999,-1.2600000000000051,16,-1460.0750000000012
98.53999999999999,-1.2600000000000051,16,-1460.0750000000012
98.53999999999999,-1.2600000000000051,13,-1461.965000000001
98.53999999999999,-1.2600000000000051,14,-1462.5950000000012
98.53999999999999,-1.2600000000000051,18,-1465.1150000000011
98.53999999999999,-1.2600000000000051,18,-1465.1150000000011
98.53999999999999,-1.2600000000000051,18,-1465.1150000000011
98.53999999999999,-1.2600000000000051,14,-1467.6350000000011
98.53999999999999,-1.2600000000000051,14,-1467.6350000000011
98.53999999999999,-1.2600000000000051,14,-1467.6350000000011
98.53999999999999,-1.2600000000000051,14,-1467.6350000000011
98.53999999999999,-1.2600000000000051,14,-1467.6350000000011
98.53999999999999,-1.2600000000000051,14,-1467.6350000000011
98.53999999999999,-1.2600000000000051,14,-1467.6350000000011
98.53999999999999,-1.2600000000000051,14,-1467.6350000000011
98.53999999999999,-1.2600000000000051,14,-1467.6350000000011
98.53999999999999,-1.2600000000000051,15,-1468.2650000000012
98.53999999999999,-1.2600000000000051,15,-1468.2650000000012
98.53999999999999,-1.2600000000000051,15,-1468.2650000000012
98.53999999999999,-1.2600000000000051,15,-1468.2650000000012
98.53999999999999,-1.2600000000000051,13,-1469.525000000001
98.53999999999999,-1.2600000000000051,13,-1469.525000000001
98.53999999999999,-1.2600000000000051,13,-1469.525000000001
98.53999999999999,-1.2600000000000051,12,-1470.155000000001
98.53999999999999,-1.2600000000000051,3,-1475.8250000000012
98.53999999999999,-1.2600000000000051,3,-1475.8250000000012
98.53999999999999,-1.2600000000000051,3,-1475.8250000000012
98.53999999999999,-1.2600000000000051,3,-1475.8250000000012
98.53999999999999,-1.2600000000000051,3,-1475.8250000000012
98.53999999999999,-1.2600000000000051,14,-1482.7550000000015
98.53999999999999,-1.2600000000000051,15,-1483.3850000000016
98.53999999999999,-1.2600000000000051,15,-1483.3850000000016
98.53999999999999,-1.2600000000000051,15,-1483.3850000000016
98.53999999999999,-1.2600000000000051,17,-1484.6450000000018
98.53999999999999,-1.2600000000000051,17,-1484.6450000000018
98.53999999999999,-1.2600000000000051,17,-1484.6450000000018
98.53999999999999,-1.2600000000000051,6,-1491.5750000000014
98.53999999999999,-1.2600000000000051,6,-1491.5750000000014
98.53999999999999,-1.2600000000000051,6,-1491.5750000000014
98.53999999999999,-1.2600000000000051,5,-1492.2050000000013
98.53999999999999,-1.2600000000000051,5,-1492.2050000000013
98.53999999999999,-1.2600000000000051,4,-1492.8350000000014
98.53999999999999,-1.2600000000000051,12,-1497.8750000000014
98.53999999999999,-1.2600000000000051,11,-1498.5050000000017
98.53999999999999,-1.2600000000000051,10,-1499.1350000000018
98.53999999999999,-1.2600000000000051,9,-1499.765000000002
98.53999999999999,-1.2600000000000051,8,-1500.395000000002
98.53999999999999,-1.2600000000000051,-10,-1511.735000000002
98.53999999999999,-1.2600000000000051,-10,-1511.735000000002
98.53999999999999,-1.2600000000000051,-10,-1511.735000000002
98.53999999999999,-1.2600000000000051,-10,-1511.735000000002
98.53999999999999,-1.2600000000000051,-10,-1511.735000000002
98.53999999999999,-1.2600000000000051,-3,-1516.1450000000023
98.53999999999999,-1.2600000000000051,-3,-1516.1450000000023
98.53999999999999,-1.2600000000000051,-8,-1519.2950000000021
98.53999999999999,-1.2600000000000051,0,-1524.3350000000023
98.53999999999999,-1.2600000000000051,0,-1524.3350000000023
98.53999999999999,-1.2600000000000051,0,-1524.3350000000023
98.53999999999999,-1.2600000000000051,5,-1527.4850000000024
98.53999999999999,-1.2600000000000051,5,-1527.4850000000024
98.53999999999999,-1.2600000000000051,5,-1527.4850000000024
98.53999999999999,-1.2600000000000051,5,-1527.4850000000024
98.53999999999999,-1.2600000000000051,1,-1530.0050000000024
98.53999999999999,-1.2600000000000051,1,-1530.0050000000024
98.545,-1.25,-1,-1531.2600000000023
98.545,-1.25,-1,-1531.2600000000023
98.545,-1.25,0,-1531.8850000000023
98.545,-1.25,-2,-1533.1350000000023
98.545,-1.25,1,-1535.0100000000023
98.545,-1.25,-2,-1536.8850000000023
98.545,-1.25,-2,-1536.8850000000023
98.545,-1.25,-2,-1536.8850000000023
98.545,-1.25,9,-1543.7600000000027
98.545,-1.25,9,-1543.7600000000027
98.545,-1.25,9,-1543.7600000000027
98.545,-1.25,9,-1543.7600000000027
98.545,-1.25,14,-1546.8850000000025
98.545,-1.25,14,-1546.8850000000025
98.545,-1.25,13,-1547.5100000000025
98.545,-1.25,13,-1547.5100000000025
98.545,-1.25,12,-1548.1350000000025
98.545,-1.25,10,-1549.3850000000023
98.545,-1.25,10,-1549.3850000000023
98.545,-1.25,10,-1549.3850000000023
98.545,-1.25,11,-1550.0100000000023
98.545,-1.25,10,-1550.6350000000023
98.545,-1.25,10,-1550.6350000000023
98.545,-1.25,9,-1551.2600000000023
98.545,-1.25,16,-1555.6350000000023
98.545,-1.25,23,-1560.0100000000025
98.545,-1.25,23,-1560.0100000000025
98.545,-1.25,23,-1560.0100000000025
98.545,-1.25,23,-1560.0100000000025
98.545,-1.25,27,-1562.510000000002
98.545,-1.25,27,-1562.510000000002
98.545,-1.25,29,-1563.7600000000025
98.545,-1.25,29,-1563.7600000000025
98.545,-1.25,29,-1563.7600000000025
98.545,-1.25,29,-1563.7600000000025
98.545,-1.25,29,-1563.7600000000025
98.53999999999999,-1.2399999999999949,37,-1568.885000000003
98.53999999999999,-1.2399999999999949,37,-1568.885000000003
98.53999999999999,-1.2399999999999949,37,-1568.885000000003
98.53999999999999,-1.2399999999999949,43,-1572.6050000000032
98.53999999999999,-1.2399999999999949,43,-1572.6050000000032
98.53999999999999,-1.2399999999999949,37,-1576.3250000000025
98.53999999999999,-1.2399999999999949,37,-1576.3250000000025
98.53999999999999,-1.2399999999999949,39,-1577.5650000000023
98.53999999999999,-1.2399999999999949,39,-1577.5650000000023
98.53999999999999,-1.2399999999999949,49,-1583.7650000000021
98.53999999999999,-1.2399999999999949,43,-1587.4850000000024
98.53999999999999,-1.2399999999999949,43,-1587.4850000000024
98.53999999999999,-1.2399999999999949,43,-1587.4850000000024
98.53999999999999,-1.2399999999999949,43,-1587.4850000000024
98.53999999999999,-1.2399999999999949,43,-1587.4850000000024
98.53999999999999,-1.2399999999999949,50,-1591.8250000000016
98.53999999999999,-1.2399999999999949,50,-1591.8250000000016
98.53999999999999,-1.2399999999999949,50,-1591.8250000000016
98.53999999999999,-1.2399999999999949,50,-1591.8250000000016
98.53999999999999,-1.2399999999999949,56,-1595.545000000002
98.53999999999999,-1.2399999999999949,56,-1595.545000000002
98.53999999999999,-1.2399999999999949,57,-1596.1650000000018
98.53999999999999,-1.2399999999999949,57,-1596.1650000000018
98.53999999999999,-1.2399999999999949,54,-1598.0250000000015
98.53999999999999,-1.2399999999999949,52,-1599.2650000000012
98.53999999999999,-1.2399999999999949,52,-1599.2650000000012
98.53999999999999,-1.2399999999999949,52,-1599.2650000000012
98.53999999999999,-1.2399999999999949,52,-1599.2650000000012
98.53999999999999,-1.2399999999999949,52,-1599.2650000000012
98.53999999999999,-1.2399999999999949,52,-1599.2650000000012
98.53999999999999,-1.2399999999999949,51,-1599.8850000000011
98.53999999999999,-1.2399999999999949,51,-1599.8850000000011
98.53999999999999,-1.2399999999999949,57,-1603.6050000000014
98.53999999999999,-1.2399999999999949,57,-1603.6050000000014
98.53999999999999,-1.2399999999999949,57,-1603.6050000000014
98.535,-1.230000000000004,63,-1607.6400000000012
98.535,-1.230000000000004,63,-1607.6400000000012
98.535,-1.230000000000004,63,-1607.6400000000012
98.535,-1.230000000000004,56,-1611.9450000000006
98.535,-1.230000000000004,63,-1616.250000000001
98.535,-1.230000000000004,73,-1622.4000000000024
98.535,-1.230000000000004,75,-1623.630000000001
98.535,-1.230000000000004,70,-1626.7050000000008
98.535,-1.230000000000004,70,-1626.7050000000008
98.535,-1.230000000000004,65,-1629.7800000000007
98.535,-1.230000000000004,65,-1629.7800000000007
98.535,-1.230000000000004,65,-1629.7800000000007
98.535,-1.230000000000004,73,-1634.7000000000016
98.54,-1.2199999999999989,68,-1637.415
98.54,-1.2199999999999989,68,-1637.415
98.54,-1.2199999999999989,68,-1637.415
98.54,-1.2199999999999989,68,-1637.415
98.54,-1.2199999999999989,62,-1641.0749999999998
98.535,-1.2099999999999937,75,-1649.380000000001
98.535,-1.2099999999999937,75,-1649.380000000001
98.535,-1.2099999999999937,75,-1649.380000000001
98.535,-1.2099999999999937,75,-1649.380000000001
98.535,-1.2099999999999937,75,-1649.380000000001
98.535,-1.2099999999999937,90,-1658.4550000000017
98.535,-1.2099999999999937,94,-1660.8750000000018
98.535,-1.2099999999999937,94,-1660.8750000000018
98.535,-1.2099999999999937,102,-1665.715000000002
98.535,-1.2099999999999937,102,-1665.715000000002
98.535,-1.2099999999999937,102,-1665.715000000002
98.535,-1.2099999999999937,97,-1668.7400000000016
98.535,-1.2099999999999937,97,-1668.7400000000016
98.52000000000001,-1.1799999999999926,112,-1679.2350000000006
98.52000000000001,-1.1799999999999926,111,-1679.8250000000007
98.52000000000001,-1.1799999999999926,111,-1679.8250000000007
98.52000000000001,-1.1799999999999926,111,-1679.8250000000007
98.52000000000001,-1.1799999999999926,114,-1681.5950000000012
98.52000000000001,-1.1799999999999926,112,-1682.7749999999996
98.52000000000001,-1.1799999999999926,111,-1683.3649999999998
98.52000000000001,-1.1799999999999926,95,-1692.8050000000003
98.52000000000001,-1.1799999999999926,95,-1692.8050000000003
98.52000000000001,-1.1799999999999926,95,-1692.8050000000003
98.52000000000001,-1.1799999999999926,95,-1692.8050000000003
98.52000000000001,-1.1799999999999926,95,-1692.8050000000003
98.52000000000001,-1.1799999999999926,95,-1692.8050000000003
98.52000000000001,-1.1799999999999926,95,-1692.8050000000003
98.52000000000001,-1.1799999999999926,95,-1692.8050000000003
98.52000000000001,-1.1799999999999926,90,-1695.755000000001
98.52000000000001,-1.1799999999999926,90,-1695.755000000001
98.52000000000001,-1.1799999999999926,83,-1699.8850000000011
98.52000000000001,-1.1799999999999926,78,-1702.8350000000019
98.52000000000001,-1.1799999999999926,78,-1702.8350000000019
98.52000000000001,-1.1799999999999926,78,-1702.8350000000019
98.52000000000001,-1.1799999999999926,77,-1703.425000000001
98.52000000000001,-1.1799999999999926,77,-1703.425000000001
98.52000000000001,-1.1799999999999926,87,-1709.3250000000007
98.52000000000001,-1.1799999999999926,87,-1709.3250000000007
98.52000000000001,-1.1799999999999926,87,-1709.3250000000007
98.52000000000001,-1.1799999999999926,87,-1709.3250000000007
98.52000000000001,-1.1799999999999926,83,-1711.6850000000022
98.52000000000001,-1.1799999999999926,83,-1711.6850000000022
98.52000000000001,-1.1799999999999926,85,-1712.8650000000016
98.52000000000001,-1.1799999999999926,85,-1712.8650000000016
98.52000000000001,-1.1799999999999926,84,-1713.4550000000017
98.52000000000001,-1.1799999999999926,110,-1728.795000000002
98.52000000000001,-1.1799999999999926,108,-1729.9750000000004
98.52000000000001,-1.1799999999999926,108,-1729.9750000000004
98.52000000000001,-1.1799999999999926,106,-1731.1550000000007
98.52000000000001,-1.1799999999999926,110,-1733.5150000000012
98.515,-1.1699999999999875,116,-1737.6050000000014
98.515,-1.1699999999999875,121,-1740.5300000000007
98.515,-1.1699999999999875,121,-1740.5300000000007
98.515,-1.1699999999999875,121,-1740.5300000000007
98.515,-1.1699999999999875,131,-1746.380000000001
98.515,-1.1699999999999875,131,-1746.380000000001
98.515,-1.1699999999999875,131,-1746.380000000001
98.515,-1.1699999999999875,131,-1746.380000000001
98.515,-1.1699999999999875,133,-1747.550000000001
98.515,-1.1699999999999875,132,-1748.135000000002
98.515,-1.1699999999999875,132,-1748.135000000002
98.515,-1.1699999999999875,131,-1748.7200000000012
98.515,-1.1699999999999875,129,-1749.8900000000012
98.515,-1.1699999999999875,129,-1749.8900000000012
98.515,-1.1699999999999875,134,-1752.8150000000005
98.515,-1.1699999999999875,127,-1756.9099999999999
98.515,-1.1699999999999875,127,-1756.9099999999999
98.52,-1.1599999999999966,112,-1765.0650000000005
98.5,-1.1200000000000045,118,-1770.8649999999998
98.5,-1.1200000000000045,118,-1770.8649999999998
98.5,-1.1200000000000045,118,-1770.8649999999998
98.5,-1.1200000000000045,120,-1771.9850000000006
98.5,-1.1200000000000045,120,-1771.9850000000006
98.5,-1.1200000000000045,116,-1774.2250000000004
98.5,-1.1200000000000045,115,-1774.7849999999999
98.5,-1.1200000000000045,115,-1774.7849999999999
98.5,-1.1200000000000045,115,-1774.7849999999999
98.5,-1.1200000000000045,115,-1774.7849999999999
98.5,-1.1200000000000045,116,-1775.3449999999993
98.5,-1.1200000000000045,116,-1775.3449999999993
98.5,-1.1200000000000045,118,-1776.4650000000001
98.5,-1.1200000000000045,124,-1779.8250000000007
98.5,-1.1200000000000045,124,-1779.8250000000007
98.5,-1.1200000000000045,124,-1779.8250000000007
98.5,-1.1200000000000045,124,-1779.8250000000007
98.5,-1.1200000000000045,124,-1779.8250000000007
98.5,-1.1200000000000045,124,-1779.8250000000007
98.5,-1.1200000000000045,124,-1779.8250000000007
98.5,-1.1200000000000045,124,-1779.8250000000007
98.5,-1.1200000000000045,124,-1779.8250000000007
98.5,-1.1200000000000045,124,-1779.8250000000007
98.5,-1.1200000000000045,134,-1785.425000000001
98.5,-1.1200000000000045,134,-1785.425000000001
98.5,-1.1200000000000045,134,-1785.425000000001
98.5,-1.1200000000000045,134,-1785.425000000001
98.5,-1.1200000000000045,134,-1785.425000000001
98.5,-1.1200000000000045,134,-1785.425000000001
98.5,-1.1200000000000045,134,-1785.425000000001
98.5,-1.1200000000000045,134,-1785.425000000001
98.5,-1.1200000000000045,133,-1785.9850000000006
98.5,-1.1200000000000045,133,-1785.9850000000006
98.5,-1.1200000000000045,134,-1786.545
98.5,-1.1200000000000045,138,-1788.7849999999999
98.5,-1.1200000000000045,138,-1788.7849999999999
98.5,-1.1200000000000045,140,-1789.9050000000007
98.5,-1.1200000000000045,140,-1789.9050000000007
98.5,-1.1200000000000045,135,-1792.705
98.5,-1.1200000000000045,135,-1792.705
98.5,-1.1200000000000045,135,-1792.705
98.49000000000001,-1.1000000000000085,137,-1795.1749999999993
98.49000000000001,-1.1000000000000085,137,-1795.1749999999993
98.49000000000001,-1.1000000000000085,134,-1796.824999999999
98.49000000000001,-1.1000000000000085,134,-1796.824999999999
98.49000000000001,-1.1000000000000085,133,-1797.3749999999982
98.49000000000001,-1.1000000000000085,133,-1797.3749999999982
98.49000000000001,-1.1000000000000085,133,-1797.3749999999982
98.49000000000001,-1.1000000000000085,133,-1797.3749999999982
98.49000000000001,-1.1000000000000085,133,-1797.3749999999982
98.49000000000001,-1.1000000000000085,133,-1797.3749999999982
98.49000000000001,-1.1000000000000085,132,-1797.9249999999993
98.49000000000001,-1.1000000000000085,132,-1797.9249999999993
98.49000000000001,-1.1000000000000085,132,-1797.9249999999993
98.49000000000001,-1.1000000000000085,132,-1797.9249999999993
98.49000000000001,-1.1000000000000085,132,-1797.9249999999993
98.49000000000001,-1.1000000000000085,132,-1797.9249999999993
98.495,-1.0900000000000034,124,-1801.704999999998
98.495,-1.0900000000000034,124,-1801.704999999998
98.495,-1.0900000000000034,129,-1804.4299999999985
98.495,-1.0900000000000034,129,-1804.4299999999985
98.495,-1.0900000000000034,129,-1804.4299999999985
98.495,-1.0900000000000034,126,-1806.0649999999987
98.495,-1.0900000000000034,126,-1806.0649999999987
98.495,-1.0900000000000034,126,-1806.0649999999987
98.495,-1.0900000000000034,126,-1806.0649999999987
98.495,-1.0900000000000034,126,-1806.0649999999987
98.495,-1.0900000000000034,126,-1806.0649999999987
98.495,-1.0900000000000034,127,-1806.6100000000006
98.495,-1.0900000000000034,126,-1807.1549999999988
98.495,-1.0900000000000034,126,-1807.1549999999988
98.495,-1.0900000000000034,126,-1807.1549999999988
98.495,-1.0900000000000034,129,-1808.789999999999
98.495,-1.0900000000000034,127,-1809.880000000001
98.495,-1.0900000000000034,124,-1811.5149999999994
98.495,-1.0900000000000034,124,-1811.5149999999994
98.495,-1.0900000000000034,124,-1811.5149999999994
98.495,-1.0900000000000034,124,-1811.5149999999994
98.495,-1.0900000000000034,124,-1811.5149999999994
98.5,-1.0800000000000125,105,-1821.2649999999994
98.5,-1.0800000000000125,97,-1825.5849999999991
98.5,-1.0800000000000125,97,-1825.5849999999991
98.5,-1.0800000000000125,97,-1825.5849999999991
98.5,-1.0800000000000125,97,-1825.5849999999991
98.5,-1.0800000000000125,97,-1825.5849999999991
98.5,-1.0800000000000125,96,-1826.125
98.5,-1.0800000000000125,93,-1827.7450000000008
98.5,-1.0800000000000125,93,-1827.7450000000008
98.5,-1.0800000000000125,93,-1827.7450000000008
98.5,-1.0800000000000125,86,-1831.5250000000015
98.5,-1.0800000000000125,86,-1831.5250000000015
98.5,-1.0800000000000125,86,-1831.5250000000015
98.5,-1.0800000000000125,86,-1831.5250000000015
98.5,-1.0800000000000125,86,-1831.5250000000015
98.5,-1.0800000000000125,86,-1831.5250000000015
98.5,-1.0800000000000125,86,-1831.5250000000015
98.5,-1.0800000000000125,83,-1833.1450000000023
98.5,-1.0800000000000125,83,-1833.1450000000023
98.5,-1.0800000000000125,83,-1833.1450000000023
98.5,-1.0800000000000125,80,-1834.765000000003
98.5,-1.0800000000000125,85,-1837.4650000000038
98.5,-1.0800000000000125,85,-1837.4650000000038
98.5,-1.0800000000000125,85,-1837.4650000000038
98.5,-1.0800000000000125,85,-1837.4650000000038
98.5,-1.0800000000000125,82,-1839.0850000000046
98.5,-1.0800000000000125,82,-1839.0850000000046
98.5,-1.0800000000000125,82,-1839.0850000000046
98.5,-1.0800000000000125,82,-1839.0850000000046
98.5,-1.0800000000000125,82,-1839.0850000000046
98.5,-1.0800000000000125,77,-1841.7850000000053
98.5,-1.0800000000000125,75,-1842.8650000000052
98.5,-1.0800000000000125,75,-1842.8650000000052
98.5,-1.0800000000000125,72,-1844.485000000006
98.5,-1.0800000000000125,71,-1845.025000000007
98.505,-1.0700000000000074,65,-1847.910000000008
98.505,-1.0700000000000074,65,-1847.910000000008
98.505,-1.0700000000000074,73,-1852.1900000000078
98.505,-1.0700000000000074,74,-1852.7250000000085
98.505,-1.0700000000000074,74,-1852.7250000000085
98.505,-1.0700000000000074,74,-1852.7250000000085
98.505,-1.0700000000000074,74,-1852.7250000000085
98.49000000000001,-1.0400000000000063,85,-1859.735000000006
98.49000000000001,-1.0400000000000063,80,-1862.3350000000064
98.49000000000001,-1.0400000000000063,80,-1862.3350000000064
98.49000000000001,-1.0400000000000063,80,-1862.3350000000064
98.49000000000001,-1.0400000000000063,80,-1862.3350000000064
98.49000000000001,-1.0400000000000063,80,-1862.3350000000064
98.49000000000001,-1.0400000000000063,88,-1866.4950000000063
98.49000000000001,-1.0400000000000063,88,-1866.4950000000063
98.49000000000001,-1.0400000000000063,88,-1866.4950000000063
98.49000000000001,-1.0400000000000063,97,-1871.1750000000065
98.49000000000001,-1.0400000000000063,97,-1871.1750000000065
98.49000000000001,-1.0400000000000063,97,-1871.1750000000065
98.49000000000001,-1.0400000000000063,94,-1872.735000000006
98.49000000000001,-1.0400000000000063,94,-1872.735000000006
98.49000000000001,-1.0400000000000063,94,-1872.735000000006
98.49000000000001,-1.0400000000000063,94,-1872.735000000006
98.49000000000001,-1.0400000000000063,94,-1872.735000000006
98.49000000000001,-1.0400000000000063,94,-1872.735000000006
98.49000000000001,-1.0400000000000063,86,-1876.895000000006
98.49000000000001,-1.0400000000000063,86,-1876.895000000006
98.49000000000001,-1.0400000000000063,86,-1876.895000000006
98.49000000000001,-1.0400000000000063,77,-1881.575000000007
98.49000000000001,-1.0400000000000063,77,-1881.575000000007
98.49000000000001,-1.0400000000000063,76,-1882.0950000000075
98.49000000000001,-1.0400000000000063,75,-1882.615000000008
98.49000000000001,-1.0400000000000063,75,-1882.615000000008
98.49000000000001,-1.0400000000000063,79,-1884.6950000000088
98.49000000000001,-1.0400000000000063,79,-1884.6950000000088
98.49000000000001,-1.0400000000000063,95,-1893.0150000000085
98.49000000000001,-1.0400000000000063,95,-1893.0150000000085
98.49000000000001,-1.0400000000000063,93,-1894.0550000000076
98.49000000000001,-1.0400000000000063,87,-1897.1750000000084
98.49000000000001,-1.0400000000000063,87,-1897.1750000000084
98.49000000000001,-1.0400000000000063,87,-1897.1750000000084
98.49000000000001,-1.0400000000000063,85,-1898.2150000000074
98.49000000000001,-1.0400000000000063,85,-1898.2150000000074
98.49000000000001,-1.0400000000000063,85,-1898.2150000000074
98.49000000000001,-1.0400000000000063,83,-1899.2550000000074
98.49000000000001,-1.0400000000000063,83,-1899.2550000000074
98.49000000000001,-1.0400000000000063,83,-1899.2550000000074
98.49000000000001,-1.0400000000000063,81,-1900.2950000000073
98.49000000000001,-1.0400000000000063,81,-1900.2950000000073
98.49000000000001,-1.0400000000000063,73,-1904.4550000000072
98.49000000000001,-1.0400000000000063,72,-1904.9750000000076
98.49000000000001,-1.0400000000000063,72,-1904.9750000000076
98.49000000000001,-1.0400000000000063,72,-1904.9750000000076
98.49000000000001,-1.0400000000000063,72,-1904.9750000000076
98.49000000000001,-1.0400000000000063,72,-1904.9750000000076
98.49000000000001,-1.0400000000000063,72,-1904.9750000000076
98.49000000000001,-1.0400000000000063,72,-1904.9750000000076
98.49000000000001,-1.0400000000000063,72,-1904.9750000000076
98.49000000000001,-1.0400000000000063,70,-1906.0150000000067
98.49000000000001,-1.0400000000000063,69,-1906.535000000008
98.495,-1.0300000000000011,65,-1908.290000000009
98.495,-1.0300000000000011,65,-1908.290000000009
98.495,-1.0300000000000011,64,-1908.8050000000094
98.495,-1.0300000000000011,64,-1908.8050000000094
98.495,-1.0300000000000011,56,-1912.9250000000093
98.495,-1.0300000000000011,56,-1912.9250000000093
98.495,-1.0300000000000011,56,-1912.9250000000093
98.495,-1.0300000000000011,56,-1912.9250000000093
98.495,-1.0300000000000011,55,-1913.4400000000096
98.495,-1.0300000000000011,58,-1914.9850000000097
98.495,-1.0300000000000011,58,-1914.9850000000097
98.495,-1.0300000000000011,59,-1915.50000000001
98.495,-1.0300000000000011,59,-1915.50000000001
98.495,-1.0300000000000011,61,-1916.5300000000097
98.495,-1.0300000000000011,61,-1916.5300000000097
98.495,-1.0300000000000011,61,-1916.5300000000097
98.49000000000001,-1.019999999999996,63,-1917.87500000001
98.49000000000001,-1.019999999999996,59,-1919.91500000001
98.49000000000001,-1.019999999999996,55,-1921.95500000001
98.49000000000001,-1.019999999999996,50,-1924.505000000011
98.49000000000001,-1.019999999999996,50,-1924.505000000011
98.49000000000001,-1.019999999999996,50,-1924.505000000011
98.49000000000001,-1.019999999999996,50,-1924.505000000011
98.49000000000001,-1.019999999999996,49,-1925.0150000000112
98.49000000000001,-1.019999999999996,49,-1925.0150000000112
98.49000000000001,-1.019999999999996,41,-1929.0950000000112
98.49000000000001,-1.019999999999996,41,-1929.0950000000112
98.49000000000001,-1.019999999999996,41,-1929.0950000000112
98.49000000000001,-1.019999999999996,41,-1929.0950000000112
98.49000000000001,-1.019999999999996,39,-1930.1150000000107
98.49000000000001,-1.019999999999996,39,-1930.1150000000107
98.49000000000001,-1.019999999999996,39,-1930.1150000000107
98.49000000000001,-1.019999999999996,40,-1930.625000000011
98.49000000000001,-1.019999999999996,40,-1930.625000000011
98.49000000000001,-1.019999999999996,50,-1935.7250000000113
98.49000000000001,-1.019999999999996,50,-1935.7250000000113
98.49000000000001,-1.019999999999996,50,-1935.7250000000113
98.49000000000001,-1.019999999999996,49,-1936.2350000000115
98.49000000000001,-1.019999999999996,28,-1946.9450000000115
98.485,-1.009999999999991,53,-1959.9000000000115
98.485,-1.009999999999991,53,-1959.9000000000115
98.45,-0.9399999999999977,63,-1966.7350000000115
98.45,-0.9399999999999977,65,-1967.675000000012
98.45,-0.9399999999999977,65,-1967.675000000012
98.45,-0.9399999999999977,65,-1967.675000000012
98.45,-0.9399999999999977,76,-1972.845000000013
98.45,-0.9399999999999977,65,-1978.0150000000122
98.45,-0.9399999999999977,66,-1978.4850000000124
98.45,-0.9399999999999977,65,-1978.9550000000127
98.45,-0.9399999999999977,55,-1983.6550000000125
98.45,-0.9399999999999977,55,-1983.6550000000125
98.45,-0.9399999999999977,55,-1983.6550000000125
98.45,-0.9399999999999977,55,-1983.6550000000125
98.455,-0.9300000000000068,51,-1985.260000000013
98.455,-0.9300000000000068,58,-1988.515000000013
98.455,-0.9300000000000068,58,-1988.515000000013
98.455,-0.9300000000000068,63,-1990.8400000000138
98.455,-0.9300000000000068,63,-1990.8400000000138
98.455,-0.9300000000000068,63,-1990.8400000000138
98.445,-0.9100000000000108,72,-1995.725000000015
98.445,-0.9100000000000108,67,-1998.0000000000136
98.445,-0.9100000000000108,68,-1998.4550000000136
98.445,-0.9100000000000108,68,-1998.4550000000136
98.445,-0.9100000000000108,68,-1998.4550000000136
98.445,-0.9100000000000108,68,-1998.4550000000136
98.445,-0.9100000000000108,68,-1998.4550000000136
98.445,-0.9100000000000108,68,-1998.4550000000136
98.445,-0.9100000000000108,68,-1998.4550000000136
98.445,-0.9100000000000108,72,-2000.2750000000142
98.445,-0.9100000000000108,72,-2000.2750000000142
98.44,-0.9000000000000057,76,-2002.475000000014
98.44,-0.9000000000000057,76,-2002.475000000014
98.44,-0.9000000000000057,75,-2002.9250000000138
98.44,-0.9000000000000057,71,-2004.725000000015
98.44,-0.9000000000000057,71,-2004.725000000015
98.44,-0.9000000000000057,68,-2006.0750000000153
98.44,-0.9000000000000057,68,-2006.0750000000153
98.44,-0.9000000000000057,68,-2006.0750000000153
98.44,-0.9000000000000057,68,-2006.0750000000153
98.44,-0.9000000000000057,68,-2006.0750000000153
98.44,-0.9000000000000057,61,-2009.225000000015
98.44,-0.9000000000000057,57,-2011.025000000015
98.44,-0.9000000000000057,57,-2011.025000000015
98.44,-0.9000000000000057,56,-2011.4750000000158
98.44,-0.9000000000000057,51,-2013.7250000000158
98.44,-0.9000000000000057,50,-2014.1750000000156
98.44,-0.9000000000000057,51,-2014.6250000000164
98.44,-0.9000000000000057,53,-2015.525000000016
98.44,-0.9000000000000057,53,-2015.525000000016
98.44,-0.9000000000000057,53,-2015.525000000016
98.44,-0.9000000000000057,53,-2015.525000000016
98.44,-0.9000000000000057,53,-2015.525000000016
98.44,-0.9000000000000057,53,-2015.525000000016
98.44,-0.9000000000000057,38,-2022.2750000000156
98.44,-0.9000000000000057,38,-2022.2750000000156
98.445,-0.8900000000000006,18,-2031.1050000000155
98.445,-0.8900000000000006,21,-2032.4400000000155
98.445,-0.8900000000000006,21,-2032.4400000000155
98.4425,-0.8849999999999909,31,-2036.9375000000155
98.4425,-0.8849999999999909,31,-2036.9375000000155
98.4425,-0.8849999999999909,45,-2043.1325000000152
98.4425,-0.8849999999999909,35,-2047.557500000015
98.4425,-0.8849999999999909,35,-2047.557500000015
98.4425,-0.8849999999999909,36,-2048.000000000015
98.4425,-0.8849999999999909,38,-2048.8850000000157
98.4425,-0.8849999999999909,38,-2048.8850000000157
98.4425,-0.8849999999999909,39,-2049.327500000016
98.4425,-0.8849999999999909,40,-2049.770000000016
98.4425,-0.8849999999999909,41,-2050.212500000016
98.44749999999999,-0.8749999999999858,32,-2053.9650000000165
98.44749999999999,-0.8749999999999858,38,-2056.590000000016
98.44749999999999,-0.8749999999999858,42,-2058.3400000000156
98.44749999999999,-0.8749999999999858,42,-2058.3400000000156
98.44749999999999,-0.8749999999999858,42,-2058.3400000000156
98.44749999999999,-0.8749999999999858,53,-2063.1525000000156
98.44749999999999,-0.8749999999999858,53,-2063.1525000000156
98.44749999999999,-0.8749999999999858,45,-2066.6525000000156
98.44749999999999,-0.8749999999999858,41,-2068.4025000000156
98.44749999999999,-0.8749999999999858,41,-2068.4025000000156
98.44749999999999,-0.8749999999999858,42,-2068.8400000000156
98.44749999999999,-0.8749999999999858,54,-2074.0900000000165
98.44749999999999,-0.8749999999999858,54,-2074.0900000000165
98.44749999999999,-0.8749999999999858,54,-2074.0900000000165
98.44749999999999,-0.8749999999999858,54,-2074.0900000000165
98.44749999999999,-0.8749999999999858,54,-2074.0900000000165
98.44749999999999,-0.8749999999999858,52,-2074.9650000000156
98.44749999999999,-0.8749999999999858,52,-2074.9650000000156
98.44749999999999,-0.8749999999999858,52,-2074.9650000000156
98.44749999999999,-0.8749999999999858,53,-2075.4025000000156
98.44749999999999,-0.8749999999999858,53,-2075.4025000000156
98.44749999999999,-0.8749999999999858,53,-2075.4025000000156
98.44749999999999,-0.8749999999999858,53,-2075.4025000000156
98.44749999999999,-0.8749999999999858,52,-2075.8400000000156
98.44749999999999,-0.8749999999999858,56,-2077.5900000000156
98.45249999999999,-0.8649999999999949,40,-2084.310000000016
98.45249999999999,-0.8649999999999949,40,-2084.310000000016
98.45249999999999,-0.8649999999999949,40,-2084.310000000016
98.45249999999999,-0.8649999999999949,40,-2084.310000000016
98.45249999999999,-0.8649999999999949,40,-2084.310000000016
98.45249999999999,-0.8649999999999949,40,-2084.310000000016
98.45249999999999,-0.8649999999999949,40,-2084.310000000016
98.45249999999999,-0.8649999999999949,40,-2084.310000000016
98.45249999999999,-0.8649999999999949,40,-2084.310000000016
98.45249999999999,-0.8649999999999949,40,-2084.310000000016
98.45249999999999,-0.8649999999999949,38,-2085.1750000000156
98.45249999999999,-0.8649999999999949,38,-2085.1750000000156
98.45249999999999,-0.8649999999999949,39,-2085.607500000016
98.45249999999999,-0.8649999999999949,41,-2086.4725000000167
98.45249999999999,-0.8649999999999949,40,-2086.905000000016
98.45249999999999,-0.8649999999999949,40,-2086.905000000016
98.45249999999999,-0.8649999999999949,40,-2086.905000000016
98.45249999999999,-0.8649999999999949,32,-2090.365000000016
98.45249999999999,-0.8649999999999949,32,-2090.365000000016
98.45249999999999,-0.8649999999999949,32,-2090.365000000016
98.45249999999999,-0.8649999999999949,32,-2090.365000000016
98.45249999999999,-0.8649999999999949,32,-2090.365000000016
98.45249999999999,-0.8649999999999949,32,-2090.365000000016
98.45249999999999,-0.8649999999999949,43,-2095.122500000016
98.45249999999999,-0.8649999999999949,43,-2095.122500000016
98.45249999999999,-0.8649999999999949,36,-2098.1500000000156
98.45249999999999,-0.8649999999999949,36,-2098.1500000000156
98.45249999999999,-0.8649999999999949,36,-2098.1500000000156
98.45249999999999,-0.8649999999999949,36,-2098.1500000000156
98.45249999999999,-0.8649999999999949,36,-2098.1500000000156
98.45249999999999,-0.8649999999999949,36,-2098.1500000000156
98.45249999999999,-0.8649999999999949,36,-2098.1500000000156
98.45249999999999,-0.8649999999999949,36,-2098.1500000000156
98.45249999999999,-0.8649999999999949,36,-2098.1500000000156
98.45249999999999,-0.8649999999999949,37,-2098.582500000016
98.45249999999999,-0.8649999999999949,37,-2098.582500000016
98.45249999999999,-0.8649999999999949,37,-2098.582500000016
98.45249999999999,-0.8649999999999949,38,-2099.015000000016
98.45249999999999,-0.8649999999999949,38,-2099.015000000016
98.45249999999999,-0.8649999999999949,38,-2099.015000000016
98.45249999999999,-0.8649999999999949,37,-2099.4475000000157
98.45249999999999,-0.8649999999999949,37,-2099.4475000000157
98.45249999999999,-0.8649999999999949,37,-2099.4475000000157
98.45249999999999,-0.8649999999999949,37,-2099.4475000000157
98.45249999999999,-0.8649999999999949,37,-2099.4475000000157
98.45249999999999,-0.8649999999999949,37,-2099.4475000000157
98.45249999999999,-0.8649999999999949,37,-2099.4475000000157
98.45249999999999,-0.8649999999999949,39,-2100.312500000016
98.45249999999999,-0.8649999999999949,39,-2100.312500000016
98.45249999999999,-0.8649999999999949,39,-2100.312500000016
98.45249999999999,-0.8649999999999949,39,-2100.312500000016
98.45249999999999,-0.8649999999999949,39,-2100.312500000016
98.45249999999999,-0.8649999999999949,39,-2100.312500000016
98.45249999999999,-0.8649999999999949,39,-2100.312500000016
98.45249999999999,-0.8649999999999949,39,-2100.312500000016
98.45249999999999,-0.8649999999999949,39,-2100.312500000016
98.45249999999999,-0.8649999999999949,39,-2100.312500000016
98.45249999999999,-0.8649999999999949,40,-2100.7450000000163
98.45249999999999,-0.8649999999999949,40,-2100.7450000000163
98.45249999999999,-0.8649999999999949,40,-2100.7450000000163
98.45249999999999,-0.8649999999999949,49,-2104.637500000016
98.45249999999999,-0.8649999999999949,57,-2108.097500000016
98.45249999999999,-0.8649999999999949,57,-2108.097500000016
98.45249999999999,-0.8649999999999949,58,-2108.530000000017
98.45249999999999,-0.8649999999999949,58,-2108.530000000017
98.45249999999999,-0.8649999999999949,58,-2108.530000000017
98.45249999999999,-0.8649999999999949,58,-2108.530000000017
98.45249999999999,-0.8649999999999949,58,-2108.530000000017
98.45249999999999,-0.8649999999999949,58,-2108.530000000017
98.45249999999999,-0.8649999999999949,51,-2111.5575000000163
98.45249999999999,-0.8649999999999949,55,-2113.2875000000167
98.45249999999999,-0.8649999999999949,55,-2113.2875000000167
98.45249999999999,-0.8649999999999949,60,-2115.450000000016
98.45249999999999,-0.8649999999999949,60,-2115.450000000016
98.45249999999999,-0.8649999999999949,60,-2115.450000000016
98.45249999999999,-0.8649999999999949,63,-2116.7475000000168
98.45249999999999,-0.8649999999999949,63,-2116.7475000000168
98.45249999999999,-0.8649999999999949,63,-2116.7475000000168
98.45249999999999,-0.8649999999999949,66,-2118.0450000000174
98.45249999999999,-0.8649999999999949,66,-2118.0450000000174
98.45249999999999,-0.8649999999999949,66,-2118.0450000000174
98.45249999999999,-0.8649999999999949,72,-2120.6400000000167
98.45249999999999,-0.8649999999999949,72,-2120.6400000000167
98.45249999999999,-0.8649999999999949,72,-2120.6400000000167
98.45249999999999,-0.8649999999999949,73,-2121.0725000000166
98.45249999999999,-0.8649999999999949,58,-2127.5600000000168
98.45249999999999,-0.8649999999999949,58,-2127.5600000000168
98.45249999999999,-0.8649999999999949,58,-2127.5600000000168
98.45249999999999,-0.8649999999999949,58,-2127.5600000000168
98.45249999999999,-0.8649999999999949,65,-2130.587500000017
98.45249999999999,-0.8649999999999949,65,-2130.587500000017
98.45249999999999,-0.8649999999999949,62,-2131.8850000000175
98.45249999999999,-0.8649999999999949,54,-2135.3450000000175
98.45249999999999,-0.8649999999999949,49,-2137.507500000017
98.45249999999999,-0.8649999999999949,49,-2137.507500000017
98.45249999999999,-0.8649999999999949,49,-2137.507500000017
98.45249999999999,-0.8649999999999949,49,-2137.507500000017
98.45249999999999,-0.8649999999999949,49,-2137.507500000017
98.45249999999999,-0.8649999999999949,49,-2137.507500000017
98.45249999999999,-0.8649999999999949,49,-2137.507500000017
98.45249999999999,-0.8649999999999949,49,-2137.507500000017
98.45249999999999,-0.8649999999999949,49,-2137.507500000017
98.45249999999999,-0.8649999999999949,49,-2137.507500000017
98.45249999999999,-0.8649999999999949,47,-2138.3725000000177
98.45249999999999,-0.8649999999999949,47,-2138.3725000000177
98.45249999999999,-0.8649999999999949,47,-2138.3725000000177
98.45249999999999,-0.8649999999999949,49,-2139.2375000000166
98.45249999999999,-0.8649999999999949,49,-2139.2375000000166
98.45249999999999,-0.8649999999999949,49,-2139.2375000000166
98.45249999999999,-0.8649999999999949,48,-2139.6700000000164
98.45249999999999,-0.8649999999999949,47,-2140.1025000000163
98.45249999999999,-0.8649999999999949,47,-2140.1025000000163
98.45249999999999,-0.8649999999999949,44,-2141.400000000015
98.45249999999999,-0.8649999999999949,44,-2141.400000000015
98.45249999999999,-0.8649999999999949,44,-2141.400000000015
98.45249999999999,-0.8649999999999949,44,-2141.400000000015
98.4575,-0.8549999999999898,26,-2149.0550000000153
98.4575,-0.8549999999999898,26,-2149.0550000000153
98.4575,-0.8549999999999898,26,-2149.0550000000153
98.4575,-0.8549999999999898,26,-2149.0550000000153
98.4575,-0.8549999999999898,27,-2149.4825000000155
98.4575,-0.8549999999999898,27,-2149.4825000000155
98.4575,-0.8549999999999898,28,-2149.9100000000158
98.4575,-0.8549999999999898,23,-2152.047500000016
98.4575,-0.8549999999999898,23,-2152.047500000016
98.4575,-0.8549999999999898,22,-2152.4750000000163
98.4575,-0.8549999999999898,20,-2153.3300000000163
98.4575,-0.8549999999999898,20,-2153.3300000000163
98.4575,-0.8549999999999898,20,-2153.3300000000163
98.4575,-0.8549999999999898,20,-2153.3300000000163
98.4575,-0.8549999999999898,20,-2153.3300000000163
98.4575,-0.8549999999999898,15,-2155.467500000016
98.4575,-0.8549999999999898,10,-2157.605000000016
98.4575,-0.8549999999999898,10,-2157.605000000016
98.4575,-0.8549999999999898,10,-2157.605000000016
98.4575,-0.8549999999999898,10,-2157.605000000016
98.4575,-0.8549999999999898,10,-2157.605000000016
98.4575,-0.8549999999999898,11,-2158.0325000000157
98.4575,-0.8549999999999898,11,-2158.0325000000157
98.4575,-0.8549999999999898,20,-2161.8800000000165
98.4575,-0.8549999999999898,20,-2161.8800000000165
98.4575,-0.8549999999999898,20,-2161.8800000000165
98.4575,-0.8549999999999898,20,-2161.8800000000165
98.4575,-0.8549999999999898,20,-2161.8800000000165
98.4575,-0.8549999999999898,21,-2162.3075000000163
98.4575,-0.8549999999999898,21,-2162.3075000000163
98.4575,-0.8549999999999898,21,-2162.3075000000163
98.4575,-0.8549999999999898,21,-2162.3075000000163
98.4575,-0.8549999999999898,21,-2162.3075000000163
98.4575,-0.8549999999999898,21,-2162.3075000000163
98.4625,-0.8449999999999847,18,-2163.490000000016
98.4625,-0.8449999999999847,18,-2163.490000000016
98.4625,-0.8449999999999847,18,-2163.490000000016
98.4625,-0.8449999999999847,18,-2163.490000000016
98.4625,-0.8449999999999847,40,-2172.785000000016
98.4625,-0.8449999999999847,37,-2174.052500000016
98.4625,-0.8449999999999847,33,-2175.742500000016
98.4625,-0.8449999999999847,33,-2175.742500000016
98.4625,-0.8449999999999847,39,-2178.2775000000165
98.4625,-0.8449999999999847,37,-2179.1225000000168
98.4625,-0.8449999999999847,31,-2181.657500000017
98.4625,-0.8449999999999847,31,-2181.657500000017
98.4625,-0.8449999999999847,30,-2182.080000000017
98.4625,-0.8449999999999847,30,-2182.080000000017
98.4625,-0.8449999999999847,30,-2182.080000000017
98.4625,-0.8449999999999847,18,-2187.150000000017
98.4625,-0.8449999999999847,18,-2187.150000000017
98.4625,-0.8449999999999847,18,-2187.150000000017
98.4625,-0.8449999999999847,18,-2187.150000000017
98.4625,-0.8449999999999847,18,-2187.150000000017
98.4625,-0.8449999999999847,18,-2187.150000000017
98.4625,-0.8449999999999847,18,-2187.150000000017
98.4625,-0.8449999999999847,16,-2187.995000000017
98.4625,-0.8449999999999847,12,-2189.685000000017
98.4625,-0.8449999999999847,12,-2189.685000000017
98.4625,-0.8449999999999847,11,-2190.1075000000174
98.4625,-0.8449999999999847,11,-2190.1075000000174
98.4625,-0.8449999999999847,10,-2190.5300000000175
98.4625,-0.8449999999999847,10,-2190.5300000000175
98.4625,-0.8449999999999847,13,-2191.797500000018
98.4625,-0.8449999999999847,4,-2195.6000000000176
98.4625,-0.8449999999999847,10,-2198.1350000000175
98.4625,-0.8449999999999847,10,-2198.1350000000175
98.4625,-0.8449999999999847,10,-2198.1350000000175
98.4625,-0.8449999999999847,13,-2199.4025000000174
98.4625,-0.8449999999999847,13,-2199.4025000000174
98.4625,-0.8449999999999847,13,-2199.4025000000174
98.4625,-0.8449999999999847,13,-2199.4025000000174
98.4625,-0.8449999999999847,13,-2199.4025000000174
98.4625,-0.8449999999999847,13,-2199.4025000000174
98.4625,-0.8449999999999847,13,-2199.4025000000174
98.4625,-0.8449999999999847,13,-2199.4025000000174
98.4625,-0.8449999999999847,13,-2199.4025000000174
98.4625,-0.8449999999999847,14,-2199.825000000017
98.4625,-0.8449999999999847,14,-2199.825000000017
98.4625,-0.8449999999999847,12,-2200.6700000000174
98.4625,-0.8449999999999847,12,-2200.6700000000174
98.4625,-0.8449999999999847,12,-2200.6700000000174
98.4625,-0.8449999999999847,11,-2201.0925000000175
98.4625,-0.8449999999999847,11,-2201.0925000000175
98.4625,-0.8449999999999847,11,-2201.0925000000175
98.4625,-0.8449999999999847,11,-2201.0925000000175
98.4625,-0.8449999999999847,11,-2201.0925000000175
98.4625,-0.8449999999999847,5,-2203.627500000018
98.4625,-0.8449999999999847,5,-2203.627500000018
98.4625,-0.8449999999999847,5,-2203.627500000018
98.4625,-0.8449999999999847,5,-2203.627500000018
98.46000000000001,-0.8399999999999892,9,-2205.3400000000174
98.46000000000001,-0.8399999999999892,10,-2205.7600000000175
98.46000000000001,-0.8399999999999892,10,-2205.7600000000175
98.46000000000001,-0.8399999999999892,10,-2205.7600000000175
98.46000000000001,-0.8399999999999892,10,-2205.7600000000175
98.46000000000001,-0.8399999999999892,10,-2205.7600000000175
98.46000000000001,-0.8399999999999892,14,-2207.440000000018
98.46000000000001,-0.8399999999999892,14,-2207.440000000018
98.46000000000001,-0.8399999999999892,14,-2207.440000000018
98.46000000000001,-0.8399999999999892,14,-2207.440000000018
98.46000000000001,-0.8399999999999892,14,-2207.440000000018
98.46000000000001,-0.8399999999999892,21,-2210.380000000018
98.46000000000001,-0.8399999999999892,16,-2212.480000000018
98.46000000000001,-0.8399999999999892,16,-2212.480000000018
98.46000000000001,-0.8399999999999892,16,-2212.480000000018
98.46000000000001,-0.8399999999999892,16,-2212.480000000018
98.46000000000001,-0.8399999999999892,22,-2215.0000000000177
98.46000000000001,-0.8399999999999892,21,-2215.420000000018
98.46000000000001,-0.8399999999999892,21,-2215.420000000018
98.46000000000001,-0.8399999999999892,22,-2215.840000000018
98.46000000000001,-0.8399999999999892,22,-2215.840000000018
98.46000000000001,-0.8399999999999892,22,-2215.840000000018
98.46000000000001,-0.8399999999999892,22,-2215.840000000018
98.46000000000001,-0.8399999999999892,22,-2215.840000000018
98.46000000000001,-0.8399999999999892,22,-2215.840000000018
98.46000000000001,-0.8399999999999892,23,-2216.260000000018
98.46000000000001,-0.8399999999999892,31,-2219.620000000018
98.46000000000001,-0.8399999999999892,29,-2220.460000000018
98.465,-0.8299999999999983,21,-2223.7050000000186
98.465,-0.8299999999999983,21,-2223.7050000000186
98.465,-0.8299999999999983,21,-2223.7050000000186
98.465,-0.8299999999999983,21,-2223.7050000000186
98.465,-0.8299999999999983,21,-2223.7050000000186
98.465,-0.8299999999999983,21,-2223.7050000000186
98.465,-0.8299999999999983,21,-2223.7050000000186
98.465,-0.8299999999999983,21,-2223.7050000000186
98.465,-0.8299999999999983,21,-2223.7050000000186
98.465,-0.8299999999999983,21,-2223.7050000000186
98.465,-0.8299999999999983,21,-2223.7050000000186
98.465,-0.8299999999999983,20,-2224.120000000018
98.465,-0.8299999999999983,11,-2227.8550000000187
98.465,-0.8299999999999983,11,-2227.8550000000187
98.465,-0.8299999999999983,11,-2227.8550000000187
98.465,-0.8299999999999983,11,-2227.8550000000187
98.465,-0.8299999999999983,12,-2228.2700000000186
98.465,-0.8299999999999983,12,-2228.2700000000186
98.465,-0.8299999999999983,12,-2228.2700000000186
98.465,-0.8299999999999983,12,-2228.2700000000186
98.465,-0.8299999999999983,17,-2230.3450000000184
98.465,-0.8299999999999983,9,-2233.6650000000186
98.465,-0.8299999999999983,8,-2234.080000000018
98.465,-0.8299999999999983,8,-2234.080000000018
98.465,-0.8299999999999983,8,-2234.080000000018
98.465,-0.8299999999999983,8,-2234.080000000018
98.465,-0.8299999999999983,10,-2234.9100000000185
98.465,-0.8299999999999983,9,-2235.3250000000185
98.465,-0.8299999999999983,-1,-2239.4750000000186
98.465,-0.8299999999999983,-3,-2240.3050000000185
98.47,-0.8199999999999932,-12,-2244.0800000000186
98.47,-0.8199999999999932,-13,-2244.490000000019
98.47,-0.8199999999999932,-13,-2244.490000000019
98.47,-0.8199999999999932,-13,-2244.490000000019
98.47,-0.8199999999999932,-20,-2247.3600000000188
98.47,-0.8199999999999932,-20,-2247.3600000000188
98.47,-0.8199999999999932,-20,-2247.3600000000188
98.47,-0.8199999999999932,-20,-2247.3600000000188
98.47,-0.8199999999999932,-19,-2247.7700000000186
98.47,-0.8199999999999932,-21,-2248.5900000000183
98.47,-0.8199999999999932,-20,-2249.0000000000186
98.47,-0.8199999999999932,-20,-2249.0000000000186
98.47,-0.8199999999999932,-17,-2250.2300000000187
98.47,-0.8199999999999932,-17,-2250.2300000000187
98.47,-0.8199999999999932,-22,-2252.280000000019
98.47,-0.8199999999999932,-22,-2252.280000000019
98.47,-0.8199999999999932,-22,-2252.280000000019
98.47,-0.8199999999999932,-22,-2252.280000000019
98.47,-0.8199999999999932,-22,-2252.280000000019
98.47,-0.8199999999999932,-22,-2252.280000000019
98.47,-0.8199999999999932,-19,-2253.510000000019
98.47,-0.8199999999999932,-19,-2253.510000000019
98.47,-0.8199999999999932,-19,-2253.510000000019
98.47,-0.8199999999999932,-19,-2253.510000000019
98.47,-0.8199999999999932,-16,-2254.740000000019
98.47,-0.8199999999999932,-16,-2254.740000000019
98.47,-0.8199999999999932,-7,-2258.4300000000185
98.47,-0.8199999999999932,-25,-2265.8100000000186
98.47,-0.8199999999999932,-25,-2265.8100000000186
98.47,-0.8199999999999932,-32,-2268.6800000000185
98.47,-0.8199999999999932,-31,-2269.090000000019
98.47,-0.8199999999999932,-31,-2269.090000000019
98.47,-0.8199999999999932,-30,-2269.500000000018
98.47,-0.8199999999999932,-30,-2269.500000000018
98.47,-0.8199999999999932,-30,-2269.500000000018
98.47,-0.8199999999999932,-33,-2270.730000000018
98.47,-0.8199999999999932,-30,-2271.960000000018
98.47,-0.8199999999999932,-30,-2271.960000000018
98.47,-0.8199999999999932,-30,-2271.960000000018
98.47,-0.8199999999999932,-30,-2271.960000000018
98.47,-0.8199999999999932,-29,-2272.3700000000185
98.47,-0.8199999999999932,-29,-2272.3700000000185
98.47,-0.8199999999999932,-24,-2274.4200000000183
98.47,-0.8199999999999932,-24,-2274.4200000000183
98.47,-0.8199999999999932,-17,-2277.290000000018
98.47,-0.8199999999999932,-28,-2281.8000000000184
98.47,-0.8199999999999932,-30,-2282.620000000018
98.47,-0.8199999999999932,-30,-2282.620000000018
98.47,-0.8199999999999932,-30,-2282.620000000018
98.47,-0.8199999999999932,-30,-2282.620000000018
98.47,-0.8199999999999932,-30,-2282.620000000018
98.47,-0.8199999999999932,-30,-2282.620000000018
98.47,-0.8199999999999932,-30,-2282.620000000018
98.47,-0.8199999999999932,-29,-2283.0300000000184
98.47,-0.8199999999999932,-29,-2283.0300000000184
98.47,-0.8199999999999932,-29,-2283.0300000000184
98.47,-0.8199999999999932,-37,-2286.310000000018
98.47,-0.8199999999999932,-37,-2286.310000000018
98.47,-0.8199999999999932,-37,-2286.310000000018
98.47,-0.8199999999999932,-37,-2286.310000000018
98.47,-0.8199999999999932,-41,-2287.950000000018
98.47,-0.8199999999999932,-41,-2287.950000000018
98.47,-0.8199999999999932,-41,-2287.950000000018
98.47,-0.8199999999999932,-42,-2288.360000000018
98.47,-0.8199999999999932,-42,-2288.360000000018
98.47,-0.8199999999999932,-42,-2288.360000000018
98.47,-0.8199999999999932,-36,-2290.8200000000184
98.47,-0.8199999999999932,-36,-2290.8200000000184
98.47,-0.8199999999999932,-36,-2290.8200000000184
98.47,-0.8199999999999932,-36,-2290.8200000000184
98.47,-0.8199999999999932,-36,-2290.8200000000184
98.47,-0.8199999999999932,-36,-2290.8200000000184
98.47,-0.8199999999999932,-36,-2290.8200000000184
98.47,-0.8199999999999932,-36,-2290.8200000000184
98.47,-0.8199999999999932,-36,-2290.8200000000184
98.47,-0.8199999999999932,-34,-2291.6400000000185
98.47,-0.8199999999999932,-34,-2291.6400000000185
98.47,-0.8199999999999932,-34,-2291.6400000000185
98.47,-0.8199999999999932,-47,-2296.9700000000184
98.47,-0.8199999999999932,-49,-2297.790000000018
98.47,-0.8199999999999932,-50,-2298.2000000000185
98.47,-0.8199999999999932,-50,-2298.2000000000185
98.47,-0.8199999999999932,-50,-2298.2000000000185
98.475,-0.8100000000000023,-56,-2300.910000000018
98.475,-0.8100000000000023,-56,-2300.910000000018
98.475,-0.8100000000000023,-63,-2303.745000000018
98.475,-0.8100000000000023,-63,-2303.745000000018
98.475,-0.8100000000000023,-56,-2306.580000000018
98.475,-0.8100000000000023,-56,-2306.580000000018
98.475,-0.8100000000000023,-56,-2306.580000000018
98.475,-0.8100000000000023,-47,-2310.2250000000186
98.475,-0.8100000000000023,-47,-2310.2250000000186
98.475,-0.8100000000000023,-47,-2310.2250000000186
98.475,-0.8100000000000023,-47,-2310.2250000000186
98.475,-0.8100000000000023,-47,-2310.2250000000186
98.475,-0.8100000000000023,-47,-2310.2250000000186
98.475,-0.8100000000000023,-47,-2310.2250000000186
98.475,-0.8100000000000023,-47,-2310.2250000000186
98.475,-0.8100000000000023,-44,-2311.4400000000182
98.475,-0.8100000000000023,-42,-2312.250000000018
98.475,-0.8100000000000023,-42,-2312.250000000018
98.475,-0.8100000000000023,-42,-2312.250000000018
98.475,-0.8100000000000023,-42,-2312.250000000018
98.475,-0.8100000000000023,-43,-2312.655000000019
98.475,-0.8100000000000023,-43,-2312.655000000019
98.475,-0.8100000000000023,-43,-2312.655000000019
98.475,-0.8100000000000023,-43,-2312.655000000019
98.475,-0.8100000000000023,-43,-2312.655000000019
98.475,-0.8100000000000023,-43,-2312.655000000019
98.475,-0.8100000000000023,-43,-2312.655000000019
98.475,-0.8100000000000023,-43,-2312.655000000019
98.475,-0.8100000000000023,-43,-2312.655000000019
98.475,-0.8100000000000023,-47,-2314.2750000000187
98.475,-0.8100000000000023,-47,-2314.2750000000187
98.475,-0.8100000000000023,-47,-2314.2750000000187
98.475,-0.8100000000000023,-47,-2314.2750000000187
98.475,-0.8100000000000023,-47,-2314.2750000000187
98.475,-0.8100000000000023,-34,-2319.5400000000186
98.475,-0.8100000000000023,-34,-2319.5400000000186
98.475,-0.8100000000000023,-34,-2319.5400000000186
98.475,-0.8100000000000023,-51,-2326.4250000000184
98.475,-0.8100000000000023,-51,-2326.4250000000184
98.475,-0.8100000000000023,-51,-2326.4250000000184
98.475,-0.8100000000000023,-50,-2326.830000000019
98.475,-0.8100000000000023,-50,-2326.830000000019
98.475,-0.8100000000000023,-50,-2326.830000000019
98.475,-0.8100000000000023,-47,-2328.0450000000187
98.475,-0.8100000000000023,-47,-2328.0450000000187
98.475,-0.8100000000000023,-47,-2328.0450000000187
98.475,-0.8100000000000023,-47,-2328.0450000000187
98.475,-0.8100000000000023,-47,-2328.0450000000187
98.475,-0.8100000000000023,-48,-2328.450000000018
98.475,-0.8100000000000023,-46,-2329.2600000000184
98.475,-0.8100000000000023,-46,-2329.2600000000184
98.475,-0.8100000000000023,-46,-2329.2600000000184
98.475,-0.8100000000000023,-58,-2334.120000000018
98.475,-0.8100000000000023,-61,-2335.335000000018
98.475,-0.8100000000000023,-61,-2335.335000000018
98.475,-0.8100000000000023,-61,-2335.335000000018
98.475,-0.8100000000000023,-72,-2339.790000000018
98.475,-0.8100000000000023,-72,-2339.790000000018
98.475,-0.8100000000000023,-72,-2339.790000000018
98.475,-0.8100000000000023,-72,-2339.790000000018
98.475,-0.8100000000000023,-90,-2347.080000000018
98.475,-0.8100000000000023,-91,-2347.4850000000188
98.475,-0.8100000000000023,-91,-2347.4850000000188
98.475,-0.8100000000000023,-91,-2347.4850000000188
98.475,-0.8100000000000023,-91,-2347.4850000000188
98.475,-0.8100000000000023,-91,-2347.4850000000188
98.475,-0.8100000000000023,-60,-2360.040000000018
98.475,-0.8100000000000023,-60,-2360.040000000018
98.475,-0.8100000000000023,-60,-2360.040000000018
98.475,-0.8100000000000023,-60,-2360.040000000018
98.475,-0.8100000000000023,-53,-2362.8750000000173
98.475,-0.8100000000000023,-53,-2362.8750000000173
98.475,-0.8100000000000023,-53,-2362.8750000000173
98.475,-0.8100000000000023,-53,-2362.8750000000173
98.475,-0.8100000000000023,-53,-2362.8750000000173
98.47999999999999,-0.7999999999999972,-57,-2364.760000000018
98.47999999999999,-0.7999999999999972,-58,-2365.1600000000176
98.47999999999999,-0.7999999999999972,-58,-2365.1600000000176
98.47999999999999,-0.7999999999999972,-58,-2365.1600000000176
98.47999999999999,-0.7999999999999972,-58,-2365.1600000000176
98.47999999999999,-0.7999999999999972,-58,-2365.1600000000176
98.47999999999999,-0.7999999999999972,-58,-2365.1600000000176
98.47999999999999,-0.7999999999999972,-52,-2367.5600000000177
98.47999999999999,-0.7999999999999972,-52,-2367.5600000000177
98.47999999999999,-0.7999999999999972,-52,-2367.5600000000177
98.47999999999999,-0.7999999999999972,-52,-2367.5600000000177
98.47999999999999,-0.7999999999999972,-53,-2367.960000000018
98.47999999999999,-0.7999999999999972,-55,-2368.7600000000184
98.47999999999999,-0.7999999999999972,-55,-2368.7600000000184
98.47999999999999,-0.7999999999999972,-55,-2368.7600000000184
98.47999999999999,-0.7999999999999972,-55,-2368.7600000000184
98.47999999999999,-0.7999999999999972,-41,-2374.360000000018
98.47999999999999,-0.7999999999999972,-41,-2374.360000000018
98.47999999999999,-0.7999999999999972,-41,-2374.360000000018
98.47999999999999,-0.7999999999999972,-41,-2374.360000000018
98.47999999999999,-0.7999999999999972,-41,-2374.360000000018
98.47999999999999,-0.7999999999999972,-41,-2374.360000000018
98.47999999999999,-0.7999999999999972,-41,-2374.360000000018
98.47999999999999,-0.7999999999999972,-41,-2374.360000000018
98.47999999999999,-0.7999999999999972,-41,-2374.360000000018
98.47999999999999,-0.7999999999999972,-41,-2374.360000000018
98.47999999999999,-0.7999999999999972,-42,-2374.7600000000184
98.47999999999999,-0.7999999999999972,-42,-2374.7600000000184
98.47999999999999,-0.7999999999999972,-42,-2374.7600000000184
98.47999999999999,-0.7999999999999972,-43,-2375.160000000018
98.47999999999999,-0.7999999999999972,-42,-2375.5600000000186
98.47999999999999,-0.7999999999999972,-42,-2375.5600000000186
98.47999999999999,-0.7999999999999972,-43,-2375.960000000018
98.47999999999999,-0.7999999999999972,-44,-2376.3600000000188
98.47999999999999,-0.7999999999999972,-44,-2376.3600000000188
98.47999999999999,-0.7999999999999972,-44,-2376.3600000000188
98.47999999999999,-0.7999999999999972,-44,-2376.3600000000188
98.47999999999999,-0.7999999999999972,-44,-2376.3600000000188
98.47999999999999,-0.7999999999999972,-44,-2376.3600000000188
98.47999999999999,-0.7999999999999972,-41,-2377.560000000018
98.47999999999999,-0.7999999999999972,-43,-2378.360000000018
98.47999999999999,-0.7999999999999972,-58,-2384.360000000018
98.47999999999999,-0.7999999999999972,-57,-2384.7600000000184
98.47999999999999,-0.7999999999999972,-57,-2384.7600000000184
98.47999999999999,-0.7999999999999972,-58,-2385.160000000018
98.47999999999999,-0.7999999999999972,-58,-2385.160000000018
98.47999999999999,-0.7999999999999972,-58,-2385.160000000018
98.47999999999999,-0.7999999999999972,-58,-2385.160000000018
98.47999999999999,-0.7999999999999972,-58,-2385.160000000018
98.47999999999999,-0.7999999999999972,-52,-2387.5600000000177
98.47999999999999,-0.7999999999999972,-52,-2387.5600000000177
98.47999999999999,-0.7999999999999972,-57,-2389.560000000018
98.47999999999999,-0.7999999999999972,-57,-2389.560000000018
98.47999999999999,-0.7999999999999972,-57,-2389.560000000018
98.47999999999999,-0.7999999999999972,-62,-2391.5600000000177
98.47999999999999,-0.7999999999999972,-62,-2391.5600000000177
98.47999999999999,-0.7999999999999972,-71,-2395.160000000017
98.47999999999999,-0.7999999999999972,-71,-2395.160000000017
98.47999999999999,-0.7999999999999972,-75,-2396.7600000000175
98.47999999999999,-0.7999999999999972,-75,-2396.7600000000175
98.47999999999999,-0.7999999999999972,-75,-2396.7600000000175
98.47999999999999,-0.7999999999999972,-75,-2396.7600000000175
98.47999999999999,-0.7999999999999972,-75,-2396.7600000000175
98.47999999999999,-0.7999999999999972,-75,-2396.7600000000175
98.47999999999999,-0.7999999999999972,-75,-2396.7600000000175
98.47999999999999,-0.7999999999999972,-75,-2396.7600000000175
98.47999999999999,-0.7999999999999972,-75,-2396.7600000000175
98.47999999999999,-0.7999999999999972,-75,-2396.7600000000175
98.47999999999999,-0.7999999999999972,-75,-2396.7600000000175
98.47999999999999,-0.7999999999999972,-75,-2396.7600000000175
98.47999999999999,-0.7999999999999972,-78,-2397.960000000018
98.47999999999999,-0.7999999999999972,-79,-2398.360000000018
98.47999999999999,-0.7999999999999972,-79,-2398.360000000018
98.47999999999999,-0.7999999999999972,-79,-2398.360000000018
98.47999999999999,-0.7999999999999972,-79,-2398.360000000018
98.47999999999999,-0.7999999999999972,-79,-2398.360000000018
98.47999999999999,-0.7999999999999972,-79,-2398.360000000018
98.47999999999999,-0.7999999999999972,-83,-2399.960000000018
98.47999999999999,-0.7999999999999972,-83,-2399.960000000018
98.47999999999999,-0.7999999999999972,-84,-2400.3600000000188
98.47999999999999,-0.7999999999999972,-84,-2400.3600000000188
98.47999999999999,-0.7999999999999972,-84,-2400.3600000000188
98.47999999999999,-0.7999999999999972,-84,-2400.3600000000188
98.47999999999999,-0.7999999999999972,-86,-2401.160000000018
98.47999999999999,-0.7999999999999972,-85,-2401.5600000000186
98.47999999999999,-0.7999999999999972,-85,-2401.5600000000186
98.47999999999999,-0.7999999999999972,-85,-2401.5600000000186
98.47999999999999,-0.7999999999999972,-87,-2402.360000000018
98.47999999999999,-0.7999999999999972,-93,-2404.7600000000184
98.47999999999999,-0.7999999999999972,-101,-2407.960000000018
98.47999999999999,-0.7999999999999972,-101,-2407.960000000018
98.47999999999999,-0.7999999999999972,-101,-2407.960000000018
98.47999999999999,-0.7999999999999972,-94,-2410.7600000000175
98.47999999999999,-0.7999999999999972,-99,-2412.7600000000175
98.47999999999999,-0.7999999999999972,-99,-2412.7600000000175
98.47999999999999,-0.7999999999999972,-99,-2412.7600000000175
98.47999999999999,-0.7999999999999972,-94,-2414.7600000000175
98.47999999999999,-0.7999999999999972,-111,-2421.5600000000177
98.47999999999999,-0.7999999999999972,-111,-2421.5600000000177
98.47999999999999,-0.7999999999999972,-111,-2421.5600000000177
98.47999999999999,-0.7999999999999972,-111,-2421.5600000000177
98.47999999999999,-0.7999999999999972,-112,-2421.9600000000173
98.47999999999999,-0.7999999999999972,-110,-2422.7600000000184
98.47999999999999,-0.7999999999999972,-110,-2422.7600000000184
98.47999999999999,-0.7999999999999972,-110,-2422.7600000000184
98.47999999999999,-0.7999999999999972,-110,-2422.7600000000184
98.47999999999999,-0.7999999999999972,-110,-2422.7600000000184
98.47999999999999,-0.7999999999999972,-113,-2423.9600000000173
98.47999999999999,-0.7999999999999972,-113,-2423.9600000000173
98.47999999999999,-0.7999999999999972,-113,-2423.9600000000173
98.47999999999999,-0.7999999999999972,-113,-2423.9600000000173
98.47999999999999,-0.7999999999999972,-113,-2423.9600000000173
98.47999999999999,-0.7999999999999972,-113,-2423.9600000000173
98.47999999999999,-0.7999999999999972,-113,-2423.9600000000173
98.47999999999999,-0.7999999999999972,-113,-2423.9600000000173
98.47999999999999,-0.7999999999999972,-113,-2423.9600000000173
98.47999999999999,-0.7999999999999972,-113,-2423.9600000000173
98.47999999999999,-0.7999999999999972,-120,-2426.7600000000184
98.47999999999999,-0.7999999999999972,-120,-2426.7600000000184
98.47999999999999,-0.7999999999999972,-121,-2427.160000000018
98.47999999999999,-0.7999999999999972,-120,-2427.5600000000177
98.47999999999999,-0.7999999999999972,-120,-2427.5600000000177
98.47999999999999,-0.7999999999999972,-120,-2427.5600000000177
98.47999999999999,-0.7999999999999972,-117,-2428.7600000000166
98.47999999999999,-0.7999999999999972,-118,-2429.160000000018
98.47999999999999,-0.7999999999999972,-112,-2431.5600000000177
98.47999999999999,-0.7999999999999972,-99,-2436.7600000000184
98.47999999999999,-0.7999999999999972,-103,-2438.3600000000188
98.47999999999999,-0.7999999999999972,-102,-2438.7600000000193
98.47999999999999,-0.7999999999999972,-103,-2439.160000000019
98.47999999999999,-0.7999999999999972,-103,-2439.160000000019
98.47999999999999,-0.7999999999999972,-103,-2439.160000000019
98.47999999999999,-0.7999999999999972,-116,-2444.3600000000188
98.47999999999999,-0.7999999999999972,-116,-2444.3600000000188
98.47999999999999,-0.7999999999999972,-116,-2444.3600000000188
98.47999999999999,-0.7999999999999972,-116,-2444.3600000000188
98.47999999999999,-0.7999999999999972,-94,-2453.160000000019
98.47999999999999,-0.7999999999999972,-94,-2453.160000000019
98.47999999999999,-0.7999999999999972,-94,-2453.160000000019
98.47749999999999,-0.7950000000000017,-75,-2460.5325000000184
98.47749999999999,-0.7950000000000017,-61,-2466.097500000019
98.47749999999999,-0.7950000000000017,-61,-2466.097500000019
98.47749999999999,-0.7950000000000017,-59,-2466.892500000019
98.47749999999999,-0.7950000000000017,-55,-2468.482500000019
98.47749999999999,-0.7950000000000017,-55,-2468.482500000019
98.47749999999999,-0.7950000000000017,-55,-2468.482500000019
98.47749999999999,-0.7950000000000017,-55,-2468.482500000019
98.47749999999999,-0.7950000000000017,-55,-2468.482500000019
98.47749999999999,-0.7950000000000017,-55,-2468.482500000019
98.47749999999999,-0.7950000000000017,-55,-2468.482500000019
98.47749999999999,-0.7950000000000017,-51,-2470.0725000000193
98.47749999999999,-0.7950000000000017,-51,-2470.0725000000193
98.47749999999999,-0.7950000000000017,-56,-2472.060000000019
98.47749999999999,-0.7950000000000017,-57,-2472.457500000019
98.47749999999999,-0.7950000000000017,-56,-2472.855000000019
98.47749999999999,-0.7950000000000017,-55,-2473.252500000019
98.47749999999999,-0.7950000000000017,-55,-2473.252500000019
98.47749999999999,-0.7950000000000017,-55,-2473.252500000019
98.47749999999999,-0.7950000000000017,-52,-2474.4450000000193
98.47749999999999,-0.7950000000000017,-51,-2474.8425000000193
98.47749999999999,-0.7950000000000017,-52,-2475.2400000000193
98.47749999999999,-0.7950000000000017,-52,-2475.2400000000193
98.4825,-0.7849999999999966,-55,-2476.6975000000198
98.4825,-0.7849999999999966,-55,-2476.6975000000198
98.4825,-0.7849999999999966,-55,-2476.6975000000198
98.4825,-0.7849999999999966,-52,-2477.8750000000196
98.4825,-0.7849999999999966,-52,-2477.8750000000196
98.4825,-0.7849999999999966,-52,-2477.8750000000196
98.4825,-0.7849999999999966,-54,-2478.66000000002
98.4825,-0.7849999999999966,-54,-2478.66000000002
98.4825,-0.7849999999999966,-55,-2479.05250000002
98.4825,-0.7849999999999966,-55,-2479.05250000002
98.4825,-0.7849999999999966,-55,-2479.05250000002
98.4825,-0.7849999999999966,-41,-2484.5475000000197
98.4825,-0.7849999999999966,-41,-2484.5475000000197
98.4825,-0.7849999999999966,-41,-2484.5475000000197
98.4825,-0.7849999999999966,-41,-2484.5475000000197
98.4825,-0.7849999999999966,-41,-2484.5475000000197
98.4825,-0.7849999999999966,-41,-2484.5475000000197
98.4825,-0.7849999999999966,-41,-2484.5475000000197
98.4825,-0.7849999999999966,-33,-2487.6875000000196
98.4825,-0.7849999999999966,-25,-2490.8275000000194
98.4825,-0.7849999999999966,-36,-2495.1450000000195
98.4825,-0.7849999999999966,-36,-2495.1450000000195
98.4825,-0.7849999999999966,-37,-2495.5375000000195
98.4825,-0.7849999999999966,-37,-2495.5375000000195
98.4825,-0.7849999999999966,-36,-2495.9300000000194
98.4825,-0.7849999999999966,-36,-2495.9300000000194
98.4825,-0.7849999999999966,-36,-2495.9300000000194
98.4825,-0.7849999999999966,-36,-2495.9300000000194
98.4825,-0.7849999999999966,-40,-2497.5000000000196
98.4825,-0.7849999999999966,-40,-2497.5000000000196
98.4825,-0.7849999999999966,-40,-2497.5000000000196
98.4825,-0.7849999999999966,-40,-2497.5000000000196
98.4825,-0.7849999999999966,-40,-2497.5000000000196
98.4825,-0.7849999999999966,-40,-2497.5000000000196
98.4825,-0.7849999999999966,-40,-2497.5000000000196
98.4825,-0.7849999999999966,-39,-2497.8925000000195
98.4825,-0.7849999999999966,-39,-2497.8925000000195
98.4825,-0.7849999999999966,-42,-2499.0700000000197
98.4825,-0.7849999999999966,-42,-2499.0700000000197
98.4825,-0.7849999999999966,-42,-2499.0700000000197
98.4825,-0.7849999999999966,-42,-2499.0700000000197
98.4825,-0.7849999999999966,-42,-2499.0700000000197
98.4825,-0.7849999999999966,-42,-2499.0700000000197
98.4825,-0.7849999999999966,-42,-2499.0700000000197
98.4825,-0.7849999999999966,-42,-2499.0700000000197
98.4825,-0.7849999999999966,-41,-2499.4625000000196
98.4825,-0.7849999999999966,-33,-2502.6025000000195
98.4825,-0.7849999999999966,-33,-2502.6025000000195
98.4825,-0.7849999999999966,-33,-2502.6025000000195
98.4825,-0.7849999999999966,-27,-2504.9575000000195
98.4825,-0.7849999999999966,-27,-2504.9575000000195
98.4825,-0.7849999999999966,-32,-2506.920000000019
98.4825,-0.7849999999999966,-21,-2511.2375000000193
98.4825,-0.7849999999999966,-21,-2511.2375000000193
98.4825,-0.7849999999999966,-18,-2512.415000000019
98.4825,-0.7849999999999966,-16,-2513.2000000000194
98.4825,-0.7849999999999966,-16,-2513.2000000000194
98.4825,-0.7849999999999966,-16,-2513.2000000000194
98.4825,-0.7849999999999966,-22,-2515.5550000000194
98.4825,-0.7849999999999966,-22,-2515.5550000000194
98.4825,-0.7849999999999966,-22,-2515.5550000000194
98.4825,-0.7849999999999966,-22,-2515.5550000000194
98.4825,-0.7849999999999966,-20,-2516.3400000000192
98.4825,-0.7849999999999966,-20,-2516.3400000000192
98.4825,-0.7849999999999966,-20,-2516.3400000000192
98.4825,-0.7849999999999966,-20,-2516.3400000000192
98.4825,-0.7849999999999966,-20,-2516.3400000000192
98.4825,-0.7849999999999966,-20,-2516.3400000000192
98.4825,-0.7849999999999966,-20,-2516.3400000000192
98.4825,-0.7849999999999966,-20,-2516.3400000000192
98.4825,-0.7849999999999966,-20,-2516.3400000000192
98.4825,-0.7849999999999966,-20,-2516.3400000000192
98.4825,-0.7849999999999966,-20,-2516.3400000000192
98.4825,-0.7849999999999966,-20,-2516.3400000000192
98.4825,-0.7849999999999966,-13,-2519.0875000000196
98.4825,-0.7849999999999966,-13,-2519.0875000000196
98.4825,-0.7849999999999966,-13,-2519.0875000000196
98.4825,-0.7849999999999966,-13,-2519.0875000000196
98.4825,-0.7849999999999966,-19,-2521.442500000019
98.4825,-0.7849999999999966,-26,-2524.1900000000196
98.4825,-0.7849999999999966,-26,-2524.1900000000196
98.4825,-0.7849999999999966,-27,-2524.5825000000195
98.4825,-0.7849999999999966,-27,-2524.5825000000195
98.4825,-0.7849999999999966,-27,-2524.5825000000195
98.4825,-0.7849999999999966,-25,-2525.3675000000194
98.4825,-0.7849999999999966,-25,-2525.3675000000194
98.4825,-0.7849999999999966,-7,-2532.4325000000194
98.48,-0.7800000000000011,0,-2535.1750000000193
98.48,-0.7800000000000011,0,-2535.1750000000193
98.48,-0.7800000000000011,0,-2535.1750000000193
98.48,-0.7800000000000011,-13,-2540.245000000019
98.48,-0.7800000000000011,-13,-2540.245000000019
98.48,-0.7800000000000011,-13,-2540.245000000019
98.48,-0.7800000000000011,-17,-2541.8050000000194
98.48,-0.7800000000000011,-17,-2541.8050000000194
98.48,-0.7800000000000011,-17,-2541.8050000000194
98.48,-0.7800000000000011,-17,-2541.8050000000194
98.48,-0.7800000000000011,-28,-2546.0950000000194
98.48,-0.7800000000000011,-32,-2547.6550000000193
98.48,-0.7800000000000011,-31,-2548.045000000019
98.48,-0.7800000000000011,-31,-2548.045000000019
98.48,-0.7800000000000011,-31,-2548.045000000019
98.48,-0.7800000000000011,-31,-2548.045000000019
98.48,-0.7800000000000011,-31,-2548.045000000019
98.48,-0.7800000000000011,-31,-2548.045000000019
98.48,-0.7800000000000011,-31,-2548.045000000019
98.48,-0.7800000000000011,-31,-2548.045000000019
98.48,-0.7800000000000011,-26,-2549.995000000019
98.48,-0.7800000000000011,-33,-2552.7250000000195
98.48,-0.7800000000000011,-33,-2552.7250000000195
98.48,-0.7800000000000011,-33,-2552.7250000000195
98.48,-0.7800000000000011,-33,-2552.7250000000195
98.48,-0.7800000000000011,-33,-2552.7250000000195
98.48,-0.7800000000000011,-39,-2555.0650000000196
98.48,-0.7800000000000011,-39,-2555.0650000000196
98.48,-0.7800000000000011,-40,-2555.45500000002
98.48,-0.7800000000000011,-40,-2555.45500000002
98.48,-0.7800000000000011,-38,-2556.2350000000197
98.48,-0.7800000000000011,-38,-2556.2350000000197
98.48,-0.7800000000000011,-17,-2564.4250000000193
98.48,-0.7800000000000011,-17,-2564.4250000000193
98.48,-0.7800000000000011,-17,-2564.4250000000193
98.48,-0.7800000000000011,-16,-2564.8150000000196
98.48,-0.7800000000000011,-16,-2564.8150000000196
98.48,-0.7800000000000011,-17,-2565.2050000000195
98.48,-0.7800000000000011,-16,-2565.5950000000194
98.48,-0.7800000000000011,-9,-2568.3250000000194
98.48,-0.7800000000000011,-8,-2568.7150000000197
98.48,-0.7800000000000011,-8,-2568.7150000000197
98.48,-0.7800000000000011,-8,-2568.7150000000197
98.48,-0.7800000000000011,-8,-2568.7150000000197
98.48,-0.7800000000000011,-8,-2568.7150000000197
98.48,-0.7800000000000011,-6,-2569.4950000000194
98.48,-0.7800000000000011,-7,-2569.8850000000198
98.48,-0.7800000000000011,-7,-2569.8850000000198
98.48,-0.7800000000000011,-7,-2569.8850000000198
98.48,-0.7800000000000011,-7,-2569.8850000000198
98.48,-0.7800000000000011,-7,-2569.8850000000198
98.48,-0.7800000000000011,-8,-2570.2750000000196
98.48,-0.7800000000000011,-8,-2570.2750000000196
98.48,-0.7800000000000011,-8,-2570.2750000000196
98.48,-0.7800000000000011,-8,-2570.2750000000196
98.48,-0.7800000000000011,-8,-2570.2750000000196
98.48,-0.7800000000000011,-8,-2570.2750000000196
98.48,-0.7800000000000011,-8,-2570.2750000000196
98.48,-0.7800000000000011,-6,-2571.05500000002
98.48,-0.7800000000000011,-5,-2571.4450000000197
98.48,-0.7800000000000011,-6,-2571.8350000000196
98.48,-0.7800000000000011,-6,-2571.8350000000196
98.48,-0.7800000000000011,-6,-2571.8350000000196
98.48,-0.7800000000000011,-6,-2571.8350000000196
98.48,-0.7800000000000011,-6,-2571.8350000000196
98.48,-0.7800000000000011,-6,-2571.8350000000196
98.48,-0.7800000000000011,-6,-2571.8350000000196
98.48,-0.7800000000000011,-6,-2571.8350000000196
98.48,-0.7800000000000011,-6,-2571.8350000000196
98.48,-0.7800000000000011,-5,-2572.22500000002
98.48,-0.7800000000000011,-5,-2572.22500000002
98.48,-0.7800000000000011,-2,-2573.39500000002
98.48,-0.7800000000000011,-17,-2579.24500000002
98.48,-0.7800000000000011,-17,-2579.24500000002
98.48,-0.7800000000000011,-23,-2581.58500000002
98.48,-0.7800000000000011,-23,-2581.58500000002
98.48,-0.7800000000000011,-23,-2581.58500000002
98.48,-0.7800000000000011,-23,-2581.58500000002
98.48,-0.7800000000000011,-22,-2581.97500000002
98.48,-0.7800000000000011,-22,-2581.97500000002
98.48,-0.7800000000000011,-22,-2581.97500000002
98.48,-0.7800000000000011,-22,-2581.97500000002
98.48,-0.7800000000000011,-23,-2582.36500000002
98.475,-0.769999999999996,-21,-2583.0300000000198
98.475,-0.769999999999996,-21,-2583.0300000000198
98.475,-0.769999999999996,-21,-2583.0300000000198
98.475,-0.769999999999996,-21,-2583.0300000000198
98.475,-0.769999999999996,-21,-2583.0300000000198
98.475,-0.769999999999996,-26,-2584.95500000002
98.475,-0.769999999999996,-26,-2584.95500000002
98.475,-0.769999999999996,-25,-2585.3400000000197
98.475,-0.769999999999996,-25,-2585.3400000000197
98.475,-0.769999999999996,-25,-2585.3400000000197
98.475,-0.769999999999996,-25,-2585.3400000000197
98.475,-0.769999999999996,-23,-2586.1100000000197
98.475,-0.769999999999996,-25,-2586.8800000000197
98.465,-0.75,-17,-2589.75000000002
98.465,-0.75,-17,-2589.75000000002
98.465,-0.75,-17,-2589.75000000002
98.465,-0.75,-17,-2589.75000000002
98.465,-0.75,-16,-2590.12500000002
98.465,-0.75,-16,-2590.12500000002
98.465,-0.75,-16,-2590.12500000002
98.465,-0.75,-16,-2590.12500000002
98.465,-0.75,-16,-2590.12500000002
98.465,-0.75,-28,-2594.62500000002
98.465,-0.75,-30,-2595.37500000002
98.465,-0.75,-29,-2595.75000000002
98.465,-0.75,-24,-2597.62500000002
98.465,-0.75,-24,-2597.62500000002
98.465,-0.75,-24,-2597.62500000002
98.465,-0.75,-24,-2597.62500000002
98.465,-0.75,-24,-2597.62500000002
98.465,-0.75,-24,-2597.62500000002
98.465,-0.75,-24,-2597.62500000002
98.465,-0.75,-27,-2598.75000000002
98.465,-0.75,-30,-2599.87500000002
98.465,-0.75,-30,-2599.87500000002
98.465,-0.75,-43,-2604.75000000002
98.4625,-0.7450000000000045,-31,-2609.16750000002
98.46000000000001,-0.7399999999999949,-22,-2612.46500000002
98.46000000000001,-0.7399999999999949,-22,-2612.46500000002
98.46000000000001,-0.7399999999999949,-22,-2612.46500000002
98.46000000000001,-0.7399999999999949,-22,-2612.46500000002
98.46000000000001,-0.7399999999999949,-16,-2614.6850000000204
98.46000000000001,-0.7399999999999949,-16,-2614.6850000000204
98.46000000000001,-0.7399999999999949,-16,-2614.6850000000204
98.46000000000001,-0.7399999999999949,-27,-2618.75500000002
98.46000000000001,-0.7399999999999949,-27,-2618.75500000002
98.46000000000001,-0.7399999999999949,-26,-2619.12500000002
98.46000000000001,-0.7399999999999949,-26,-2619.12500000002
98.46000000000001,-0.7399999999999949,-42,-2625.0450000000205
98.46000000000001,-0.7399999999999949,-42,-2625.0450000000205
98.46000000000001,-0.7399999999999949,-48,-2627.26500000002
98.46000000000001,-0.7399999999999949,-48,-2627.26500000002
98.46000000000001,-0.7399999999999949,-48,-2627.26500000002
98.46000000000001,-0.7399999999999949,-48,-2627.26500000002
98.46000000000001,-0.7399999999999949,-49,-2627.6350000000198
98.46000000000001,-0.7399999999999949,-49,-2627.6350000000198
98.46000000000001,-0.7399999999999949,-49,-2627.6350000000198
98.46000000000001,-0.7399999999999949,-41,-2630.59500000002
98.445,-0.7099999999999937,-24,-2636.5250000000196
98.445,-0.7099999999999937,-18,-2638.6550000000193
98.445,-0.7099999999999937,-18,-2638.6550000000193
98.445,-0.7099999999999937,-19,-2639.0100000000193
98.445,-0.7099999999999937,-19,-2639.0100000000193
98.445,-0.7099999999999937,-18,-2639.3650000000193
98.445,-0.7099999999999937,-18,-2639.3650000000193
98.4425,-0.7049999999999983,-14,-2640.7350000000197
98.4425,-0.7049999999999983,-14,-2640.7350000000197
98.4425,-0.7049999999999983,-14,-2640.7350000000197
98.4425,-0.7049999999999983,-14,-2640.7350000000197
98.4425,-0.7049999999999983,-14,-2640.7350000000197
98.4425,-0.7049999999999983,-14,-2640.7350000000197
98.4425,-0.7049999999999983,-14,-2640.7350000000197
98.4425,-0.7049999999999983,-14,-2640.7350000000197
98.4425,-0.7049999999999983,-17,-2641.7925000000196
98.4425,-0.7049999999999983,-16,-2642.1450000000195
98.4425,-0.7049999999999983,-25,-2645.3175000000197
98.4425,-0.7049999999999983,-25,-2645.3175000000197
98.4425,-0.7049999999999983,-20,-2647.0800000000195
98.4425,-0.7049999999999983,-20,-2647.0800000000195
98.4425,-0.7049999999999983,-20,-2647.0800000000195
98.4425,-0.7049999999999983,-20,-2647.0800000000195
98.4425,-0.7049999999999983,-21,-2647.4325000000194
98.4425,-0.7049999999999983,-21,-2647.4325000000194
98.4425,-0.7049999999999983,-21,-2647.4325000000194
98.4425,-0.7049999999999983,-21,-2647.4325000000194
98.4425,-0.7049999999999983,-28,-2649.9000000000196
98.4425,-0.7049999999999983,-27,-2650.252500000019
98.4425,-0.7049999999999983,-27,-2650.252500000019
98.4425,-0.7049999999999983,-27,-2650.252500000019
98.4425,-0.7049999999999983,-27,-2650.252500000019
98.4425,-0.7049999999999983,-27,-2650.252500000019
98.4425,-0.7049999999999983,-29,-2650.9575000000195
98.4425,-0.7049999999999983,-28,-2651.3100000000195
98.44749999999999,-0.6950000000000074,-49,-2658.8775000000196
98.44749999999999,-0.6950000000000074,-59,-2662.352500000019
98.44749999999999,-0.6950000000000074,-63,-2663.742500000019
98.44749999999999,-0.6950000000000074,-70,-2666.1750000000184
98.44749999999999,-0.6950000000000074,-67,-2667.217500000019
98.44749999999999,-0.6950000000000074,-67,-2667.217500000019
98.44749999999999,-0.6950000000000074,-67,-2667.217500000019
98.44749999999999,-0.6950000000000074,-67,-2667.217500000019
98.44749999999999,-0.6950000000000074,-67,-2667.217500000019
98.44749999999999,-0.6950000000000074,-67,-2667.217500000019
98.44749999999999,-0.6950000000000074,-66,-2667.5650000000196
98.44749999999999,-0.6950000000000074,-66,-2667.5650000000196
98.44749999999999,-0.6950000000000074,-66,-2667.5650000000196
98.44749999999999,-0.6950000000000074,-66,-2667.5650000000196
98.44749999999999,-0.6950000000000074,-66,-2667.5650000000196
98.44749999999999,-0.6950000000000074,-66,-2667.5650000000196
98.44749999999999,-0.6950000000000074,-65,-2667.9125000000195
98.44749999999999,-0.6950000000000074,-65,-2667.9125000000195
98.44749999999999,-0.6950000000000074,-65,-2667.9125000000195
98.44749999999999,-0.6950000000000074,-65,-2667.9125000000195
98.44749999999999,-0.6950000000000074,-65,-2667.9125000000195
98.44749999999999,-0.6950000000000074,-47,-2674.167500000019
98.44749999999999,-0.6950000000000074,-47,-2674.167500000019
98.44749999999999,-0.6950000000000074,-47,-2674.167500000019
98.44749999999999,-0.6950000000000074,-47,-2674.167500000019
98.44749999999999,-0.6950000000000074,-46,-2674.515000000019
98.44749999999999,-0.6950000000000074,-54,-2677.295000000019
98.44749999999999,-0.6950000000000074,-59,-2679.0325000000194
98.44749999999999,-0.6950000000000074,-53,-2681.11750000002
98.44749999999999,-0.6950000000000074,-53,-2681.11750000002
98.44749999999999,-0.6950000000000074,-54,-2681.4650000000192
98.44749999999999,-0.6950000000000074,-54,-2681.4650000000192
98.44749999999999,-0.6950000000000074,-42,-2685.63500000002
98.44749999999999,-0.6950000000000074,-42,-2685.63500000002
98.44749999999999,-0.6950000000000074,-42,-2685.63500000002
98.44749999999999,-0.6950000000000074,-42,-2685.63500000002
98.44749999999999,-0.6950000000000074,-42,-2685.63500000002
98.44749999999999,-0.6950000000000074,-42,-2685.63500000002
98.44749999999999,-0.6950000000000074,-42,-2685.63500000002
98.44749999999999,-0.6950000000000074,-42,-2685.63500000002
98.44749999999999,-0.6950000000000074,-49,-2688.06750000002
98.44749999999999,-0.6950000000000074,-49,-2688.06750000002
98.44749999999999,-0.6950000000000074,-49,-2688.06750000002
98.44749999999999,-0.6950000000000074,-49,-2688.06750000002
98.44749999999999,-0.6950000000000074,-49,-2688.06750000002
98.44749999999999,-0.6950000000000074,-49,-2688.06750000002
98.44749999999999,-0.6950000000000074,-49,-2688.06750000002
98.44749999999999,-0.6950000000000074,-49,-2688.06750000002
98.44749999999999,-0.6950000000000074,-49,-2688.06750000002
98.44749999999999,-0.6950000000000074,-53,-2689.45750000002
98.44749999999999,-0.6950000000000074,-42,-2693.2800000000207
98.44749999999999,-0.6950000000000074,-42,-2693.2800000000207
98.44749999999999,-0.6950000000000074,-41,-2693.6275000000205
98.44749999999999,-0.6950000000000074,-41,-2693.6275000000205
98.44749999999999,-0.6950000000000074,-41,-2693.6275000000205
98.44749999999999,-0.6950000000000074,-41,-2693.6275000000205
98.44749999999999,-0.6950000000000074,-41,-2693.6275000000205
98.44749999999999,-0.6950000000000074,-42,-2693.9750000000204
98.44749999999999,-0.6950000000000074,-42,-2693.9750000000204
98.44749999999999,-0.6950000000000074,-42,-2693.9750000000204
98.44749999999999,-0.6950000000000074,-42,-2693.9750000000204
98.44749999999999,-0.6950000000000074,-42,-2693.9750000000204
98.44749999999999,-0.6950000000000074,-42,-2693.9750000000204
98.44749999999999,-0.6950000000000074,-39,-2695.01750000002
98.44749999999999,-0.6950000000000074,-39,-2695.01750000002
98.44749999999999,-0.6950000000000074,-39,-2695.01750000002
98.44749999999999,-0.6950000000000074,-39,-2695.01750000002
98.44749999999999,-0.6950000000000074,-39,-2695.01750000002
98.44749999999999,-0.6950000000000074,-35,-2696.4075000000203
98.44749999999999,-0.6950000000000074,-35,-2696.4075000000203
98.44749999999999,-0.6950000000000074,-36,-2696.75500000002
98.44749999999999,-0.6950000000000074,-36,-2696.75500000002
98.44749999999999,-0.6950000000000074,-36,-2696.75500000002
98.44749999999999,-0.6950000000000074,-36,-2696.75500000002
98.44749999999999,-0.6950000000000074,-36,-2696.75500000002
98.44749999999999,-0.6950000000000074,-41,-2698.4925000000203
98.44749999999999,-0.6950000000000074,-41,-2698.4925000000203
98.44749999999999,-0.6950000000000074,-41,-2698.4925000000203
98.44749999999999,-0.6950000000000074,-41,-2698.4925000000203
98.44749999999999,-0.6950000000000074,-43,-2699.18750000002
98.44749999999999,-0.6950000000000074,-43,-2699.18750000002
98.44749999999999,-0.6950000000000074,-47,-2700.57750000002
98.44749999999999,-0.6950000000000074,-47,-2700.57750000002
98.44749999999999,-0.6950000000000074,-45,-2701.27250000002
98.44749999999999,-0.6950000000000074,-45,-2701.27250000002
98.43,-0.6600000000000108,-33,-2704.7650000000203
98.43,-0.6600000000000108,-33,-2704.7650000000203
98.43,-0.6600000000000108,-50,-2710.375000000021
98.43,-0.6600000000000108,-50,-2710.375000000021
98.43,-0.6600000000000108,-50,-2710.375000000021
98.43,-0.6600000000000108,-50,-2710.375000000021
98.43,-0.6600000000000108,-50,-2710.375000000021
98.43,-0.6600000000000108,-50,-2710.375000000021
98.43,-0.6600000000000108,-49,-2710.7050000000218
98.43,-0.6600000000000108,-45,-2712.0250000000215
98.43,-0.6600000000000108,-45,-2712.0250000000215
98.43,-0.6600000000000108,-61,-2717.3050000000217
98.425,-0.6500000000000057,-58,-2718.000000000021
98.425,-0.6500000000000057,-58,-2718.000000000021
98.425,-0.6500000000000057,-58,-2718.000000000021
98.425,-0.6500000000000057,-57,-2718.3250000000207
98.425,-0.6500000000000057,-57,-2718.3250000000207
98.425,-0.6500000000000057,-57,-2718.3250000000207
98.425,-0.6500000000000057,-57,-2718.3250000000207
98.425,-0.6500000000000057,-57,-2718.3250000000207
98.425,-0.6500000000000057,-57,-2718.3250000000207
98.425,-0.6500000000000057,-53,-2719.625000000021
98.425,-0.6500000000000057,-41,-2723.525000000021
98.425,-0.6500000000000057,-41,-2723.525000000021
98.425,-0.6500000000000057,-41,-2723.525000000021
98.425,-0.6500000000000057,-58,-2729.050000000021
98.41999999999999,-0.6400000000000006,-51,-2731.0350000000203
98.41499999999999,-0.6300000000000097,-34,-2736.3050000000208
98.41499999999999,-0.6300000000000097,-27,-2738.510000000021
98.41499999999999,-0.6300000000000097,-27,-2738.510000000021
98.41499999999999,-0.6300000000000097,-29,-2739.140000000021
98.41499999999999,-0.6300000000000097,-29,-2739.140000000021
98.41499999999999,-0.6300000000000097,-29,-2739.140000000021
98.41499999999999,-0.6300000000000097,-29,-2739.140000000021
98.41499999999999,-0.6300000000000097,-29,-2739.140000000021
98.41499999999999,-0.6300000000000097,-29,-2739.140000000021
98.41499999999999,-0.6300000000000097,-29,-2739.140000000021
98.41499999999999,-0.6300000000000097,-29,-2739.140000000021
98.41499999999999,-0.6300000000000097,-29,-2739.140000000021
98.41499999999999,-0.6300000000000097,-29,-2739.140000000021
98.41499999999999,-0.6300000000000097,-29,-2739.140000000021
98.41499999999999,-0.6300000000000097,-29,-2739.140000000021
98.41499999999999,-0.6300000000000097,-44,-2743.8650000000207
98.41499999999999,-0.6300000000000097,-37,-2746.0700000000206
98.41499999999999,-0.6300000000000097,-37,-2746.0700000000206
98.41499999999999,-0.6300000000000097,-39,-2746.7000000000207
98.41499999999999,-0.6300000000000097,-39,-2746.7000000000207
98.41499999999999,-0.6300000000000097,-39,-2746.7000000000207
98.41499999999999,-0.6300000000000097,-47,-2749.2200000000203
98.41499999999999,-0.6300000000000097,-45,-2749.8500000000204
98.41499999999999,-0.6300000000000097,-47,-2750.4800000000205
98.41499999999999,-0.6300000000000097,-47,-2750.4800000000205
98.41499999999999,-0.6300000000000097,-47,-2750.4800000000205
98.41499999999999,-0.6300000000000097,-35,-2754.260000000021
98.41499999999999,-0.6300000000000097,-33,-2754.8900000000212
98.41499999999999,-0.6300000000000097,-35,-2755.520000000021
98.41499999999999,-0.6300000000000097,-35,-2755.520000000021
98.41499999999999,-0.6300000000000097,-35,-2755.520000000021
98.41499999999999,-0.6300000000000097,-39,-2756.7800000000207
98.41499999999999,-0.6300000000000097,-39,-2756.7800000000207
98.41499999999999,-0.6300000000000097,-39,-2756.7800000000207
98.41499999999999,-0.6300000000000097,-44,-2758.3550000000205
98.41499999999999,-0.6300000000000097,-44,-2758.3550000000205
98.41499999999999,-0.6300000000000097,-33,-2761.8200000000206
98.41499999999999,-0.6300000000000097,-33,-2761.8200000000206
98.41499999999999,-0.6300000000000097,-33,-2761.8200000000206
98.41499999999999,-0.6300000000000097,-32,-2762.135000000021
98.41499999999999,-0.6300000000000097,-32,-2762.135000000021
98.41499999999999,-0.6300000000000097,-32,-2762.135000000021
98.41499999999999,-0.6300000000000097,-32,-2762.135000000021
98.41499999999999,-0.6300000000000097,-31,-2762.4500000000207
98.41499999999999,-0.6300000000000097,-31,-2762.4500000000207
98.41499999999999,-0.6300000000000097,-32,-2762.765000000021
98.42,-0.6200000000000045,-35,-2763.8750000000214
98.42,-0.6200000000000045,-35,-2763.8750000000214
98.42,-0.6200000000000045,-35,-2763.8750000000214
98.42,-0.6200000000000045,-35,-2763.8750000000214
98.42,-0.6200000000000045,-31,-2765.115000000021
98.42,-0.6200000000000045,-31,-2765.115000000021
98.42,-0.6200000000000045,-31,-2765.115000000021
98.42,-0.6200000000000045,-31,-2765.115000000021
98.42,-0.6200000000000045,-31,-2765.115000000021
98.42,-0.6200000000000045,-31,-2765.115000000021
98.42,-0.6200000000000045,-31,-2765.115000000021
98.42,-0.6200000000000045,-29,-2765.735000000021
98.42,-0.6200000000000045,-29,-2765.735000000021
98.42,-0.6200000000000045,-27,-2766.3550000000214
98.42,-0.6200000000000045,-27,-2766.3550000000214
98.42,-0.6200000000000045,-29,-2766.9750000000213
98.42,-0.6200000000000045,-29,-2766.9750000000213
98.42,-0.6200000000000045,-29,-2766.9750000000213
98.42,-0.6200000000000045,-30,-2767.2850000000212
98.42,-0.6200000000000045,-17,-2771.3150000000214
98.42,-0.6200000000000045,-17,-2771.3150000000214
98.42,-0.6200000000000045,-17,-2771.3150000000214
98.42,-0.6200000000000045,-16,-2771.6250000000214
98.42,-0.6200000000000045,-17,-2771.9350000000213
98.42,-0.6200000000000045,4,-2778.4450000000215
98.42,-0.6200000000000045,4,-2778.4450000000215
98.42,-0.6200000000000045,5,-2778.7550000000215
98.42,-0.6200000000000045,5,-2778.7550000000215
98.42,-0.6200000000000045,5,-2778.7550000000215
98.42,-0.6200000000000045,5,-2778.7550000000215
98.42,-0.6200000000000045,4,-2779.0650000000214
98.42,-0.6200000000000045,4,-2779.0650000000214
98.42,-0.6200000000000045,4,-2779.0650000000214
98.42,-0.6200000000000045,4,-2779.0650000000214
98.42,-0.6200000000000045,4,-2779.0650000000214
98.42,-0.6200000000000045,5,-2779.3750000000214
98.42,-0.6200000000000045,13,-2781.8550000000214
98.42,-0.6200000000000045,1,-2785.5750000000216
98.42,-0.6200000000000045,4,-2786.505000000022
98.42,-0.6200000000000045,4,-2786.505000000022
98.42,-0.6200000000000045,3,-2786.8150000000214
98.42,-0.6200000000000045,1,-2787.435000000022
98.42,-0.6200000000000045,3,-2788.055000000022
98.42,-0.6200000000000045,3,-2788.055000000022
98.42,-0.6200000000000045,3,-2788.055000000022
98.42,-0.6200000000000045,3,-2788.055000000022
98.42,-0.6200000000000045,3,-2788.055000000022
98.42,-0.6200000000000045,3,-2788.055000000022
98.42,-0.6200000000000045,3,-2788.055000000022
98.42,-0.6200000000000045,3,-2788.055000000022
98.42,-0.6200000000000045,-4,-2790.2250000000217
98.42,-0.6200000000000045,-4,-2790.2250000000217
98.42,-0.6200000000000045,-4,-2790.2250000000217
98.42,-0.6200000000000045,-4,-2790.2250000000217
98.42,-0.6200000000000045,-4,-2790.2250000000217
98.42,-0.6200000000000045,-5,-2790.5350000000217
98.42,-0.6200000000000045,-5,-2790.5350000000217
98.42,-0.6200000000000045,-5,-2790.5350000000217
98.42,-0.6200000000000045,-5,-2790.5350000000217
98.42,-0.6200000000000045,-5,-2790.5350000000217
98.42,-0.6200000000000045,-5,-2790.5350000000217
98.42,-0.6200000000000045,-5,-2790.5350000000217
98.42,-0.6200000000000045,-3,-2791.1550000000216
98.42,-0.6200000000000045,-7,-2792.395000000022
98.42,-0.6200000000000045,-7,-2792.395000000022
98.42,-0.6200000000000045,-6,-2792.7050000000218
98.42,-0.6200000000000045,-6,-2792.7050000000218
98.42,-0.6200000000000045,-6,-2792.7050000000218
98.42,-0.6200000000000045,-6,-2792.7050000000218
98.42,-0.6200000000000045,-2,-2793.945000000022
98.42,-0.6200000000000045,-9,-2796.1150000000216
98.42,-0.6200000000000045,-8,-2796.425000000022
98.42,-0.6200000000000045,-8,-2796.425000000022
98.42,-0.6200000000000045,-8,-2796.425000000022
98.42,-0.6200000000000045,-9,-2796.735000000022
98.42,-0.6200000000000045,-11,-2797.3550000000223
98.42,-0.6200000000000045,-26,-2802.005000000022
98.42,-0.6200000000000045,-26,-2802.005000000022
98.42,-0.6200000000000045,-26,-2802.005000000022
98.42,-0.6200000000000045,-30,-2803.2450000000217
98.42,-0.6200000000000045,-32,-2803.865000000022
98.42,-0.6200000000000045,-32,-2803.865000000022
98.42,-0.6200000000000045,-32,-2803.865000000022
98.42,-0.6200000000000045,-32,-2803.865000000022
98.42,-0.6200000000000045,-32,-2803.865000000022
98.42,-0.6200000000000045,-33,-2804.175000000022
98.42,-0.6200000000000045,-33,-2804.175000000022
98.42,-0.6200000000000045,-33,-2804.175000000022
98.42,-0.6200000000000045,-31,-2804.795000000022
98.42,-0.6200000000000045,-31,-2804.795000000022
98.42,-0.6200000000000045,-31,-2804.795000000022
98.42,-0.6200000000000045,-33,-2805.415000000022
98.42,-0.6200000000000045,-33,-2805.415000000022
98.42,-0.6200000000000045,-33,-2805.415000000022
98.42,-0.6200000000000045,-34,-2805.725000000022
98.42,-0.6200000000000045,-34,-2805.725000000022
98.42,-0.6200000000000045,-34,-2805.725000000022
98.42,-0.6200000000000045,-34,-2805.725000000022
98.42,-0.6200000000000045,-38,-2806.965000000022
98.42,-0.6200000000000045,-41,-2807.8950000000223
98.42,-0.6200000000000045,-46,-2809.4450000000215
98.42,-0.6200000000000045,-47,-2809.755000000022
98.42,-0.6200000000000045,-47,-2809.755000000022
98.42,-0.6200000000000045,-47,-2809.755000000022
98.42,-0.6200000000000045,-47,-2809.755000000022
98.42,-0.6200000000000045,-47,-2809.755000000022
98.42,-0.6200000000000045,-47,-2809.755000000022
98.42,-0.6200000000000045,-51,-2810.995000000022
98.42,-0.6200000000000045,-51,-2810.995000000022
98.42,-0.6200000000000045,-51,-2810.995000000022
98.42,-0.6200000000000045,-26,-2818.745000000022
98.42,-0.6200000000000045,-14,-2822.465000000022
98.42,-0.6200000000000045,-13,-2822.7750000000224
98.42,-0.6200000000000045,-13,-2822.7750000000224
98.42,-0.6200000000000045,-13,-2822.7750000000224
98.41999999999999,-0.6199999999999903,-12,-2823.085000000022
98.41999999999999,-0.6199999999999903,-9,-2824.0150000000217
98.41999999999999,-0.6199999999999903,-9,-2824.0150000000217
98.41999999999999,-0.6199999999999903,-9,-2824.0150000000217
98.41999999999999,-0.6199999999999903,-9,-2824.0150000000217
98.41999999999999,-0.6199999999999903,-9,-2824.0150000000217
98.41999999999999,-0.6199999999999903,36,-2837.9650000000215
98.41999999999999,-0.6199999999999903,36,-2837.9650000000215
98.41999999999999,-0.6199999999999903,31,-2839.5150000000212
98.41999999999999,-0.6199999999999903,31,-2839.5150000000212
98.41999999999999,-0.6199999999999903,31,-2839.5150000000212
98.41999999999999,-0.6199999999999903,31,-2839.5150000000212
98.41999999999999,-0.6199999999999903,31,-2839.5150000000212
98.41999999999999,-0.6199999999999903,29,-2840.1350000000207
98.41999999999999,-0.6199999999999903,29,-2840.1350000000207
98.41999999999999,-0.6199999999999903,29,-2840.1350000000207
98.41999999999999,-0.6199999999999903,28,-2840.445000000021
98.41999999999999,-0.6199999999999903,28,-2840.445000000021
98.41499999999999,-0.6099999999999994,38,-2843.6850000000213
98.41499999999999,-0.6099999999999994,38,-2843.6850000000213
98.41499999999999,-0.6099999999999994,38,-2843.6850000000213
98.41499999999999,-0.6099999999999994,38,-2843.6850000000213
98.41499999999999,-0.6099999999999994,38,-2843.6850000000213
98.41499999999999,-0.6099999999999994,38,-2843.6850000000213
98.41499999999999,-0.6099999999999994,38,-2843.6850000000213
98.41499999999999,-0.6099999999999994,38,-2843.6850000000213
98.41499999999999,-0.6099999999999994,38,-2843.6850000000213
98.41499999999999,-0.6099999999999994,38,-2843.6850000000213
98.41499999999999,-0.6099999999999994,38,-2843.6850000000213
98.41499999999999,-0.6099999999999994,36,-2844.295000000021
98.41499999999999,-0.6099999999999994,45,-2847.040000000021
98.41499999999999,-0.6099999999999994,45,-2847.040000000021
98.41499999999999,-0.6099999999999994,45,-2847.040000000021
98.41499999999999,-0.6099999999999994,45,-2847.040000000021
98.41499999999999,-0.6099999999999994,45,-2847.040000000021
98.41499999999999,-0.6099999999999994,43,-2847.6500000000206
98.41499999999999,-0.6099999999999994,43,-2847.6500000000206
98.4075,-0.5949999999999989,56,-2851.915000000021
98.4075,-0.5949999999999989,56,-2851.915000000021
98.405,-0.5900000000000034,61,-2853.540000000021
98.405,-0.5900000000000034,56,-2855.0150000000212
98.405,-0.5900000000000034,56,-2855.0150000000212
98.405,-0.5900000000000034,56,-2855.0150000000212
98.405,-0.5900000000000034,56,-2855.0150000000212
98.405,-0.5900000000000034,60,-2856.1950000000206
98.405,-0.5900000000000034,60,-2856.1950000000206
98.405,-0.5900000000000034,59,-2856.49000000002
98.405,-0.5900000000000034,59,-2856.49000000002
98.405,-0.5900000000000034,57,-2857.080000000021
98.405,-0.5900000000000034,57,-2857.080000000021
98.405,-0.5900000000000034,56,-2857.37500000002
98.405,-0.5900000000000034,56,-2857.37500000002
98.405,-0.5900000000000034,56,-2857.37500000002
98.405,-0.5900000000000034,56,-2857.37500000002
98.405,-0.5900000000000034,56,-2857.37500000002
98.405,-0.5900000000000034,56,-2857.37500000002
98.405,-0.5900000000000034,56,-2857.37500000002
98.405,-0.5900000000000034,56,-2857.37500000002
98.405,-0.5900000000000034,64,-2859.7350000000206
98.405,-0.5900000000000034,64,-2859.7350000000206
98.405,-0.5900000000000034,64,-2859.7350000000206
98.405,-0.5900000000000034,64,-2859.7350000000206
98.405,-0.5900000000000034,64,-2859.7350000000206
98.405,-0.5900000000000034,64,-2859.7350000000206
98.405,-0.5900000000000034,65,-2860.0300000000216
98.405,-0.5900000000000034,63,-2860.6200000000217
98.405,-0.5900000000000034,61,-2861.210000000023
98.405,-0.5900000000000034,61,-2861.210000000023
98.405,-0.5900000000000034,61,-2861.210000000023
98.405,-0.5900000000000034,61,-2861.210000000023
98.405,-0.5900000000000034,60,-2861.505000000022
98.405,-0.5900000000000034,60,-2861.505000000022
98.405,-0.5900000000000034,62,-2862.095000000022
98.405,-0.5900000000000034,62,-2862.095000000022
98.405,-0.5900000000000034,62,-2862.095000000022
98.405,-0.5900000000000034,62,-2862.095000000022
98.405,-0.5900000000000034,62,-2862.095000000022
98.405,-0.5900000000000034,59,-2862.9800000000214
98.405,-0.5900000000000034,59,-2862.9800000000214
98.405,-0.5900000000000034,59,-2862.9800000000214
98.405,-0.5900000000000034,59,-2862.9800000000214
98.405,-0.5900000000000034,59,-2862.9800000000214
98.405,-0.5900000000000034,59,-2862.9800000000214
98.405,-0.5900000000000034,54,-2864.4550000000218
98.405,-0.5900000000000034,54,-2864.4550000000218
98.405,-0.5900000000000034,53,-2864.750000000022
98.405,-0.5900000000000034,54,-2865.045000000022
98.405,-0.5900000000000034,54,-2865.045000000022
98.405,-0.5900000000000034,54,-2865.045000000022
98.405,-0.5900000000000034,54,-2865.045000000022
98.405,-0.5900000000000034,54,-2865.045000000022
98.405,-0.5900000000000034,54,-2865.045000000022
98.405,-0.5900000000000034,56,-2865.635000000022
98.405,-0.5900000000000034,56,-2865.635000000022
98.405,-0.5900000000000034,57,-2865.930000000023
98.405,-0.5900000000000034,57,-2865.930000000023
98.405,-0.5900000000000034,58,-2866.225000000024
98.405,-0.5900000000000034,59,-2866.520000000024
98.405,-0.5900000000000034,61,-2867.1100000000242
98.405,-0.5900000000000034,62,-2867.405000000025
98.405,-0.5900000000000034,66,-2868.5850000000237
98.405,-0.5900000000000034,67,-2868.8800000000247
98.405,-0.5900000000000034,52,-2873.305000000025
98.405,-0.5900000000000034,52,-2873.305000000025
98.405,-0.5900000000000034,45,-2875.3700000000244
98.405,-0.5900000000000034,45,-2875.3700000000244
98.405,-0.5900000000000034,47,-2875.9600000000246
98.405,-0.5900000000000034,49,-2876.550000000024
98.405,-0.5900000000000034,49,-2876.550000000024
98.405,-0.5900000000000034,49,-2876.550000000024
98.405,-0.5900000000000034,48,-2876.845000000024
98.405,-0.5900000000000034,50,-2877.435000000024
98.405,-0.5900000000000034,47,-2878.3200000000243
98.41,-0.5799999999999983,17,-2886.8250000000244
98.41,-0.5799999999999983,23,-2888.5650000000246
98.41,-0.5799999999999983,23,-2888.5650000000246
98.41,-0.5799999999999983,23,-2888.5650000000246
98.41,-0.5799999999999983,23,-2888.5650000000246
98.41,-0.5799999999999983,22,-2888.8550000000246
98.41,-0.5799999999999983,22,-2888.8550000000246
98.41,-0.5799999999999983,22,-2888.8550000000246
98.41,-0.5799999999999983,26,-2890.015000000025
98.41,-0.5799999999999983,15,-2893.2050000000254
98.41,-0.5799999999999983,15,-2893.2050000000254
98.405,-0.5699999999999932,36,-2899.2850000000244
98.405,-0.5699999999999932,36,-2899.2850000000244
98.405,-0.5699999999999932,36,-2899.2850000000244
98.405,-0.5699999999999932,36,-2899.2850000000244
98.405,-0.5699999999999932,36,-2899.2850000000244
98.405,-0.5699999999999932,36,-2899.2850000000244
98.405,-0.5699999999999932,36,-2899.2850000000244
98.405,-0.5699999999999932,36,-2899.2850000000244
98.405,-0.5699999999999932,37,-2899.570000000024
98.405,-0.5699999999999932,36,-2899.855000000024
98.405,-0.5699999999999932,35,-2900.140000000024
98.405,-0.5699999999999932,44,-2902.7050000000245
98.405,-0.5699999999999932,44,-2902.7050000000245
98.405,-0.5699999999999932,44,-2902.7050000000245
98.405,-0.5699999999999932,43,-2902.9900000000243
98.405,-0.5699999999999932,43,-2902.9900000000243
98.405,-0.5699999999999932,43,-2902.9900000000243
98.405,-0.5699999999999932,52,-2905.555000000024
98.405,-0.5699999999999932,52,-2905.555000000024
98.405,-0.5699999999999932,54,-2906.1250000000246
98.405,-0.5699999999999932,53,-2906.4100000000244
98.405,-0.5699999999999932,54,-2906.6950000000243
98.405,-0.5699999999999932,54,-2906.6950000000243
98.405,-0.5699999999999932,54,-2906.6950000000243
98.405,-0.5699999999999932,54,-2906.6950000000243
98.405,-0.5699999999999932,50,-2907.8350000000246
98.405,-0.5699999999999932,50,-2907.8350000000246
98.405,-0.5699999999999932,43,-2909.8300000000245
98.405,-0.5699999999999932,43,-2909.8300000000245
98.405,-0.5699999999999932,43,-2909.8300000000245
98.405,-0.5699999999999932,44,-2910.1150000000243
98.405,-0.5699999999999932,44,-2910.1150000000243
98.405,-0.5699999999999932,42,-2910.685000000024
98.405,-0.5699999999999932,36,-2912.395000000024
98.405,-0.5699999999999932,36,-2912.395000000024
98.405,-0.5699999999999932,36,-2912.395000000024
98.405,-0.5699999999999932,36,-2912.395000000024
98.405,-0.5699999999999932,43,-2914.390000000024
98.405,-0.5699999999999932,43,-2914.390000000024
98.405,-0.5699999999999932,43,-2914.390000000024
98.405,-0.5699999999999932,43,-2914.390000000024
98.405,-0.5699999999999932,43,-2914.390000000024
98.405,-0.5699999999999932,43,-2914.390000000024
98.405,-0.5699999999999932,43,-2914.390000000024
98.405,-0.5699999999999932,43,-2914.390000000024
98.405,-0.5699999999999932,43,-2914.390000000024
98.405,-0.5699999999999932,41,-2914.960000000024
98.405,-0.5699999999999932,40,-2915.2450000000244
98.405,-0.5699999999999932,40,-2915.2450000000244
98.405,-0.5699999999999932,40,-2915.2450000000244
98.405,-0.5699999999999932,40,-2915.2450000000244
98.405,-0.5699999999999932,40,-2915.2450000000244
98.405,-0.5699999999999932,40,-2915.2450000000244
98.405,-0.5699999999999932,41,-2915.530000000024
98.405,-0.5699999999999932,41,-2915.530000000024
98.405,-0.5699999999999932,41,-2915.530000000024
98.405,-0.5699999999999932,30,-2918.665000000024
98.405,-0.5699999999999932,30,-2918.665000000024
98.405,-0.5699999999999932,30,-2918.665000000024
98.405,-0.5699999999999932,30,-2918.665000000024
98.405,-0.5699999999999932,30,-2918.665000000024
98.405,-0.5699999999999932,31,-2918.950000000024
98.405,-0.5699999999999932,26,-2920.375000000023
98.405,-0.5699999999999932,26,-2920.375000000023
98.405,-0.5699999999999932,26,-2920.375000000023
98.405,-0.5699999999999932,26,-2920.375000000023
98.405,-0.5699999999999932,26,-2920.375000000023
98.405,-0.5699999999999932,26,-2920.375000000023
98.405,-0.5699999999999932,28,-2920.9450000000234
98.405,-0.5699999999999932,34,-2922.655000000024
98.405,-0.5699999999999932,34,-2922.655000000024
98.405,-0.5699999999999932,37,-2923.5100000000234
98.405,-0.5699999999999932,39,-2924.0800000000236
98.405,-0.5699999999999932,39,-2924.0800000000236
98.405,-0.5699999999999932,49,-2926.930000000023
98.405,-0.5699999999999932,49,-2926.930000000023
98.405,-0.5699999999999932,49,-2926.930000000023
98.405,-0.5699999999999932,37,-2930.3500000000226
98.405,-0.5699999999999932,37,-2930.3500000000226
98.405,-0.5699999999999932,40,-2931.2050000000227
98.405,-0.5699999999999932,40,-2931.2050000000227
98.4,-0.5600000000000023,47,-2933.3950000000223
98.4,-0.5600000000000023,47,-2933.3950000000223
98.4,-0.5600000000000023,50,-2934.2350000000224
98.4,-0.5600000000000023,50,-2934.2350000000224
98.4,-0.5600000000000023,50,-2934.2350000000224
98.4,-0.5600000000000023,50,-2934.2350000000224
98.4,-0.5600000000000023,46,-2935.3550000000223
98.4,-0.5600000000000023,46,-2935.3550000000223
98.4,-0.5600000000000023,53,-2937.3150000000223
98.4,-0.5600000000000023,53,-2937.3150000000223
98.4,-0.5600000000000023,53,-2937.3150000000223
98.4,-0.5600000000000023,63,-2940.1150000000216
98.4,-0.5600000000000023,63,-2940.1150000000216
98.4,-0.5600000000000023,63,-2940.1150000000216
98.4,-0.5600000000000023,63,-2940.1150000000216
98.4,-0.5600000000000023,53,-2942.915000000022
98.4,-0.5600000000000023,51,-2943.475000000022
98.4,-0.5600000000000023,51,-2943.475000000022
98.4,-0.5600000000000023,49,-2944.0350000000226
98.4,-0.5600000000000023,43,-2945.715000000023
98.4,-0.5600000000000023,40,-2946.555000000023
98.4,-0.5600000000000023,40,-2946.555000000023
98.4,-0.5600000000000023,40,-2946.555000000023
98.4,-0.5600000000000023,45,-2947.9550000000227
98.4,-0.5600000000000023,45,-2947.9550000000227
98.4,-0.5600000000000023,34,-2951.0350000000217
98.4,-0.5600000000000023,34,-2951.0350000000217
98.4,-0.5600000000000023,34,-2951.0350000000217
98.4,-0.5600000000000023,34,-2951.0350000000217
98.4,-0.5600000000000023,34,-2951.0350000000217
98.4,-0.5600000000000023,23,-2954.115000000022
98.4,-0.5600000000000023,23,-2954.115000000022
98.4,-0.5600000000000023,16,-2956.075000000022
98.4,-0.5600000000000023,22,-2957.755000000022
98.4,-0.5600000000000023,25,-2958.595000000022
98.4,-0.5600000000000023,26,-2958.8750000000223
98.4,-0.5600000000000023,26,-2958.8750000000223
98.4,-0.5600000000000023,26,-2958.8750000000223
98.4,-0.5600000000000023,24,-2959.4350000000222
98.4,-0.5600000000000023,23,-2959.7150000000224
98.4,-0.5600000000000023,23,-2959.7150000000224
98.4,-0.5600000000000023,23,-2959.7150000000224
98.4,-0.5600000000000023,20,-2960.555000000023
98.4,-0.5600000000000023,20,-2960.555000000023
98.4,-0.5600000000000023,20,-2960.555000000023
98.4,-0.5600000000000023,21,-2960.8350000000232
98.4,-0.5600000000000023,23,-2961.3950000000227
98.4,-0.5600000000000023,23,-2961.3950000000227
98.4,-0.5600000000000023,23,-2961.3950000000227
98.4,-0.5600000000000023,23,-2961.3950000000227
98.4,-0.5600000000000023,23,-2961.3950000000227
98.4,-0.5600000000000023,23,-2961.3950000000227
98.4,-0.5600000000000023,22,-2961.675000000023
98.4,-0.5600000000000023,22,-2961.675000000023
98.4,-0.5600000000000023,21,-2961.955000000023
98.4,-0.5600000000000023,21,-2961.955000000023
98.4,-0.5600000000000023,21,-2961.955000000023
98.4,-0.5600000000000023,10,-2965.035000000023
98.4,-0.5600000000000023,10,-2965.035000000023
98.4,-0.5600000000000023,12,-2965.595000000023
98.4,-0.5600000000000023,12,-2965.595000000023
98.405,-0.5500000000000114,9,-2966.390000000023
98.405,-0.5500000000000114,9,-2966.390000000023
98.405,-0.5500000000000114,9,-2966.390000000023
98.4,-0.5400000000000063,18,-2968.925000000024
98.4,-0.5400000000000063,18,-2968.925000000024
98.4,-0.5400000000000063,18,-2968.925000000024
98.4,-0.5400000000000063,18,-2968.925000000024
98.4,-0.5400000000000063,22,-2970.0050000000238
98.4,-0.5400000000000063,23,-2970.2750000000237
98.4,-0.5400000000000063,23,-2970.2750000000237
98.4,-0.5400000000000063,22,-2970.5450000000237
98.4,-0.5400000000000063,22,-2970.5450000000237
98.4,-0.5400000000000063,22,-2970.5450000000237
98.4,-0.5400000000000063,22,-2970.5450000000237
98.4,-0.5400000000000063,21,-2970.8150000000237
98.4,-0.5400000000000063,21,-2970.8150000000237
98.4,-0.5400000000000063,10,-2973.785000000024
98.4,-0.5400000000000063,-3,-2977.2950000000237
98.4,-0.5400000000000063,-3,-2977.2950000000237
98.4,-0.5400000000000063,-3,-2977.2950000000237
98.4,-0.5400000000000063,11,-2981.075000000024
98.4,-0.5400000000000063,11,-2981.075000000024
98.4,-0.5400000000000063,11,-2981.075000000024
98.4,-0.5400000000000063,11,-2981.075000000024
98.4,-0.5400000000000063,11,-2981.075000000024
98.4,-0.5400000000000063,11,-2981.075000000024
98.4,-0.5400000000000063,11,-2981.075000000024
98.4,-0.5400000000000063,-2,-2984.585000000024
98.4,-0.5400000000000063,-2,-2984.585000000024
98.4,-0.5400000000000063,-2,-2984.585000000024
98.4,-0.5400000000000063,-1,-2984.855000000024
98.4,-0.5400000000000063,0,-2985.125000000024
98.4,-0.5400000000000063,0,-2985.125000000024
98.4,-0.5400000000000063,1,-2985.395000000024
98.4,-0.5400000000000063,-3,-2986.475000000024
98.4,-0.5400000000000063,-4,-2986.745000000024
98.4,-0.5400000000000063,-4,-2986.745000000024
98.4,-0.5400000000000063,-4,-2986.745000000024
98.4,-0.5400000000000063,-4,-2986.745000000024
98.4,-0.5400000000000063,-4,-2986.745000000024
98.4,-0.5400000000000063,-4,-2986.745000000024
98.4,-0.5400000000000063,-4,-2986.745000000024
98.4,-0.5400000000000063,-2,-2987.2850000000244
98.4,-0.5400000000000063,-2,-2987.2850000000244
98.4,-0.5400000000000063,-1,-2987.5550000000244
98.4,-0.5400000000000063,-1,-2987.5550000000244
98.4,-0.5400000000000063,-1,-2987.5550000000244
98.4,-0.5400000000000063,5,-2989.1750000000243
98.4,-0.5400000000000063,15,-2991.8750000000246
98.4,-0.5400000000000063,16,-2992.1450000000245
98.4,-0.5400000000000063,32,-2996.4650000000247
98.4,-0.5400000000000063,28,-2997.545000000024
98.4,-0.5400000000000063,28,-2997.545000000024
98.4,-0.5400000000000063,28,-2997.545000000024
98.4,-0.5400000000000063,8,-3002.9450000000243
98.4,-0.5400000000000063,8,-3002.9450000000243
98.4,-0.5400000000000063,8,-3002.9450000000243
98.4,-0.5400000000000063,7,-3003.2150000000242
98.4,-0.5400000000000063,7,-3003.2150000000242
98.4,-0.5400000000000063,7,-3003.2150000000242
98.4,-0.5400000000000063,7,-3003.2150000000242
98.4,-0.5400000000000063,6,-3003.4850000000242
98.4,-0.5400000000000063,6,-3003.4850000000242
98.4,-0.5400000000000063,6,-3003.4850000000242
98.4,-0.5400000000000063,-4,-3006.1850000000245
98.4,-0.5400000000000063,-4,-3006.1850000000245
98.4,-0.5400000000000063,-5,-3006.4550000000245
98.4,-0.5400000000000063,-5,-3006.4550000000245
98.4,-0.5400000000000063,-5,-3006.4550000000245
98.4,-0.5400000000000063,-4,-3006.7250000000245
98.4,-0.5400000000000063,-7,-3007.535000000025
98.4,-0.5400000000000063,-7,-3007.535000000025
98.4,-0.5400000000000063,-7,-3007.535000000025
98.4,-0.5400000000000063,-7,-3007.535000000025
98.405,-0.5300000000000011,-15,-3009.7500000000246
98.405,-0.5300000000000011,-15,-3009.7500000000246
98.405,-0.5300000000000011,-16,-3010.015000000025
98.405,-0.5300000000000011,-16,-3010.015000000025
98.405,-0.5300000000000011,-16,-3010.015000000025
98.405,-0.5300000000000011,-19,-3010.8100000000245
98.405,-0.5300000000000011,-19,-3010.8100000000245
98.405,-0.5300000000000011,-19,-3010.8100000000245
98.405,-0.5300000000000011,-19,-3010.8100000000245
98.405,-0.5300000000000011,-19,-3010.8100000000245
98.405,-0.5300000000000011,-19,-3010.8100000000245
98.405,-0.5300000000000011,-19,-3010.8100000000245
98.405,-0.5300000000000011,-14,-3012.135000000025
98.405,-0.5300000000000011,-14,-3012.135000000025
98.405,-0.5300000000000011,-14,-3012.135000000025
98.405,-0.5300000000000011,-10,-3013.1950000000247
98.405,-0.5300000000000011,-10,-3013.1950000000247
98.405,-0.5300000000000011,-30,-3018.495000000025
98.405,-0.5300000000000011,-30,-3018.495000000025
98.405,-0.5300000000000011,-31,-3018.760000000025
98.405,-0.5300000000000011,-28,-3019.555000000025
98.405,-0.5300000000000011,-28,-3019.555000000025
98.405,-0.5300000000000011,-28,-3019.555000000025
98.405,-0.5300000000000011,-28,-3019.555000000025
98.405,-0.5300000000000011,-40,-3022.7350000000247
98.405,-0.5300000000000011,-41,-3023.0000000000246
98.405,-0.5300000000000011,-41,-3023.0000000000246
98.405,-0.5300000000000011,-41,-3023.0000000000246
98.405,-0.5300000000000011,-41,-3023.0000000000246
98.405,-0.5300000000000011,-41,-3023.0000000000246
98.405,-0.5300000000000011,-40,-3023.2650000000244
98.405,-0.5300000000000011,-40,-3023.2650000000244
98.405,-0.5300000000000011,-45,-3024.590000000025
98.405,-0.5300000000000011,-44,-3024.8550000000246
98.405,-0.5300000000000011,-47,-3025.6500000000246
98.405,-0.5300000000000011,-47,-3025.6500000000246
98.405,-0.5300000000000011,-45,-3026.180000000025
98.405,-0.5300000000000011,-46,-3026.4450000000247
98.4,-0.519999999999996,-34,-3029.455000000025
98.4,-0.519999999999996,-34,-3029.455000000025
98.4,-0.519999999999996,-33,-3029.7150000000247
98.4,-0.519999999999996,-26,-3031.5350000000244
98.4,-0.519999999999996,-26,-3031.5350000000244
98.4,-0.519999999999996,-26,-3031.5350000000244
98.4,-0.519999999999996,-26,-3031.5350000000244
98.4,-0.519999999999996,-23,-3032.315000000025
98.4,-0.519999999999996,-25,-3032.8350000000246
98.4,-0.519999999999996,-25,-3032.8350000000246
98.4,-0.519999999999996,-25,-3032.8350000000246
98.4,-0.519999999999996,-25,-3032.8350000000246
98.4,-0.519999999999996,-25,-3032.8350000000246
98.4,-0.519999999999996,-25,-3032.8350000000246
98.4,-0.519999999999996,-25,-3032.8350000000246
98.4,-0.519999999999996,-25,-3032.8350000000246
98.4,-0.519999999999996,-25,-3032.8350000000246
98.4,-0.519999999999996,-25,-3032.8350000000246
98.4,-0.519999999999996,-25,-3032.8350000000246
98.4,-0.519999999999996,-25,-3032.8350000000246
98.4,-0.519999999999996,-28,-3033.615000000025
98.4,-0.519999999999996,-28,-3033.615000000025
98.4,-0.519999999999996,-28,-3033.615000000025
98.4,-0.519999999999996,-27,-3033.8750000000246
98.4,-0.519999999999996,-29,-3034.395000000025
98.4,-0.519999999999996,-29,-3034.395000000025
98.4,-0.519999999999996,-31,-3034.9150000000245
98.4,-0.519999999999996,-31,-3034.9150000000245
98.4,-0.519999999999996,-21,-3037.515000000025
98.4,-0.519999999999996,-21,-3037.515000000025
98.4,-0.519999999999996,-21,-3037.515000000025
98.4,-0.519999999999996,-21,-3037.515000000025
98.4,-0.519999999999996,-23,-3038.035000000025
98.4,-0.519999999999996,-23,-3038.035000000025
98.4,-0.519999999999996,-23,-3038.035000000025
98.4,-0.519999999999996,-16,-3039.8550000000246
98.4,-0.519999999999996,-16,-3039.8550000000246
98.4,-0.519999999999996,-16,-3039.8550000000246
98.4,-0.519999999999996,-23,-3041.6750000000247
98.4,-0.519999999999996,-23,-3041.6750000000247
98.4,-0.519999999999996,-19,-3042.7150000000247
98.4,-0.519999999999996,-19,-3042.7150000000247
98.4,-0.519999999999996,-21,-3043.2350000000242
98.4,-0.519999999999996,-14,-3045.055000000025
98.4,-0.519999999999996,-14,-3045.055000000025
98.4,-0.519999999999996,-15,-3045.315000000024
98.4,-0.519999999999996,-15,-3045.315000000024
98.4,-0.519999999999996,-15,-3045.315000000024
98.4,-0.519999999999996,-15,-3045.315000000024
98.4,-0.519999999999996,-16,-3045.5750000000244
98.4,-0.519999999999996,-16,-3045.5750000000244
98.4,-0.519999999999996,-14,-3046.0950000000244
98.4,-0.519999999999996,-14,-3046.0950000000244
98.4,-0.519999999999996,-14,-3046.0950000000244
98.4,-0.519999999999996,-14,-3046.0950000000244
98.4,-0.519999999999996,-14,-3046.0950000000244
98.4,-0.519999999999996,-14,-3046.0950000000244
98.4,-0.519999999999996,-14,-3046.0950000000244
98.4,-0.519999999999996,-3,-3048.9550000000245
98.4,-0.519999999999996,-3,-3048.9550000000245
98.4,-0.519999999999996,-3,-3048.9550000000245
98.4,-0.519999999999996,-3,-3048.9550000000245
98.4,-0.519999999999996,-3,-3048.9550000000245
98.4,-0.519999999999996,-3,-3048.9550000000245
98.4,-0.519999999999996,-3,-3048.9550000000245
98.4,-0.519999999999996,-8,-3050.2550000000247
98.4,-0.519999999999996,-9,-3050.5150000000244
98.4,-0.519999999999996,-8,-3050.775000000024
98.4,-0.519999999999996,-8,-3050.775000000024
98.4,-0.519999999999996,-8,-3050.775000000024
98.4,-0.519999999999996,-8,-3050.775000000024
98.4,-0.519999999999996,-8,-3050.775000000024
98.4,-0.519999999999996,-8,-3050.775000000024
98.4,-0.519999999999996,-8,-3050.775000000024
98.4,-0.519999999999996,-8,-3050.775000000024
98.4,-0.519999999999996,-8,-3050.775000000024
98.4,-0.519999999999996,-8,-3050.775000000024
98.4,-0.519999999999996,-7,-3051.0350000000244
98.4,-0.519999999999996,-7,-3051.0350000000244
98.4,-0.519999999999996,-7,-3051.0350000000244
98.4,-0.519999999999996,-7,-3051.0350000000244
98.4,-0.519999999999996,-5,-3051.5550000000244
98.4,-0.519999999999996,-5,-3051.5550000000244
98.4,-0.519999999999996,-5,-3051.5550000000244
98.4,-0.519999999999996,2,-3053.375000000024
98.4,-0.519999999999996,2,-3053.375000000024
98.4,-0.519999999999996,3,-3053.635000000024
98.4,-0.519999999999996,4,-3053.895000000024
98.4,-0.519999999999996,4,-3053.895000000024
98.4,-0.519999999999996,7,-3054.675000000024
98.4,-0.519999999999996,7,-3054.675000000024
98.4,-0.519999999999996,7,-3054.675000000024
98.4,-0.519999999999996,7,-3054.675000000024
98.4,-0.519999999999996,7,-3054.675000000024
98.4,-0.519999999999996,7,-3054.675000000024
98.4,-0.519999999999996,7,-3054.675000000024
98.4,-0.519999999999996,-4,-3057.535000000024
98.4,-0.519999999999996,-4,-3057.535000000024
98.4,-0.519999999999996,-5,-3057.795000000024
98.4,-0.519999999999996,-5,-3057.795000000024
98.4,-0.519999999999996,-5,-3057.795000000024
98.4,-0.519999999999996,-5,-3057.795000000024
98.4,-0.519999999999996,-5,-3057.795000000024
98.4,-0.519999999999996,-5,-3057.795000000024
98.4,-0.519999999999996,-5,-3057.795000000024
98.4,-0.519999999999996,-5,-3057.795000000024
98.4,-0.519999999999996,-5,-3057.795000000024
98.4,-0.519999999999996,-6,-3058.0550000000244
98.4,-0.519999999999996,-6,-3058.0550000000244
98.4,-0.519999999999996,-6,-3058.0550000000244
98.4,-0.519999999999996,-6,-3058.0550000000244
98.4,-0.519999999999996,-15,-3060.395000000024
98.4,-0.519999999999996,-15,-3060.395000000024
98.4,-0.519999999999996,-15,-3060.395000000024
98.4,-0.519999999999996,-15,-3060.395000000024
98.4,-0.519999999999996,-14,-3060.6550000000243
98.4,-0.519999999999996,-14,-3060.6550000000243
98.4,-0.519999999999996,-14,-3060.6550000000243
98.4,-0.519999999999996,-14,-3060.6550000000243
98.4,-0.519999999999996,-15,-3060.9150000000245
98.4,-0.519999999999996,-15,-3060.9150000000245
98.4,-0.519999999999996,-15,-3060.9150000000245
98.4,-0.519999999999996,-14,-3061.1750000000247
98.4,-0.519999999999996,-14,-3061.1750000000247
98.4,-0.519999999999996,-14,-3061.1750000000247
98.4,-0.519999999999996,-19,-3062.4750000000245
98.4,-0.519999999999996,-20,-3062.7350000000242
98.4,-0.519999999999996,-30,-3065.335000000024
98.4,-0.519999999999996,-30,-3065.335000000024
98.4,-0.519999999999996,-37,-3067.1550000000243
98.4,-0.519999999999996,-45,-3069.2350000000242
98.4,-0.519999999999996,-50,-3070.5350000000244
98.4,-0.519999999999996,-50,-3070.5350000000244
98.4,-0.519999999999996,-50,-3070.5350000000244
98.4,-0.519999999999996,-50,-3070.5350000000244
98.4,-0.519999999999996,-50,-3070.5350000000244
98.4,-0.519999999999996,-46,-3071.575000000025
98.4,-0.519999999999996,-46,-3071.575000000025
98.4,-0.519999999999996,-47,-3071.8350000000246
98.4,-0.519999999999996,-47,-3071.8350000000246
98.4,-0.519999999999996,-47,-3071.8350000000246
98.4,-0.519999999999996,-47,-3071.8350000000246
98.4,-0.519999999999996,-47,-3071.8350000000246
98.4,-0.519999999999996,-51,-3072.8750000000246
98.4,-0.519999999999996,-48,-3073.655000000025
98.4,-0.519999999999996,-46,-3074.1750000000247
98.4,-0.519999999999996,-46,-3074.1750000000247
98.4,-0.519999999999996,-46,-3074.1750000000247
98.4,-0.519999999999996,-46,-3074.1750000000247
98.4,-0.519999999999996,-39,-3075.9950000000244
98.4,-0.519999999999996,-39,-3075.9950000000244
98.4,-0.519999999999996,-39,-3075.9950000000244
98.4,-0.519999999999996,-33,-3077.5550000000244
98.4,-0.519999999999996,-47,-3081.1950000000243
98.4,-0.519999999999996,-47,-3081.1950000000243
98.4,-0.519999999999996,-47,-3081.1950000000243
98.4,-0.519999999999996,-47,-3081.1950000000243
98.4,-0.519999999999996,-47,-3081.1950000000243
98.4,-0.519999999999996,-47,-3081.1950000000243
98.4,-0.519999999999996,-47,-3081.1950000000243
98.4,-0.519999999999996,-69,-3086.9150000000245
98.4,-0.519999999999996,-69,-3086.9150000000245
98.4,-0.519999999999996,-64,-3088.2150000000247
98.4,-0.519999999999996,-66,-3088.7350000000247
98.4,-0.519999999999996,-49,-3093.1550000000243
98.4,-0.519999999999996,-49,-3093.1550000000243
98.4,-0.519999999999996,-49,-3093.1550000000243
98.4,-0.519999999999996,-49,-3093.1550000000243
98.4,-0.519999999999996,-60,-3096.015000000024
98.4,-0.519999999999996,-60,-3096.015000000024
98.4,-0.519999999999996,-60,-3096.015000000024
98.4,-0.519999999999996,-60,-3096.015000000024
98.4,-0.519999999999996,-59,-3096.275000000024
98.4,-0.519999999999996,-58,-3096.5350000000244
98.4,-0.519999999999996,-58,-3096.5350000000244
98.4,-0.519999999999996,-59,-3096.795000000024
98.4,-0.519999999999996,-59,-3096.795000000024
98.4,-0.519999999999996,-57,-3097.315000000024
98.4,-0.519999999999996,-57,-3097.315000000024
98.4,-0.519999999999996,-57,-3097.315000000024
98.4,-0.519999999999996,-57,-3097.315000000024
98.4,-0.519999999999996,-57,-3097.315000000024
98.4,-0.519999999999996,-57,-3097.315000000024
98.4,-0.519999999999996,-57,-3097.315000000024
98.4,-0.519999999999996,-63,-3098.8750000000246
98.4,-0.519999999999996,-63,-3098.8750000000246
98.4,-0.519999999999996,-66,-3099.6550000000243
98.4,-0.519999999999996,-73,-3101.4750000000245
98.4,-0.519999999999996,-73,-3101.4750000000245
98.4,-0.519999999999996,-73,-3101.4750000000245
98.4,-0.519999999999996,-74,-3101.7350000000242
98.4,-0.519999999999996,-75,-3101.9950000000235
98.4,-0.519999999999996,-75,-3101.9950000000235
98.4,-0.519999999999996,-74,-3102.2550000000238
98.4,-0.519999999999996,-82,-3104.3350000000237
98.4,-0.519999999999996,-81,-3104.595000000024
98.4,-0.519999999999996,-81,-3104.595000000024
98.4,-0.519999999999996,-81,-3104.595000000024
98.4,-0.519999999999996,-73,-3106.675000000024
98.4,-0.519999999999996,-75,-3107.1950000000234
98.4,-0.519999999999996,-75,-3107.1950000000234
98.4,-0.519999999999996,-75,-3107.1950000000234
98.4,-0.519999999999996,-75,-3107.1950000000234
98.4,-0.519999999999996,-80,-3108.4950000000235
98.4,-0.519999999999996,-86,-3110.055000000023
98.39500000000001,-0.5100000000000051,-84,-3110.145000000023
98.39500000000001,-0.5100000000000051,-90,-3111.675000000024
98.39500000000001,-0.5100000000000051,-90,-3111.675000000024
98.39500000000001,-0.5100000000000051,-90,-3111.675000000024
98.39500000000001,-0.5100000000000051,-90,-3111.675000000024
98.39500000000001,-0.5100000000000051,-82,-3113.715000000024
98.39500000000001,-0.5100000000000051,-104,-3119.3250000000244
98.39500000000001,-0.5100000000000051,-102,-3119.8350000000237
98.39500000000001,-0.5100000000000051,-100,-3120.345000000025
98.39500000000001,-0.5100000000000051,-100,-3120.345000000025
98.39500000000001,-0.5100000000000051,-100,-3120.345000000025
98.39500000000001,-0.5100000000000051,-112,-3123.4050000000243
98.39500000000001,-0.5100000000000051,-112,-3123.4050000000243
98.39500000000001,-0.5100000000000051,-118,-3124.935000000023
98.39500000000001,-0.5100000000000051,-118,-3124.935000000023
98.39500000000001,-0.5100000000000051,-121,-3125.7000000000244
98.39500000000001,-0.5100000000000051,-114,-3127.4850000000233
98.39500000000001,-0.5100000000000051,-114,-3127.4850000000233
98.39500000000001,-0.5100000000000051,-114,-3127.4850000000233
98.39500000000001,-0.5100000000000051,-114,-3127.4850000000233
98.39500000000001,-0.5100000000000051,-114,-3127.4850000000233
98.39500000000001,-0.5100000000000051,-114,-3127.4850000000233
98.39500000000001,-0.5100000000000051,-114,-3127.4850000000233
98.39500000000001,-0.5100000000000051,-113,-3127.7400000000243
98.39500000000001,-0.5100000000000051,-113,-3127.7400000000243
98.39500000000001,-0.5100000000000051,-104,-3130.0350000000244
98.39500000000001,-0.5100000000000051,-104,-3130.0350000000244
98.39500000000001,-0.5100000000000051,-104,-3130.0350000000244
98.39500000000001,-0.5100000000000051,-104,-3130.0350000000244
98.39500000000001,-0.5100000000000051,-104,-3130.0350000000244
98.39500000000001,-0.5100000000000051,-105,-3130.2900000000227
98.39500000000001,-0.5100000000000051,-110,-3131.5650000000232
98.39500000000001,-0.5100000000000051,-111,-3131.8200000000234
98.39500000000001,-0.5100000000000051,-111,-3131.8200000000234
98.39500000000001,-0.5100000000000051,-122,-3134.6250000000236
98.39500000000001,-0.5100000000000051,-122,-3134.6250000000236
98.39500000000001,-0.5100000000000051,-118,-3135.645000000024
98.39500000000001,-0.5100000000000051,-118,-3135.645000000024
98.39500000000001,-0.5100000000000051,-121,-3136.4100000000253
98.39500000000001,-0.5100000000000051,-123,-3136.9200000000237
98.39500000000001,-0.5100000000000051,-123,-3136.9200000000237
98.39500000000001,-0.5100000000000051,-123,-3136.9200000000237
98.39500000000001,-0.5100000000000051,-123,-3136.9200000000237
98.39500000000001,-0.5100000000000051,-123,-3136.9200000000237
98.39500000000001,-0.5100000000000051,-123,-3136.9200000000237
98.39500000000001,-0.5100000000000051,-120,-3137.685000000025
98.39500000000001,-0.5100000000000051,-127,-3139.470000000025
98.405,-0.5300000000000011,-129,-3141.270000000024
98.42,-0.5600000000000023,-129,-3143.2050000000236
98.42,-0.5600000000000023,-114,-3147.5050000000247
98.405,-0.5300000000000011,-109,-3147.270000000024
98.405,-0.5300000000000011,-109,-3147.270000000024
98.405,-0.5300000000000011,-109,-3147.270000000024
98.405,-0.5300000000000011,-117,-3149.390000000023
98.405,-0.5300000000000011,-117,-3149.390000000023
98.405,-0.5300000000000011,-123,-3150.980000000023
98.405,-0.5300000000000011,-123,-3150.980000000023
98.405,-0.5300000000000011,-123,-3150.980000000023
98.405,-0.5300000000000011,-123,-3150.980000000023
98.405,-0.5300000000000011,-123,-3150.980000000023
98.39500000000001,-0.5100000000000051,-109,-3153.520000000023
98.39500000000001,-0.5100000000000051,-113,-3154.5400000000245
98.39500000000001,-0.5100000000000051,-113,-3154.5400000000245
98.39500000000001,-0.5100000000000051,-111,-3155.050000000024
98.39500000000001,-0.5100000000000051,-110,-3155.305000000023
98.39500000000001,-0.5100000000000051,-110,-3155.305000000023
98.39500000000001,-0.5100000000000051,-110,-3155.305000000023
98.39500000000001,-0.5100000000000051,-109,-3155.5600000000222
98.39500000000001,-0.5100000000000051,-109,-3155.5600000000222
98.39500000000001,-0.5100000000000051,-108,-3155.8150000000232
98.39500000000001,-0.5100000000000051,-108,-3155.8150000000232
98.39500000000001,-0.5100000000000051,-108,-3155.8150000000232
98.39500000000001,-0.5100000000000051,-107,-3156.0700000000224
98.39500000000001,-0.5100000000000051,-107,-3156.0700000000224
98.39500000000001,-0.5100000000000051,-107,-3156.0700000000224
98.39500000000001,-0.5100000000000051,-107,-3156.0700000000224
98.39500000000001,-0.5100000000000051,-107,-3156.0700000000224
98.39500000000001,-0.5100000000000051,-107,-3156.0700000000224
98.39500000000001,-0.5100000000000051,-108,-3156.3250000000226
98.39500000000001,-0.5100000000000051,-107,-3156.5800000000218
98.39500000000001,-0.5100000000000051,-99,-3158.6200000000217
98.39500000000001,-0.5100000000000051,-88,-3161.425000000021
98.39500000000001,-0.5100000000000051,-88,-3161.425000000021
98.39500000000001,-0.5100000000000051,-88,-3161.425000000021
98.39500000000001,-0.5100000000000051,-89,-3161.680000000021
98.39500000000001,-0.5100000000000051,-89,-3161.680000000021
98.39500000000001,-0.5100000000000051,-89,-3161.680000000021
98.39500000000001,-0.5100000000000051,-89,-3161.680000000021
98.39500000000001,-0.5100000000000051,-89,-3161.680000000021
98.39500000000001,-0.5100000000000051,-89,-3161.680000000021
98.39500000000001,-0.5100000000000051,-82,-3163.465000000022
98.39500000000001,-0.5100000000000051,-82,-3163.465000000022
98.39500000000001,-0.5100000000000051,-82,-3163.465000000022
98.39500000000001,-0.5100000000000051,-82,-3163.465000000022
98.39500000000001,-0.5100000000000051,-83,-3163.720000000021
98.39500000000001,-0.5100000000000051,-79,-3164.7400000000216
98.39,-0.5,-74,-3165.6150000000207
98.39,-0.5,-71,-3166.3650000000207
98.39,-0.5,-71,-3166.3650000000207
98.39,-0.5,-71,-3166.3650000000207
98.39,-0.5,-71,-3166.3650000000207
98.39,-0.5,-71,-3166.3650000000207
98.39,-0.5,-71,-3166.3650000000207
98.39,-0.5,-68,-3167.1150000000216
98.39,-0.5,-84,-3171.1150000000216
98.39,-0.5,-79,-3172.3650000000216
98.39,-0.5,-79,-3172.3650000000216
98.39,-0.5,-79,-3172.3650000000216
98.39,-0.5,-79,-3172.3650000000216
98.39,-0.5,-79,-3172.3650000000216
98.39,-0.5,-79,-3172.3650000000216
98.39,-0.5,-79,-3172.3650000000216
98.39,-0.5,-86,-3174.1150000000216
98.39,-0.5,-94,-3176.1150000000207
98.39,-0.5,-94,-3176.1150000000207
98.39,-0.5,-96,-3176.6150000000216
98.39,-0.5,-96,-3176.6150000000216
98.39,-0.5,-96,-3176.6150000000216
98.39,-0.5,-98,-3177.1150000000207
98.39,-0.5,-99,-3177.3650000000216
98.39,-0.5,-98,-3177.6150000000207
98.39,-0.5,-98,-3177.6150000000207
98.39,-0.5,-98,-3177.6150000000207
98.39,-0.5,-97,-3177.8650000000216
98.39,-0.5,-97,-3177.8650000000216
98.39,-0.5,-97,-3177.8650000000216
98.39,-0.5,-97,-3177.8650000000216
98.39,-0.5,-97,-3177.8650000000216
98.39,-0.5,-88,-3180.1150000000216
98.39,-0.5,-88,-3180.1150000000216
98.39,-0.5,-92,-3181.1150000000207
98.39,-0.5,-92,-3181.1150000000207
98.39,-0.5,-75,-3185.3650000000216
98.39,-0.5,-75,-3185.3650000000216
98.39,-0.5,-75,-3185.3650000000216
98.39,-0.5,-75,-3185.3650000000216
98.39,-0.5,-75,-3185.3650000000216
98.39,-0.5,-74,-3185.615000000021
98.39,-0.5,-74,-3185.615000000021
98.39,-0.5,-74,-3185.615000000021
98.39,-0.5,-79,-3186.8650000000216
98.39,-0.5,-79,-3186.8650000000216
98.39,-0.5,-79,-3186.8650000000216
98.39,-0.5,-81,-3187.3650000000216
98.39,-0.5,-81,-3187.3650000000216
98.39,-0.5,-81,-3187.3650000000216
98.39,-0.5,-81,-3187.3650000000216
98.39,-0.5,-68,-3190.6150000000216
98.39,-0.5,-70,-3191.115000000021
98.39,-0.5,-70,-3191.115000000021
98.39500000000001,-0.4899999999999949,-80,-3194.005000000022
98.39500000000001,-0.4899999999999949,-80,-3194.005000000022
98.39500000000001,-0.4899999999999949,-80,-3194.005000000022
98.39500000000001,-0.4899999999999949,-81,-3194.2500000000227
98.39500000000001,-0.4899999999999949,-80,-3194.4950000000226
98.39500000000001,-0.4899999999999949,-78,-3194.9850000000224
98.39500000000001,-0.4899999999999949,-78,-3194.9850000000224
98.39500000000001,-0.4899999999999949,-78,-3194.9850000000224
98.39500000000001,-0.4899999999999949,-78,-3194.9850000000224
98.39500000000001,-0.4899999999999949,-78,-3194.9850000000224
98.39500000000001,-0.4899999999999949,-78,-3194.9850000000224
98.39500000000001,-0.4899999999999949,-73,-3196.210000000023
98.39500000000001,-0.4899999999999949,-73,-3196.210000000023
98.39500000000001,-0.4899999999999949,-73,-3196.210000000023
98.39500000000001,-0.4899999999999949,-73,-3196.210000000023
98.39500000000001,-0.4899999999999949,-73,-3196.210000000023
98.39500000000001,-0.4899999999999949,-73,-3196.210000000023
98.39500000000001,-0.4899999999999949,-73,-3196.210000000023
98.39500000000001,-0.4899999999999949,-73,-3196.210000000023
98.39500000000001,-0.4899999999999949,-73,-3196.210000000023
98.39500000000001,-0.4899999999999949,-73,-3196.210000000023
98.39500000000001,-0.4899999999999949,-73,-3196.210000000023
98.39500000000001,-0.4899999999999949,-69,-3197.190000000023
98.39500000000001,-0.4899999999999949,-68,-3197.4350000000222
98.39500000000001,-0.4899999999999949,-67,-3197.6800000000226
98.39500000000001,-0.4899999999999949,-67,-3197.6800000000226
98.39500000000001,-0.4899999999999949,-63,-3198.6600000000217
98.39500000000001,-0.4899999999999949,-63,-3198.6600000000217
98.39500000000001,-0.4899999999999949,-63,-3198.6600000000217
98.39500000000001,-0.4899999999999949,-63,-3198.6600000000217
98.39500000000001,-0.4899999999999949,-76,-3201.845000000022
98.39500000000001,-0.4899999999999949,-73,-3202.5800000000227
98.39500000000001,-0.4899999999999949,-73,-3202.5800000000227
98.39500000000001,-0.4899999999999949,-76,-3203.3150000000223
98.39500000000001,-0.4899999999999949,-76,-3203.3150000000223
98.39500000000001,-0.4899999999999949,-76,-3203.3150000000223
98.39500000000001,-0.4899999999999949,-76,-3203.3150000000223
98.39500000000001,-0.4899999999999949,-76,-3203.3150000000223
98.39500000000001,-0.4899999999999949,-76,-3203.3150000000223
98.39500000000001,-0.4899999999999949,-75,-3203.560000000023
98.39500000000001,-0.4899999999999949,-75,-3203.560000000023
98.39500000000001,-0.4899999999999949,-75,-3203.560000000023
98.39500000000001,-0.4899999999999949,-75,-3203.560000000023
98.39500000000001,-0.4899999999999949,-75,-3203.560000000023
98.39500000000001,-0.4899999999999949,-75,-3203.560000000023
98.39500000000001,-0.4899999999999949,-78,-3204.295000000023
98.39500000000001,-0.4899999999999949,-77,-3204.5400000000236
98.39500000000001,-0.4899999999999949,-74,-3205.2750000000233
98.39500000000001,-0.4899999999999949,-79,-3206.5000000000236
98.39500000000001,-0.4899999999999949,-79,-3206.5000000000236
98.39500000000001,-0.4899999999999949,-79,-3206.5000000000236
98.39500000000001,-0.4899999999999949,-78,-3206.7450000000235
98.39500000000001,-0.4899999999999949,-78,-3206.7450000000235
98.39500000000001,-0.4899999999999949,-78,-3206.7450000000235
98.39500000000001,-0.4899999999999949,-79,-3206.9900000000243
98.39500000000001,-0.4899999999999949,-80,-3207.2350000000242
98.39500000000001,-0.4899999999999949,-80,-3207.2350000000242
98.39500000000001,-0.4899999999999949,-80,-3207.2350000000242
98.39500000000001,-0.4899999999999949,-85,-3208.4600000000246
98.39500000000001,-0.4899999999999949,-88,-3209.1950000000243
98.39500000000001,-0.4899999999999949,-87,-3209.440000000026
98.39500000000001,-0.4899999999999949,-86,-3209.685000000026
98.39500000000001,-0.4899999999999949,-86,-3209.685000000026
98.39500000000001,-0.4899999999999949,-85,-3209.9300000000258
98.39500000000001,-0.4899999999999949,-85,-3209.9300000000258
98.39500000000001,-0.4899999999999949,-85,-3209.9300000000258
98.39500000000001,-0.4899999999999949,-89,-3210.9100000000253
98.39500000000001,-0.4899999999999949,-81,-3212.8700000000254
98.39500000000001,-0.4899999999999949,-76,-3214.095000000025
98.39500000000001,-0.4899999999999949,-76,-3214.095000000025
98.39500000000001,-0.4899999999999949,-76,-3214.095000000025
98.39500000000001,-0.4899999999999949,-82,-3215.565000000026
98.39500000000001,-0.4899999999999949,-82,-3215.565000000026
98.39500000000001,-0.4899999999999949,-82,-3215.565000000026
98.39500000000001,-0.4899999999999949,-82,-3215.565000000026
98.39500000000001,-0.4899999999999949,-82,-3215.565000000026
98.39500000000001,-0.4899999999999949,-82,-3215.565000000026
98.39500000000001,-0.4899999999999949,-81,-3215.810000000026
98.39500000000001,-0.4899999999999949,-81,-3215.810000000026
98.39500000000001,-0.4899999999999949,-81,-3215.810000000026
98.39500000000001,-0.4899999999999949,-81,-3215.810000000026
98.39500000000001,-0.4899999999999949,-81,-3215.810000000026
98.39500000000001,-0.4899999999999949,-80,-3216.0550000000258
98.39500000000001,-0.4899999999999949,-76,-3217.0350000000262
98.39500000000001,-0.4899999999999949,-76,-3217.0350000000262
98.39500000000001,-0.4899999999999949,-76,-3217.0350000000262
98.39500000000001,-0.4899999999999949,-77,-3217.280000000027
98.39500000000001,-0.4899999999999949,-77,-3217.280000000027
98.39500000000001,-0.4899999999999949,-77,-3217.280000000027
98.39500000000001,-0.4899999999999949,-77,-3217.280000000027
98.39500000000001,-0.4899999999999949,-77,-3217.280000000027
98.39500000000001,-0.4899999999999949,-80,-3218.0150000000267
98.39500000000001,-0.4899999999999949,-80,-3218.0150000000267
98.39500000000001,-0.4899999999999949,-80,-3218.0150000000267
98.39500000000001,-0.4899999999999949,-80,-3218.0150000000267
98.39500000000001,-0.4899999999999949,-80,-3218.0150000000267
98.39500000000001,-0.4899999999999949,-80,-3218.0150000000267
98.39500000000001,-0.4899999999999949,-75,-3219.240000000027
98.39500000000001,-0.4899999999999949,-75,-3219.240000000027
98.39500000000001,-0.4899999999999949,-69,-3220.7100000000273
98.39500000000001,-0.4899999999999949,-69,-3220.7100000000273
98.39500000000001,-0.4899999999999949,-70,-3220.9550000000268
98.39500000000001,-0.4899999999999949,-70,-3220.9550000000268
98.39500000000001,-0.4899999999999949,-70,-3220.9550000000268
98.39500000000001,-0.4899999999999949,-70,-3220.9550000000268
98.39500000000001,-0.4899999999999949,-70,-3220.9550000000268
98.39500000000001,-0.4899999999999949,-70,-3220.9550000000268
98.39500000000001,-0.4899999999999949,-70,-3220.9550000000268
98.39500000000001,-0.4899999999999949,-70,-3220.9550000000268
98.39500000000001,-0.4899999999999949,-63,-3222.6700000000264
98.39500000000001,-0.4899999999999949,-63,-3222.6700000000264
98.39500000000001,-0.4899999999999949,-64,-3222.915000000027
98.39500000000001,-0.4899999999999949,-64,-3222.915000000027
98.39500000000001,-0.4899999999999949,-65,-3223.160000000027
98.39500000000001,-0.4899999999999949,-65,-3223.160000000027
98.39500000000001,-0.4899999999999949,-64,-3223.4050000000266
98.39500000000001,-0.4899999999999949,-64,-3223.4050000000266
98.39500000000001,-0.4899999999999949,-62,-3223.895000000027
98.39500000000001,-0.4899999999999949,-62,-3223.895000000027
98.39500000000001,-0.4899999999999949,-62,-3223.895000000027
98.39500000000001,-0.4899999999999949,-62,-3223.895000000027
98.39500000000001,-0.4899999999999949,-62,-3223.895000000027
98.39500000000001,-0.4899999999999949,-62,-3223.895000000027
98.39500000000001,-0.4899999999999949,-62,-3223.895000000027
98.39500000000001,-0.4899999999999949,-62,-3223.895000000027
98.39500000000001,-0.4899999999999949,-69,-3225.610000000027
98.39500000000001,-0.4899999999999949,-69,-3225.610000000027
98.39500000000001,-0.4899999999999949,-69,-3225.610000000027
98.39500000000001,-0.4899999999999949,-69,-3225.610000000027
98.39500000000001,-0.4899999999999949,-71,-3226.1000000000267
98.39500000000001,-0.4899999999999949,-71,-3226.1000000000267
98.39500000000001,-0.4899999999999949,-72,-3226.345000000026
98.39500000000001,-0.4899999999999949,-72,-3226.345000000026
98.39500000000001,-0.4899999999999949,-72,-3226.345000000026
98.39500000000001,-0.4899999999999949,-72,-3226.345000000026
98.39500000000001,-0.4899999999999949,-72,-3226.345000000026
98.39500000000001,-0.4899999999999949,-86,-3229.775000000027
98.39500000000001,-0.4899999999999949,-86,-3229.775000000027
98.39500000000001,-0.4899999999999949,-86,-3229.775000000027
98.39500000000001,-0.4899999999999949,-86,-3229.775000000027
98.39500000000001,-0.4899999999999949,-86,-3229.775000000027
98.39500000000001,-0.4899999999999949,-86,-3229.775000000027
98.39500000000001,-0.4899999999999949,-86,-3229.775000000027
98.39500000000001,-0.4899999999999949,-85,-3230.020000000027
98.39500000000001,-0.4899999999999949,-85,-3230.020000000027
98.39500000000001,-0.4899999999999949,-85,-3230.020000000027
98.39500000000001,-0.4899999999999949,-93,-3231.980000000027
98.39500000000001,-0.4899999999999949,-93,-3231.980000000027
98.39500000000001,-0.4899999999999949,-92,-3232.2250000000267
98.39500000000001,-0.4899999999999949,-92,-3232.2250000000267
98.39500000000001,-0.4899999999999949,-92,-3232.2250000000267
98.39500000000001,-0.4899999999999949,-92,-3232.2250000000267
98.39500000000001,-0.4899999999999949,-92,-3232.2250000000267
98.39500000000001,-0.4899999999999949,-90,-3232.7150000000274
98.39500000000001,-0.4899999999999949,-90,-3232.7150000000274
98.39500000000001,-0.4899999999999949,-88,-3233.2050000000263
98.39500000000001,-0.4899999999999949,-88,-3233.2050000000263
98.39500000000001,-0.4899999999999949,-88,-3233.2050000000263
98.39500000000001,-0.4899999999999949,-90,-3233.695000000027
98.39500000000001,-0.4899999999999949,-90,-3233.695000000027
98.39500000000001,-0.4899999999999949,-90,-3233.695000000027
98.39500000000001,-0.4899999999999949,-90,-3233.695000000027
98.39500000000001,-0.4899999999999949,-90,-3233.695000000027
98.39500000000001,-0.4899999999999949,-89,-3233.940000000027
98.39500000000001,-0.4899999999999949,-89,-3233.940000000027
98.39500000000001,-0.4899999999999949,-89,-3233.940000000027
98.39500000000001,-0.4899999999999949,-96,-3235.655000000028
98.39500000000001,-0.4899999999999949,-92,-3236.6350000000266
98.39500000000001,-0.4899999999999949,-92,-3236.6350000000266
98.39500000000001,-0.4899999999999949,-92,-3236.6350000000266
98.39500000000001,-0.4899999999999949,-92,-3236.6350000000266
98.39500000000001,-0.4899999999999949,-92,-3236.6350000000266
98.39500000000001,-0.4899999999999949,-92,-3236.6350000000266
98.39500000000001,-0.4899999999999949,-92,-3236.6350000000266
98.39500000000001,-0.4899999999999949,-92,-3236.6350000000266
98.39500000000001,-0.4899999999999949,-92,-3236.6350000000266
98.39500000000001,-0.4899999999999949,-93,-3236.8800000000274
98.39500000000001,-0.4899999999999949,-94,-3237.125000000028
98.39500000000001,-0.4899999999999949,-93,-3237.370000000028
98.39500000000001,-0.4899999999999949,-93,-3237.370000000028
98.39500000000001,-0.4899999999999949,-96,-3238.1050000000296
98.39500000000001,-0.4899999999999949,-94,-3238.5950000000284
98.39500000000001,-0.4899999999999949,-116,-3243.985000000029
98.39500000000001,-0.4899999999999949,-116,-3243.985000000029
98.39500000000001,-0.4899999999999949,-116,-3243.985000000029
98.39500000000001,-0.4899999999999949,-116,-3243.985000000029
98.39500000000001,-0.4899999999999949,-116,-3243.985000000029
98.39500000000001,-0.4899999999999949,-116,-3243.985000000029
98.39500000000001,-0.4899999999999949,-116,-3243.985000000029
98.39500000000001,-0.4899999999999949,-116,-3243.985000000029
98.39500000000001,-0.4899999999999949,-116,-3243.985000000029
98.39500000000001,-0.4899999999999949,-116,-3243.985000000029
98.39500000000001,-0.4899999999999949,-116,-3243.985000000029
98.39500000000001,-0.4899999999999949,-116,-3243.985000000029
98.39500000000001,-0.4899999999999949,-123,-3245.700000000028
98.39500000000001,-0.4899999999999949,-123,-3245.700000000028
98.39500000000001,-0.4899999999999949,-121,-3246.1900000000296
98.39500000000001,-0.4899999999999949,-119,-3246.6800000000294
98.39500000000001,-0.4899999999999949,-122,-3247.415000000028
98.39500000000001,-0.4899999999999949,-122,-3247.415000000028
98.39500000000001,-0.4899999999999949,-122,-3247.415000000028
98.39500000000001,-0.4899999999999949,-122,-3247.415000000028
98.39500000000001,-0.4899999999999949,-122,-3247.415000000028
98.39500000000001,-0.4899999999999949,-122,-3247.415000000028
98.39500000000001,-0.4899999999999949,-123,-3247.660000000029
98.39500000000001,-0.4899999999999949,-123,-3247.660000000029
98.39500000000001,-0.4899999999999949,-123,-3247.660000000029
98.39500000000001,-0.4899999999999949,-123,-3247.660000000029
98.39500000000001,-0.4899999999999949,-125,-3248.1500000000306
98.4,-0.5,-125,-3248.7750000000287
98.4,-0.5,-125,-3248.7750000000287
98.4,-0.5,-123,-3249.2750000000287
98.4,-0.5,-118,-3250.5250000000287
98.4,-0.5,-118,-3250.5250000000287
98.4,-0.5,-118,-3250.5250000000287
98.4,-0.5,-118,-3250.5250000000287
98.4,-0.5,-118,-3250.5250000000287
98.4,-0.5,-117,-3250.7750000000287
98.4,-0.5,-116,-3251.0250000000287
98.4,-0.5,-104,-3254.025000000028
98.4,-0.5,-103,-3254.275000000028
98.4,-0.5,-103,-3254.275000000028
98.4,-0.5,-103,-3254.275000000028
98.4,-0.5,-103,-3254.275000000028
98.4,-0.5,-103,-3254.275000000028
98.4,-0.5,-103,-3254.275000000028
98.4,-0.5,-102,-3254.525000000028
98.4,-0.5,-102,-3254.525000000028
98.4,-0.5,-101,-3254.775000000028
98.4,-0.5,-101,-3254.775000000028
98.4,-0.5,-101,-3254.775000000028
98.4,-0.5,-102,-3255.025000000028
98.4,-0.5,-102,-3255.025000000028
98.4,-0.5,-98,-3256.025000000028
98.4,-0.5,-98,-3256.025000000028
98.39500000000001,-0.4899999999999949,-95,-3256.290000000029
98.39500000000001,-0.4899999999999949,-96,-3256.53500000003
98.39500000000001,-0.4899999999999949,-96,-3256.53500000003
98.39500000000001,-0.4899999999999949,-95,-3256.7800000000298
98.39500000000001,-0.4899999999999949,-95,-3256.7800000000298
98.39,-0.47999999999998977,-77,-3260.665000000028
98.39,-0.47999999999998977,-77,-3260.665000000028
98.39,-0.47999999999998977,-90,-3263.785000000029
98.39,-0.47999999999998977,-80,-3266.1850000000286
98.39,-0.47999999999998977,-89,-3268.3450000000294
98.39,-0.47999999999998977,-88,-3268.5850000000282
98.39,-0.47999999999998977,-87,-3268.825000000029
98.39,-0.47999999999998977,-87,-3268.825000000029
98.39,-0.47999999999998977,-72,-3272.4250000000284
98.39,-0.47999999999998977,-72,-3272.4250000000284
98.39,-0.47999999999998977,-72,-3272.4250000000284
98.39,-0.47999999999998977,-72,-3272.4250000000284
98.39,-0.47999999999998977,-72,-3272.4250000000284
98.39,-0.47999999999998977,-72,-3272.4250000000284
98.39,-0.47999999999998977,-72,-3272.4250000000284
98.39,-0.47999999999998977,-72,-3272.4250000000284
98.39,-0.47999999999998977,-72,-3272.4250000000284
98.39,-0.47999999999998977,-72,-3272.4250000000284
98.39,-0.47999999999998977,-82,-3274.825000000029
98.39,-0.47999999999998977,-82,-3274.825000000029
98.39,-0.47999999999998977,-82,-3274.825000000029
98.39,-0.47999999999998977,-82,-3274.825000000029
98.39,-0.47999999999998977,-82,-3274.825000000029
98.39,-0.47999999999998977,-82,-3274.825000000029
98.39,-0.47999999999998977,-82,-3274.825000000029
98.39,-0.47999999999998977,-82,-3274.825000000029
98.39,-0.47999999999998977,-84,-3275.3050000000285
98.39,-0.47999999999998977,-78,-3276.745000000028
98.39,-0.47999999999998977,-78,-3276.745000000028
98.39,-0.47999999999998977,-86,-3278.665000000029
98.39,-0.47999999999998977,-86,-3278.665000000029
98.39,-0.47999999999998977,-86,-3278.665000000029
98.39,-0.47999999999998977,-86,-3278.665000000029
98.39,-0.47999999999998977,-96,-3281.0650000000287
98.39,-0.47999999999998977,-97,-3281.3050000000285
98.39,-0.47999999999998977,-97,-3281.3050000000285
98.39,-0.47999999999998977,-97,-3281.3050000000285
98.39,-0.47999999999998977,-90,-3282.985000000029
98.39,-0.47999999999998977,-90,-3282.985000000029
98.39,-0.47999999999998977,-85,-3284.1850000000277
98.39,-0.47999999999998977,-84,-3284.4250000000284
98.39,-0.47999999999998977,-77,-3286.1050000000278
98.39,-0.47999999999998977,-77,-3286.1050000000278
98.39,-0.47999999999998977,-84,-3287.785000000028
98.395,-0.46999999999999886,-88,-3289.1850000000277
98.395,-0.46999999999999886,-88,-3289.1850000000277
98.395,-0.46999999999999886,-73,-3292.7100000000273
98.395,-0.46999999999999886,-73,-3292.7100000000273
98.395,-0.46999999999999886,-73,-3292.7100000000273
98.395,-0.46999999999999886,-75,-3293.180000000027
98.395,-0.46999999999999886,-76,-3293.4150000000263
98.395,-0.46999999999999886,-81,-3294.5900000000265
98.395,-0.46999999999999886,-79,-3295.060000000027
98.395,-0.46999999999999886,-79,-3295.060000000027
98.395,-0.46999999999999886,-64,-3298.5850000000264
98.395,-0.46999999999999886,-64,-3298.5850000000264
98.395,-0.46999999999999886,-56,-3300.4650000000265
98.395,-0.46999999999999886,-53,-3301.170000000026
98.395,-0.46999999999999886,-53,-3301.170000000026
98.395,-0.46999999999999886,-54,-3301.405000000026
98.395,-0.46999999999999886,-54,-3301.405000000026
98.395,-0.46999999999999886,-54,-3301.405000000026
98.395,-0.46999999999999886,-54,-3301.405000000026
98.395,-0.46999999999999886,-54,-3301.405000000026
98.395,-0.46999999999999886,-54,-3301.405000000026
98.395,-0.46999999999999886,-54,-3301.405000000026
98.395,-0.46999999999999886,-53,-3301.640000000026
98.395,-0.46999999999999886,-53,-3301.640000000026
98.395,-0.46999999999999886,-62,-3303.755000000026
98.395,-0.46999999999999886,-72,-3306.105000000026
98.395,-0.46999999999999886,-72,-3306.105000000026
98.395,-0.46999999999999886,-72,-3306.105000000026
98.395,-0.46999999999999886,-72,-3306.105000000026
98.395,-0.46999999999999886,-78,-3307.515000000026
98.395,-0.46999999999999886,-78,-3307.515000000026
98.395,-0.46999999999999886,-78,-3307.515000000026
98.395,-0.46999999999999886,-78,-3307.515000000026
98.395,-0.46999999999999886,-78,-3307.515000000026
98.395,-0.46999999999999886,-84,-3308.9250000000266
98.395,-0.46999999999999886,-76,-3310.8050000000258
98.395,-0.46999999999999886,-76,-3310.8050000000258
98.395,-0.46999999999999886,-69,-3312.450000000026
98.395,-0.46999999999999886,-66,-3313.1550000000257
98.395,-0.46999999999999886,-65,-3313.3900000000262
98.395,-0.46999999999999886,-57,-3315.2700000000254
98.395,-0.46999999999999886,-57,-3315.2700000000254
98.395,-0.46999999999999886,-57,-3315.2700000000254
98.395,-0.46999999999999886,-57,-3315.2700000000254
98.395,-0.46999999999999886,-55,-3315.7400000000252
98.395,-0.46999999999999886,-55,-3315.7400000000252
98.395,-0.46999999999999886,-55,-3315.7400000000252
98.395,-0.46999999999999886,-55,-3315.7400000000252
98.395,-0.46999999999999886,-54,-3315.975000000026
98.395,-0.46999999999999886,-59,-3317.150000000025
98.395,-0.46999999999999886,-59,-3317.150000000025
98.395,-0.46999999999999886,-62,-3317.8550000000255
98.395,-0.46999999999999886,-62,-3317.8550000000255
98.395,-0.46999999999999886,-62,-3317.8550000000255
98.395,-0.46999999999999886,-65,-3318.560000000026
98.395,-0.46999999999999886,-65,-3318.560000000026
98.395,-0.46999999999999886,-65,-3318.560000000026
98.395,-0.46999999999999886,-65,-3318.560000000026
98.395,-0.46999999999999886,-66,-3318.7950000000255
98.395,-0.46999999999999886,-66,-3318.7950000000255
98.395,-0.46999999999999886,-66,-3318.7950000000255
98.395,-0.46999999999999886,-66,-3318.7950000000255
98.395,-0.46999999999999886,-66,-3318.7950000000255
98.395,-0.46999999999999886,-66,-3318.7950000000255
98.395,-0.46999999999999886,-72,-3320.2050000000254
98.395,-0.46999999999999886,-67,-3321.380000000026
98.395,-0.46999999999999886,-67,-3321.380000000026
98.395,-0.46999999999999886,-64,-3322.0850000000255
98.395,-0.46999999999999886,-63,-3322.320000000025
98.395,-0.46999999999999886,-64,-3322.5550000000258
98.395,-0.46999999999999886,-65,-3322.7900000000263
98.395,-0.46999999999999886,-65,-3322.7900000000263
98.395,-0.46999999999999886,-65,-3322.7900000000263
98.395,-0.46999999999999886,-66,-3323.025000000026
98.395,-0.46999999999999886,-66,-3323.025000000026
98.395,-0.46999999999999886,-66,-3323.025000000026
98.395,-0.46999999999999886,-80,-3326.315000000026
98.395,-0.46999999999999886,-80,-3326.315000000026
98.395,-0.46999999999999886,-81,-3326.5500000000266
98.395,-0.46999999999999886,-81,-3326.5500000000266
98.395,-0.46999999999999886,-81,-3326.5500000000266
98.395,-0.46999999999999886,-81,-3326.5500000000266
98.395,-0.46999999999999886,-82,-3326.7850000000262
98.395,-0.46999999999999886,-82,-3326.7850000000262
98.395,-0.46999999999999886,-83,-3327.020000000027
98.395,-0.46999999999999886,-83,-3327.020000000027
98.395,-0.46999999999999886,-83,-3327.020000000027
98.395,-0.46999999999999886,-83,-3327.020000000027
98.395,-0.46999999999999886,-83,-3327.020000000027
98.395,-0.46999999999999886,-84,-3327.2550000000274
98.395,-0.46999999999999886,-84,-3327.2550000000274
98.395,-0.46999999999999886,-84,-3327.2550000000274
98.395,-0.46999999999999886,-84,-3327.2550000000274
98.395,-0.46999999999999886,-84,-3327.2550000000274
98.395,-0.46999999999999886,-84,-3327.2550000000274
98.395,-0.46999999999999886,-84,-3327.2550000000274
98.395,-0.46999999999999886,-83,-3327.490000000027
98.395,-0.46999999999999886,-83,-3327.490000000027
98.395,-0.46999999999999886,-83,-3327.490000000027
98.395,-0.46999999999999886,-82,-3327.7250000000267
98.395,-0.46999999999999886,-83,-3327.9600000000273
98.395,-0.46999999999999886,-83,-3327.9600000000273
98.395,-0.46999999999999886,-83,-3327.9600000000273
98.395,-0.46999999999999886,-90,-3329.605000000027
98.395,-0.46999999999999886,-94,-3330.5450000000264
98.395,-0.46999999999999886,-94,-3330.5450000000264
98.395,-0.46999999999999886,-94,-3330.5450000000264
98.395,-0.46999999999999886,-102,-3332.4250000000266
98.395,-0.46999999999999886,-115,-3335.480000000027
98.395,-0.46999999999999886,-115,-3335.480000000027
98.395,-0.46999999999999886,-115,-3335.480000000027
98.395,-0.46999999999999886,-119,-3336.4200000000274
98.395,-0.46999999999999886,-123,-3337.360000000028
98.395,-0.46999999999999886,-123,-3337.360000000028
98.395,-0.46999999999999886,-123,-3337.360000000028
98.395,-0.46999999999999886,-123,-3337.360000000028
98.395,-0.46999999999999886,-123,-3337.360000000028
98.395,-0.46999999999999886,-130,-3339.0050000000283
98.425,-0.5300000000000011,-123,-3344.7600000000275
98.425,-0.5300000000000011,-123,-3344.7600000000275
98.425,-0.5300000000000011,-123,-3344.7600000000275
98.425,-0.5300000000000011,-123,-3344.7600000000275
98.425,-0.5300000000000011,-124,-3345.025000000027
98.425,-0.5300000000000011,-124,-3345.025000000027
98.425,-0.5300000000000011,-123,-3345.290000000028
98.425,-0.5300000000000011,-128,-3346.615000000029
98.43,-0.5400000000000063,-128,-3347.25500000003
98.435,-0.5499999999999972,-128,-3347.8950000000295
98.44,-0.5600000000000023,-128,-3348.535000000029
98.44,-0.5600000000000023,-128,-3348.535000000029
98.44,-0.5600000000000023,-135,-3350.495000000028
98.475,-0.6300000000000097,-135,-3355.2200000000284
98.49,-0.6599999999999966,-139,-3358.565000000028
98.52,-0.7199999999999989,-140,-3363.0950000000284
98.53999999999999,-0.7600000000000051,-152,-3370.455000000027
98.61,-0.9000000000000057,-152,-3381.0950000000284
98.645,-0.9699999999999989,-147,-3388.8400000000274
98.645,-0.9699999999999989,-147,-3388.8400000000274
98.645,-0.9699999999999989,-147,-3388.8400000000274
98.645,-0.9699999999999989,-145,-3389.8100000000286
98.645,-0.9699999999999989,-146,-3390.295000000029
98.645,-0.9699999999999989,-159,-3396.6000000000276
98.695,-1.0700000000000074,-159,-3404.5500000000284
98.72,-1.1200000000000045,-158,-3409.08500000003
98.72999999999999,-1.1400000000000006,-154,-3412.945000000029
98.72999999999999,-1.1400000000000006,-154,-3412.945000000029
98.72999999999999,-1.1400000000000006,-154,-3412.945000000029
98.72999999999999,-1.1400000000000006,-154,-3412.945000000029
98.72999999999999,-1.1400000000000006,-149,-3415.795000000029
98.72999999999999,-1.1400000000000006,-149,-3415.795000000029
98.72999999999999,-1.1400000000000006,-150,-3416.365000000029
98.72999999999999,-1.1400000000000006,-150,-3416.365000000029
98.72999999999999,-1.1400000000000006,-150,-3416.365000000029
98.72999999999999,-1.1400000000000006,-150,-3416.365000000029
98.72999999999999,-1.1400000000000006,-150,-3416.365000000029
98.72999999999999,-1.1400000000000006,-153,-3418.07500000003
98.72,-1.1200000000000045,-152,-3417.125000000031
98.72,-1.1200000000000045,-152,-3417.125000000031
98.72,-1.1200000000000045,-152,-3417.125000000031
98.715,-1.1099999999999994,-136,-3425.33500000003
98.715,-1.1099999999999994,-141,-3428.1100000000315
98.715,-1.1099999999999994,-141,-3428.1100000000315
98.715,-1.1099999999999994,-141,-3428.1100000000315
98.715,-1.1099999999999994,-141,-3428.1100000000315
98.715,-1.1099999999999994,-122,-3438.6550000000298
98.715,-1.1099999999999994,-125,-3440.3200000000306
98.715,-1.1099999999999994,-125,-3440.3200000000306
98.715,-1.1099999999999994,-125,-3440.3200000000306
98.715,-1.1099999999999994,-125,-3440.3200000000306
98.715,-1.1099999999999994,-125,-3440.3200000000306
98.715,-1.1099999999999994,-125,-3440.3200000000306
98.715,-1.1099999999999994,-124,-3440.875000000031
98.715,-1.1099999999999994,-119,-3443.6500000000324
98.715,-1.1099999999999994,-117,-3444.760000000032
98.715,-1.1099999999999994,-117,-3444.760000000032
98.715,-1.1099999999999994,-117,-3444.760000000032
98.715,-1.1099999999999994,-125,-3449.2000000000317
98.715,-1.1099999999999994,-125,-3449.2000000000317
98.715,-1.1099999999999994,-125,-3449.2000000000317
98.715,-1.1099999999999994,-125,-3449.2000000000317
98.715,-1.1099999999999994,-125,-3449.2000000000317
98.715,-1.1099999999999994,-128,-3450.8650000000325
98.715,-1.1099999999999994,-127,-3451.420000000033
98.715,-1.1099999999999994,-126,-3451.975000000033
98.715,-1.1099999999999994,-134,-3456.4150000000336
98.715,-1.1099999999999994,-134,-3456.4150000000336
98.71000000000001,-1.1000000000000085,-126,-3460.185000000034
98.71000000000001,-1.1000000000000085,-126,-3460.185000000034
98.71000000000001,-1.1000000000000085,-126,-3460.185000000034
98.71000000000001,-1.1000000000000085,-126,-3460.185000000034
98.71000000000001,-1.1000000000000085,-125,-3460.735000000035
98.71000000000001,-1.1000000000000085,-125,-3460.735000000035
98.71000000000001,-1.1000000000000085,-134,-3465.685000000034
98.71000000000001,-1.1000000000000085,-134,-3465.685000000034
98.71000000000001,-1.1000000000000085,-148,-3473.385000000035
98.71000000000001,-1.1000000000000085,-148,-3473.385000000035
98.71000000000001,-1.1000000000000085,-148,-3473.385000000035
98.69999999999999,-1.0799999999999983,-137,-3477.9450000000306
98.69999999999999,-1.0799999999999983,-137,-3477.9450000000306
98.69999999999999,-1.0799999999999983,-134,-3479.5650000000314
98.69999999999999,-1.0799999999999983,-134,-3479.5650000000314
98.69999999999999,-1.0799999999999983,-134,-3479.5650000000314
98.69999999999999,-1.0799999999999983,-137,-3481.1850000000304
98.69999999999999,-1.0799999999999983,-137,-3481.1850000000304
98.69999999999999,-1.0799999999999983,-132,-3483.885000000031
98.69999999999999,-1.0799999999999983,-125,-3487.665000000032
98.69999999999999,-1.0799999999999983,-125,-3487.665000000032
98.69999999999999,-1.0799999999999983,-125,-3487.665000000032
98.69999999999999,-1.0799999999999983,-125,-3487.665000000032
98.69999999999999,-1.0799999999999983,-125,-3487.665000000032
98.69999999999999,-1.0799999999999983,-128,-3489.2850000000326
98.69999999999999,-1.0799999999999983,-128,-3489.2850000000326
98.69999999999999,-1.0799999999999983,-129,-3489.8250000000335
98.69999999999999,-1.0799999999999983,-155,-3503.8650000000325
98.705,-1.0900000000000034,-155,-3504.640000000034
98.705,-1.0900000000000034,-155,-3504.640000000034
98.705,-1.0900000000000034,-154,-3505.185000000034
98.705,-1.0900000000000034,-154,-3505.185000000034
98.705,-1.0900000000000034,-155,-3505.730000000034
98.705,-1.0900000000000034,-155,-3505.730000000034
98.705,-1.0900000000000034,-155,-3505.730000000034
98.705,-1.0900000000000034,-155,-3505.730000000034
98.705,-1.0900000000000034,-152,-3507.3650000000343
98.705,-1.0900000000000034,-153,-3507.9100000000344
98.705,-1.0900000000000034,-152,-3508.4550000000345
98.705,-1.0900000000000034,-152,-3508.4550000000345
98.705,-1.0900000000000034,-159,-3512.270000000033
98.72999999999999,-1.1400000000000006,-159,-3516.2450000000317
98.74,-1.1599999999999966,-159,-3517.8350000000337
98.745,-1.1700000000000017,-168,-3523.895000000033
98.795,-1.2700000000000102,-170,-3533.565000000035
98.83,-1.3400000000000034,-170,-3539.515000000032
98.845,-1.3700000000000045,-170,-3542.065000000035
98.85499999999999,-1.3900000000000006,-173,-3545.8500000000313
98.87,-1.4200000000000017,-173,-3548.445000000036
98.88,-1.4399999999999977,-176,-3552.335000000032
98.9,-1.480000000000004,-176,-3555.855000000036
98.91,-1.5,-176,-3557.6150000000343
98.91499999999999,-1.5100000000000051,-176,-3558.4950000000317
98.91499999999999,-1.5100000000000051,-175,-3559.2500000000346
98.91499999999999,-1.5100000000000051,-173,-3560.760000000033
98.91499999999999,-1.5100000000000051,-173,-3560.760000000033
98.91499999999999,-1.5100000000000051,-174,-3561.515000000034
98.91499999999999,-1.5100000000000051,-174,-3561.515000000034
98.91499999999999,-1.5100000000000051,-174,-3561.515000000034
98.91499999999999,-1.5100000000000051,-174,-3561.515000000034
98.91499999999999,-1.5100000000000051,-173,-3562.270000000033
98.91499999999999,-1.5100000000000051,-180,-3567.555000000031
98.935,-1.5499999999999972,-181,-3571.930000000035
98.955,-1.5900000000000034,-181,-3575.550000000034
98.965,-1.6099999999999994,-181,-3577.360000000035
98.97,-1.6200000000000045,-181,-3578.265000000034
98.97,-1.6200000000000045,-181,-3578.265000000034
98.97,-1.6200000000000045,-182,-3579.0750000000353
98.975,-1.6300000000000097,-185,-3582.430000000035
98.99,-1.6599999999999966,-185,-3585.2050000000327
99.0,-1.6800000000000068,-184,-3587.895000000035
99.0,-1.6800000000000068,-184,-3587.895000000035
99.0,-1.6800000000000068,-184,-3587.895000000035
99.0,-1.6800000000000068,-187,-3590.4150000000354
99.015,-1.710000000000008,-189,-3594.930000000035
99.035,-1.75,-186,-3601.3350000000337
99.035,-1.75,-186,-3601.3350000000337
99.035,-1.75,-186,-3601.3350000000337
99.035,-1.75,-183,-3603.9600000000337
99.035,-1.75,-189,-3609.210000000032
99.03999999999999,-1.7600000000000051,-188,-3611.035000000031
99.03999999999999,-1.7600000000000051,-187,-3611.9150000000336
99.03999999999999,-1.7600000000000051,-184,-3614.555000000031
99.03999999999999,-1.7600000000000051,-185,-3615.4350000000322
99.03999999999999,-1.7600000000000051,-185,-3615.4350000000322
99.03999999999999,-1.7600000000000051,-186,-3616.3150000000333
99.03999999999999,-1.7600000000000051,-184,-3618.0750000000317
99.03999999999999,-1.7600000000000051,-179,-3622.475000000035
99.03999999999999,-1.7600000000000051,-176,-3625.1150000000325
99.03999999999999,-1.7600000000000051,-181,-3629.515000000034
99.03999999999999,-1.7600000000000051,-181,-3629.515000000034
99.03999999999999,-1.7600000000000051,-190,-3637.435000000034
99.05,-1.7800000000000011,-190,-3639.3350000000355
99.055,-1.7900000000000063,-190,-3640.2850000000362
99.06,-1.7999999999999972,-190,-3641.235000000037
99.06,-1.7999999999999972,-192,-3643.0350000000362
99.07,-1.8200000000000074,-192,-3644.9550000000345
99.07499999999999,-1.8299999999999983,-192,-3645.9150000000336
99.07499999999999,-1.8299999999999983,-192,-3645.9150000000336
99.07499999999999,-1.8299999999999983,-192,-3645.9150000000336
99.07499999999999,-1.8299999999999983,-192,-3645.9150000000336
99.07499999999999,-1.8299999999999983,-189,-3648.6600000000344
99.07499999999999,-1.8299999999999983,-196,-3655.0650000000314
99.095,-1.8700000000000045,-191,-3663.6600000000344
99.095,-1.8700000000000045,-191,-3663.6600000000344
99.095,-1.8700000000000045,-190,-3664.595000000034
99.095,-1.8700000000000045,-190,-3664.595000000034
99.095,-1.8700000000000045,-189,-3665.5300000000334
99.095,-1.8700000000000045,-187,-3667.400000000034
99.095,-1.8700000000000045,-187,-3667.400000000034
99.095,-1.8700000000000045,-187,-3667.400000000034
99.095,-1.8700000000000045,-187,-3667.400000000034
99.095,-1.8700000000000045,-193,-3673.010000000035
99.095,-1.8700000000000045,-193,-3673.010000000035
99.095,-1.8700000000000045,-193,-3673.010000000035
99.095,-1.8700000000000045,-194,-3673.945000000036
99.095,-1.8700000000000045,-194,-3673.945000000036
99.095,-1.8700000000000045,-194,-3673.945000000036
99.095,-1.8700000000000045,-194,-3673.945000000036
99.095,-1.8700000000000045,-194,-3673.945000000036
99.095,-1.8700000000000045,-194,-3673.945000000036
99.095,-1.8700000000000045,-194,-3673.945000000036
99.095,-1.8700000000000045,-180,-3687.0350000000344
99.095,-1.8700000000000045,-181,-3687.9700000000357
99.095,-1.8700000000000045,-181,-3687.9700000000357
99.095,-1.8700000000000045,-181,-3687.9700000000357
99.095,-1.8700000000000045,-181,-3687.9700000000357
99.095,-1.8700000000000045,-165,-3702.930000000035
99.095,-1.8700000000000045,-165,-3702.930000000035
99.095,-1.8700000000000045,-165,-3702.930000000035
99.095,-1.8700000000000045,-165,-3702.930000000035
99.095,-1.8700000000000045,-165,-3702.930000000035
99.095,-1.8700000000000045,-165,-3702.930000000035
99.095,-1.8700000000000045,-165,-3702.930000000035
99.095,-1.8700000000000045,-165,-3702.930000000035
99.095,-1.8700000000000045,-165,-3702.930000000035
99.095,-1.8700000000000045,-165,-3702.930000000035
99.095,-1.8700000000000045,-167,-3704.8000000000375
99.095,-1.8700000000000045,-166,-3705.735000000037
99.095,-1.8700000000000045,-166,-3705.735000000037
99.095,-1.8700000000000045,-166,-3705.735000000037
99.095,-1.8700000000000045,-165,-3706.6700000000365
99.095,-1.8700000000000045,-165,-3706.6700000000365
99.095,-1.8700000000000045,-160,-3711.3450000000375
99.095,-1.8700000000000045,-154,-3716.9550000000363
99.095,-1.8700000000000045,-154,-3716.9550000000363
99.095,-1.8700000000000045,-155,-3717.8900000000376
99.095,-1.8700000000000045,-152,-3720.695000000038
99.095,-1.8700000000000045,-152,-3720.695000000038
99.095,-1.8700000000000045,-150,-3722.565000000037
99.095,-1.8700000000000045,-149,-3723.500000000038
99.095,-1.8700000000000045,-149,-3723.500000000038
99.095,-1.8700000000000045,-150,-3724.4350000000377
99.095,-1.8700000000000045,-150,-3724.4350000000377
99.095,-1.8700000000000045,-149,-3725.370000000039
99.095,-1.8700000000000045,-149,-3725.370000000039
99.095,-1.8700000000000045,-148,-3726.3050000000385
99.095,-1.8700000000000045,-148,-3726.3050000000385
99.095,-1.8700000000000045,-131,-3742.200000000039
99.095,-1.8700000000000045,-131,-3742.200000000039
99.095,-1.8700000000000045,-144,-3754.3550000000396
99.095,-1.8700000000000045,-143,-3755.290000000039
99.095,-1.8700000000000045,-143,-3755.290000000039
99.095,-1.8700000000000045,-143,-3755.290000000039
99.095,-1.8700000000000045,-144,-3756.2250000000404
99.095,-1.8700000000000045,-147,-3759.0300000000407
99.095,-1.8700000000000045,-147,-3759.0300000000407
99.095,-1.8700000000000045,-147,-3759.0300000000407
99.095,-1.8700000000000045,-147,-3759.0300000000407
99.095,-1.8700000000000045,-147,-3759.0300000000407
99.095,-1.8700000000000045,-147,-3759.0300000000407
99.095,-1.8700000000000045,-147,-3759.0300000000407
99.095,-1.8700000000000045,-147,-3759.0300000000407
99.095,-1.8700000000000045,-146,-3759.96500000004
99.095,-1.8700000000000045,-146,-3759.96500000004
99.095,-1.8700000000000045,-140,-3765.5750000000407
99.095,-1.8700000000000045,-141,-3766.510000000042
99.095,-1.8700000000000045,-141,-3766.510000000042
99.095,-1.8700000000000045,-141,-3766.510000000042
99.095,-1.8700000000000045,-140,-3767.4450000000415
99.095,-1.8700000000000045,-141,-3768.380000000043
99.095,-1.8700000000000045,-141,-3768.380000000043
99.095,-1.8700000000000045,-141,-3768.380000000043
99.095,-1.8700000000000045,-141,-3768.380000000043
99.095,-1.8700000000000045,-141,-3768.380000000043
99.095,-1.8700000000000045,-140,-3769.3150000000423
99.095,-1.8700000000000045,-140,-3769.3150000000423
99.095,-1.8700000000000045,-140,-3769.3150000000423
99.095,-1.8700000000000045,-140,-3769.3150000000423
99.095,-1.8700000000000045,-141,-3770.2500000000437
99.095,-1.8700000000000045,-141,-3770.2500000000437
99.095,-1.8700000000000045,-141,-3770.2500000000437
99.095,-1.8700000000000045,-158,-3786.145000000044
99.095,-1.8700000000000045,-158,-3786.145000000044
99.095,-1.8700000000000045,-158,-3786.145000000044
99.095,-1.8700000000000045,-158,-3786.145000000044
99.095,-1.8700000000000045,-158,-3786.145000000044
99.095,-1.8700000000000045,-158,-3786.145000000044
99.095,-1.8700000000000045,-158,-3786.145000000044
99.095,-1.8700000000000045,-157,-3787.0800000000436
99.095,-1.8700000000000045,-157,-3787.0800000000436
99.095,-1.8700000000000045,-157,-3787.0800000000436
99.095,-1.8700000000000045,-157,-3787.0800000000436
