price,spread,inventory,pnl
100.0,1.0,0,0.0
100.0,1.0,-1,0.5
100.005,0.9899999999999949,3,2.474999999999966
99.99000000000001,0.9599999999999937,3,2.430000000000007
99.985,0.9499999999999886,3,2.4149999999999636
99.98,0.9399999999999977,3,2.3999999999999773
99.98,0.9399999999999977,3,2.3999999999999773
99.98,0.9399999999999977,8,4.75
99.95,0.9000000000000057,9,4.9500000000000455
99.93,0.8599999999999994,9,4.7700000000000955
99.92,0.8400000000000034,9,4.67999999999995
99.91499999999999,0.8299999999999983,9,4.634999999999877
99.91,0.8199999999999932,10,4.999999999999886
99.905,0.8100000000000023,2,8.189999999999998
99.905,0.8100000000000023,2,8.189999999999998
99.905,0.8100000000000023,2,8.189999999999998
99.905,0.8100000000000023,2,8.189999999999998
99.905,0.8100000000000023,3,8.595000000000027
99.905,0.8100000000000023,2,9.0
99.905,0.8100000000000023,2,9.0
99.91,0.8199999999999932,1,9.409999999999997
99.91,0.8199999999999932,3,10.230000000000018
99.91,0.8199999999999932,3,10.230000000000018
99.91,0.8199999999999932,5,11.049999999999955
99.91,0.8199999999999932,2,12.279999999999973
99.91,0.8199999999999932,-1,13.509999999999962
99.91,0.8199999999999932,-2,13.919999999999959
99.91499999999999,0.8299999999999983,-6,15.539999999999964
99.91499999999999,0.8299999999999983,-3,16.784999999999968
99.91499999999999,0.8299999999999983,-2,17.19999999999999
99.91499999999999,0.8299999999999983,-2,17.19999999999999
99.91499999999999,0.8299999999999983,-2,17.19999999999999
99.91499999999999,0.8299999999999983,-2,17.19999999999999
99.91499999999999,0.8299999999999983,-2,17.19999999999999
99.91499999999999,0.8299999999999983,-2,17.19999999999999
99.91499999999999,0.8299999999999983,-2,17.19999999999999
99.91499999999999,0.8299999999999983,-2,17.19999999999999
99.91499999999999,0.8299999999999983,-2,17.19999999999999
99.91499999999999,0.8299999999999983,-2,17.19999999999999
99.91499999999999,0.8299999999999983,-2,17.19999999999999
99.91499999999999,0.8299999999999983,-2,17.19999999999999
99.91499999999999,0.8299999999999983,-3,17.614999999999952
99.91499999999999,0.8299999999999983,-3,17.614999999999952
99.91499999999999,0.8299999999999983,-3,17.614999999999952
99.91499999999999,0.8299999999999983,-3,17.614999999999952
99.91499999999999,0.8299999999999983,-3,17.614999999999952
99.91499999999999,0.8299999999999983,-3,17.614999999999952
99.91499999999999,0.8299999999999983,-2,18.029999999999973
99.91499999999999,0.8299999999999983,-3,18.444999999999936
99.91499999999999,0.8299999999999983,-4,18.859999999999957
99.91499999999999,0.8299999999999983,-5,19.274999999999977
99.91499999999999,0.8299999999999983,-8,20.519999999999982
99.91499999999999,0.8299999999999983,-9,20.93500000000006
99.91499999999999,0.8299999999999983,-9,20.93500000000006
99.91499999999999,0.8299999999999983,-8,21.350000000000023
99.91499999999999,0.8299999999999983,-3,23.424999999999955
99.92,0.8400000000000034,-5,24.239999999999895
99.92,0.8400000000000034,-5,24.239999999999895
99.92,0.8400000000000034,-5,24.239999999999895
99.92,0.8400000000000034,-5,24.239999999999895
99.92,0.8400000000000034,-5,24.239999999999895
99.92,0.8400000000000034,-4,24.65999999999991
99.92,0.8400000000000034,-5,25.079999999999927
99.92,0.8400000000000034,-4,25.499999999999943
99.92,0.8400000000000034,-7,26.759999999999877
99.92,0.8400000000000034,-7,26.759999999999877
99.92,0.8400000000000034,-7,26.759999999999877
99.92,0.8400000000000034,-7,26.759999999999877
99.92,0.8400000000000034,-4,28.019999999999925
99.92,0.8400000000000034,-4,28.019999999999925
99.92,0.8400000000000034,0,29.699999999999932
99.92,0.8400000000000034,0,29.699999999999932
99.92,0.8400000000000034,0,29.699999999999932
99.92,0.8400000000000034,1,30.119999999999933
99.92,0.8400000000000034,1,30.119999999999933
99.92,0.8400000000000034,1,30.119999999999933
99.92,0.8400000000000034,1,30.119999999999933
99.92,0.8400000000000034,1,30.119999999999933
99.92,0.8400000000000034,0,30.539999999999935
99.92,0.8400000000000034,0,30.539999999999935
99.92,0.8400000000000034,-3,31.799999999999955
99.92,0.8400000000000034,1,33.47999999999995
99.92,0.8400000000000034,1,33.47999999999995
99.92,0.8400000000000034,5,35.15999999999997
99.92,0.8400000000000034,7,36.0
99.92,0.8400000000000034,7,36.0
99.925,0.8499999999999943,6,36.44999999999993
99.925,0.8499999999999943,6,36.44999999999993
99.925,0.8499999999999943,6,36.44999999999993
99.925,0.8499999999999943,6,36.44999999999993
99.925,0.8499999999999943,6,36.44999999999993
99.925,0.8499999999999943,6,36.44999999999993
99.925,0.8499999999999943,6,36.44999999999993
99.925,0.8499999999999943,5,36.875
99.925,0.8499999999999943,5,36.875
99.925,0.8499999999999943,5,36.875
99.925,0.8499999999999943,4,37.30000000000001
99.925,0.8499999999999943,4,37.30000000000001
99.925,0.8499999999999943,4,37.30000000000001
99.925,0.8499999999999943,4,37.30000000000001
99.925,0.8499999999999943,5,37.72500000000002
99.925,0.8499999999999943,5,37.72500000000002
99.925,0.8499999999999943,6,38.14999999999998
99.925,0.8499999999999943,4,39.0
99.925,0.8499999999999943,4,39.0
99.925,0.8499999999999943,4,39.0
99.91999999999999,0.8599999999999994,5,39.39999999999992
99.91999999999999,0.8599999999999994,5,39.39999999999992
99.91999999999999,0.8599999999999994,5,39.39999999999992
99.91999999999999,0.8599999999999994,5,39.39999999999992
99.91999999999999,0.8599999999999994,2,40.68999999999994
99.91999999999999,0.8599999999999994,3,41.11999999999995
99.91999999999999,0.8599999999999994,5,41.979999999999905
99.91999999999999,0.8599999999999994,5,41.979999999999905
99.91999999999999,0.8599999999999994,4,42.40999999999997
99.91999999999999,0.8599999999999994,4,42.40999999999997
99.91999999999999,0.8599999999999994,6,43.26999999999998
99.91999999999999,0.8599999999999994,6,43.26999999999998
99.91999999999999,0.8599999999999994,4,44.12999999999994
99.91999999999999,0.8599999999999994,4,44.12999999999994
99.91999999999999,0.8599999999999994,5,44.55999999999989
99.91999999999999,0.8599999999999994,5,44.55999999999989
99.91999999999999,0.8599999999999994,5,44.55999999999989
99.925,0.8700000000000045,-10,51.00999999999999
99.94,0.8400000000000034,-11,51.27999999999997
99.955,0.8100000000000023,-11,51.11500000000001
99.96000000000001,0.7999999999999972,-12,51.45999999999981
99.97,0.7800000000000011,-6,53.679999999999836
99.97,0.7800000000000011,-6,53.679999999999836
99.97,0.7800000000000011,-6,53.679999999999836
99.96000000000001,0.7999999999999972,-2,55.25999999999976
99.96000000000001,0.7999999999999972,-2,55.25999999999976
99.96000000000001,0.7999999999999972,-2,55.25999999999976
99.96000000000001,0.7999999999999972,-2,55.25999999999976
99.96000000000001,0.7999999999999972,-8,57.65999999999963
99.96000000000001,0.7999999999999972,-9,58.059999999999604
99.96000000000001,0.7999999999999972,-9,58.059999999999604
99.96000000000001,0.7999999999999972,-8,58.45999999999958
99.96000000000001,0.7999999999999972,-10,59.259999999999536
99.96000000000001,0.7999999999999972,-9,59.65999999999963
99.96000000000001,0.7999999999999972,-10,60.05999999999949
99.96000000000001,0.7999999999999972,-19,63.6599999999994
100.005,0.7099999999999937,-14,64.5799999999997
100.005,0.7099999999999937,-19,66.35499999999979
100.025,0.6700000000000017,-28,68.98999999999933
100.08500000000001,0.5499999999999972,-28,67.30999999999949
100.11500000000001,0.4899999999999949,-28,66.46999999999935
100.13,0.45999999999999375,-28,66.04999999999973
100.13499999999999,0.45000000000000284,-30,66.35999999999967
100.14500000000001,0.4299999999999926,-33,66.70499999999902
100.17,0.37999999999999545,-33,65.8799999999992
100.18,0.35999999999999943,-33,65.54999999999927
100.185,0.3499999999999943,-33,65.38499999999931
100.19,0.3400000000000034,-32,65.38999999999942
100.19,0.3400000000000034,-33,65.55999999999949
100.19,0.3400000000000034,-33,65.55999999999949
100.19,0.3400000000000034,-33,65.55999999999949
100.19,0.3400000000000034,-27,66.57999999999947
100.19,0.3400000000000034,-27,66.57999999999947
100.19,0.3400000000000034,-27,66.57999999999947
100.19,0.3400000000000034,-27,66.57999999999947
100.19,0.3400000000000034,-27,66.57999999999947
100.19,0.3400000000000034,-27,66.57999999999947
100.19,0.3400000000000034,-26,66.74999999999955
100.19,0.3400000000000034,-27,66.91999999999962
100.19,0.3400000000000034,-27,66.91999999999962
100.19,0.3400000000000034,-27,66.91999999999962
100.19,0.3400000000000034,-27,66.91999999999962
100.19,0.3400000000000034,-27,66.91999999999962
100.19,0.3400000000000034,-27,66.91999999999962
100.19,0.3400000000000034,-23,67.59999999999991
100.19,0.3400000000000034,-23,67.59999999999991
100.19,0.3400000000000034,-23,67.59999999999991
100.19,0.3400000000000034,-23,67.59999999999991
100.19,0.3400000000000034,-23,67.59999999999991
100.19,0.3400000000000034,-23,67.59999999999991
100.19,0.3400000000000034,-22,67.76999999999998
100.19,0.3400000000000034,-22,67.76999999999998
100.19,0.3400000000000034,-22,67.76999999999998
100.19,0.3400000000000034,-22,67.76999999999998
100.19,0.3400000000000034,-22,67.76999999999998
100.19,0.3400000000000034,-22,67.76999999999998
100.19,0.3400000000000034,-22,67.76999999999998
100.19,0.3400000000000034,-22,67.76999999999998
100.19,0.3400000000000034,-21,67.94000000000005
100.19,0.3400000000000034,-21,67.94000000000005
100.19,0.3400000000000034,-21,67.94000000000005
100.19,0.3400000000000034,-20,68.1099999999999
100.19,0.3400000000000034,-20,68.1099999999999
100.19,0.3400000000000034,-20,68.1099999999999
100.19,0.3400000000000034,-20,68.1099999999999
100.19,0.3400000000000034,-23,68.61999999999989
100.19,0.3400000000000034,-24,68.78999999999996
100.19,0.3400000000000034,-25,68.96000000000004
100.19,0.3400000000000034,-25,68.96000000000004
100.19,0.3400000000000034,-25,68.96000000000004
100.19,0.3400000000000034,-27,69.29999999999973
100.19,0.3400000000000034,-28,69.47000000000025
100.19,0.3400000000000034,-28,69.47000000000025
100.19,0.3400000000000034,-30,69.80999999999995
100.19,0.3400000000000034,-30,69.80999999999995
100.19,0.3400000000000034,-31,69.98000000000002
100.19,0.3400000000000034,-33,70.31999999999971
100.19,0.3400000000000034,-33,70.31999999999971
100.19,0.3400000000000034,-33,70.31999999999971
100.19,0.3400000000000034,-33,70.31999999999971
100.19,0.3400000000000034,-33,70.31999999999971
100.19,0.3400000000000034,-31,70.65999999999985
100.19,0.3400000000000034,-35,71.33999999999969
100.2,0.3199999999999932,-35,70.98999999999978
100.205,0.3100000000000023,-35,70.81500000000005
100.205,0.3100000000000023,-35,70.81500000000005
100.205,0.3100000000000023,-36,70.9699999999998
100.21000000000001,0.29999999999999716,-35,70.9399999999996
100.21000000000001,0.29999999999999716,-35,70.9399999999996
100.21000000000001,0.29999999999999716,-32,71.38999999999987
100.21000000000001,0.29999999999999716,-33,71.53999999999996
100.21000000000001,0.29999999999999716,-33,71.53999999999996
100.21000000000001,0.29999999999999716,-33,71.53999999999996
100.21000000000001,0.29999999999999716,-33,71.53999999999996
100.21000000000001,0.29999999999999716,-33,71.53999999999996
100.21000000000001,0.29999999999999716,-33,71.53999999999996
100.21000000000001,0.29999999999999716,-33,71.53999999999996
100.21000000000001,0.29999999999999716,-29,72.14000000000033
100.21000000000001,0.29999999999999716,-29,72.14000000000033
100.21000000000001,0.29999999999999716,-29,72.14000000000033
100.21000000000001,0.29999999999999716,-29,72.14000000000033
100.21000000000001,0.29999999999999716,-29,72.14000000000033
100.21000000000001,0.29999999999999716,-29,72.14000000000033
100.21000000000001,0.29999999999999716,-29,72.14000000000033
100.21000000000001,0.29999999999999716,-29,72.14000000000033
100.21000000000001,0.29999999999999716,-29,72.14000000000033
100.21000000000001,0.29999999999999716,-29,72.14000000000033
100.21000000000001,0.29999999999999716,-24,72.89000000000033
100.21000000000001,0.29999999999999716,-23,73.03999999999996
100.21000000000001,0.29999999999999716,-23,73.03999999999996
100.21000000000001,0.29999999999999716,-23,73.03999999999996
100.21000000000001,0.29999999999999716,-24,73.19000000000051
100.21000000000001,0.29999999999999716,-29,73.94000000000051
100.21000000000001,0.29999999999999716,-38,75.28999999999996
100.225,0.269999999999996,-38,74.72000000000071
100.22999999999999,0.2600000000000051,-38,74.53000000000065
100.235,0.25,-38,74.3400000000006
100.235,0.25,-38,74.3400000000006
100.235,0.25,-37,74.46500000000015
100.235,0.25,-37,74.46500000000015
100.235,0.25,-37,74.46500000000015
100.235,0.25,-37,74.46500000000015
100.235,0.25,-37,74.46500000000015
100.235,0.25,-37,74.46500000000015
100.235,0.25,-37,74.46500000000015
100.235,0.25,-37,74.46500000000015
100.235,0.25,-37,74.46500000000015
100.235,0.25,-37,74.46500000000015
100.235,0.25,-37,74.46500000000015
100.235,0.25,-36,74.59000000000015
100.235,0.25,-36,74.59000000000015
100.235,0.25,-34,74.8400000000006
100.235,0.25,-39,75.4650000000006
100.24000000000001,0.23999999999999488,-39,75.26999999999998
100.245,0.23000000000000398,-35,75.53500000000031
100.245,0.23000000000000398,-35,75.53500000000031
100.245,0.23000000000000398,-35,75.53500000000031
100.245,0.23000000000000398,-35,75.53500000000031
100.245,0.23000000000000398,-36,75.65000000000055
100.245,0.23000000000000398,-36,75.65000000000055
100.245,0.23000000000000398,-36,75.65000000000055
100.245,0.23000000000000398,-36,75.65000000000055
100.245,0.23000000000000398,-36,75.65000000000055
100.245,0.23000000000000398,-36,75.65000000000055
100.245,0.23000000000000398,-36,75.65000000000055
100.245,0.23000000000000398,-36,75.65000000000055
100.245,0.23000000000000398,-36,75.65000000000055
100.245,0.23000000000000398,-36,75.65000000000055
100.245,0.23000000000000398,-36,75.65000000000055
100.245,0.23000000000000398,-35,75.76500000000033
100.245,0.23000000000000398,-36,75.88000000000056
100.245,0.23000000000000398,-36,75.88000000000056
100.245,0.23000000000000398,-36,75.88000000000056
100.245,0.23000000000000398,-36,75.88000000000056
100.245,0.23000000000000398,-36,75.88000000000056
100.245,0.23000000000000398,-36,75.88000000000056
100.245,0.23000000000000398,-36,75.88000000000056
100.245,0.23000000000000398,-36,75.88000000000056
100.245,0.23000000000000398,-36,75.88000000000056
100.245,0.23000000000000398,-36,75.88000000000056
100.245,0.23000000000000398,-39,76.22500000000036
100.25,0.21999999999999886,-39,76.03000000000065
100.25,0.21999999999999886,-40,76.14000000000078
100.255,0.20999999999999375,-38,76.150000000001
100.255,0.20999999999999375,-38,76.150000000001
100.255,0.20999999999999375,-38,76.150000000001
100.255,0.20999999999999375,-38,76.150000000001
100.255,0.20999999999999375,-38,76.150000000001
100.255,0.20999999999999375,-35,76.4650000000006
100.255,0.20999999999999375,-44,77.41000000000076
100.275,0.1700000000000017,-44,76.52999999999975
100.28999999999999,0.14000000000000057,-45,75.94000000000051
100.3,0.12000000000000455,-45,75.48999999999978
100.305,0.10999999999999943,-45,75.26499999999942
100.31,0.09999999999999432,-44,75.08999999999924
100.31,0.09999999999999432,-44,75.08999999999924
100.31,0.09999999999999432,-44,75.08999999999924
100.31,0.09999999999999432,-47,75.23999999999978
100.32,0.0799999999999983,-47,74.76999999999953
100.325,0.06999999999999318,-45,74.60499999999956
100.325,0.06999999999999318,-52,74.84999999999945
100.35,0.01999999999999602,-52,73.55000000000018
100.36500000000001,-0.010000000000005116,-52,72.76999999999953
100.375,-0.030000000000001137,-52,72.25
100.375,-0.030000000000001137,-52,72.25
100.375,-0.030000000000001137,-52,72.25
100.375,-0.030000000000001137,-51,72.23499999999967
100.375,-0.030000000000001137,-45,72.14499999999953
100.375,-0.030000000000001137,-45,72.14499999999953
100.375,-0.030000000000001137,-45,72.14499999999953
100.375,-0.030000000000001137,-45,72.14499999999953
100.375,-0.030000000000001137,-46,72.1299999999992
100.375,-0.030000000000001137,-46,72.1299999999992
100.375,-0.030000000000001137,-46,72.1299999999992
100.375,-0.030000000000001137,-46,72.1299999999992
100.375,-0.030000000000001137,-44,72.09999999999945
100.375,-0.030000000000001137,-44,72.09999999999945
100.375,-0.030000000000001137,-43,72.08499999999913
100.375,-0.030000000000001137,-43,72.08499999999913
100.375,-0.030000000000001137,-42,72.0699999999988
100.375,-0.030000000000001137,-44,72.03999999999905
100.375,-0.030000000000001137,-43,72.02499999999873
100.375,-0.030000000000001137,-43,72.02499999999873
100.375,-0.030000000000001137,-43,72.02499999999873
100.375,-0.030000000000001137,-43,72.02499999999873
100.375,-0.030000000000001137,-43,72.02499999999873
100.375,-0.030000000000001137,-43,72.02499999999873
100.375,-0.030000000000001137,-43,72.02499999999873
100.375,-0.030000000000001137,-44,72.0099999999984
100.375,-0.030000000000001137,-44,72.0099999999984
100.375,-0.030000000000001137,-44,72.0099999999984
100.38,-0.01999999999999602,-49,71.699999999998
100.38,-0.01999999999999602,-49,71.699999999998
100.38,-0.01999999999999602,-49,71.699999999998
100.38,-0.01999999999999602,-50,71.68999999999778
100.38,-0.01999999999999602,-50,71.68999999999778
100.38,-0.01999999999999602,-51,71.67999999999756
100.38,-0.01999999999999602,-52,71.66999999999734
100.385,-0.030000000000001137,-52,71.40999999999713
100.39,-0.03999999999999204,-52,71.14999999999782
100.39,-0.03999999999999204,-50,71.10999999999785
100.39,-0.03999999999999204,-50,71.10999999999785
100.39,-0.03999999999999204,-50,71.10999999999785
100.39,-0.03999999999999204,-48,71.06999999999789
100.39,-0.03999999999999204,-48,71.06999999999789
100.39,-0.03999999999999204,-47,71.04999999999836
100.39,-0.03999999999999204,-47,71.04999999999836
100.39,-0.03999999999999204,-56,70.86999999999807
100.41,-0.0799999999999983,-56,69.74999999999818
100.42,-0.09999999999999432,-58,69.08999999999833
100.435,-0.12999999999999545,-58,68.21999999999753
100.445,-0.14999999999999147,-58,67.63999999999851
100.445,-0.14999999999999147,-58,67.63999999999851
100.445,-0.14999999999999147,-58,67.63999999999851
100.445,-0.14999999999999147,-56,67.48999999999796
100.445,-0.14999999999999147,-57,67.41499999999814
100.445,-0.14999999999999147,-57,67.41499999999814
100.445,-0.14999999999999147,-57,67.41499999999814
100.445,-0.14999999999999147,-57,67.41499999999814
100.445,-0.14999999999999147,-57,67.41499999999814
100.445,-0.14999999999999147,-66,66.73999999999796
100.485,-0.22999999999998977,-66,64.09999999999764
100.505,-0.269999999999996,-66,62.779999999997926
100.515,-0.28999999999999204,-66,62.11999999999807
100.52000000000001,-0.29999999999999716,-66,61.789999999997235
100.525,-0.3100000000000023,-66,61.45999999999731
100.53,-0.3199999999999932,-69,60.64999999999782
100.545,-0.3499999999999943,-69,59.61499999999705
100.55000000000001,-0.35999999999999943,-72,58.729999999996835
100.57,-0.3999999999999915,-72,57.289999999998145
100.58000000000001,-0.4200000000000017,-72,56.56999999999607
100.58500000000001,-0.4299999999999926,-73,55.99499999999625
100.595,-0.44999999999998863,-72,55.039999999997235
100.595,-0.44999999999998863,-75,54.36499999999705
100.605,-0.46999999999999886,-75,53.61499999999705
100.61500000000001,-0.4899999999999949,-74,52.61999999999716
100.61500000000001,-0.4899999999999949,-73,52.37499999999727
100.61500000000001,-0.4899999999999949,-73,52.37499999999727
100.61500000000001,-0.4899999999999949,-73,52.37499999999727
100.61500000000001,-0.4899999999999949,-73,52.37499999999727
100.61500000000001,-0.4899999999999949,-73,52.37499999999727
100.61500000000001,-0.4899999999999949,-73,52.37499999999727
100.61500000000001,-0.4899999999999949,-73,52.37499999999727
100.61500000000001,-0.4899999999999949,-73,52.37499999999727
100.61500000000001,-0.4899999999999949,-73,52.37499999999727
100.61500000000001,-0.4899999999999949,-73,52.37499999999727
100.61500000000001,-0.4899999999999949,-73,52.37499999999727
100.61500000000001,-0.4899999999999949,-73,52.37499999999727
100.61500000000001,-0.4899999999999949,-73,52.37499999999727
100.61500000000001,-0.4899999999999949,-73,52.37499999999727
100.61500000000001,-0.4899999999999949,-73,52.37499999999727
100.61500000000001,-0.4899999999999949,-74,52.12999999999738
100.61500000000001,-0.4899999999999949,-74,52.12999999999738
100.61500000000001,-0.4899999999999949,-75,51.88499999999658
100.62,-0.5,-75,51.50999999999749
100.62,-0.5,-75,51.50999999999749
100.62,-0.5,-75,51.50999999999749
100.62,-0.5,-75,51.50999999999749
100.62,-0.5,-73,51.00999999999749
100.62,-0.5,-73,51.00999999999749
100.62,-0.5,-71,50.50999999999749
100.62,-0.5,-71,50.50999999999749
100.62,-0.5,-71,50.50999999999749
100.62,-0.5,-71,50.50999999999749
100.62,-0.5,-72,50.25999999999749
100.62,-0.5,-72,50.25999999999749
100.62,-0.5,-72,50.25999999999749
100.62,-0.5,-73,50.00999999999749
100.62,-0.5,-73,50.00999999999749
100.62,-0.5,-73,50.00999999999749
100.62,-0.5,-75,49.50999999999749
100.62,-0.5,-75,49.50999999999749
100.62,-0.5,-75,49.50999999999749
100.62,-0.5,-75,49.50999999999749
100.62,-0.5,-75,49.50999999999749
100.62,-0.5,-72,48.75999999999749
100.62,-0.5,-73,48.50999999999749
100.62,-0.5,-73,48.50999999999749
100.62,-0.5,-74,48.25999999999749
100.62,-0.5,-74,48.25999999999749
100.62,-0.5,-74,48.25999999999749
100.62,-0.5,-74,48.25999999999749
100.62,-0.5,-74,48.25999999999749
100.62,-0.5,-72,47.75999999999749
100.62,-0.5,-71,47.50999999999749
100.62,-0.5,-71,47.50999999999749
100.62,-0.5,-71,47.50999999999749
100.62,-0.5,-71,47.50999999999749
100.62,-0.5,-71,47.50999999999749
100.62,-0.5,-71,47.50999999999749
100.62,-0.5,-68,46.7599999999984
100.62,-0.5,-68,46.7599999999984
100.62,-0.5,-67,46.5099999999984
100.62,-0.5,-67,46.5099999999984
100.62,-0.5,-67,46.5099999999984
100.62,-0.5,-67,46.5099999999984
100.62,-0.5,-67,46.5099999999984
100.62,-0.5,-67,46.5099999999984
100.62,-0.5,-59,44.5099999999984
100.62,-0.5,-59,44.5099999999984
100.62,-0.5,-58,44.2599999999984
100.62,-0.5,-58,44.2599999999984
100.62,-0.5,-58,44.2599999999984
100.62,-0.5,-58,44.2599999999984
100.62,-0.5,-59,44.0099999999984
100.62,-0.5,-52,42.2599999999984
100.62,-0.5,-52,42.2599999999984
100.62,-0.5,-52,42.2599999999984
100.62,-0.5,-52,42.2599999999984
100.62,-0.5,-53,42.00999999999749
100.62,-0.5,-53,42.00999999999749
100.62,-0.5,-49,41.00999999999749
100.62,-0.5,-49,41.00999999999749
100.62,-0.5,-52,40.25999999999749
100.62,-0.5,-51,40.00999999999749
100.62,-0.5,-51,40.00999999999749
100.62,-0.5,-51,40.00999999999749
100.62,-0.5,-51,40.00999999999749
100.62,-0.5,-51,40.00999999999749
100.62,-0.5,-52,39.75999999999749
100.62,-0.5,-52,39.75999999999749
100.62,-0.5,-52,39.75999999999749
100.62,-0.5,-52,39.75999999999749
100.62,-0.5,-52,39.75999999999749
100.62,-0.5,-51,39.50999999999749
100.62,-0.5,-52,39.25999999999749
100.62,-0.5,-52,39.25999999999749
100.62,-0.5,-42,36.75999999999749
100.62,-0.5,-42,36.75999999999749
100.62,-0.5,-38,35.759999999997035
100.62,-0.5,-38,35.759999999997035
100.62,-0.5,-42,34.75999999999749
100.62,-0.5,-42,34.75999999999749
100.62,-0.5,-42,34.75999999999749
100.62,-0.5,-41,34.50999999999749
100.62,-0.5,-41,34.50999999999749
100.62,-0.5,-38,33.759999999997035
100.62,-0.5,-38,33.759999999997035
100.62,-0.5,-38,33.759999999997035
100.62,-0.5,-38,33.759999999997035
100.62,-0.5,-38,33.759999999997035
100.62,-0.5,-38,33.759999999997035
100.62,-0.5,-39,33.509999999997035
100.62,-0.5,-39,33.509999999997035
100.62,-0.5,-38,33.259999999997035
100.62,-0.5,-38,33.259999999997035
100.62,-0.5,-38,33.259999999997035
100.62,-0.5,-38,33.259999999997035
100.62,-0.5,-38,33.259999999997035
100.62,-0.5,-38,33.259999999997035
100.62,-0.5,-38,33.259999999997035
100.62,-0.5,-38,33.259999999997035
100.62,-0.5,-38,33.259999999997035
100.62,-0.5,-38,33.259999999997035
100.62,-0.5,-38,33.259999999997035
100.62,-0.5,-40,32.75999999999749
100.62,-0.5,-40,32.75999999999749
100.62,-0.5,-43,32.00999999999749
100.62,-0.5,-43,32.00999999999749
100.62,-0.5,-43,32.00999999999749
100.62,-0.5,-43,32.00999999999749
100.62,-0.5,-43,32.00999999999749
100.62,-0.5,-44,31.75999999999658
100.62,-0.5,-44,31.75999999999658
100.62,-0.5,-44,31.75999999999658
100.62,-0.5,-44,31.75999999999658
100.62,-0.5,-44,31.75999999999658
100.62,-0.5,-45,31.50999999999658
100.62,-0.5,-39,30.00999999999658
100.62,-0.5,-39,30.00999999999658
100.62,-0.5,-39,30.00999999999658
100.62,-0.5,-34,28.759999999997035
100.62,-0.5,-34,28.759999999997035
100.62,-0.5,-32,28.25999999999658
100.62,-0.5,-26,26.75999999999658
100.62,-0.5,-25,26.50999999999658
100.62,-0.5,-22,25.759999999996126
100.62,-0.5,-21,25.50999999999658
100.62,-0.5,-21,25.50999999999658
100.62,-0.5,-21,25.50999999999658
100.62,-0.5,-21,25.50999999999658
100.62,-0.5,-22,25.259999999996126
100.62,-0.5,-22,25.259999999996126
100.62,-0.5,-22,25.259999999996126
100.62,-0.5,-22,25.259999999996126
100.62,-0.5,-22,25.259999999996126
100.62,-0.5,-22,25.259999999996126
100.62,-0.5,-23,25.009999999996126
100.62,-0.5,-23,25.009999999996126
100.62,-0.5,-23,25.009999999996126
100.62,-0.5,-23,25.009999999996126
100.62,-0.5,-19,24.009999999996126
100.62,-0.5,-19,24.009999999996126
100.62,-0.5,-34,20.25999999999658
100.62,-0.5,-34,20.25999999999658
100.62,-0.5,-34,20.25999999999658
100.62,-0.5,-35,20.009999999996126
100.62,-0.5,-35,20.009999999996126
100.62,-0.5,-36,19.759999999996126
100.62,-0.5,-37,19.509999999996126
100.62,-0.5,-36,19.259999999996126
100.62,-0.5,-37,19.009999999996126
100.62,-0.5,-36,18.759999999996126
100.62,-0.5,-33,18.009999999996126
100.62,-0.5,-39,16.50999999999567
100.62,-0.5,-31,14.50999999999567
100.62,-0.5,-31,14.50999999999567
100.62,-0.5,-32,14.25999999999567
100.62,-0.5,-32,14.25999999999567
100.62,-0.5,-32,14.25999999999567
100.62,-0.5,-33,14.00999999999567
100.62,-0.5,-32,13.75999999999567
100.62,-0.5,-32,13.75999999999567
100.62,-0.5,-32,13.75999999999567
100.62,-0.5,-33,13.50999999999567
100.62,-0.5,-32,13.25999999999567
100.62,-0.5,-32,13.25999999999567
100.62,-0.5,-32,13.25999999999567
100.62,-0.5,-32,13.25999999999567
100.62,-0.5,-33,13.00999999999567
100.62,-0.5,-33,13.00999999999567
100.62,-0.5,-33,13.00999999999567
100.62,-0.5,-33,13.00999999999567
100.62,-0.5,-33,13.00999999999567
100.62,-0.5,-34,12.75999999999567
100.62,-0.5,-34,12.75999999999567
100.61500000000001,-0.4899999999999949,-27,11.194999999995161
100.61500000000001,-0.4899999999999949,-27,11.194999999995161
100.61500000000001,-0.4899999999999949,-27,11.194999999995161
100.61500000000001,-0.4899999999999949,-25,10.704999999995835
100.61500000000001,-0.4899999999999949,-26,10.459999999995489
100.61500000000001,-0.4899999999999949,-25,10.214999999995598
100.61500000000001,-0.4899999999999949,-24,9.969999999995252
100.61500000000001,-0.4899999999999949,-24,9.969999999995252
100.61500000000001,-0.4899999999999949,-24,9.969999999995252
100.61500000000001,-0.4899999999999949,-25,9.724999999995362
100.61500000000001,-0.4899999999999949,-27,9.234999999995125
100.62,-0.480000000000004,-29,8.599999999995362
100.62,-0.480000000000004,-29,8.599999999995362
100.62,-0.480000000000004,-29,8.599999999995362
100.62,-0.480000000000004,-29,8.599999999995362
100.62,-0.480000000000004,-29,8.599999999995362
100.62,-0.480000000000004,-28,8.359999999995125
100.62,-0.480000000000004,-29,8.119999999995343
100.62,-0.480000000000004,-29,8.119999999995343
100.62,-0.480000000000004,-29,8.119999999995343
100.62,-0.480000000000004,-29,8.119999999995343
100.62,-0.480000000000004,-29,8.119999999995343
100.62,-0.480000000000004,-29,8.119999999995343
100.62,-0.480000000000004,-34,6.919999999995525
100.62,-0.480000000000004,-35,6.679999999995289
100.62,-0.480000000000004,-35,6.679999999995289
100.62,-0.480000000000004,-35,6.679999999995289
100.62,-0.480000000000004,-35,6.679999999995289
100.62,-0.480000000000004,-35,6.679999999995289
100.62,-0.480000000000004,-35,6.679999999995289
100.62,-0.480000000000004,-36,6.439999999995507
100.62,-0.480000000000004,-36,6.439999999995507
100.62,-0.480000000000004,-36,6.439999999995507
100.62,-0.480000000000004,-36,6.439999999995507
100.62,-0.480000000000004,-36,6.439999999995507
100.62,-0.480000000000004,-37,6.199999999995725
100.62,-0.480000000000004,-37,6.199999999995725
100.62,-0.480000000000004,-36,5.959999999995489
100.62,-0.480000000000004,-33,5.239999999995689
100.62,-0.480000000000004,-33,5.239999999995689
100.62,-0.480000000000004,-33,5.239999999995689
100.62,-0.480000000000004,-33,5.239999999995689
100.62,-0.480000000000004,-33,5.239999999995689
100.62,-0.480000000000004,-34,4.999999999995907
100.62,-0.480000000000004,-38,4.039999999995416
100.62,-0.480000000000004,-38,4.039999999995416
100.62,-0.480000000000004,-38,4.039999999995416
100.62,-0.480000000000004,-38,4.039999999995416
100.62,-0.480000000000004,-34,3.0799999999958345
100.62,-0.480000000000004,-35,2.839999999995598
100.62,-0.480000000000004,-36,2.5999999999958163
100.62,-0.480000000000004,-37,2.3599999999960346
100.62,-0.480000000000004,-41,1.3999999999959982
100.62,-0.480000000000004,-41,1.3999999999959982
100.62,-0.480000000000004,-41,1.3999999999959982
100.62,-0.480000000000004,-41,1.3999999999959982
100.62,-0.480000000000004,-41,1.3999999999959982
100.62,-0.480000000000004,-41,1.3999999999959982
100.62,-0.480000000000004,-41,1.3999999999959982
100.62,-0.480000000000004,-40,1.1599999999957618
100.62,-0.480000000000004,-40,1.1599999999957618
100.62,-0.480000000000004,-40,1.1599999999957618
100.62,-0.480000000000004,-41,0.9199999999955253
100.62,-0.480000000000004,-41,0.9199999999955253
100.62,-0.480000000000004,-40,0.6799999999952888
100.62,-0.480000000000004,-40,0.6799999999952888
100.62,-0.480000000000004,-40,0.6799999999952888
100.62,-0.480000000000004,-44,-0.2800000000052023
100.62,-0.480000000000004,-45,-0.520000000004984
100.62,-0.480000000000004,-45,-0.520000000004984
100.62,-0.480000000000004,-45,-0.520000000004984
100.62,-0.480000000000004,-45,-0.520000000004984
100.62,-0.480000000000004,-45,-0.520000000004984
100.62,-0.480000000000004,-45,-0.520000000004984
100.62,-0.480000000000004,-45,-0.520000000004984
100.62,-0.480000000000004,-45,-0.520000000004984
100.62,-0.480000000000004,-45,-0.520000000004984
100.62,-0.480000000000004,-44,-0.7600000000047658
100.62,-0.480000000000004,-44,-0.7600000000047658
100.62,-0.480000000000004,-44,-0.7600000000047658
100.62,-0.480000000000004,-44,-0.7600000000047658
100.62,-0.480000000000004,-48,-1.7200000000048021
100.62,-0.480000000000004,-49,-1.9600000000045839
100.62,-0.480000000000004,-52,-2.680000000003929
100.62,-0.480000000000004,-52,-2.680000000003929
100.62,-0.480000000000004,-53,-2.9200000000046202
100.62,-0.480000000000004,-52,-3.1600000000034925
100.62,-0.480000000000004,-52,-3.1600000000034925
100.62,-0.480000000000004,-52,-3.1600000000034925
100.62,-0.480000000000004,-52,-3.1600000000034925
100.62,-0.480000000000004,-55,-3.880000000003747
100.62,-0.480000000000004,-55,-3.880000000003747
100.62,-0.480000000000004,-50,-5.080000000003565
100.62,-0.480000000000004,-50,-5.080000000003565
100.62,-0.480000000000004,-51,-5.320000000003347
100.62,-0.480000000000004,-55,-6.280000000004293
100.62,-0.480000000000004,-55,-6.280000000004293
100.62,-0.480000000000004,-55,-6.280000000004293
100.62,-0.480000000000004,-55,-6.280000000004293
100.62,-0.480000000000004,-55,-6.280000000004293
100.62,-0.480000000000004,-52,-7.000000000003638
100.62,-0.480000000000004,-52,-7.000000000003638
100.62,-0.480000000000004,-52,-7.000000000003638
100.62,-0.480000000000004,-52,-7.000000000003638
100.62,-0.480000000000004,-54,-7.480000000004111
100.62,-0.480000000000004,-53,-7.720000000003893
100.62,-0.480000000000004,-53,-7.720000000003893
100.62,-0.480000000000004,-53,-7.720000000003893
100.62,-0.480000000000004,-59,-9.160000000003492
100.62,-0.480000000000004,-59,-9.160000000003492
100.62,-0.480000000000004,-59,-9.160000000003492
100.62,-0.480000000000004,-59,-9.160000000003492
100.62,-0.480000000000004,-59,-9.160000000003492
100.62,-0.480000000000004,-59,-9.160000000003492
100.62,-0.480000000000004,-60,-9.400000000004184
100.62,-0.480000000000004,-60,-9.400000000004184
100.62,-0.480000000000004,-62,-9.880000000003747
100.62,-0.480000000000004,-62,-9.880000000003747
100.62,-0.480000000000004,-59,-10.600000000003092
100.62,-0.480000000000004,-59,-10.600000000003092
100.62,-0.480000000000004,-59,-10.600000000003092
100.62,-0.480000000000004,-59,-10.600000000003092
100.62,-0.480000000000004,-59,-10.600000000003092
100.62,-0.480000000000004,-59,-10.600000000003092
100.62,-0.480000000000004,-58,-10.840000000002874
100.62,-0.480000000000004,-58,-10.840000000002874
100.62,-0.480000000000004,-58,-10.840000000002874
100.62,-0.480000000000004,-58,-10.840000000002874
100.62,-0.480000000000004,-58,-10.840000000002874
100.62,-0.480000000000004,-53,-12.040000000003602
100.62,-0.480000000000004,-53,-12.040000000003602
100.62,-0.480000000000004,-53,-12.040000000003602
100.62,-0.480000000000004,-53,-12.040000000003602
100.62,-0.480000000000004,-53,-12.040000000003602
100.62,-0.480000000000004,-55,-12.520000000003165
100.62,-0.480000000000004,-55,-12.520000000003165
100.62,-0.480000000000004,-55,-12.520000000003165
100.62,-0.480000000000004,-60,-13.720000000003893
100.62,-0.480000000000004,-61,-13.960000000003674
100.62,-0.480000000000004,-61,-13.960000000003674
100.62,-0.480000000000004,-61,-13.960000000003674
100.62,-0.480000000000004,-61,-13.960000000003674
100.62,-0.480000000000004,-61,-13.960000000003674
100.62,-0.480000000000004,-64,-14.68000000000302
100.62,-0.480000000000004,-64,-14.68000000000302
100.62,-0.480000000000004,-64,-14.68000000000302
100.62,-0.480000000000004,-65,-14.920000000002801
100.62,-0.480000000000004,-68,-15.640000000002146
100.62,-0.480000000000004,-68,-15.640000000002146
100.62,-0.480000000000004,-70,-16.12000000000262
100.62,-0.480000000000004,-70,-16.12000000000262
100.62,-0.480000000000004,-70,-16.12000000000262
100.62,-0.480000000000004,-71,-16.3600000000024
100.62,-0.480000000000004,-71,-16.3600000000024
100.62,-0.480000000000004,-71,-16.3600000000024
100.62,-0.480000000000004,-71,-16.3600000000024
100.62,-0.480000000000004,-68,-17.080000000001746
100.62,-0.480000000000004,-68,-17.080000000001746
100.62,-0.480000000000004,-68,-17.080000000001746
100.62,-0.480000000000004,-68,-17.080000000001746
100.62,-0.480000000000004,-68,-17.080000000001746
100.62,-0.480000000000004,-68,-17.080000000001746
100.62,-0.480000000000004,-68,-17.080000000001746
100.62,-0.480000000000004,-68,-17.080000000001746
100.62,-0.480000000000004,-72,-18.040000000001783
100.62,-0.480000000000004,-72,-18.040000000001783
100.62,-0.480000000000004,-72,-18.040000000001783
100.62,-0.480000000000004,-72,-18.040000000001783
100.62,-0.480000000000004,-70,-18.520000000002256
100.62,-0.480000000000004,-70,-18.520000000002256
100.62,-0.480000000000004,-70,-18.520000000002256
100.62,-0.480000000000004,-71,-18.760000000002037
100.62,-0.480000000000004,-72,-19.00000000000182
100.62,-0.480000000000004,-74,-19.480000000001382
100.62,-0.480000000000004,-74,-19.480000000001382
100.62,-0.480000000000004,-74,-19.480000000001382
100.62,-0.480000000000004,-74,-19.480000000001382
100.62,-0.480000000000004,-74,-19.480000000001382
100.62,-0.480000000000004,-74,-19.480000000001382
100.62,-0.480000000000004,-74,-19.480000000001382
100.62,-0.480000000000004,-74,-19.480000000001382
100.62,-0.480000000000004,-74,-19.480000000001382
100.62,-0.480000000000004,-74,-19.480000000001382
100.62,-0.480000000000004,-74,-19.480000000001382
100.62,-0.480000000000004,-74,-19.480000000001382
100.62,-0.480000000000004,-74,-19.480000000001382
100.62,-0.480000000000004,-74,-19.480000000001382
100.62,-0.480000000000004,-74,-19.480000000001382
100.62,-0.480000000000004,-74,-19.480000000001382
100.62,-0.480000000000004,-78,-20.44000000000233
100.64,-0.5200000000000102,-78,-22.00000000000182
100.65,-0.5400000000000063,-78,-22.780000000002474
100.655,-0.5500000000000114,-79,-23.445000000001528
100.66499999999999,-0.5700000000000074,-79,-24.235000000000582
100.66499999999999,-0.5700000000000074,-79,-24.235000000000582
100.66499999999999,-0.5700000000000074,-79,-24.235000000000582
100.66499999999999,-0.5700000000000074,-79,-24.235000000000582
100.66499999999999,-0.5700000000000074,-79,-24.235000000000582
100.66499999999999,-0.5700000000000074,-79,-24.235000000000582
100.66499999999999,-0.5700000000000074,-78,-24.520000000000437
100.66499999999999,-0.5700000000000074,-78,-24.520000000000437
100.66499999999999,-0.5700000000000074,-78,-24.520000000000437
100.66499999999999,-0.5700000000000074,-78,-24.520000000000437
100.66499999999999,-0.5700000000000074,-78,-24.520000000000437
100.66499999999999,-0.5700000000000074,-78,-24.520000000000437
100.66499999999999,-0.5700000000000074,-78,-24.520000000000437
100.66499999999999,-0.5700000000000074,-79,-24.80500000000029
100.66499999999999,-0.5700000000000074,-80,-25.090000000000146
100.66999999999999,-0.5799999999999983,-79,-25.780000000000655
100.66999999999999,-0.5799999999999983,-79,-25.780000000000655
100.66999999999999,-0.5799999999999983,-78,-26.07000000000062
100.66999999999999,-0.5799999999999983,-78,-26.07000000000062
100.66999999999999,-0.5799999999999983,-79,-26.360000000000582
100.66999999999999,-0.5799999999999983,-82,-27.229999999999563
100.685,-0.6099999999999994,-78,-29.6800000000012
100.685,-0.6099999999999994,-81,-30.595000000001164
100.69,-0.6200000000000045,-80,-31.3100000000004
100.69,-0.6200000000000045,-86,-33.17000000000007
100.715,-0.6700000000000017,-91,-36.9950000000008
100.75,-0.7400000000000091,-91,-40.18000000000029
100.77,-0.7800000000000011,-91,-42.0
100.78,-0.8000000000000114,-91,-42.909999999999854
100.785,-0.8100000000000023,-91,-43.36499999999978
100.785,-0.8100000000000023,-91,-43.36499999999978
100.785,-0.8100000000000023,-91,-43.36499999999978
100.785,-0.8100000000000023,-92,-43.77000000000044
100.78999999999999,-0.8200000000000074,-92,-44.22999999999956
100.79499999999999,-0.8299999999999983,-92,-44.69000000000051
100.79499999999999,-0.8299999999999983,-92,-44.69000000000051
100.79499999999999,-0.8299999999999983,-92,-44.69000000000051
100.79499999999999,-0.8299999999999983,-91,-45.10499999999956
100.79499999999999,-0.8299999999999983,-90,-45.51999999999862
100.79499999999999,-0.8299999999999983,-81,-49.25499999999829
100.79499999999999,-0.8299999999999983,-82,-49.669999999998254
100.79499999999999,-0.8299999999999983,-82,-49.669999999998254
100.79499999999999,-0.8299999999999983,-82,-49.669999999998254
100.79499999999999,-0.8299999999999983,-82,-49.669999999998254
100.79499999999999,-0.8299999999999983,-82,-49.669999999998254
100.79499999999999,-0.8299999999999983,-82,-49.669999999998254
100.79499999999999,-0.8299999999999983,-86,-51.32999999999811
100.79499999999999,-0.8299999999999983,-86,-51.32999999999811
100.79499999999999,-0.8299999999999983,-86,-51.32999999999811
100.79499999999999,-0.8299999999999983,-86,-51.32999999999811
100.79499999999999,-0.8299999999999983,-86,-51.32999999999811
100.79499999999999,-0.8299999999999983,-86,-51.32999999999811
100.79499999999999,-0.8299999999999983,-80,-53.81999999999789
100.79499999999999,-0.8299999999999983,-80,-53.81999999999789
100.79499999999999,-0.8299999999999983,-80,-53.81999999999789
100.79499999999999,-0.8299999999999983,-81,-54.234999999997854
100.79499999999999,-0.8299999999999983,-85,-55.89499999999862
100.79499999999999,-0.8299999999999983,-85,-55.89499999999862
100.79499999999999,-0.8299999999999983,-85,-55.89499999999862
100.79499999999999,-0.8299999999999983,-86,-56.30999999999949
100.79499999999999,-0.8299999999999983,-86,-56.30999999999949
100.79499999999999,-0.8299999999999983,-86,-56.30999999999949
100.79499999999999,-0.8299999999999983,-86,-56.30999999999949
100.79499999999999,-0.8299999999999983,-86,-56.30999999999949
100.79499999999999,-0.8299999999999983,-86,-56.30999999999949
100.79499999999999,-0.8299999999999983,-87,-56.725000000000364
100.79499999999999,-0.8299999999999983,-86,-57.13999999999942
100.79499999999999,-0.8299999999999983,-86,-57.13999999999942
100.79499999999999,-0.8299999999999983,-87,-57.55500000000029
100.79499999999999,-0.8299999999999983,-87,-57.55500000000029
100.79499999999999,-0.8299999999999983,-87,-57.55500000000029
100.79499999999999,-0.8299999999999983,-87,-57.55500000000029
100.79499999999999,-0.8299999999999983,-87,-57.55500000000029
100.79499999999999,-0.8299999999999983,-86,-57.969999999999345
100.79499999999999,-0.8299999999999983,-86,-57.969999999999345
100.79499999999999,-0.8299999999999983,-90,-59.6299999999992
100.79499999999999,-0.8299999999999983,-90,-59.6299999999992
100.79499999999999,-0.8299999999999983,-90,-59.6299999999992
100.79499999999999,-0.8299999999999983,-95,-61.70499999999993
100.81,-0.8599999999999994,-95,-63.13000000000102
100.82,-0.8800000000000097,-95,-64.07999999999993
100.82499999999999,-0.8900000000000006,-95,-64.55499999999847
100.82499999999999,-0.8900000000000006,-96,-65.0
100.83,-0.9000000000000057,-97,-65.93000000000211
100.84,-0.9200000000000017,-98,-67.3600000000024
100.85,-0.9399999999999977,-98,-68.34000000000196
100.85499999999999,-0.9500000000000028,-99,-69.30500000000211
100.86,-0.960000000000008,-99,-69.80000000000291
100.865,-0.9699999999999989,-100,-70.78000000000429
100.87,-0.980000000000004,-97,-72.75000000000546
100.87,-0.980000000000004,-97,-72.75000000000546
100.87,-0.980000000000004,-97,-72.75000000000546
100.87,-0.980000000000004,-95,-73.7300000000032
100.87,-0.980000000000004,-96,-74.2200000000048
100.865,-0.9699999999999989,-91,-76.21500000000378
100.865,-0.9699999999999989,-91,-76.21500000000378
100.865,-0.9699999999999989,-91,-76.21500000000378
100.865,-0.9699999999999989,-98,-79.6100000000024
100.865,-0.9699999999999989,-98,-79.6100000000024
100.865,-0.9699999999999989,-98,-79.6100000000024
100.865,-0.9699999999999989,-96,-80.58000000000357
100.865,-0.9699999999999989,-95,-81.06500000000415
100.865,-0.9699999999999989,-95,-81.06500000000415
100.865,-0.9699999999999989,-95,-81.06500000000415
100.865,-0.9699999999999989,-95,-81.06500000000415
100.865,-0.9699999999999989,-94,-81.55000000000473
100.865,-0.9699999999999989,-93,-82.03500000000531
100.865,-0.9699999999999989,-93,-82.03500000000531
100.865,-0.9699999999999989,-93,-82.03500000000531
100.865,-0.9699999999999989,-93,-82.03500000000531
100.865,-0.9699999999999989,-93,-82.03500000000531
100.865,-0.9699999999999989,-93,-82.03500000000531
100.865,-0.9699999999999989,-93,-82.03500000000531
100.865,-0.9699999999999989,-104,-87.37000000000444
100.895,-1.0300000000000011,-100,-92.55000000000473
100.895,-1.0300000000000011,-100,-92.55000000000473
100.895,-1.0300000000000011,-101,-93.06500000000597
100.895,-1.0300000000000011,-97,-95.12500000000546
100.895,-1.0300000000000011,-97,-95.12500000000546
100.895,-1.0300000000000011,-96,-95.64000000000487
100.895,-1.0300000000000011,-96,-95.64000000000487
100.895,-1.0300000000000011,-96,-95.64000000000487
100.895,-1.0300000000000011,-96,-95.64000000000487
100.895,-1.0300000000000011,-96,-95.64000000000487
100.895,-1.0300000000000011,-96,-95.64000000000487
100.895,-1.0300000000000011,-96,-95.64000000000487
100.895,-1.0300000000000011,-94,-96.67000000000371
100.895,-1.0300000000000011,-94,-96.67000000000371
100.895,-1.0300000000000011,-94,-96.67000000000371
100.895,-1.0300000000000011,-94,-96.67000000000371
100.895,-1.0300000000000011,-94,-96.67000000000371
100.895,-1.0300000000000011,-91,-98.21500000000378
100.895,-1.0300000000000011,-91,-98.21500000000378
100.88499999999999,-1.0100000000000051,-82,-101.97000000000298
100.88499999999999,-1.0100000000000051,-82,-101.97000000000298
100.88499999999999,-1.0100000000000051,-82,-101.97000000000298
100.88499999999999,-1.0100000000000051,-82,-101.97000000000298
100.88499999999999,-1.0100000000000051,-82,-101.97000000000298
100.88499999999999,-1.0100000000000051,-82,-101.97000000000298
100.88499999999999,-1.0100000000000051,-77,-104.49500000000262
100.88499999999999,-1.0100000000000051,-72,-107.02000000000226
100.88499999999999,-1.0100000000000051,-74,-108.03000000000247
100.88499999999999,-1.0100000000000051,-72,-109.04000000000178
100.88499999999999,-1.0100000000000051,-72,-109.04000000000178
100.88499999999999,-1.0100000000000051,-72,-109.04000000000178
100.88499999999999,-1.0100000000000051,-72,-109.04000000000178
100.88499999999999,-1.0100000000000051,-72,-109.04000000000178
100.88499999999999,-1.0100000000000051,-72,-109.04000000000178
100.88499999999999,-1.0100000000000051,-72,-109.04000000000178
100.88499999999999,-1.0100000000000051,-72,-109.04000000000178
100.88499999999999,-1.0100000000000051,-73,-109.54500000000189
100.88499999999999,-1.0100000000000051,-73,-109.54500000000189
100.88499999999999,-1.0100000000000051,-73,-109.54500000000189
100.88499999999999,-1.0100000000000051,-72,-110.050000000002
100.88499999999999,-1.0100000000000051,-72,-110.050000000002
100.88499999999999,-1.0100000000000051,-72,-110.050000000002
100.88499999999999,-1.0100000000000051,-72,-110.050000000002
100.88499999999999,-1.0100000000000051,-72,-110.050000000002
100.88499999999999,-1.0100000000000051,-72,-110.050000000002
100.88499999999999,-1.0100000000000051,-69,-111.56500000000233
100.88499999999999,-1.0100000000000051,-69,-111.56500000000233
100.88499999999999,-1.0100000000000051,-69,-111.56500000000233
100.88499999999999,-1.0100000000000051,-69,-111.56500000000233
100.88499999999999,-1.0100000000000051,-69,-111.56500000000233
100.88499999999999,-1.0100000000000051,-69,-111.56500000000233
100.88499999999999,-1.0100000000000051,-69,-111.56500000000233
100.88499999999999,-1.0100000000000051,-69,-111.56500000000233
100.88499999999999,-1.0100000000000051,-70,-112.07000000000153
100.88499999999999,-1.0100000000000051,-70,-112.07000000000153
100.88499999999999,-1.0100000000000051,-70,-112.07000000000153
100.88499999999999,-1.0100000000000051,-70,-112.07000000000153
100.88499999999999,-1.0100000000000051,-70,-112.07000000000153
100.88499999999999,-1.0100000000000051,-75,-114.59500000000207
100.88499999999999,-1.0100000000000051,-79,-116.6150000000016
100.87,-0.980000000000004,-77,-116.44000000000324
100.87,-0.980000000000004,-78,-116.93000000000302
100.87,-0.980000000000004,-78,-116.93000000000302
100.87,-0.980000000000004,-77,-117.4200000000028
100.87,-0.980000000000004,-77,-117.4200000000028
100.87,-0.980000000000004,-77,-117.4200000000028
100.87,-0.980000000000004,-77,-117.4200000000028
100.87,-0.980000000000004,-77,-117.4200000000028
100.87,-0.980000000000004,-85,-121.34000000000378
100.87,-0.980000000000004,-89,-123.30000000000291
100.87,-0.980000000000004,-89,-123.30000000000291
100.87,-0.980000000000004,-90,-123.79000000000451
100.87,-0.980000000000004,-89,-124.28000000000429
100.87,-0.980000000000004,-90,-124.7700000000059
100.87,-0.980000000000004,-90,-124.7700000000059
100.87,-0.980000000000004,-90,-124.7700000000059
100.87,-0.980000000000004,-90,-124.7700000000059
100.875,-0.9699999999999989,-98,-129.18000000000393
100.875,-0.9699999999999989,-92,-132.09000000000378
100.875,-0.9699999999999989,-92,-132.09000000000378
100.875,-0.9699999999999989,-92,-132.09000000000378
100.875,-0.9699999999999989,-93,-132.57500000000437
100.875,-0.9699999999999989,-94,-133.06000000000495
100.875,-0.9699999999999989,-94,-133.06000000000495
100.875,-0.9699999999999989,-94,-133.06000000000495
100.875,-0.9699999999999989,-94,-133.06000000000495
100.875,-0.9699999999999989,-93,-133.54500000000553
100.875,-0.9699999999999989,-99,-136.45500000000538
100.875,-0.9699999999999989,-101,-137.42500000000473
100.89,-1.0,-100,-139.44000000000415
100.89,-1.0,-106,-142.44000000000415
100.92,-1.0600000000000023,-103,-147.21000000000458
100.92,-1.0600000000000023,-103,-147.21000000000458
100.92,-1.0600000000000023,-103,-147.21000000000458
100.92,-1.0600000000000023,-103,-147.21000000000458
100.92,-1.0600000000000023,-103,-147.21000000000458
100.92,-1.0600000000000023,-103,-147.21000000000458
100.92,-1.0600000000000023,-103,-147.21000000000458
100.92,-1.0600000000000023,-103,-147.21000000000458
100.92,-1.0600000000000023,-103,-147.21000000000458
100.92,-1.0600000000000023,-103,-147.21000000000458
100.92,-1.0600000000000023,-103,-147.21000000000458
100.92,-1.0600000000000023,-103,-147.21000000000458
100.92,-1.0600000000000023,-103,-147.21000000000458
100.92,-1.0600000000000023,-103,-147.21000000000458
100.92,-1.0600000000000023,-103,-147.21000000000458
100.92,-1.0600000000000023,-103,-147.21000000000458
100.92,-1.0600000000000023,-103,-147.21000000000458
100.92,-1.0600000000000023,-105,-148.27000000000407
100.93,-1.0799999999999983,-97,-153.64000000000487
100.93,-1.0799999999999983,-97,-153.64000000000487
100.93,-1.0799999999999983,-97,-153.64000000000487
100.92,-1.0600000000000023,-91,-155.89000000000306
100.92,-1.0600000000000023,-94,-157.4800000000032
100.92,-1.0600000000000023,-94,-157.4800000000032
100.92,-1.0600000000000023,-94,-157.4800000000032
100.92,-1.0600000000000023,-94,-157.4800000000032
100.92,-1.0600000000000023,-96,-158.5400000000027
100.92,-1.0600000000000023,-96,-158.5400000000027
100.92,-1.0600000000000023,-96,-158.5400000000027
100.92,-1.0600000000000023,-96,-158.5400000000027
100.92,-1.0600000000000023,-96,-158.5400000000027
100.92,-1.0600000000000023,-95,-159.07000000000335
100.92,-1.0600000000000023,-95,-159.07000000000335
100.92,-1.0600000000000023,-95,-159.07000000000335
100.92,-1.0600000000000023,-95,-159.07000000000335
100.92,-1.0600000000000023,-95,-159.07000000000335
100.92,-1.0600000000000023,-97,-160.13000000000284
100.92,-1.0600000000000023,-97,-160.13000000000284
100.92,-1.0600000000000023,-97,-160.13000000000284
100.92,-1.0600000000000023,-108,-165.96000000000276
100.945,-1.1099999999999994,-106,-169.77000000000226
100.945,-1.1099999999999994,-106,-169.77000000000226
100.945,-1.1099999999999994,-105,-170.32500000000073
100.945,-1.1099999999999994,-105,-170.32500000000073
100.945,-1.1099999999999994,-105,-170.32500000000073
100.945,-1.1099999999999994,-103,-171.4350000000013
100.945,-1.1099999999999994,-103,-171.4350000000013
100.945,-1.1099999999999994,-103,-171.4350000000013
100.945,-1.1099999999999994,-103,-171.4350000000013
100.945,-1.1099999999999994,-104,-171.9900000000016
100.945,-1.1099999999999994,-104,-171.9900000000016
100.945,-1.1099999999999994,-102,-173.10000000000218
100.945,-1.1099999999999994,-101,-173.65500000000247
100.945,-1.1099999999999994,-101,-173.65500000000247
100.945,-1.1099999999999994,-107,-176.9850000000024
100.95,-1.1200000000000045,-107,-177.52000000000226
100.955,-1.1299999999999955,-106,-178.62000000000262
100.955,-1.1299999999999955,-106,-178.62000000000262
100.955,-1.1299999999999955,-106,-178.62000000000262
100.955,-1.1299999999999955,-106,-178.62000000000262
100.955,-1.1299999999999955,-106,-178.62000000000262
100.955,-1.1299999999999955,-106,-178.62000000000262
100.955,-1.1299999999999955,-104,-179.75000000000364
100.955,-1.1299999999999955,-105,-180.31500000000415
100.955,-1.1299999999999955,-104,-180.88000000000466
100.955,-1.1299999999999955,-104,-180.88000000000466
100.955,-1.1299999999999955,-104,-180.88000000000466
100.955,-1.1299999999999955,-104,-180.88000000000466
100.955,-1.1299999999999955,-110,-184.27000000000407
100.955,-1.1299999999999955,-99,-190.7850000000053
100.955,-1.1299999999999955,-101,-191.9150000000045
100.955,-1.1299999999999955,-101,-191.9150000000045
100.955,-1.1299999999999955,-95,-195.30500000000575
100.955,-1.1299999999999955,-95,-195.30500000000575
100.955,-1.1299999999999955,-95,-195.30500000000575
100.955,-1.1299999999999955,-95,-195.30500000000575
100.955,-1.1299999999999955,-89,-198.69500000000517
100.955,-1.1299999999999955,-89,-198.69500000000517
100.955,-1.1299999999999955,-89,-198.69500000000517
100.955,-1.1299999999999955,-89,-198.69500000000517
100.955,-1.1299999999999955,-90,-199.2600000000075
100.955,-1.1299999999999955,-90,-199.2600000000075
100.955,-1.1299999999999955,-90,-199.2600000000075
100.955,-1.1299999999999955,-90,-199.2600000000075
100.955,-1.1299999999999955,-90,-199.2600000000075
100.955,-1.1299999999999955,-90,-199.2600000000075
100.955,-1.1299999999999955,-90,-199.2600000000075
100.955,-1.1299999999999955,-92,-200.3900000000067
100.955,-1.1299999999999955,-92,-200.3900000000067
100.955,-1.1299999999999955,-92,-200.3900000000067
100.955,-1.1299999999999955,-91,-200.9550000000072
100.955,-1.1299999999999955,-91,-200.9550000000072
100.955,-1.1299999999999955,-91,-200.9550000000072
100.955,-1.1299999999999955,-97,-204.34500000000662
100.955,-1.1299999999999955,-97,-204.34500000000662
100.955,-1.1299999999999955,-96,-204.91000000000713
100.955,-1.1299999999999955,-96,-204.91000000000713
100.955,-1.1299999999999955,-96,-204.91000000000713
100.955,-1.1299999999999955,-96,-204.91000000000713
100.955,-1.1299999999999955,-96,-204.91000000000713
100.955,-1.1299999999999955,-98,-206.04000000000633
100.955,-1.1299999999999955,-98,-206.04000000000633
100.955,-1.1299999999999955,-98,-206.04000000000633
100.955,-1.1299999999999955,-98,-206.04000000000633
100.955,-1.1299999999999955,-97,-206.60500000000684
100.955,-1.1299999999999955,-96,-207.17000000000735
100.955,-1.1299999999999955,-96,-207.17000000000735
100.955,-1.1299999999999955,-96,-207.17000000000735
100.955,-1.1299999999999955,-96,-207.17000000000735
100.955,-1.1299999999999955,-99,-208.86500000000706
100.955,-1.1299999999999955,-99,-208.86500000000706
100.955,-1.1299999999999955,-99,-208.86500000000706
100.955,-1.1299999999999955,-99,-208.86500000000706
100.955,-1.1299999999999955,-99,-208.86500000000706
100.955,-1.1299999999999955,-99,-208.86500000000706
100.955,-1.1299999999999955,-98,-209.43000000000757
100.955,-1.1299999999999955,-99,-209.99500000000808
100.955,-1.1299999999999955,-99,-209.99500000000808
100.955,-1.1299999999999955,-99,-209.99500000000808
100.955,-1.1299999999999955,-99,-209.99500000000808
100.955,-1.1299999999999955,-100,-210.56000000000859
100.955,-1.1299999999999955,-100,-210.56000000000859
100.955,-1.1299999999999955,-100,-210.56000000000859
100.955,-1.1299999999999955,-100,-210.56000000000859
100.955,-1.1299999999999955,-100,-210.56000000000859
100.955,-1.1299999999999955,-100,-210.56000000000859
100.955,-1.1299999999999955,-100,-210.56000000000859
100.955,-1.1299999999999955,-99,-211.1250000000091
100.955,-1.1299999999999955,-101,-212.2550000000083
100.955,-1.1299999999999955,-101,-212.2550000000083
100.955,-1.1299999999999955,-101,-212.2550000000083
100.955,-1.1299999999999955,-101,-212.2550000000083
100.955,-1.1299999999999955,-101,-212.2550000000083
100.955,-1.1299999999999955,-101,-212.2550000000083
100.955,-1.1299999999999955,-99,-213.3850000000093
100.955,-1.1299999999999955,-99,-213.3850000000093
100.955,-1.1299999999999955,-103,-215.64500000000953
100.955,-1.1299999999999955,-104,-216.21000000001004
100.955,-1.1299999999999955,-104,-216.21000000001004
100.955,-1.1299999999999955,-104,-216.21000000001004
100.955,-1.1299999999999955,-102,-217.34000000001106
100.955,-1.1299999999999955,-102,-217.34000000001106
100.955,-1.1299999999999955,-102,-217.34000000001106
100.955,-1.1299999999999955,-102,-217.34000000001106
100.955,-1.1299999999999955,-104,-218.47000000001026
100.955,-1.1299999999999955,-104,-218.47000000001026
100.955,-1.1299999999999955,-104,-218.47000000001026
100.955,-1.1299999999999955,-104,-218.47000000001026
100.955,-1.1299999999999955,-104,-218.47000000001026
100.955,-1.1299999999999955,-105,-219.03500000001077
100.955,-1.1299999999999955,-105,-219.03500000001077
100.955,-1.1299999999999955,-102,-220.73000000001048
100.955,-1.1299999999999955,-102,-220.73000000001048
100.955,-1.1299999999999955,-99,-222.4250000000102
100.955,-1.1299999999999955,-100,-222.9900000000107
100.96000000000001,-1.1199999999999903,-101,-224.06000000001222
100.96000000000001,-1.1199999999999903,-102,-224.62000000001171
100.96000000000001,-1.1199999999999903,-101,-225.18000000001302
100.96000000000001,-1.1199999999999903,-101,-225.18000000001302
100.96000000000001,-1.1199999999999903,-101,-225.18000000001302
100.96000000000001,-1.1199999999999903,-101,-225.18000000001302
100.96000000000001,-1.1199999999999903,-100,-225.74000000001251
100.96000000000001,-1.1199999999999903,-99,-226.30000000001382
100.96000000000001,-1.1199999999999903,-99,-226.30000000001382
100.96000000000001,-1.1199999999999903,-99,-226.30000000001382
100.96000000000001,-1.1199999999999903,-95,-228.5400000000136
100.96000000000001,-1.1199999999999903,-95,-228.5400000000136
100.96000000000001,-1.1199999999999903,-96,-229.1000000000131
100.96000000000001,-1.1199999999999903,-96,-229.1000000000131
100.96000000000001,-1.1199999999999903,-96,-229.1000000000131
100.96000000000001,-1.1199999999999903,-96,-229.1000000000131
100.96000000000001,-1.1199999999999903,-96,-229.1000000000131
100.96000000000001,-1.1199999999999903,-96,-229.1000000000131
100.96000000000001,-1.1199999999999903,-96,-229.1000000000131
100.96000000000001,-1.1199999999999903,-96,-229.1000000000131
100.96000000000001,-1.1199999999999903,-96,-229.1000000000131
100.96000000000001,-1.1199999999999903,-96,-229.1000000000131
100.96000000000001,-1.1199999999999903,-96,-229.1000000000131
100.96000000000001,-1.1199999999999903,-97,-229.6600000000144
100.96000000000001,-1.1199999999999903,-97,-229.6600000000144
100.96000000000001,-1.1199999999999903,-97,-229.6600000000144
100.96000000000001,-1.1199999999999903,-97,-229.6600000000144
100.96000000000001,-1.1199999999999903,-97,-229.6600000000144
100.96000000000001,-1.1199999999999903,-97,-229.6600000000144
100.96000000000001,-1.1199999999999903,-95,-230.7800000000152
100.96000000000001,-1.1199999999999903,-91,-233.020000000015
100.96000000000001,-1.1199999999999903,-91,-233.020000000015
100.96000000000001,-1.1199999999999903,-91,-233.020000000015
100.96000000000001,-1.1199999999999903,-91,-233.020000000015
100.96000000000001,-1.1199999999999903,-88,-234.70000000001528
100.96000000000001,-1.1199999999999903,-88,-234.70000000001528
100.96000000000001,-1.1199999999999903,-88,-234.70000000001528
100.96000000000001,-1.1199999999999903,-82,-238.06000000001495
100.96000000000001,-1.1199999999999903,-82,-238.06000000001495
100.96000000000001,-1.1199999999999903,-82,-238.06000000001495
100.96000000000001,-1.1199999999999903,-83,-238.62000000001444
100.96000000000001,-1.1199999999999903,-83,-238.62000000001444
100.96000000000001,-1.1199999999999903,-83,-238.62000000001444
100.96000000000001,-1.1199999999999903,-83,-238.62000000001444
100.96000000000001,-1.1199999999999903,-79,-240.86000000001513
100.96000000000001,-1.1199999999999903,-79,-240.86000000001513
100.96000000000001,-1.1199999999999903,-79,-240.86000000001513
100.96000000000001,-1.1199999999999903,-79,-240.86000000001513
100.96000000000001,-1.1199999999999903,-79,-240.86000000001513
100.96000000000001,-1.1199999999999903,-72,-244.7800000000152
100.96000000000001,-1.1199999999999903,-72,-244.7800000000152
100.96000000000001,-1.1199999999999903,-72,-244.7800000000152
100.96000000000001,-1.1199999999999903,-72,-244.7800000000152
100.96000000000001,-1.1199999999999903,-72,-244.7800000000152
100.95500000000001,-1.1099999999999994,-65,-248.3450000000148
100.95500000000001,-1.1099999999999994,-65,-248.3450000000148
100.95500000000001,-1.1099999999999994,-65,-248.3450000000148
100.95500000000001,-1.1099999999999994,-65,-248.3450000000148
100.95500000000001,-1.1099999999999994,-61,-250.56500000001506
100.95500000000001,-1.1099999999999994,-60,-251.12000000001535
100.95500000000001,-1.1099999999999994,-60,-251.12000000001535
100.95500000000001,-1.1099999999999994,-60,-251.12000000001535
100.95500000000001,-1.1099999999999994,-60,-251.12000000001535
100.95,-1.0999999999999943,-54,-254.14000000001488
100.95,-1.0999999999999943,-53,-254.69000000001506
100.95,-1.0999999999999943,-53,-254.69000000001506
100.95,-1.0999999999999943,-53,-254.69000000001506
100.95,-1.0999999999999943,-53,-254.69000000001506
100.95,-1.0999999999999943,-51,-255.79000000001452
100.95,-1.0999999999999943,-51,-255.79000000001452
100.95,-1.0999999999999943,-50,-256.3400000000147
100.95,-1.0999999999999943,-51,-256.8900000000149
100.95,-1.0999999999999943,-51,-256.8900000000149
100.95,-1.0999999999999943,-51,-256.8900000000149
100.95,-1.0999999999999943,-53,-257.99000000001524
100.95,-1.0999999999999943,-53,-257.99000000001524
100.95,-1.0999999999999943,-53,-257.99000000001524
100.95,-1.0999999999999943,-53,-257.99000000001524
100.95,-1.0999999999999943,-58,-260.74000000001524
100.95,-1.0999999999999943,-47,-266.7900000000154
100.95,-1.0999999999999943,-47,-266.7900000000154
100.95,-1.0999999999999943,-46,-267.3400000000147
100.95,-1.0999999999999943,-46,-267.3400000000147
100.95,-1.0999999999999943,-46,-267.3400000000147
100.95,-1.0999999999999943,-45,-267.8900000000149
100.95,-1.0999999999999943,-45,-267.8900000000149
100.95,-1.0999999999999943,-45,-267.8900000000149
100.95,-1.0999999999999943,-43,-268.99000000001524
100.95,-1.0999999999999943,-44,-269.5400000000154
100.95,-1.0999999999999943,-41,-271.19000000001506
100.95,-1.0999999999999943,-42,-271.7400000000157
100.95,-1.0999999999999943,-41,-272.29000000001497
100.95,-1.0999999999999943,-41,-272.29000000001497
100.95,-1.0999999999999943,-41,-272.29000000001497
100.95,-1.0999999999999943,-39,-273.39000000001533
100.95,-1.0999999999999943,-39,-273.39000000001533
100.95,-1.0999999999999943,-39,-273.39000000001533
100.95,-1.0999999999999943,-37,-274.49000000001524
100.95,-1.0999999999999943,-36,-275.0400000000154
100.95,-1.0999999999999943,-32,-277.24000000001524
100.95,-1.0999999999999943,-31,-277.7900000000154
100.95,-1.0999999999999943,-31,-277.7900000000154
100.95,-1.0999999999999943,-31,-277.7900000000154
100.95,-1.0999999999999943,-30,-278.34000000001515
100.95,-1.0999999999999943,-33,-279.9900000000148
100.95,-1.0999999999999943,-36,-281.64000000001533
100.95,-1.0999999999999943,-36,-281.64000000001533
100.95,-1.0999999999999943,-35,-282.19000000001506
100.95,-1.0999999999999943,-37,-283.29000000001497
100.95,-1.0999999999999943,-37,-283.29000000001497
100.95,-1.0999999999999943,-37,-283.29000000001497
100.95,-1.0999999999999943,-37,-283.29000000001497
100.95,-1.0999999999999943,-36,-283.84000000001515
100.95,-1.0999999999999943,-37,-284.3900000000149
100.95,-1.0999999999999943,-38,-284.9400000000146
100.95,-1.0999999999999943,-38,-284.9400000000146
100.95,-1.0999999999999943,-38,-284.9400000000146
100.95,-1.0999999999999943,-37,-285.4900000000148
100.95,-1.0999999999999943,-36,-286.04000000001497
100.95,-1.0999999999999943,-36,-286.04000000001497
100.95,-1.0999999999999943,-35,-286.5900000000147
100.95,-1.0999999999999943,-35,-286.5900000000147
100.95,-1.0999999999999943,-35,-286.5900000000147
100.95,-1.0999999999999943,-35,-286.5900000000147
100.95,-1.0999999999999943,-35,-286.5900000000147
100.95,-1.0999999999999943,-34,-287.1400000000149
100.95,-1.0999999999999943,-35,-287.6900000000146
100.95,-1.0999999999999943,-34,-288.2400000000148
100.95,-1.0999999999999943,-37,-289.8900000000144
100.95,-1.0999999999999943,-37,-289.8900000000144
100.95,-1.0999999999999943,-35,-290.99000000001433
100.955,-1.0900000000000034,-37,-292.2750000000142
100.955,-1.0900000000000034,-37,-292.2750000000142
100.955,-1.0900000000000034,-38,-292.82000000001426
100.955,-1.0900000000000034,-37,-293.36500000001433
100.955,-1.0900000000000034,-37,-293.36500000001433
100.955,-1.0900000000000034,-37,-293.36500000001433
100.955,-1.0900000000000034,-37,-293.36500000001433
100.955,-1.0900000000000034,-36,-293.9100000000144
100.955,-1.0900000000000034,-36,-293.9100000000144
100.955,-1.0900000000000034,-36,-293.9100000000144
100.955,-1.0900000000000034,-36,-293.9100000000144
100.955,-1.0900000000000034,-36,-293.9100000000144
100.955,-1.0900000000000034,-36,-293.9100000000144
100.955,-1.0900000000000034,-36,-293.9100000000144
100.955,-1.0900000000000034,-29,-297.72500000001446
100.955,-1.0900000000000034,-29,-297.72500000001446
100.955,-1.0900000000000034,-29,-297.72500000001446
100.955,-1.0900000000000034,-28,-298.2700000000141
100.955,-1.0900000000000034,-28,-298.2700000000141
100.955,-1.0900000000000034,-27,-298.81500000001415
100.955,-1.0900000000000034,-27,-298.81500000001415
100.955,-1.0900000000000034,-26,-299.3600000000142
100.955,-1.0900000000000034,-27,-299.9050000000143
100.955,-1.0900000000000034,-27,-299.9050000000143
100.955,-1.0900000000000034,-30,-301.5400000000145
100.955,-1.0900000000000034,-31,-302.0850000000146
100.955,-1.0900000000000034,-32,-302.63000000001466
100.955,-1.0900000000000034,-38,-305.90000000001464
100.955,-1.0900000000000034,-38,-305.90000000001464
100.955,-1.0900000000000034,-38,-305.90000000001464
100.955,-1.0900000000000034,-38,-305.90000000001464
100.955,-1.0900000000000034,-38,-305.90000000001464
100.955,-1.0900000000000034,-38,-305.90000000001464
100.955,-1.0900000000000034,-38,-305.90000000001464
100.955,-1.0900000000000034,-47,-310.80500000001484
100.955,-1.0900000000000034,-47,-310.80500000001484
100.955,-1.0900000000000034,-47,-310.80500000001484
100.955,-1.0900000000000034,-51,-312.9850000000142
100.955,-1.0900000000000034,-51,-312.9850000000142
100.955,-1.0900000000000034,-53,-314.07500000001437
100.955,-1.0900000000000034,-55,-315.1650000000145
100.955,-1.0900000000000034,-54,-315.7100000000146
100.955,-1.0900000000000034,-47,-319.5250000000151
100.955,-1.0900000000000034,-41,-322.7950000000146
100.955,-1.0900000000000034,-43,-323.8850000000143
100.955,-1.0900000000000034,-43,-323.8850000000143
100.955,-1.0900000000000034,-41,-324.97500000001446
100.955,-1.0900000000000034,-41,-324.97500000001446
100.955,-1.0900000000000034,-41,-324.97500000001446
100.955,-1.0900000000000034,-41,-324.97500000001446
100.955,-1.0900000000000034,-37,-327.15500000001475
100.955,-1.0900000000000034,-37,-327.15500000001475
100.955,-1.0900000000000034,-33,-329.3350000000146
100.955,-1.0900000000000034,-32,-329.88000000001466
100.955,-1.0900000000000034,-35,-331.5150000000144
100.955,-1.0900000000000034,-35,-331.5150000000144
100.955,-1.0900000000000034,-35,-331.5150000000144
100.955,-1.0900000000000034,-35,-331.5150000000144
100.955,-1.0900000000000034,-35,-331.5150000000144
100.955,-1.0900000000000034,-36,-332.06000000001495
100.955,-1.0900000000000034,-37,-332.605000000015
100.955,-1.0900000000000034,-37,-332.605000000015
100.955,-1.0900000000000034,-35,-333.6950000000147
100.955,-1.0900000000000034,-35,-333.6950000000147
100.955,-1.0900000000000034,-35,-333.6950000000147
100.955,-1.0900000000000034,-35,-333.6950000000147
100.955,-1.0900000000000034,-35,-333.6950000000147
100.955,-1.0900000000000034,-35,-333.6950000000147
100.955,-1.0900000000000034,-35,-333.6950000000147
100.955,-1.0900000000000034,-35,-333.6950000000147
100.955,-1.0900000000000034,-35,-333.6950000000147
100.955,-1.0900000000000034,-35,-333.6950000000147
100.955,-1.0900000000000034,-38,-335.33000000001493
100.955,-1.0900000000000034,-34,-337.51000000001477
100.955,-1.0900000000000034,-33,-338.05500000001484
100.955,-1.0900000000000034,-34,-338.6000000000149
100.955,-1.0900000000000034,-34,-338.6000000000149
100.955,-1.0900000000000034,-34,-338.6000000000149
100.955,-1.0900000000000034,-34,-338.6000000000149
100.955,-1.0900000000000034,-34,-338.6000000000149
100.955,-1.0900000000000034,-34,-338.6000000000149
100.955,-1.0900000000000034,-33,-339.145000000015
100.955,-1.0900000000000034,-33,-339.145000000015
100.955,-1.0900000000000034,-34,-339.69000000001506
100.955,-1.0900000000000034,-34,-339.69000000001506
100.955,-1.0900000000000034,-34,-339.69000000001506
100.955,-1.0900000000000034,-34,-339.69000000001506
100.955,-1.0900000000000034,-34,-339.69000000001506
100.955,-1.0900000000000034,-31,-341.3250000000153
100.955,-1.0900000000000034,-31,-341.3250000000153
100.955,-1.0900000000000034,-31,-341.3250000000153
100.955,-1.0900000000000034,-31,-341.3250000000153
100.955,-1.0900000000000034,-32,-341.87000000001535
100.955,-1.0900000000000034,-32,-341.87000000001535
100.955,-1.0900000000000034,-31,-342.4150000000154
100.955,-1.0900000000000034,-31,-342.4150000000154
100.955,-1.0900000000000034,-31,-342.4150000000154
100.955,-1.0900000000000034,-35,-344.59500000001526
100.955,-1.0900000000000034,-41,-347.86500000001524
100.955,-1.0900000000000034,-41,-347.86500000001524
100.955,-1.0900000000000034,-41,-347.86500000001524
100.955,-1.0900000000000034,-41,-347.86500000001524
100.955,-1.0900000000000034,-41,-347.86500000001524
100.955,-1.0900000000000034,-41,-347.86500000001524
100.955,-1.0900000000000034,-41,-347.86500000001524
100.955,-1.0900000000000034,-41,-347.86500000001524
100.955,-1.0900000000000034,-41,-347.86500000001524
100.955,-1.0900000000000034,-42,-348.4100000000153
100.955,-1.0900000000000034,-42,-348.4100000000153
100.955,-1.0900000000000034,-42,-348.4100000000153
100.955,-1.0900000000000034,-42,-348.4100000000153
100.955,-1.0900000000000034,-41,-348.9550000000154
100.955,-1.0900000000000034,-41,-348.9550000000154
100.955,-1.0900000000000034,-40,-349.50000000001546
100.955,-1.0900000000000034,-39,-350.04500000001553
100.955,-1.0900000000000034,-40,-350.5900000000156
100.955,-1.0900000000000034,-39,-351.1350000000157
100.955,-1.0900000000000034,-39,-351.1350000000157
100.955,-1.0900000000000034,-39,-351.1350000000157
100.955,-1.0900000000000034,-39,-351.1350000000157
100.955,-1.0900000000000034,-39,-351.1350000000157
100.955,-1.0900000000000034,-39,-351.1350000000157
100.955,-1.0900000000000034,-39,-351.1350000000157
100.955,-1.0900000000000034,-39,-351.1350000000157
100.955,-1.0900000000000034,-39,-351.1350000000157
100.955,-1.0900000000000034,-39,-351.1350000000157
100.955,-1.0900000000000034,-39,-351.1350000000157
100.955,-1.0900000000000034,-39,-351.1350000000157
100.955,-1.0900000000000034,-39,-351.1350000000157
100.955,-1.0900000000000034,-40,-351.68000000001575
100.955,-1.0900000000000034,-40,-351.68000000001575
100.955,-1.0900000000000034,-41,-352.2250000000158
100.955,-1.0900000000000034,-44,-353.8600000000156
100.955,-1.0900000000000034,-44,-353.8600000000156
100.955,-1.0900000000000034,-51,-357.67500000001564
100.955,-1.0900000000000034,-53,-358.7650000000158
100.955,-1.0900000000000034,-53,-358.7650000000158
100.955,-1.0900000000000034,-53,-358.7650000000158
100.955,-1.0900000000000034,-53,-358.7650000000158
100.955,-1.0900000000000034,-53,-358.7650000000158
100.955,-1.0900000000000034,-53,-358.7650000000158
100.955,-1.0900000000000034,-53,-358.7650000000158
100.96000000000001,-1.0799999999999983,-56,-360.6600000000162
100.96000000000001,-1.0799999999999983,-56,-360.6600000000162
100.96000000000001,-1.0799999999999983,-56,-360.6600000000162
100.96000000000001,-1.0799999999999983,-56,-360.6600000000162
100.96000000000001,-1.0799999999999983,-56,-360.6600000000162
100.96000000000001,-1.0799999999999983,-56,-360.6600000000162
100.96000000000001,-1.0799999999999983,-56,-360.6600000000162
100.96000000000001,-1.0799999999999983,-55,-361.2000000000162
100.96000000000001,-1.0799999999999983,-57,-362.2800000000161
100.96000000000001,-1.0799999999999983,-57,-362.2800000000161
100.96000000000001,-1.0799999999999983,-58,-362.8200000000161
100.96000000000001,-1.0799999999999983,-55,-364.44000000001597
100.96000000000001,-1.0799999999999983,-55,-364.44000000001597
100.96000000000001,-1.0799999999999983,-55,-364.44000000001597
100.96000000000001,-1.0799999999999983,-55,-364.44000000001597
100.96000000000001,-1.0799999999999983,-55,-364.44000000001597
100.96000000000001,-1.0799999999999983,-60,-367.1400000000158
100.96000000000001,-1.0799999999999983,-59,-367.68000000001575
100.96000000000001,-1.0799999999999983,-59,-367.68000000001575
100.96000000000001,-1.0799999999999983,-59,-367.68000000001575
100.96000000000001,-1.0799999999999983,-59,-367.68000000001575
100.96000000000001,-1.0799999999999983,-58,-368.2200000000157
100.96000000000001,-1.0799999999999983,-58,-368.2200000000157
100.96000000000001,-1.0799999999999983,-56,-369.30000000001564
100.96000000000001,-1.0799999999999983,-56,-369.30000000001564
100.96000000000001,-1.0799999999999983,-56,-369.30000000001564
100.96000000000001,-1.0799999999999983,-56,-369.30000000001564
100.96000000000001,-1.0799999999999983,-56,-369.30000000001564
100.96000000000001,-1.0799999999999983,-56,-369.30000000001564
100.96000000000001,-1.0799999999999983,-53,-370.92000000001553
100.96000000000001,-1.0799999999999983,-52,-371.4600000000155
100.96000000000001,-1.0799999999999983,-52,-371.4600000000155
100.96000000000001,-1.0799999999999983,-51,-372.00000000001546
100.96000000000001,-1.0799999999999983,-51,-372.00000000001546
100.96000000000001,-1.0799999999999983,-51,-372.00000000001546
100.96000000000001,-1.0799999999999983,-51,-372.00000000001546
100.96000000000001,-1.0799999999999983,-51,-372.00000000001546
100.96000000000001,-1.0799999999999983,-46,-374.7000000000162
100.96000000000001,-1.0799999999999983,-46,-374.7000000000162
100.96000000000001,-1.0799999999999983,-46,-374.7000000000162
100.96000000000001,-1.0799999999999983,-49,-376.32000000001517
100.96000000000001,-1.0799999999999983,-52,-377.94000000001506
100.96000000000001,-1.0799999999999983,-52,-377.94000000001506
100.96000000000001,-1.0799999999999983,-52,-377.94000000001506
100.96000000000001,-1.0799999999999983,-53,-378.480000000015
100.96000000000001,-1.0799999999999983,-54,-379.020000000015
100.96000000000001,-1.0799999999999983,-54,-379.020000000015
100.96000000000001,-1.0799999999999983,-57,-380.6400000000149
100.96000000000001,-1.0799999999999983,-57,-380.6400000000149
100.96000000000001,-1.0799999999999983,-56,-381.18000000001484
100.96000000000001,-1.0799999999999983,-56,-381.18000000001484
100.96000000000001,-1.0799999999999983,-56,-381.18000000001484
100.96000000000001,-1.0799999999999983,-56,-381.18000000001484
100.96000000000001,-1.0799999999999983,-56,-381.18000000001484
100.96000000000001,-1.0799999999999983,-60,-383.3400000000147
100.96000000000001,-1.0799999999999983,-61,-383.88000000001466
100.96000000000001,-1.0799999999999983,-61,-383.88000000001466
100.96000000000001,-1.0799999999999983,-67,-387.12000000001444
100.96000000000001,-1.0799999999999983,-67,-387.12000000001444
100.96000000000001,-1.0799999999999983,-67,-387.12000000001444
100.96000000000001,-1.0799999999999983,-66,-387.6600000000144
100.96000000000001,-1.0799999999999983,-66,-387.6600000000144
100.96000000000001,-1.0799999999999983,-66,-387.6600000000144
100.96000000000001,-1.0799999999999983,-61,-390.3600000000142
100.96000000000001,-1.0799999999999983,-61,-390.3600000000142
100.96000000000001,-1.0799999999999983,-62,-390.9000000000142
100.96000000000001,-1.0799999999999983,-62,-390.9000000000142
100.96000000000001,-1.0799999999999983,-62,-390.9000000000142
100.96000000000001,-1.0799999999999983,-61,-391.44000000001415
100.96000000000001,-1.0799999999999983,-61,-391.44000000001415
100.96000000000001,-1.0799999999999983,-61,-391.44000000001415
100.96000000000001,-1.0799999999999983,-57,-393.600000000014
100.96000000000001,-1.0799999999999983,-59,-394.68000000001393
100.96000000000001,-1.0799999999999983,-59,-394.68000000001393
100.96000000000001,-1.0799999999999983,-59,-394.68000000001393
100.96000000000001,-1.0799999999999983,-59,-394.68000000001393
100.96000000000001,-1.0799999999999983,-59,-394.68000000001393
100.96000000000001,-1.0799999999999983,-59,-394.68000000001393
100.96000000000001,-1.0799999999999983,-62,-396.3000000000138
100.96000000000001,-1.0799999999999983,-70,-400.62000000001444
100.96000000000001,-1.0799999999999983,-73,-402.24000000001433
100.96000000000001,-1.0799999999999983,-73,-402.24000000001433
100.96000000000001,-1.0799999999999983,-77,-404.4000000000142
100.96000000000001,-1.0799999999999983,-77,-404.4000000000142
100.96000000000001,-1.0799999999999983,-77,-404.4000000000142
100.965,-1.0699999999999932,-88,-410.74000000001433
100.965,-1.0699999999999932,-88,-410.74000000001433
100.965,-1.0699999999999932,-90,-411.81000000001404
100.965,-1.0699999999999932,-90,-411.81000000001404
100.965,-1.0699999999999932,-90,-411.81000000001404
100.965,-1.0699999999999932,-89,-412.3450000000139
100.965,-1.0699999999999932,-89,-412.3450000000139
100.965,-1.0699999999999932,-90,-412.88000000001375
100.965,-1.0699999999999932,-90,-412.88000000001375
100.965,-1.0699999999999932,-90,-412.88000000001375
100.965,-1.0699999999999932,-88,-413.95000000001346
100.965,-1.0699999999999932,-88,-413.95000000001346
100.965,-1.0699999999999932,-86,-415.02000000001317
100.965,-1.0699999999999932,-86,-415.02000000001317
100.965,-1.0699999999999932,-85,-415.555000000013
100.965,-1.0699999999999932,-85,-415.555000000013
100.965,-1.0699999999999932,-89,-417.69500000001426
100.965,-1.0699999999999932,-89,-417.69500000001426
100.965,-1.0699999999999932,-89,-417.69500000001426
100.965,-1.0699999999999932,-89,-417.69500000001426
100.965,-1.0699999999999932,-90,-418.2300000000141
100.965,-1.0699999999999932,-90,-418.2300000000141
100.965,-1.0699999999999932,-90,-418.2300000000141
100.965,-1.0699999999999932,-88,-419.3000000000138
100.965,-1.0699999999999932,-88,-419.3000000000138
100.965,-1.0699999999999932,-88,-419.3000000000138
100.965,-1.0699999999999932,-88,-419.3000000000138
100.965,-1.0699999999999932,-88,-419.3000000000138
100.965,-1.0699999999999932,-89,-419.8350000000137
100.965,-1.0699999999999932,-90,-420.37000000001353
100.965,-1.0699999999999932,-90,-420.37000000001353
100.965,-1.0699999999999932,-92,-421.44000000001324
100.965,-1.0699999999999932,-92,-421.44000000001324
100.965,-1.0699999999999932,-92,-421.44000000001324
100.965,-1.0699999999999932,-92,-421.44000000001324
100.965,-1.0699999999999932,-92,-421.44000000001324
100.965,-1.0699999999999932,-88,-423.58000000001266
100.965,-1.0699999999999932,-88,-423.58000000001266
100.965,-1.0699999999999932,-88,-423.58000000001266
100.965,-1.0699999999999932,-88,-423.58000000001266
100.965,-1.0699999999999932,-91,-425.1850000000122
100.965,-1.0699999999999932,-91,-425.1850000000122
100.965,-1.0699999999999932,-91,-425.1850000000122
100.965,-1.0699999999999932,-91,-425.1850000000122
100.965,-1.0699999999999932,-91,-425.1850000000122
100.965,-1.0699999999999932,-92,-425.7200000000121
100.965,-1.0699999999999932,-93,-426.25500000001193
100.965,-1.0699999999999932,-98,-428.9300000000112
100.965,-1.0699999999999932,-98,-428.9300000000112
100.965,-1.0699999999999932,-98,-428.9300000000112
100.965,-1.0699999999999932,-98,-428.9300000000112
100.965,-1.0699999999999932,-98,-428.9300000000112
100.965,-1.0699999999999932,-94,-431.07000000001244
100.965,-1.0699999999999932,-94,-431.07000000001244
100.965,-1.0699999999999932,-94,-431.07000000001244
100.965,-1.0699999999999932,-99,-433.7450000000117
100.965,-1.0699999999999932,-99,-433.7450000000117
100.965,-1.0699999999999932,-99,-433.7450000000117
100.965,-1.0699999999999932,-104,-436.4200000000128
100.97,-1.0799999999999983,-106,-438.02000000001135
100.98,-1.0999999999999943,-106,-439.08000000001266
100.98500000000001,-1.1099999999999994,-106,-439.6100000000133
100.99000000000001,-1.1199999999999903,-106,-440.14000000001215
100.99000000000001,-1.1199999999999903,-106,-440.14000000001215
100.99000000000001,-1.1199999999999903,-106,-440.14000000001215
100.99000000000001,-1.1199999999999903,-106,-440.14000000001215
100.99000000000001,-1.1199999999999903,-106,-440.14000000001215
100.99000000000001,-1.1199999999999903,-97,-445.180000000013
100.99000000000001,-1.1199999999999903,-103,-448.5400000000136
100.99000000000001,-1.1199999999999903,-104,-449.1000000000131
100.99000000000001,-1.1199999999999903,-104,-449.1000000000131
100.99000000000001,-1.1199999999999903,-102,-450.2200000000139
100.99000000000001,-1.1199999999999903,-102,-450.2200000000139
100.99000000000001,-1.1199999999999903,-102,-450.2200000000139
100.99000000000001,-1.1199999999999903,-102,-450.2200000000139
100.99000000000001,-1.1199999999999903,-102,-450.2200000000139
100.99000000000001,-1.1199999999999903,-102,-450.2200000000139
100.99000000000001,-1.1199999999999903,-103,-450.7800000000134
100.99000000000001,-1.1199999999999903,-103,-450.7800000000134
100.99000000000001,-1.1199999999999903,-103,-450.7800000000134
100.99000000000001,-1.1199999999999903,-104,-451.3400000000129
100.99000000000001,-1.1199999999999903,-104,-451.3400000000129
100.99000000000001,-1.1199999999999903,-104,-451.3400000000129
100.99000000000001,-1.1199999999999903,-104,-451.3400000000129
100.99000000000001,-1.1199999999999903,-106,-452.46000000001186
100.99000000000001,-1.1199999999999903,-106,-452.46000000001186
100.99000000000001,-1.1199999999999903,-99,-456.38000000001193
100.99000000000001,-1.1199999999999903,-100,-456.9400000000114
100.99000000000001,-1.1199999999999903,-101,-457.50000000001273
100.99000000000001,-1.1199999999999903,-103,-458.6200000000117
100.99000000000001,-1.1199999999999903,-101,-459.7400000000125
100.99000000000001,-1.1199999999999903,-108,-463.6600000000126
101.0,-1.1399999999999864,-106,-465.8800000000101
101.0,-1.1399999999999864,-107,-466.4500000000098
101.0,-1.1399999999999864,-106,-467.02000000000953
101.0,-1.1399999999999864,-106,-467.02000000000953
101.0,-1.1399999999999864,-105,-467.59000000000924
101.0,-1.1399999999999864,-105,-467.59000000000924
101.0,-1.1399999999999864,-105,-467.59000000000924
101.0,-1.1399999999999864,-105,-467.59000000000924
101.0,-1.1399999999999864,-105,-467.59000000000924
101.0,-1.1399999999999864,-105,-467.59000000000924
101.0,-1.1399999999999864,-104,-468.16000000000895
101.0,-1.1399999999999864,-104,-468.16000000000895
101.0,-1.1399999999999864,-103,-468.73000000000866
101.0,-1.1399999999999864,-103,-468.73000000000866
101.0,-1.1399999999999864,-103,-468.73000000000866
101.0,-1.1399999999999864,-103,-468.73000000000866
101.0,-1.1399999999999864,-103,-468.73000000000866
101.0,-1.1399999999999864,-103,-468.73000000000866
101.0,-1.1399999999999864,-103,-468.73000000000866
101.0,-1.1399999999999864,-100,-470.4400000000078
101.0,-1.1399999999999864,-93,-474.43000000000757
101.0,-1.1399999999999864,-93,-474.43000000000757
101.0,-1.1399999999999864,-93,-474.43000000000757
101.0,-1.1399999999999864,-99,-477.85000000000764
101.0,-1.1399999999999864,-98,-478.42000000000735
101.0,-1.1399999999999864,-98,-478.42000000000735
101.0,-1.1399999999999864,-97,-478.99000000000706
101.0,-1.1399999999999864,-98,-479.56000000000677
101.0,-1.1399999999999864,-101,-481.2700000000059
101.0,-1.1399999999999864,-101,-481.2700000000059
101.0,-1.1399999999999864,-101,-481.2700000000059
101.0,-1.1399999999999864,-101,-481.2700000000059
101.0,-1.1399999999999864,-100,-481.8400000000056
101.0,-1.1399999999999864,-100,-481.8400000000056
101.0,-1.1399999999999864,-100,-481.8400000000056
101.0,-1.1399999999999864,-100,-481.8400000000056
101.0,-1.1399999999999864,-101,-482.4100000000053
101.0,-1.1399999999999864,-101,-482.4100000000053
101.0,-1.1399999999999864,-101,-482.4100000000053
101.0,-1.1399999999999864,-101,-482.4100000000053
100.995,-1.1299999999999955,-100,-482.480000000005
100.995,-1.1299999999999955,-100,-482.480000000005
100.995,-1.1299999999999955,-100,-482.480000000005
100.995,-1.1299999999999955,-100,-482.480000000005
100.995,-1.1299999999999955,-100,-482.480000000005
100.995,-1.1299999999999955,-102,-483.6100000000042
100.995,-1.1299999999999955,-102,-483.6100000000042
100.995,-1.1299999999999955,-102,-483.6100000000042
100.995,-1.1299999999999955,-101,-484.17500000000473
100.995,-1.1299999999999955,-101,-484.17500000000473
100.995,-1.1299999999999955,-105,-486.43500000000495
100.995,-1.1299999999999955,-105,-486.43500000000495
100.995,-1.1299999999999955,-105,-486.43500000000495
100.995,-1.1299999999999955,-104,-487.00000000000364
100.995,-1.1299999999999955,-104,-487.00000000000364
100.995,-1.1299999999999955,-102,-488.13000000000466
100.995,-1.1299999999999955,-102,-488.13000000000466
100.995,-1.1299999999999955,-102,-488.13000000000466
100.995,-1.1299999999999955,-104,-489.26000000000386
100.995,-1.1299999999999955,-105,-489.82500000000437
100.995,-1.1299999999999955,-111,-493.2150000000038
101.02000000000001,-1.1799999999999926,-111,-495.99000000000524
101.03,-1.1999999999999886,-111,-497.100000000004
101.035,-1.2099999999999937,-111,-497.6550000000043
101.035,-1.2099999999999937,-112,-498.26000000000386
101.045,-1.2299999999999898,-112,-499.38000000000466
101.05000000000001,-1.2399999999999949,-112,-499.94000000000597
101.05000000000001,-1.2399999999999949,-111,-500.56000000000495
101.05000000000001,-1.2399999999999949,-111,-500.56000000000495
101.05000000000001,-1.2399999999999949,-111,-500.56000000000495
101.05000000000001,-1.2399999999999949,-111,-500.56000000000495
101.05000000000001,-1.2399999999999949,-111,-500.56000000000495
101.05000000000001,-1.2399999999999949,-111,-500.56000000000495
101.05000000000001,-1.2399999999999949,-111,-500.56000000000495
101.05000000000001,-1.2399999999999949,-111,-500.56000000000495
101.05000000000001,-1.2399999999999949,-112,-501.18000000000575
101.05000000000001,-1.2399999999999949,-112,-501.18000000000575
101.05000000000001,-1.2399999999999949,-112,-501.18000000000575
101.05000000000001,-1.2399999999999949,-110,-502.42000000000553
101.05000000000001,-1.2399999999999949,-106,-504.9000000000051
101.05000000000001,-1.2399999999999949,-106,-504.9000000000051
101.05000000000001,-1.2399999999999949,-106,-504.9000000000051
101.05000000000001,-1.2399999999999949,-106,-504.9000000000051
101.05000000000001,-1.2399999999999949,-107,-505.5200000000041
101.05000000000001,-1.2399999999999949,-107,-505.5200000000041
101.05000000000001,-1.2399999999999949,-107,-505.5200000000041
101.05000000000001,-1.2399999999999949,-108,-506.1400000000049
101.05000000000001,-1.2399999999999949,-108,-506.1400000000049
101.05000000000001,-1.2399999999999949,-112,-508.62000000000626
101.05000000000001,-1.2399999999999949,-112,-508.62000000000626
101.05000000000001,-1.2399999999999949,-112,-508.62000000000626
101.05000000000001,-1.2399999999999949,-111,-509.24000000000524
101.05000000000001,-1.2399999999999949,-112,-509.86000000000604
101.05000000000001,-1.2399999999999949,-112,-509.86000000000604
101.05000000000001,-1.2399999999999949,-112,-509.86000000000604
101.05000000000001,-1.2399999999999949,-112,-509.86000000000604
101.05000000000001,-1.2399999999999949,-112,-509.86000000000604
101.05000000000001,-1.2399999999999949,-112,-509.86000000000604
101.05000000000001,-1.2399999999999949,-112,-509.86000000000604
101.05000000000001,-1.2399999999999949,-111,-510.480000000005
101.05000000000001,-1.2399999999999949,-110,-511.1000000000058
101.05000000000001,-1.2399999999999949,-110,-511.1000000000058
101.05000000000001,-1.2399999999999949,-112,-512.3400000000056
101.05000000000001,-1.2399999999999949,-112,-512.3400000000056
101.05000000000001,-1.2399999999999949,-112,-512.3400000000056
101.05000000000001,-1.2399999999999949,-112,-512.3400000000056
101.05000000000001,-1.2399999999999949,-112,-512.3400000000056
101.05000000000001,-1.2399999999999949,-112,-512.3400000000056
101.05000000000001,-1.2399999999999949,-112,-512.3400000000056
101.05000000000001,-1.2399999999999949,-113,-512.9600000000046
101.055,-1.25,-113,-513.5250000000033
101.06,-1.259999999999991,-113,-514.0900000000038
101.06,-1.259999999999991,-113,-514.0900000000038
101.06,-1.259999999999991,-105,-519.1300000000047
101.06,-1.259999999999991,-105,-519.1300000000047
101.06,-1.259999999999991,-105,-519.1300000000047
101.06,-1.259999999999991,-104,-519.7600000000039
101.06,-1.259999999999991,-101,-521.6500000000033
101.06,-1.259999999999991,-101,-521.6500000000033
101.06,-1.259999999999991,-102,-522.2800000000043
101.06,-1.259999999999991,-104,-523.5400000000027
101.06,-1.259999999999991,-105,-524.1700000000037
101.06,-1.259999999999991,-108,-526.0600000000013
101.06,-1.259999999999991,-108,-526.0600000000013
101.06,-1.259999999999991,-108,-526.0600000000013
101.06,-1.259999999999991,-108,-526.0600000000013
101.06,-1.259999999999991,-110,-527.3200000000015
101.06,-1.259999999999991,-111,-527.9500000000007
101.06,-1.259999999999991,-111,-527.9500000000007
101.06,-1.259999999999991,-113,-529.210000000001
101.06,-1.259999999999991,-113,-529.210000000001
101.06,-1.259999999999991,-113,-529.210000000001
101.06,-1.259999999999991,-113,-529.210000000001
101.06,-1.259999999999991,-113,-529.210000000001
101.06,-1.259999999999991,-110,-531.1000000000004
101.06,-1.259999999999991,-111,-531.7299999999996
101.06,-1.259999999999991,-111,-531.7299999999996
101.06,-1.259999999999991,-111,-531.7299999999996
101.06,-1.259999999999991,-110,-532.3600000000006
101.06,-1.259999999999991,-111,-532.9899999999998
101.06,-1.259999999999991,-111,-532.9899999999998
101.06,-1.259999999999991,-111,-532.9899999999998
101.06,-1.259999999999991,-111,-532.9899999999998
101.06,-1.259999999999991,-111,-532.9899999999998
101.06,-1.259999999999991,-111,-532.9899999999998
101.06,-1.259999999999991,-111,-532.9899999999998
101.06,-1.259999999999991,-111,-532.9899999999998
101.06,-1.259999999999991,-111,-532.9899999999998
101.06,-1.259999999999991,-110,-533.6200000000008
101.06,-1.259999999999991,-110,-533.6200000000008
101.06,-1.259999999999991,-110,-533.6200000000008
101.06,-1.259999999999991,-106,-536.1400000000012
101.06,-1.259999999999991,-106,-536.1400000000012
101.06,-1.259999999999991,-106,-536.1400000000012
101.06,-1.259999999999991,-106,-536.1400000000012
101.06,-1.259999999999991,-106,-536.1400000000012
101.06,-1.259999999999991,-105,-536.7700000000023
101.06,-1.259999999999991,-105,-536.7700000000023
101.06,-1.259999999999991,-105,-536.7700000000023
101.06,-1.259999999999991,-105,-536.7700000000023
101.06,-1.259999999999991,-105,-536.7700000000023
101.06,-1.259999999999991,-105,-536.7700000000023
101.06,-1.259999999999991,-105,-536.7700000000023
101.06,-1.259999999999991,-105,-536.7700000000023
101.06,-1.259999999999991,-104,-537.4000000000015
101.06,-1.259999999999991,-102,-538.6600000000017
101.06,-1.259999999999991,-102,-538.6600000000017
101.06,-1.259999999999991,-102,-538.6600000000017
101.06,-1.259999999999991,-102,-538.6600000000017
101.06,-1.259999999999991,-102,-538.6600000000017
101.06,-1.259999999999991,-102,-538.6600000000017
101.06,-1.259999999999991,-105,-540.5500000000011
101.06,-1.259999999999991,-105,-540.5500000000011
101.06,-1.259999999999991,-103,-541.8099999999995
101.06,-1.259999999999991,-103,-541.8099999999995
101.06,-1.259999999999991,-103,-541.8099999999995
101.06,-1.259999999999991,-103,-541.8099999999995
101.06,-1.259999999999991,-106,-543.6999999999989
101.06,-1.259999999999991,-106,-543.6999999999989
101.06,-1.259999999999991,-106,-543.6999999999989
101.06,-1.259999999999991,-106,-543.6999999999989
101.06,-1.259999999999991,-106,-543.6999999999989
101.06,-1.259999999999991,-107,-544.3299999999981
101.06,-1.259999999999991,-105,-545.5899999999983
101.06,-1.259999999999991,-105,-545.5899999999983
101.06,-1.259999999999991,-105,-545.5899999999983
101.06,-1.259999999999991,-105,-545.5899999999983
101.06,-1.259999999999991,-108,-547.4799999999959
101.06,-1.259999999999991,-105,-549.3699999999972
101.06,-1.259999999999991,-105,-549.3699999999972
101.06,-1.259999999999991,-105,-549.3699999999972
101.06,-1.259999999999991,-105,-549.3699999999972
101.06,-1.259999999999991,-104,-549.9999999999964
101.06,-1.259999999999991,-102,-551.2599999999966
101.06,-1.259999999999991,-102,-551.2599999999966
101.06,-1.259999999999991,-102,-551.2599999999966
101.06,-1.259999999999991,-102,-551.2599999999966
101.06,-1.259999999999991,-102,-551.2599999999966
101.06,-1.259999999999991,-100,-552.519999999995
101.06,-1.259999999999991,-100,-552.519999999995
101.06,-1.259999999999991,-100,-552.519999999995
101.06,-1.259999999999991,-97,-554.4099999999944
101.06,-1.259999999999991,-98,-555.0399999999954
101.06,-1.259999999999991,-98,-555.0399999999954
101.06,-1.259999999999991,-98,-555.0399999999954
101.06,-1.259999999999991,-98,-555.0399999999954
101.06,-1.259999999999991,-97,-555.6699999999946
101.06,-1.259999999999991,-98,-556.2999999999956
101.06,-1.259999999999991,-99,-556.9299999999948
101.06,-1.259999999999991,-106,-561.3399999999947
101.06,-1.259999999999991,-106,-561.3399999999947
101.06,-1.259999999999991,-106,-561.3399999999947
101.06,-1.259999999999991,-105,-561.9699999999957
101.06,-1.259999999999991,-98,-566.3799999999956
101.06,-1.259999999999991,-98,-566.3799999999956
101.06,-1.259999999999991,-98,-566.3799999999956
101.06,-1.259999999999991,-98,-566.3799999999956
101.06,-1.259999999999991,-98,-566.3799999999956
101.06,-1.259999999999991,-97,-567.0099999999948
101.06,-1.259999999999991,-99,-568.269999999995
101.06,-1.259999999999991,-99,-568.269999999995
101.06,-1.259999999999991,-99,-568.269999999995
101.06,-1.259999999999991,-95,-570.7899999999954
101.06,-1.259999999999991,-95,-570.7899999999954
101.06,-1.259999999999991,-95,-570.7899999999954
101.06,-1.259999999999991,-94,-571.4199999999946
101.06,-1.259999999999991,-92,-572.6799999999948
101.065,-1.25,-97,-576.314999999995
101.065,-1.25,-97,-576.314999999995
101.065,-1.25,-97,-576.314999999995
101.065,-1.25,-103,-580.064999999995
101.065,-1.25,-103,-580.064999999995
101.065,-1.25,-103,-580.064999999995
101.065,-1.25,-97,-583.814999999995
101.065,-1.25,-98,-584.4399999999932
101.065,-1.25,-98,-584.4399999999932
101.065,-1.25,-98,-584.4399999999932
101.065,-1.25,-98,-584.4399999999932
101.065,-1.25,-98,-584.4399999999932
101.065,-1.25,-98,-584.4399999999932
101.065,-1.25,-98,-584.4399999999932
101.065,-1.25,-102,-586.9399999999932
101.065,-1.25,-102,-586.9399999999932
101.065,-1.25,-102,-586.9399999999932
101.065,-1.25,-102,-586.9399999999932
101.065,-1.25,-102,-586.9399999999932
101.065,-1.25,-102,-586.9399999999932
101.065,-1.25,-103,-587.5649999999932
101.065,-1.25,-102,-588.1899999999932
101.065,-1.25,-102,-588.1899999999932
101.065,-1.25,-102,-588.1899999999932
101.065,-1.25,-103,-588.8149999999932
101.065,-1.25,-103,-588.8149999999932
101.065,-1.25,-103,-588.8149999999932
101.065,-1.25,-107,-591.3149999999932
101.065,-1.25,-104,-593.1899999999932
101.065,-1.25,-107,-595.0649999999932
101.065,-1.25,-106,-595.6899999999932
101.065,-1.25,-102,-598.1899999999932
101.065,-1.25,-102,-598.1899999999932
101.065,-1.25,-102,-598.1899999999932
101.065,-1.25,-102,-598.1899999999932
101.065,-1.25,-102,-598.1899999999932
101.065,-1.25,-102,-598.1899999999932
101.065,-1.25,-101,-598.814999999995
101.065,-1.25,-100,-599.439999999995
101.065,-1.25,-101,-600.064999999995
101.065,-1.25,-101,-600.064999999995
101.065,-1.25,-100,-600.689999999995
101.065,-1.25,-100,-600.689999999995
101.065,-1.25,-98,-601.9399999999932
101.065,-1.25,-98,-601.9399999999932
101.065,-1.25,-98,-601.9399999999932
101.065,-1.25,-102,-604.4399999999932
101.065,-1.25,-102,-604.4399999999932
101.065,-1.25,-105,-606.3149999999932
101.065,-1.25,-118,-614.439999999995
101.095,-1.3100000000000023,-119,-618.6349999999948
101.11,-1.3400000000000034,-111,-625.7799999999934
101.11,-1.3400000000000034,-114,-627.7899999999936
101.11,-1.3400000000000034,-114,-627.7899999999936
101.11,-1.3400000000000034,-114,-627.7899999999936
101.11,-1.3400000000000034,-114,-627.7899999999936
101.11,-1.3400000000000034,-114,-627.7899999999936
101.11,-1.3400000000000034,-116,-629.1299999999956
101.11,-1.3400000000000034,-116,-629.1299999999956
101.11,-1.3400000000000034,-116,-629.1299999999956
101.11,-1.3400000000000034,-116,-629.1299999999956
101.11,-1.3400000000000034,-117,-629.7999999999956
101.11,-1.3400000000000034,-117,-629.7999999999956
101.11,-1.3400000000000034,-120,-631.8099999999959
101.125,-1.3700000000000045,-121,-634.2949999999946
101.13499999999999,-1.3900000000000006,-121,-635.5049999999937
101.14,-1.4000000000000057,-121,-636.1099999999951
101.145,-1.4099999999999966,-125,-639.5349999999944
101.16499999999999,-1.4500000000000028,-125,-642.0349999999926
101.175,-1.4699999999999989,-125,-643.2849999999944
101.18,-1.480000000000004,-125,-643.9099999999944
101.185,-1.490000000000009,-125,-644.5349999999944
101.19,-1.5,-125,-645.1599999999944
101.19,-1.5,-125,-645.1599999999944
101.19,-1.5,-125,-645.1599999999944
101.19,-1.5,-125,-645.1599999999944
101.19,-1.5,-125,-645.1599999999944
101.19,-1.5,-125,-645.1599999999944
101.19,-1.5,-124,-645.9099999999944
101.19,-1.5,-124,-645.9099999999944
101.19,-1.5,-131,-651.1599999999944
101.22,-1.5600000000000023,-130,-655.8699999999953
101.22999999999999,-1.5799999999999983,-130,-657.1699999999928
101.235,-1.5900000000000034,-130,-657.8199999999943
101.235,-1.5900000000000034,-131,-658.6149999999943
101.245,-1.6099999999999994,-132,-660.7299999999941
101.25,-1.6200000000000045,-132,-661.389999999994
101.255,-1.6299999999999955,-132,-662.0499999999938
101.255,-1.6299999999999955,-132,-662.0499999999938
101.255,-1.6299999999999955,-134,-663.6799999999948
101.265,-1.6500000000000057,-134,-665.019999999995
101.275,-1.6700000000000017,-134,-666.3599999999951
101.28,-1.6800000000000068,-136,-668.7099999999955
101.28999999999999,-1.7000000000000028,-136,-670.0699999999943
101.295,-1.710000000000008,-136,-670.7499999999964
101.3,-1.7199999999999989,-137,-672.2899999999954
101.305,-1.730000000000004,-137,-672.9749999999967
101.31,-1.740000000000009,-136,-674.5299999999952
101.31,-1.740000000000009,-137,-675.399999999996
101.31,-1.740000000000009,-137,-675.399999999996
101.31,-1.740000000000009,-130,-681.4899999999961
101.31,-1.740000000000009,-130,-681.4899999999961
101.31,-1.740000000000009,-129,-682.3599999999951
101.31,-1.740000000000009,-130,-683.2299999999959
101.31,-1.740000000000009,-130,-683.2299999999959
101.31,-1.740000000000009,-130,-683.2299999999959
101.31,-1.740000000000009,-131,-684.0999999999949
101.31,-1.740000000000009,-131,-684.0999999999949
101.31,-1.740000000000009,-141,-692.7999999999956
101.33,-1.7800000000000011,-141,-695.6199999999953
101.34,-1.7999999999999972,-141,-697.0299999999952
101.345,-1.8100000000000023,-141,-697.7349999999951
101.345,-1.8100000000000023,-140,-698.639999999994
101.345,-1.8100000000000023,-141,-699.5449999999946
101.345,-1.8100000000000023,-141,-699.5449999999946
101.345,-1.8100000000000023,-141,-699.5449999999946
101.345,-1.8100000000000023,-141,-699.5449999999946
101.345,-1.8100000000000023,-145,-703.1649999999936
101.37,-1.8599999999999994,-145,-706.7899999999954
101.38,-1.8799999999999955,-145,-708.2399999999925
101.38499999999999,-1.8900000000000006,-145,-708.9649999999929
101.38499999999999,-1.8900000000000006,-145,-708.9649999999929
101.38499999999999,-1.8900000000000006,-145,-708.9649999999929
101.39,-1.8799999999999955,-147,-711.5899999999947
101.405,-1.9099999999999966,-140,-720.4799999999959
101.405,-1.9099999999999966,-139,-721.4349999999959
101.405,-1.9099999999999966,-139,-721.4349999999959
101.405,-1.9099999999999966,-139,-721.4349999999959
101.405,-1.9099999999999966,-139,-721.4349999999959
101.405,-1.9099999999999966,-139,-721.4349999999959
101.405,-1.9099999999999966,-139,-721.4349999999959
101.405,-1.9099999999999966,-139,-721.4349999999959
101.405,-1.9099999999999966,-139,-721.4349999999959
101.405,-1.9099999999999966,-141,-723.3449999999957
101.405,-1.9099999999999966,-142,-724.2999999999956
101.405,-1.9099999999999966,-142,-724.2999999999956
101.39,-1.8799999999999955,-135,-728.809999999994
101.39,-1.8799999999999955,-135,-728.809999999994
101.39,-1.8799999999999955,-136,-729.7499999999945
101.39,-1.8799999999999955,-136,-729.7499999999945
101.39,-1.8799999999999955,-137,-730.6899999999932
101.39,-1.8799999999999955,-137,-730.6899999999932
101.39,-1.8799999999999955,-138,-731.6299999999919
101.39,-1.8799999999999955,-138,-731.6299999999919
101.39,-1.8799999999999955,-138,-731.6299999999919
101.39,-1.8799999999999955,-138,-731.6299999999919
101.39,-1.8799999999999955,-138,-731.6299999999919
101.39,-1.8799999999999955,-138,-731.6299999999919
101.39,-1.8799999999999955,-138,-731.6299999999919
101.39,-1.8799999999999955,-140,-733.5099999999929
101.39,-1.8799999999999955,-140,-733.5099999999929
101.39,-1.8799999999999955,-141,-734.4499999999916
101.39,-1.8799999999999955,-141,-734.4499999999916
101.39,-1.8799999999999955,-141,-734.4499999999916
101.39,-1.8799999999999955,-144,-737.2699999999913
101.39,-1.8799999999999955,-150,-742.9099999999908
101.42,-1.9399999999999977,-148,-749.3499999999913
101.42500000000001,-1.9500000000000028,-148,-750.0899999999929
101.43,-1.9599999999999937,-149,-751.8099999999922
101.435,-1.9699999999999989,-149,-752.5549999999912
101.435,-1.9699999999999989,-149,-752.5549999999912
101.435,-1.9699999999999989,-152,-755.5099999999911
101.45,-2.0,-156,-761.7899999999918
101.48,-2.0600000000000023,-156,-766.4699999999921
101.495,-2.0900000000000034,-157,-769.8549999999905
101.505,-2.1099999999999994,-158,-772.4799999999886
101.515,-2.1299999999999955,-153,-779.3849999999893
101.515,-2.1299999999999955,-153,-779.3849999999893
101.515,-2.1299999999999955,-153,-779.3849999999893
101.515,-2.1299999999999955,-150,-782.579999999989
101.515,-2.1299999999999955,-150,-782.579999999989
101.505,-2.1099999999999994,-148,-783.2299999999886
101.505,-2.1099999999999994,-149,-784.2849999999871
101.505,-2.1099999999999994,-149,-784.2849999999871
101.505,-2.1099999999999994,-150,-785.3399999999874
101.505,-2.1099999999999994,-150,-785.3399999999874
101.505,-2.1099999999999994,-150,-785.3399999999874
101.505,-2.1099999999999994,-151,-786.3949999999859
101.505,-2.1099999999999994,-152,-787.4499999999844
101.505,-2.1099999999999994,-152,-787.4499999999844
101.505,-2.1099999999999994,-152,-787.4499999999844
101.505,-2.1099999999999994,-153,-788.5049999999846
101.505,-2.1099999999999994,-153,-788.5049999999846
101.505,-2.1099999999999994,-148,-793.7799999999843
101.505,-2.1099999999999994,-148,-793.7799999999843
101.505,-2.1099999999999994,-148,-793.7799999999843
101.505,-2.1099999999999994,-147,-794.8349999999828
101.505,-2.1099999999999994,-147,-794.8349999999828
101.505,-2.1099999999999994,-149,-796.9449999999833
101.505,-2.1099999999999994,-150,-797.9999999999836
101.505,-2.1099999999999994,-149,-799.0549999999821
101.505,-2.1099999999999994,-149,-799.0549999999821
101.505,-2.1099999999999994,-149,-799.0549999999821
101.505,-2.1099999999999994,-149,-799.0549999999821
101.505,-2.1099999999999994,-149,-799.0549999999821
101.505,-2.1099999999999994,-149,-799.0549999999821
101.505,-2.1099999999999994,-154,-804.3299999999817
101.505,-2.1099999999999994,-154,-804.3299999999817
101.505,-2.1099999999999994,-154,-804.3299999999817
101.505,-2.1099999999999994,-153,-805.384999999982
101.505,-2.1099999999999994,-153,-805.384999999982
101.505,-2.1099999999999994,-153,-805.384999999982
101.505,-2.1099999999999994,-153,-805.384999999982
101.5,-2.0999999999999943,-148,-809.889999999983
101.5,-2.0999999999999943,-148,-809.889999999983
101.5,-2.0999999999999943,-146,-811.9899999999834
101.5,-2.0999999999999943,-146,-811.9899999999834
101.5,-2.0999999999999943,-147,-813.0399999999827
101.5,-2.0999999999999943,-148,-814.089999999982
101.5,-2.0999999999999943,-148,-814.089999999982
101.5,-2.0999999999999943,-148,-814.089999999982
101.5,-2.0999999999999943,-148,-814.089999999982
101.5,-2.0999999999999943,-146,-816.1899999999823
101.5,-2.0999999999999943,-147,-817.2399999999816
101.5,-2.0999999999999943,-146,-818.2899999999809
101.5,-2.0999999999999943,-146,-818.2899999999809
101.5,-2.0999999999999943,-146,-818.2899999999809
101.5,-2.0999999999999943,-146,-818.2899999999809
101.5,-2.0999999999999943,-146,-818.2899999999809
101.5,-2.0999999999999943,-146,-818.2899999999809
101.5,-2.0999999999999943,-147,-819.3399999999801
101.5,-2.0999999999999943,-148,-820.3899999999794
101.5,-2.0999999999999943,-148,-820.3899999999794
101.5,-2.0999999999999943,-146,-822.4899999999798
101.5,-2.0999999999999943,-145,-823.539999999979
101.5,-2.0999999999999943,-145,-823.539999999979
101.5,-2.0999999999999943,-144,-824.5899999999783
101.5,-2.0999999999999943,-137,-831.9399999999787
101.505,-2.0900000000000034,-150,-846.24999999998
101.505,-2.0900000000000034,-151,-847.2949999999801
101.505,-2.0900000000000034,-151,-847.2949999999801
101.505,-2.0900000000000034,-151,-847.2949999999801
101.505,-2.0900000000000034,-151,-847.2949999999801
101.505,-2.0900000000000034,-148,-850.4299999999803
101.505,-2.0900000000000034,-147,-851.4749999999785
101.505,-2.0900000000000034,-147,-851.4749999999785
101.505,-2.0900000000000034,-147,-851.4749999999785
101.505,-2.0900000000000034,-146,-852.5199999999786
101.505,-2.0900000000000034,-147,-853.5649999999787
101.505,-2.0900000000000034,-147,-853.5649999999787
101.505,-2.0900000000000034,-147,-853.5649999999787
101.505,-2.0900000000000034,-147,-853.5649999999787
101.505,-2.0900000000000034,-147,-853.5649999999787
101.505,-2.0900000000000034,-147,-853.5649999999787
101.505,-2.0900000000000034,-150,-856.6999999999807
101.505,-2.0900000000000034,-150,-856.6999999999807
101.505,-2.0900000000000034,-150,-856.6999999999807
101.505,-2.0900000000000034,-150,-856.6999999999807
101.505,-2.0900000000000034,-149,-857.744999999979
101.505,-2.0900000000000034,-150,-858.7899999999809
101.505,-2.0900000000000034,-149,-859.8349999999791
101.505,-2.0900000000000034,-149,-859.8349999999791
101.505,-2.0900000000000034,-147,-861.9249999999793
101.505,-2.0900000000000034,-148,-862.9699999999812
101.505,-2.0900000000000034,-148,-862.9699999999812
101.505,-2.0900000000000034,-147,-864.0149999999794
101.505,-2.0900000000000034,-146,-865.0599999999795
101.505,-2.0900000000000034,-148,-867.1499999999796
101.505,-2.0900000000000034,-148,-867.1499999999796
101.505,-2.0900000000000034,-148,-867.1499999999796
101.505,-2.0900000000000034,-148,-867.1499999999796
101.505,-2.0900000000000034,-152,-871.3299999999781
101.505,-2.0900000000000034,-152,-871.3299999999781
101.505,-2.0900000000000034,-152,-871.3299999999781
101.505,-2.0900000000000034,-152,-871.3299999999781
101.505,-2.0900000000000034,-152,-871.3299999999781
101.505,-2.0900000000000034,-152,-871.3299999999781
101.505,-2.0900000000000034,-152,-871.3299999999781
101.505,-2.0900000000000034,-154,-873.4199999999782
101.505,-2.0900000000000034,-155,-874.4649999999801
101.505,-2.0900000000000034,-155,-874.4649999999801
101.505,-2.0900000000000034,-156,-875.5099999999802
101.50999999999999,-2.1000000000000085,-161,-881.5399999999809
101.53999999999999,-2.160000000000011,-160,-887.4499999999807
101.55,-2.180000000000007,-157,-892.3199999999833
101.55,-2.180000000000007,-157,-892.3199999999833
101.55,-2.180000000000007,-160,-895.5899999999838
101.555,-2.190000000000012,-160,-896.3899999999849
101.56,-2.200000000000003,-160,-897.1899999999841
101.56,-2.200000000000003,-160,-897.1899999999841
101.56,-2.200000000000003,-160,-897.1899999999841
101.56,-2.200000000000003,-160,-897.1899999999841
101.56,-2.200000000000003,-160,-897.1899999999841
101.56,-2.200000000000003,-163,-900.4899999999834
101.57499999999999,-2.230000000000004,-160,-906.2799999999825
101.57499999999999,-2.230000000000004,-161,-907.3949999999841
101.57499999999999,-2.230000000000004,-161,-907.3949999999841
101.57499999999999,-2.230000000000004,-161,-907.3949999999841
101.57499999999999,-2.230000000000004,-161,-907.3949999999841
101.57499999999999,-2.230000000000004,-161,-907.3949999999841
101.57499999999999,-2.230000000000004,-161,-907.3949999999841
101.57,-2.220000000000013,-154,-914.4299999999839
101.57,-2.220000000000013,-155,-915.5399999999845
101.57,-2.220000000000013,-155,-915.5399999999845
101.57,-2.220000000000013,-155,-915.5399999999845
101.57,-2.220000000000013,-156,-916.6499999999851
101.57,-2.220000000000013,-157,-917.7599999999875
101.57,-2.220000000000013,-157,-917.7599999999875
101.57,-2.220000000000013,-157,-917.7599999999875
101.57,-2.220000000000013,-157,-917.7599999999875
101.57,-2.220000000000013,-157,-917.7599999999875
101.57,-2.220000000000013,-157,-917.7599999999875
101.57,-2.220000000000013,-157,-917.7599999999875
101.57,-2.220000000000013,-157,-917.7599999999875
101.57,-2.220000000000013,-157,-917.7599999999875
101.57,-2.220000000000013,-157,-917.7599999999875
101.57,-2.220000000000013,-156,-918.8699999999862
101.57,-2.220000000000013,-156,-918.8699999999862
101.57,-2.220000000000013,-156,-918.8699999999862
101.57,-2.220000000000013,-156,-918.8699999999862
101.57,-2.220000000000013,-156,-918.8699999999862
101.57,-2.220000000000013,-156,-918.8699999999862
101.57,-2.220000000000013,-156,-918.8699999999862
101.57,-2.220000000000013,-157,-919.9799999999886
101.57,-2.220000000000013,-152,-925.5299999999879
101.57,-2.220000000000013,-153,-926.6399999999885
101.57,-2.220000000000013,-153,-926.6399999999885
101.57,-2.220000000000013,-153,-926.6399999999885
101.57,-2.220000000000013,-153,-926.6399999999885
101.57,-2.220000000000013,-153,-926.6399999999885
101.57,-2.220000000000013,-153,-926.6399999999885
101.57,-2.220000000000013,-155,-928.8599999999878
101.57,-2.220000000000013,-159,-933.2999999999884
101.57,-2.220000000000013,-158,-934.4099999999889
101.57,-2.220000000000013,-158,-934.4099999999889
101.57,-2.220000000000013,-164,-941.0699999999888
101.585,-2.25,-163,-944.6549999999879
101.585,-2.25,-164,-945.7799999999879
101.59,-2.260000000000005,-164,-946.5999999999913
101.595,-2.2700000000000102,-164,-947.4199999999873
101.595,-2.2700000000000102,-164,-947.4199999999873
101.595,-2.2700000000000102,-163,-948.5549999999894
101.595,-2.2700000000000102,-163,-948.5549999999894
101.595,-2.2700000000000102,-163,-948.5549999999894
101.6,-2.260000000000005,-167,-953.9299999999894
101.62,-2.299999999999997,-167,-957.2699999999895
101.63,-2.3200000000000074,-168,-960.0999999999894
101.64,-2.3400000000000034,-168,-961.7799999999897
101.645,-2.3499999999999943,-168,-962.6199999999899
101.65,-2.3599999999999994,-167,-964.6399999999885
101.65,-2.3599999999999994,-166,-965.8199999999906
101.65,-2.3599999999999994,-167,-966.9999999999891
101.65,-2.3599999999999994,-167,-966.9999999999891
101.65,-2.3599999999999994,-167,-966.9999999999891
101.65,-2.3599999999999994,-167,-966.9999999999891
101.65,-2.3599999999999994,-167,-966.9999999999891
101.65,-2.3599999999999994,-169,-969.3599999999915
101.655,-2.3700000000000045,-169,-970.204999999989
101.655,-2.3700000000000045,-169,-970.204999999989
101.655,-2.3700000000000045,-169,-970.204999999989
101.655,-2.3700000000000045,-169,-970.204999999989
101.655,-2.3700000000000045,-168,-971.3899999999903
101.655,-2.3700000000000045,-175,-979.6849999999904
101.69,-2.4399999999999977,-175,-985.8099999999904
101.705,-2.469999999999999,-177,-990.9049999999916
101.72,-2.5,-172,-999.8099999999904
101.72,-2.5,-172,-999.8099999999904
101.72,-2.5,-172,-999.8099999999904
101.72,-2.5,-175,-1003.5599999999904
101.72,-2.5,-175,-1003.5599999999904
101.72,-2.5,-175,-1003.5599999999904
101.72,-2.5,-175,-1003.5599999999904
101.72,-2.5,-175,-1003.5599999999904
101.72,-2.5,-175,-1003.5599999999904
101.72,-2.5,-175,-1003.5599999999904
101.72,-2.5,-175,-1003.5599999999904
101.72,-2.5,-176,-1004.8099999999904
101.725,-2.510000000000005,-176,-1005.6899999999878
101.725,-2.510000000000005,-173,-1009.4549999999872
101.725,-2.510000000000005,-173,-1009.4549999999872
101.725,-2.510000000000005,-174,-1010.7099999999846
101.725,-2.510000000000005,-169,-1016.9849999999842
101.725,-2.510000000000005,-169,-1016.9849999999842
101.725,-2.510000000000005,-166,-1020.7499999999854
101.725,-2.510000000000005,-166,-1020.7499999999854
101.725,-2.510000000000005,-166,-1020.7499999999854
101.725,-2.510000000000005,-165,-1022.0049999999865
101.725,-2.510000000000005,-165,-1022.0049999999865
101.725,-2.510000000000005,-165,-1022.0049999999865
101.725,-2.510000000000005,-161,-1027.024999999985
101.725,-2.510000000000005,-161,-1027.024999999985
101.725,-2.510000000000005,-160,-1028.279999999986
101.725,-2.510000000000005,-161,-1029.5349999999853
101.725,-2.510000000000005,-161,-1029.5349999999853
101.725,-2.510000000000005,-161,-1029.5349999999853
101.725,-2.510000000000005,-166,-1035.809999999985
101.725,-2.510000000000005,-166,-1035.809999999985
101.72,-2.5,-162,-1040.0099999999857
101.72,-2.5,-162,-1040.0099999999857
101.72,-2.5,-161,-1041.2599999999857
101.72,-2.5,-161,-1041.2599999999857
101.72,-2.5,-161,-1041.2599999999857
101.72,-2.5,-160,-1042.5099999999857
101.72,-2.5,-159,-1043.7599999999838
101.72,-2.5,-159,-1043.7599999999838
101.72,-2.5,-159,-1043.7599999999838
101.72,-2.5,-165,-1051.2599999999838
101.72,-2.5,-165,-1051.2599999999838
101.72,-2.5,-165,-1051.2599999999838
101.72,-2.5,-165,-1051.2599999999838
101.72,-2.5,-165,-1051.2599999999838
101.72,-2.5,-165,-1051.2599999999838
101.72,-2.5,-165,-1051.2599999999838
101.72,-2.5,-166,-1052.5099999999857
101.72,-2.5,-166,-1052.5099999999857
101.72,-2.5,-166,-1052.5099999999857
101.72,-2.5,-164,-1055.0099999999838
101.72,-2.5,-165,-1056.2599999999857
101.72,-2.5,-165,-1056.2599999999857
101.72,-2.5,-163,-1058.7599999999875
101.72,-2.5,-163,-1058.7599999999875
101.72,-2.5,-163,-1058.7599999999875
101.72,-2.5,-163,-1058.7599999999875
101.72,-2.5,-160,-1062.5099999999875
101.72,-2.5,-160,-1062.5099999999875
101.72,-2.5,-161,-1063.7599999999875
101.72,-2.5,-161,-1063.7599999999875
101.72,-2.5,-161,-1063.7599999999875
101.72,-2.5,-162,-1065.0099999999875
101.72,-2.5,-160,-1067.5099999999893
101.72,-2.5,-161,-1068.7599999999893
101.72,-2.5,-161,-1068.7599999999893
101.72,-2.5,-159,-1071.2599999999893
101.72,-2.5,-162,-1075.0099999999893
101.72,-2.5,-162,-1075.0099999999893
101.72,-2.5,-162,-1075.0099999999893
101.72,-2.5,-162,-1075.0099999999893
101.72,-2.5,-161,-1076.2599999999893
101.72,-2.5,-161,-1076.2599999999893
101.72,-2.5,-161,-1076.2599999999893
101.72,-2.5,-161,-1076.2599999999893
101.72,-2.5,-162,-1077.5099999999893
101.72,-2.5,-162,-1077.5099999999893
101.72,-2.5,-163,-1078.7599999999911
101.72,-2.5,-162,-1080.0099999999893
101.72,-2.5,-162,-1080.0099999999893
101.72,-2.5,-162,-1080.0099999999893
101.72,-2.5,-163,-1081.2599999999911
101.72,-2.5,-164,-1082.5099999999893
101.72,-2.5,-164,-1082.5099999999893
101.72,-2.5,-164,-1082.5099999999893
101.72,-2.5,-165,-1083.7599999999911
101.72,-2.5,-165,-1083.7599999999911
101.72,-2.5,-165,-1083.7599999999911
101.72,-2.5,-165,-1083.7599999999911
101.72,-2.5,-165,-1083.7599999999911
101.72,-2.5,-165,-1083.7599999999911
101.72,-2.5,-168,-1087.5099999999911
101.72,-2.5,-173,-1093.7599999999948
101.72,-2.5,-174,-1095.0099999999911
101.72,-2.5,-174,-1095.0099999999911
101.72,-2.5,-174,-1095.0099999999911
101.72,-2.5,-176,-1097.5099999999948
101.725,-2.510000000000005,-176,-1098.3899999999921
101.725,-2.510000000000005,-176,-1098.3899999999921
101.725,-2.510000000000005,-179,-1102.1549999999916
101.745,-2.549999999999997,-179,-1105.7349999999933
101.755,-2.5700000000000074,-179,-1107.5249999999942
101.75999999999999,-2.5799999999999983,-177,-1110.999999999989
101.75999999999999,-2.5799999999999983,-177,-1110.999999999989
101.75999999999999,-2.5799999999999983,-177,-1110.999999999989
101.75999999999999,-2.5799999999999983,-180,-1114.8699999999917
101.765,-2.5900000000000034,-180,-1115.7699999999932
101.765,-2.5900000000000034,-180,-1115.7699999999932
101.765,-2.5900000000000034,-181,-1117.0649999999914
101.775,-2.6099999999999994,-181,-1118.8749999999927
101.78,-2.6200000000000045,-182,-1121.0899999999892
101.785,-2.6299999999999955,-184,-1124.62999999999
101.795,-2.6500000000000057,-184,-1126.4699999999903
101.805,-2.6700000000000017,-184,-1128.309999999994
101.81,-2.680000000000007,-183,-1130.5699999999924
101.81,-2.680000000000007,-182,-1131.9099999999962
101.81,-2.680000000000007,-182,-1131.9099999999962
101.81,-2.680000000000007,-182,-1131.9099999999962
101.81,-2.680000000000007,-183,-1133.2499999999927
101.81,-2.680000000000007,-183,-1133.2499999999927
101.81,-2.680000000000007,-183,-1133.2499999999927
101.81,-2.680000000000007,-183,-1133.2499999999927
101.81,-2.680000000000007,-181,-1135.929999999993
101.805,-2.6700000000000017,-173,-1145.7649999999921
101.805,-2.6700000000000017,-171,-1148.4349999999959
101.805,-2.6700000000000017,-171,-1148.4349999999959
101.805,-2.6700000000000017,-170,-1149.769999999995
101.805,-2.6700000000000017,-170,-1149.769999999995
101.805,-2.6700000000000017,-170,-1149.769999999995
101.805,-2.6700000000000017,-169,-1151.104999999994
101.805,-2.6700000000000017,-169,-1151.104999999994
101.805,-2.6700000000000017,-168,-1152.4399999999932
101.805,-2.6700000000000017,-168,-1152.4399999999932
101.805,-2.6700000000000017,-167,-1153.7749999999924
101.805,-2.6700000000000017,-167,-1153.7749999999924
101.805,-2.6700000000000017,-167,-1153.7749999999924
101.805,-2.6700000000000017,-166,-1155.1099999999915
101.805,-2.6700000000000017,-166,-1155.1099999999915
101.805,-2.6700000000000017,-166,-1155.1099999999915
101.805,-2.6700000000000017,-166,-1155.1099999999915
101.805,-2.6700000000000017,-173,-1164.4549999999908
101.805,-2.6700000000000017,-173,-1164.4549999999908
101.805,-2.6700000000000017,-173,-1164.4549999999908
101.805,-2.6700000000000017,-173,-1164.4549999999908
101.805,-2.6700000000000017,-173,-1164.4549999999908
101.805,-2.6700000000000017,-173,-1164.4549999999908
101.805,-2.6700000000000017,-173,-1164.4549999999908
101.805,-2.6700000000000017,-173,-1164.4549999999908
101.805,-2.6700000000000017,-173,-1164.4549999999908
101.805,-2.6700000000000017,-173,-1164.4549999999908
101.805,-2.6700000000000017,-173,-1164.4549999999908
101.805,-2.6700000000000017,-161,-1180.4749999999913
101.805,-2.6700000000000017,-161,-1180.4749999999913
101.805,-2.6700000000000017,-161,-1180.4749999999913
101.805,-2.6700000000000017,-161,-1180.4749999999913
101.805,-2.6700000000000017,-161,-1180.4749999999913
101.805,-2.6700000000000017,-161,-1180.4749999999913
101.805,-2.6700000000000017,-161,-1180.4749999999913
101.805,-2.6700000000000017,-163,-1183.1449999999913
101.805,-2.6700000000000017,-163,-1183.1449999999913
101.805,-2.6700000000000017,-163,-1183.1449999999913
101.805,-2.6700000000000017,-164,-1184.4799999999923
101.805,-2.6700000000000017,-164,-1184.4799999999923
101.805,-2.6700000000000017,-164,-1184.4799999999923
101.805,-2.6700000000000017,-164,-1184.4799999999923
101.805,-2.6700000000000017,-165,-1185.8149999999932
101.805,-2.6700000000000017,-165,-1185.8149999999932
101.81,-2.6599999999999966,-170,-1193.3299999999945
101.81,-2.6599999999999966,-171,-1194.6599999999962
101.81,-2.6599999999999966,-171,-1194.6599999999962
101.81,-2.6599999999999966,-171,-1194.6599999999962
101.81,-2.6599999999999966,-171,-1194.6599999999962
101.81,-2.6599999999999966,-171,-1194.6599999999962
101.81,-2.6599999999999966,-171,-1194.6599999999962
101.81,-2.6599999999999966,-167,-1199.979999999994
101.81,-2.6599999999999966,-168,-1201.3099999999959
101.81,-2.6599999999999966,-168,-1201.3099999999959
101.81,-2.6599999999999966,-184,-1222.5899999999965
101.815,-2.6700000000000017,-178,-1231.5199999999968
101.815,-2.6700000000000017,-178,-1231.5199999999968
101.815,-2.6700000000000017,-179,-1232.854999999996
101.815,-2.6700000000000017,-179,-1232.854999999996
101.815,-2.6700000000000017,-180,-1234.1899999999987
101.815,-2.6700000000000017,-180,-1234.1899999999987
101.815,-2.6700000000000017,-180,-1234.1899999999987
101.815,-2.6700000000000017,-180,-1234.1899999999987
101.81,-2.6599999999999966,-176,-1238.6499999999978
101.81,-2.6599999999999966,-176,-1238.6499999999978
101.81,-2.6599999999999966,-176,-1238.6499999999978
101.81,-2.6599999999999966,-176,-1238.6499999999978
101.81,-2.6599999999999966,-176,-1238.6499999999978
101.81,-2.6599999999999966,-178,-1241.3099999999977
101.81,-2.6599999999999966,-178,-1241.3099999999977
101.81,-2.6599999999999966,-178,-1241.3099999999977
101.81,-2.6599999999999966,-182,-1246.630000000001
101.81,-2.6599999999999966,-182,-1246.630000000001
101.81,-2.6599999999999966,-182,-1246.630000000001
101.81,-2.6599999999999966,-183,-1247.9599999999991
101.81,-2.6599999999999966,-180,-1251.949999999997
101.81,-2.6599999999999966,-179,-1253.2799999999988
101.81,-2.6599999999999966,-179,-1253.2799999999988
101.81,-2.6599999999999966,-179,-1253.2799999999988
101.81,-2.6599999999999966,-179,-1253.2799999999988
101.81,-2.6599999999999966,-177,-1255.939999999995
101.81,-2.6599999999999966,-177,-1255.939999999995
101.81,-2.6599999999999966,-180,-1259.9299999999967
101.81,-2.6599999999999966,-179,-1261.2599999999984
101.81,-2.6599999999999966,-176,-1265.2499999999964
101.81,-2.6599999999999966,-176,-1265.2499999999964
101.81,-2.6599999999999966,-175,-1266.5799999999945
101.81,-2.6599999999999966,-175,-1266.5799999999945
101.81,-2.6599999999999966,-175,-1266.5799999999945
101.81,-2.6599999999999966,-177,-1269.2399999999943
101.81,-2.6599999999999966,-176,-1270.569999999996
101.81,-2.6599999999999966,-176,-1270.569999999996
101.81,-2.6599999999999966,-177,-1271.8999999999942
101.81,-2.6599999999999966,-177,-1271.8999999999942
101.81,-2.6599999999999966,-177,-1271.8999999999942
101.81,-2.6599999999999966,-177,-1271.8999999999942
101.81,-2.6599999999999966,-177,-1271.8999999999942
101.81,-2.6599999999999966,-177,-1271.8999999999942
101.81,-2.6599999999999966,-177,-1271.8999999999942
101.81,-2.6599999999999966,-177,-1271.8999999999942
101.81,-2.6599999999999966,-177,-1271.8999999999942
101.81,-2.6599999999999966,-178,-1273.229999999996
101.81,-2.6599999999999966,-178,-1273.229999999996
101.81,-2.6599999999999966,-178,-1273.229999999996
101.81,-2.6599999999999966,-178,-1273.229999999996
101.81,-2.6599999999999966,-178,-1273.229999999996
101.81,-2.6599999999999966,-176,-1275.8899999999958
101.815,-2.6500000000000057,-192,-1298.0199999999932
101.86,-2.740000000000009,-192,-1306.6599999999926
101.88499999999999,-2.7900000000000063,-192,-1311.4599999999919
101.895,-2.8100000000000023,-192,-1313.3799999999937
101.9,-2.8200000000000074,-191,-1315.7499999999964
101.9,-2.8200000000000074,-191,-1315.7499999999964
101.9,-2.8200000000000074,-182,-1328.439999999995
101.9,-2.8200000000000074,-182,-1328.439999999995
101.9,-2.8200000000000074,-185,-1332.6699999999946
101.9,-2.8200000000000074,-185,-1332.6699999999946
101.9,-2.8200000000000074,-185,-1332.6699999999946
101.9,-2.8200000000000074,-186,-1334.0799999999945
101.9,-2.8200000000000074,-187,-1335.4899999999907
101.9,-2.8200000000000074,-187,-1335.4899999999907
101.9,-2.8200000000000074,-188,-1336.8999999999905
101.9,-2.8200000000000074,-188,-1336.8999999999905
101.9,-2.8200000000000074,-188,-1336.8999999999905
101.9,-2.8200000000000074,-192,-1342.5399999999936
101.905,-2.8299999999999983,-192,-1343.4999999999927
101.91,-2.8400000000000034,-191,-1345.87999999999
101.91,-2.8400000000000034,-183,-1357.2399999999907
101.91,-2.8400000000000034,-183,-1357.2399999999907
101.905,-2.8299999999999983,-181,-1359.1649999999936
101.905,-2.8299999999999983,-181,-1359.1649999999936
101.905,-2.8299999999999983,-181,-1359.1649999999936
101.905,-2.8299999999999983,-181,-1359.1649999999936
101.905,-2.8299999999999983,-181,-1359.1649999999936
101.905,-2.8299999999999983,-181,-1359.1649999999936
101.905,-2.8299999999999983,-191,-1373.3149999999914
101.905,-2.8299999999999983,-191,-1373.3149999999914
101.905,-2.8299999999999983,-192,-1374.7299999999923
101.91,-2.8400000000000034,-190,-1378.529999999988
101.91,-2.8400000000000034,-190,-1378.529999999988
101.91,-2.8400000000000034,-190,-1378.529999999988
101.91,-2.8400000000000034,-190,-1378.529999999988
101.91,-2.8400000000000034,-190,-1378.529999999988
101.91,-2.8400000000000034,-189,-1379.9499999999898
101.91,-2.8400000000000034,-188,-1381.3699999999917
101.91,-2.8400000000000034,-188,-1381.3699999999917
101.91,-2.8400000000000034,-189,-1382.78999999999
101.91,-2.8400000000000034,-189,-1382.78999999999
101.91,-2.8400000000000034,-188,-1384.2099999999919
101.91,-2.8400000000000034,-194,-1392.729999999996
101.91999999999999,-2.8599999999999994,-194,-1394.669999999991
101.925,-2.8700000000000045,-194,-1395.6399999999958
101.925,-2.8700000000000045,-194,-1395.6399999999958
101.925,-2.8700000000000045,-194,-1395.6399999999958
101.925,-2.8700000000000045,-194,-1395.6399999999958
101.925,-2.8700000000000045,-198,-1401.3799999999937
101.94999999999999,-2.9200000000000017,-199,-1407.7899999999936
101.965,-2.950000000000003,-199,-1410.7749999999942
101.97,-2.960000000000008,-198,-1413.2499999999964
101.97,-2.960000000000008,-198,-1413.2499999999964
101.97,-2.960000000000008,-198,-1413.2499999999964
101.97,-2.960000000000008,-198,-1413.2499999999964
101.97,-2.960000000000008,-199,-1414.7299999999923
101.975,-2.969999999999999,-199,-1415.7249999999913
101.975,-2.969999999999999,-199,-1415.7249999999913
101.975,-2.969999999999999,-201,-1418.6949999999924
101.985,-2.990000000000009,-201,-1420.7049999999945
101.995,-3.010000000000005,-199,-1425.724999999995
101.995,-3.010000000000005,-199,-1425.724999999995
101.995,-3.010000000000005,-199,-1425.724999999995
101.995,-3.010000000000005,-199,-1425.724999999995
101.995,-3.010000000000005,-197,-1428.7349999999933
101.995,-3.010000000000005,-197,-1428.7349999999933
101.995,-3.010000000000005,-197,-1428.7349999999933
101.995,-3.010000000000005,-196,-1430.2399999999943
101.995,-3.010000000000005,-196,-1430.2399999999943
101.995,-3.010000000000005,-196,-1430.2399999999943
101.995,-3.010000000000005,-196,-1430.2399999999943
101.995,-3.010000000000005,-196,-1430.2399999999943
101.995,-3.010000000000005,-196,-1430.2399999999943
101.995,-3.010000000000005,-196,-1430.2399999999943
101.995,-3.010000000000005,-197,-1431.7449999999917
101.995,-3.010000000000005,-197,-1431.7449999999917
101.995,-3.010000000000005,-194,-1436.2599999999948
101.995,-3.010000000000005,-194,-1436.2599999999948
101.995,-3.010000000000005,-194,-1436.2599999999948
101.995,-3.010000000000005,-194,-1436.2599999999948
101.995,-3.010000000000005,-194,-1436.2599999999948
101.985,-2.990000000000009,-191,-1438.8449999999903
101.985,-2.990000000000009,-191,-1438.8449999999903
101.985,-2.990000000000009,-191,-1438.8449999999903
101.985,-2.990000000000009,-182,-1452.299999999992
101.985,-2.990000000000009,-182,-1452.299999999992
101.985,-2.990000000000009,-181,-1453.794999999991
101.985,-2.990000000000009,-181,-1453.794999999991
101.985,-2.990000000000009,-181,-1453.794999999991
101.985,-2.990000000000009,-171,-1468.7449999999917
101.985,-2.990000000000009,-171,-1468.7449999999917
101.985,-2.990000000000009,-176,-1476.2199999999903
101.985,-2.990000000000009,-176,-1476.2199999999903
101.985,-2.990000000000009,-178,-1479.2099999999882
101.985,-2.990000000000009,-178,-1479.2099999999882
101.985,-2.990000000000009,-179,-1480.7049999999872
101.985,-2.990000000000009,-179,-1480.7049999999872
101.985,-2.990000000000009,-179,-1480.7049999999872
101.985,-2.990000000000009,-179,-1480.7049999999872
101.985,-2.990000000000009,-179,-1480.7049999999872
101.985,-2.990000000000009,-179,-1480.7049999999872
101.985,-2.990000000000009,-179,-1480.7049999999872
101.99000000000001,-2.980000000000004,-183,-1487.5999999999913
101.99000000000001,-2.980000000000004,-183,-1487.5999999999913
101.99000000000001,-2.980000000000004,-185,-1490.5799999999908
101.99000000000001,-2.980000000000004,-185,-1490.5799999999908
101.99000000000001,-2.980000000000004,-185,-1490.5799999999908
101.99000000000001,-2.980000000000004,-184,-1492.0699999999924
101.99000000000001,-2.980000000000004,-184,-1492.0699999999924
101.99000000000001,-2.980000000000004,-184,-1492.0699999999924
101.99000000000001,-2.980000000000004,-184,-1492.0699999999924
101.99000000000001,-2.980000000000004,-184,-1492.0699999999924
101.99000000000001,-2.980000000000004,-183,-1493.5599999999904
101.99000000000001,-2.980000000000004,-181,-1496.53999999999
101.99000000000001,-2.980000000000004,-182,-1498.029999999988
101.99000000000001,-2.980000000000004,-182,-1498.029999999988
101.99000000000001,-2.980000000000004,-183,-1499.5199999999895
101.99000000000001,-2.980000000000004,-183,-1499.5199999999895
101.99000000000001,-2.980000000000004,-183,-1499.5199999999895
101.99000000000001,-2.980000000000004,-184,-1501.0099999999911
101.99000000000001,-2.980000000000004,-184,-1501.0099999999911
101.99000000000001,-2.980000000000004,-184,-1501.0099999999911
101.99000000000001,-2.980000000000004,-184,-1501.0099999999911
101.99000000000001,-2.980000000000004,-183,-1502.499999999989
101.99000000000001,-2.980000000000004,-183,-1502.499999999989
101.99000000000001,-2.980000000000004,-183,-1502.499999999989
101.99000000000001,-2.980000000000004,-182,-1503.989999999987
101.99000000000001,-2.980000000000004,-182,-1503.989999999987
101.99000000000001,-2.980000000000004,-182,-1503.989999999987
101.99000000000001,-2.980000000000004,-183,-1505.4799999999886
101.99000000000001,-2.980000000000004,-183,-1505.4799999999886
101.99000000000001,-2.980000000000004,-184,-1506.9699999999903
101.99000000000001,-2.980000000000004,-184,-1506.9699999999903
101.99000000000001,-2.980000000000004,-181,-1511.4399999999878
101.99000000000001,-2.980000000000004,-181,-1511.4399999999878
101.99000000000001,-2.980000000000004,-181,-1511.4399999999878
101.99000000000001,-2.980000000000004,-180,-1512.9299999999857
101.99000000000001,-2.980000000000004,-175,-1520.3799999999846
101.99000000000001,-2.980000000000004,-175,-1520.3799999999846
101.99000000000001,-2.980000000000004,-175,-1520.3799999999846
101.99000000000001,-2.980000000000004,-175,-1520.3799999999846
101.99000000000001,-2.980000000000004,-175,-1520.3799999999846
101.99000000000001,-2.980000000000004,-175,-1520.3799999999846
101.99000000000001,-2.980000000000004,-175,-1520.3799999999846
101.99000000000001,-2.980000000000004,-175,-1520.3799999999846
101.99000000000001,-2.980000000000004,-175,-1520.3799999999846
101.99000000000001,-2.980000000000004,-176,-1521.8699999999844
101.99000000000001,-2.980000000000004,-176,-1521.8699999999844
101.99000000000001,-2.980000000000004,-176,-1521.8699999999844
101.99000000000001,-2.980000000000004,-178,-1524.849999999984
101.99000000000001,-2.980000000000004,-176,-1527.8299999999836
101.99000000000001,-2.980000000000004,-176,-1527.8299999999836
101.99000000000001,-2.980000000000004,-175,-1529.3199999999815
101.99000000000001,-2.980000000000004,-175,-1529.3199999999815
101.99000000000001,-2.980000000000004,-174,-1530.8099999999831
101.99000000000001,-2.980000000000004,-174,-1530.8099999999831
101.99000000000001,-2.980000000000004,-174,-1530.8099999999831
101.99000000000001,-2.980000000000004,-169,-1538.259999999982
101.99000000000001,-2.980000000000004,-169,-1538.259999999982
101.99000000000001,-2.980000000000004,-170,-1539.7499999999836
101.99000000000001,-2.980000000000004,-170,-1539.7499999999836
101.99000000000001,-2.980000000000004,-170,-1539.7499999999836
101.99000000000001,-2.980000000000004,-167,-1544.219999999983
101.99000000000001,-2.980000000000004,-166,-1545.709999999981
101.99000000000001,-2.980000000000004,-166,-1545.709999999981
101.99000000000001,-2.980000000000004,-166,-1545.709999999981
101.99000000000001,-2.980000000000004,-168,-1548.6899999999805
101.99000000000001,-2.980000000000004,-168,-1548.6899999999805
101.99000000000001,-2.980000000000004,-168,-1548.6899999999805
101.985,-2.969999999999999,-165,-1552.3149999999823
101.985,-2.969999999999999,-167,-1555.2849999999798
101.985,-2.969999999999999,-167,-1555.2849999999798
101.985,-2.969999999999999,-167,-1555.2849999999798
101.985,-2.969999999999999,-166,-1556.7699999999786
101.985,-2.969999999999999,-167,-1558.2549999999792
101.985,-2.969999999999999,-166,-1559.739999999978
101.985,-2.969999999999999,-164,-1562.709999999981
101.985,-2.969999999999999,-164,-1562.709999999981
101.985,-2.969999999999999,-164,-1562.709999999981
101.985,-2.969999999999999,-164,-1562.709999999981
101.985,-2.969999999999999,-162,-1565.6799999999803
101.985,-2.969999999999999,-162,-1565.6799999999803
101.985,-2.969999999999999,-162,-1565.6799999999803
101.985,-2.969999999999999,-162,-1565.6799999999803
101.985,-2.969999999999999,-162,-1565.6799999999803
101.985,-2.969999999999999,-158,-1571.619999999979
101.985,-2.969999999999999,-165,-1582.0149999999812
101.985,-2.969999999999999,-165,-1582.0149999999812
101.985,-2.969999999999999,-165,-1582.0149999999812
101.985,-2.969999999999999,-165,-1582.0149999999812
101.985,-2.969999999999999,-165,-1582.0149999999812
101.985,-2.969999999999999,-165,-1582.0149999999812
101.985,-2.969999999999999,-165,-1582.0149999999812
101.985,-2.969999999999999,-164,-1583.49999999998
101.985,-2.969999999999999,-164,-1583.49999999998
101.985,-2.969999999999999,-164,-1583.49999999998
101.985,-2.969999999999999,-164,-1583.49999999998
101.985,-2.969999999999999,-164,-1583.49999999998
101.985,-2.969999999999999,-165,-1584.9849999999806
101.985,-2.969999999999999,-165,-1584.9849999999806
101.985,-2.969999999999999,-165,-1584.9849999999806
101.985,-2.969999999999999,-165,-1584.9849999999806
101.985,-2.969999999999999,-165,-1584.9849999999806
101.985,-2.969999999999999,-165,-1584.9849999999806
101.985,-2.969999999999999,-165,-1584.9849999999806
101.985,-2.969999999999999,-165,-1584.9849999999806
101.985,-2.969999999999999,-166,-1586.4699999999775
101.985,-2.969999999999999,-166,-1586.4699999999775
101.985,-2.969999999999999,-166,-1586.4699999999775
101.985,-2.969999999999999,-166,-1586.4699999999775
101.985,-2.969999999999999,-166,-1586.4699999999775
101.985,-2.969999999999999,-166,-1586.4699999999775
101.985,-2.969999999999999,-166,-1586.4699999999775
101.985,-2.969999999999999,-166,-1586.4699999999775
101.985,-2.969999999999999,-166,-1586.4699999999775
101.985,-2.969999999999999,-165,-1587.95499999998
101.985,-2.969999999999999,-166,-1589.4399999999769
101.985,-2.969999999999999,-166,-1589.4399999999769
101.985,-2.969999999999999,-167,-1590.9249999999774
101.985,-2.969999999999999,-156,-1607.2599999999784
101.985,-2.969999999999999,-154,-1610.2299999999796
101.985,-2.969999999999999,-154,-1610.2299999999796
101.985,-2.969999999999999,-153,-1611.7149999999783
101.985,-2.969999999999999,-153,-1611.7149999999783
101.985,-2.969999999999999,-153,-1611.7149999999783
101.985,-2.969999999999999,-153,-1611.7149999999783
101.985,-2.969999999999999,-144,-1625.079999999978
101.985,-2.969999999999999,-146,-1628.0499999999774
101.985,-2.969999999999999,-146,-1628.0499999999774
101.985,-2.969999999999999,-146,-1628.0499999999774
101.985,-2.969999999999999,-143,-1632.5049999999774
101.985,-2.969999999999999,-143,-1632.5049999999774
101.985,-2.969999999999999,-143,-1632.5049999999774
101.985,-2.969999999999999,-144,-1633.989999999978
101.985,-2.969999999999999,-142,-1636.9599999999791
101.985,-2.969999999999999,-142,-1636.9599999999791
101.985,-2.969999999999999,-142,-1636.9599999999791
101.985,-2.969999999999999,-142,-1636.9599999999791
101.985,-2.969999999999999,-142,-1636.9599999999791
101.985,-2.969999999999999,-142,-1636.9599999999791
101.985,-2.969999999999999,-142,-1636.9599999999791
101.985,-2.969999999999999,-143,-1638.4449999999779
101.99000000000001,-2.9599999999999937,-154,-1655.5199999999786
101.99000000000001,-2.9599999999999937,-155,-1656.9999999999782
101.99000000000001,-2.9599999999999937,-155,-1656.9999999999782
101.99000000000001,-2.9599999999999937,-159,-1662.9199999999782
101.99000000000001,-2.9599999999999937,-159,-1662.9199999999782
101.99000000000001,-2.9599999999999937,-159,-1662.9199999999782
101.99000000000001,-2.9599999999999937,-159,-1662.9199999999782
101.99000000000001,-2.9599999999999937,-159,-1662.9199999999782
101.99000000000001,-2.9599999999999937,-160,-1664.3999999999778
101.99000000000001,-2.9599999999999937,-160,-1664.3999999999778
101.99000000000001,-2.9599999999999937,-159,-1665.8799999999774
101.99000000000001,-2.9599999999999937,-159,-1665.8799999999774
101.995,-2.950000000000003,-160,-1668.1599999999762
101.995,-2.950000000000003,-160,-1668.1599999999762
101.995,-2.950000000000003,-160,-1668.1599999999762
101.995,-2.950000000000003,-162,-1671.109999999977
101.995,-2.950000000000003,-162,-1671.109999999977
101.995,-2.950000000000003,-163,-1672.5849999999755
101.995,-2.950000000000003,-163,-1672.5849999999755
101.995,-2.950000000000003,-163,-1672.5849999999755
101.995,-2.950000000000003,-163,-1672.5849999999755
101.995,-2.950000000000003,-163,-1672.5849999999755
101.995,-2.950000000000003,-161,-1675.5349999999744
101.995,-2.950000000000003,-158,-1679.9599999999755
101.995,-2.950000000000003,-158,-1679.9599999999755
101.995,-2.950000000000003,-162,-1685.859999999977
101.995,-2.950000000000003,-164,-1688.809999999974
101.995,-2.950000000000003,-164,-1688.809999999974
101.995,-2.950000000000003,-164,-1688.809999999974
101.995,-2.950000000000003,-164,-1688.809999999974
101.995,-2.950000000000003,-164,-1688.809999999974
101.995,-2.950000000000003,-164,-1688.809999999974
102.0,-2.9399999999999977,-165,-1691.1099999999733
101.995,-2.9299999999999926,-159,-1699.0949999999739
101.995,-2.9299999999999926,-159,-1699.0949999999739
101.995,-2.9299999999999926,-159,-1699.0949999999739
101.995,-2.9299999999999926,-159,-1699.0949999999739
101.995,-2.9299999999999926,-159,-1699.0949999999739
101.995,-2.9299999999999926,-159,-1699.0949999999739
101.995,-2.9299999999999926,-159,-1699.0949999999739
101.995,-2.9299999999999926,-160,-1700.559999999974
101.995,-2.9299999999999926,-160,-1700.559999999974
101.995,-2.9299999999999926,-157,-1704.9549999999726
101.995,-2.9299999999999926,-155,-1707.884999999973
101.995,-2.9299999999999926,-153,-1710.8149999999732
101.995,-2.9299999999999926,-153,-1710.8149999999732
101.995,-2.9299999999999926,-153,-1710.8149999999732
101.995,-2.9299999999999926,-153,-1710.8149999999732
101.995,-2.9299999999999926,-154,-1712.2799999999734
101.995,-2.9299999999999926,-155,-1713.7449999999717
101.995,-2.9299999999999926,-154,-1715.2099999999718
101.995,-2.9299999999999926,-155,-1716.6749999999702
101.995,-2.9299999999999926,-155,-1716.6749999999702
101.995,-2.9299999999999926,-149,-1725.464999999971
101.995,-2.9299999999999926,-148,-1726.9299999999694
101.995,-2.9299999999999926,-147,-1728.3949999999695
101.995,-2.9299999999999926,-147,-1728.3949999999695
101.995,-2.9299999999999926,-147,-1728.3949999999695
101.995,-2.9299999999999926,-147,-1728.3949999999695
101.995,-2.9299999999999926,-147,-1728.3949999999695
101.995,-2.9299999999999926,-147,-1728.3949999999695
101.995,-2.9299999999999926,-147,-1728.3949999999695
101.995,-2.9299999999999926,-147,-1728.3949999999695
101.995,-2.9299999999999926,-149,-1731.3249999999698
101.995,-2.9299999999999926,-149,-1731.3249999999698
101.995,-2.9299999999999926,-149,-1731.3249999999698
101.995,-2.9299999999999926,-156,-1741.579999999969
101.995,-2.9299999999999926,-156,-1741.579999999969
101.995,-2.9299999999999926,-156,-1741.579999999969
101.995,-2.9299999999999926,-155,-1743.0449999999673
101.995,-2.9299999999999926,-155,-1743.0449999999673
101.995,-2.9299999999999926,-156,-1744.5099999999675
101.995,-2.9299999999999926,-156,-1744.5099999999675
101.995,-2.9299999999999926,-156,-1744.5099999999675
101.995,-2.9299999999999926,-156,-1744.5099999999675
101.995,-2.9299999999999926,-158,-1747.4399999999678
101.995,-2.9299999999999926,-158,-1747.4399999999678
101.995,-2.9299999999999926,-159,-1748.904999999966
101.995,-2.9299999999999926,-159,-1748.904999999966
101.995,-2.9299999999999926,-159,-1748.904999999966
101.995,-2.9299999999999926,-161,-1751.8349999999664
101.995,-2.9299999999999926,-161,-1751.8349999999664
101.995,-2.9299999999999926,-161,-1751.8349999999664
101.995,-2.9299999999999926,-161,-1751.8349999999664
101.995,-2.9299999999999926,-161,-1751.8349999999664
101.995,-2.9299999999999926,-166,-1759.159999999969
101.995,-2.9299999999999926,-166,-1759.159999999969
101.995,-2.9299999999999926,-166,-1759.159999999969
101.995,-2.9299999999999926,-166,-1759.159999999969
101.995,-2.9299999999999926,-165,-1760.6249999999654
101.995,-2.9299999999999926,-165,-1760.6249999999654
101.995,-2.9299999999999926,-165,-1760.6249999999654
101.995,-2.9299999999999926,-165,-1760.6249999999654
101.995,-2.9299999999999926,-165,-1760.6249999999654
101.995,-2.9299999999999926,-162,-1765.0199999999677
101.995,-2.9299999999999926,-162,-1765.0199999999677
101.995,-2.9299999999999926,-163,-1766.484999999966
101.995,-2.9299999999999926,-163,-1766.484999999966
101.995,-2.9299999999999926,-163,-1766.484999999966
101.995,-2.9299999999999926,-160,-1770.8799999999646
101.995,-2.9299999999999926,-159,-1772.344999999963
101.995,-2.9299999999999926,-159,-1772.344999999963
101.99000000000001,-2.9200000000000017,-158,-1773.019999999964
101.99000000000001,-2.9200000000000017,-158,-1773.019999999964
101.99000000000001,-2.9200000000000017,-161,-1777.399999999965
101.99000000000001,-2.9200000000000017,-161,-1777.399999999965
101.99000000000001,-2.9200000000000017,-161,-1777.399999999965
101.99000000000001,-2.9200000000000017,-161,-1777.399999999965
101.99000000000001,-2.9200000000000017,-161,-1777.399999999965
101.99000000000001,-2.9200000000000017,-161,-1777.399999999965
101.99000000000001,-2.9200000000000017,-161,-1777.399999999965
101.99000000000001,-2.9200000000000017,-161,-1777.399999999965
101.99000000000001,-2.9200000000000017,-160,-1778.8599999999642
101.99000000000001,-2.9200000000000017,-161,-1780.3199999999651
101.99000000000001,-2.9200000000000017,-160,-1781.7799999999643
101.99000000000001,-2.9200000000000017,-160,-1781.7799999999643
101.99000000000001,-2.9200000000000017,-160,-1781.7799999999643
101.995,-2.9099999999999966,-161,-1784.0449999999619
101.995,-2.9099999999999966,-173,-1801.5049999999646
101.995,-2.9099999999999966,-173,-1801.5049999999646
101.995,-2.9099999999999966,-173,-1801.5049999999646
101.995,-2.9099999999999966,-173,-1801.5049999999646
101.995,-2.9099999999999966,-171,-1804.4149999999627
101.995,-2.9099999999999966,-174,-1808.7799999999625
101.995,-2.9099999999999966,-174,-1808.7799999999625
101.995,-2.9099999999999966,-175,-1810.2349999999606
101.995,-2.9099999999999966,-175,-1810.2349999999606
101.995,-2.9099999999999966,-176,-1811.6899999999623
102.0,-2.9000000000000057,-180,-1818.3999999999614
102.0,-2.9000000000000057,-179,-1819.8499999999622
102.0,-2.9000000000000057,-179,-1819.8499999999622
102.0,-2.9000000000000057,-180,-1821.299999999963
102.0,-2.9000000000000057,-180,-1821.299999999963
102.0,-2.9000000000000057,-181,-1822.7499999999636
102.0,-2.9000000000000057,-176,-1829.9999999999636
102.0,-2.9000000000000057,-176,-1829.9999999999636
102.0,-2.9000000000000057,-177,-1831.4499999999643
102.0,-2.9000000000000057,-177,-1831.4499999999643
102.0,-2.9000000000000057,-178,-1832.899999999965
102.0,-2.9000000000000057,-178,-1832.899999999965
102.0,-2.9000000000000057,-178,-1832.899999999965
102.0,-2.9000000000000057,-176,-1835.7999999999647
102.0,-2.9000000000000057,-175,-1837.2499999999654
102.0,-2.9000000000000057,-175,-1837.2499999999654
102.0,-2.9000000000000057,-175,-1837.2499999999654
102.0,-2.9000000000000057,-174,-1838.6999999999662
102.0,-2.9000000000000057,-173,-1840.149999999967
102.0,-2.9000000000000057,-173,-1840.149999999967
102.0,-2.9000000000000057,-173,-1840.149999999967
102.0,-2.9000000000000057,-173,-1840.149999999967
102.0,-2.9000000000000057,-173,-1840.149999999967
102.0,-2.9000000000000057,-174,-1841.5999999999676
102.0,-2.9000000000000057,-173,-1843.0499999999683
102.0,-2.9000000000000057,-173,-1843.0499999999683
102.0,-2.9000000000000057,-173,-1843.0499999999683
102.0,-2.9000000000000057,-172,-1844.499999999969
102.0,-2.9000000000000057,-171,-1845.9499999999698
102.0,-2.9000000000000057,-171,-1845.9499999999698
102.0,-2.9000000000000057,-171,-1845.9499999999698
102.0,-2.9000000000000057,-171,-1845.9499999999698
102.0,-2.9000000000000057,-171,-1845.9499999999698
102.0,-2.9000000000000057,-171,-1845.9499999999698
102.0,-2.9000000000000057,-171,-1845.9499999999698
102.0,-2.9000000000000057,-171,-1845.9499999999698
102.0,-2.9000000000000057,-162,-1858.999999999969
102.0,-2.9000000000000057,-163,-1860.4499999999698
102.0,-2.9000000000000057,-170,-1870.5999999999694
102.0,-2.9000000000000057,-170,-1870.5999999999694
102.0,-2.9000000000000057,-178,-1882.1999999999698
102.0,-2.9000000000000057,-178,-1882.1999999999698
102.0,-2.9000000000000057,-178,-1882.1999999999698
102.0,-2.9000000000000057,-177,-1883.6499999999705
102.0,-2.9000000000000057,-177,-1883.6499999999705
102.0,-2.9000000000000057,-177,-1883.6499999999705
102.0,-2.9000000000000057,-177,-1883.6499999999705
102.0,-2.9000000000000057,-178,-1885.0999999999713
102.0,-2.9000000000000057,-173,-1892.3499999999713
102.0,-2.9000000000000057,-171,-1895.249999999971
102.0,-2.9000000000000057,-171,-1895.249999999971
102.0,-2.9000000000000057,-171,-1895.249999999971
102.0,-2.9000000000000057,-171,-1895.249999999971
102.0,-2.9000000000000057,-171,-1895.249999999971
102.0,-2.9000000000000057,-170,-1896.6999999999716
102.0,-2.9000000000000057,-170,-1896.6999999999716
102.0,-2.9000000000000057,-170,-1896.6999999999716
102.0,-2.9000000000000057,-170,-1896.6999999999716
102.0,-2.9000000000000057,-178,-1908.299999999972
102.0,-2.9000000000000057,-178,-1908.299999999972
102.0,-2.9000000000000057,-179,-1909.7499999999727
102.0,-2.9000000000000057,-177,-1912.6499999999724
102.0,-2.9000000000000057,-177,-1912.6499999999724
102.0,-2.9000000000000057,-177,-1912.6499999999724
102.0,-2.9000000000000057,-174,-1916.9999999999727
102.0,-2.9000000000000057,-174,-1916.9999999999727
102.0,-2.9000000000000057,-176,-1919.8999999999724
102.0,-2.9000000000000057,-176,-1919.8999999999724
102.0,-2.9000000000000057,-176,-1919.8999999999724
102.0,-2.9000000000000057,-176,-1919.8999999999724
102.0,-2.9000000000000057,-176,-1919.8999999999724
102.0,-2.9000000000000057,-174,-1922.799999999972
102.0,-2.9000000000000057,-174,-1922.799999999972
102.0,-2.9000000000000057,-174,-1922.799999999972
102.0,-2.9000000000000057,-174,-1922.799999999972
102.0,-2.9000000000000057,-174,-1922.799999999972
102.0,-2.9000000000000057,-175,-1924.2499999999727
102.0,-2.9000000000000057,-174,-1925.6999999999734
102.0,-2.9000000000000057,-175,-1927.1499999999742
102.0,-2.9000000000000057,-175,-1927.1499999999742
102.0,-2.9000000000000057,-175,-1927.1499999999742
102.0,-2.9000000000000057,-174,-1928.599999999975
102.0,-2.9000000000000057,-170,-1934.3999999999742
102.0,-2.9000000000000057,-170,-1934.3999999999742
102.0,-2.9000000000000057,-170,-1934.3999999999742
102.0,-2.9000000000000057,-170,-1934.3999999999742
102.0,-2.9000000000000057,-170,-1934.3999999999742
102.0,-2.9000000000000057,-163,-1944.5499999999738
102.0,-2.9000000000000057,-164,-1945.9999999999745
102.0,-2.9000000000000057,-162,-1948.8999999999742
102.0,-2.9000000000000057,-162,-1948.8999999999742
102.0,-2.9000000000000057,-162,-1948.8999999999742
102.0,-2.9000000000000057,-158,-1954.6999999999734
102.0,-2.9000000000000057,-158,-1954.6999999999734
102.0,-2.9000000000000057,-153,-1961.9499999999734
102.0,-2.9000000000000057,-153,-1961.9499999999734
102.0,-2.9000000000000057,-153,-1961.9499999999734
102.005,-2.8900000000000006,-158,-1969.969999999972
102.005,-2.8900000000000006,-158,-1969.969999999972
102.005,-2.8900000000000006,-158,-1969.969999999972
102.005,-2.8900000000000006,-158,-1969.969999999972
102.005,-2.8900000000000006,-153,-1977.1949999999724
102.005,-2.8900000000000006,-153,-1977.1949999999724
102.005,-2.8900000000000006,-149,-1982.9749999999713
102.005,-2.8900000000000006,-149,-1982.9749999999713
102.005,-2.8900000000000006,-149,-1982.9749999999713
102.005,-2.8900000000000006,-147,-1985.8649999999707
102.005,-2.8900000000000006,-147,-1985.8649999999707
102.005,-2.8900000000000006,-147,-1985.8649999999707
102.005,-2.8900000000000006,-147,-1985.8649999999707
102.005,-2.8900000000000006,-148,-1987.3099999999722
102.005,-2.8900000000000006,-148,-1987.3099999999722
102.005,-2.8900000000000006,-147,-1988.754999999972
102.005,-2.8900000000000006,-147,-1988.754999999972
102.005,-2.8900000000000006,-147,-1988.754999999972
102.005,-2.8900000000000006,-147,-1988.754999999972
102.005,-2.8900000000000006,-147,-1988.754999999972
102.005,-2.8900000000000006,-145,-1991.6449999999713
102.005,-2.8900000000000006,-144,-1993.0899999999729
102.005,-2.8900000000000006,-138,-2001.759999999973
102.005,-2.8900000000000006,-138,-2001.759999999973
102.005,-2.8900000000000006,-138,-2001.759999999973
102.005,-2.8900000000000006,-139,-2003.2049999999745
102.005,-2.8900000000000006,-139,-2003.2049999999745
102.005,-2.8900000000000006,-139,-2003.2049999999745
102.005,-2.8900000000000006,-139,-2003.2049999999745
102.005,-2.8900000000000006,-139,-2003.2049999999745
102.005,-2.8900000000000006,-139,-2003.2049999999745
102.005,-2.8900000000000006,-139,-2003.2049999999745
102.005,-2.8900000000000006,-138,-2004.6499999999742
102.005,-2.8900000000000006,-148,-2019.099999999975
102.005,-2.8900000000000006,-148,-2019.099999999975
102.005,-2.8900000000000006,-148,-2019.099999999975
102.005,-2.8900000000000006,-153,-2026.3249999999753
102.005,-2.8900000000000006,-158,-2033.5499999999756
102.005,-2.8900000000000006,-158,-2033.5499999999756
102.005,-2.8900000000000006,-158,-2033.5499999999756
102.005,-2.8900000000000006,-158,-2033.5499999999756
102.005,-2.8900000000000006,-159,-2034.9949999999772
102.005,-2.8900000000000006,-160,-2036.4399999999769
102.005,-2.8900000000000006,-160,-2036.4399999999769
102.005,-2.8900000000000006,-160,-2036.4399999999769
102.005,-2.8900000000000006,-159,-2037.8849999999784
102.005,-2.8900000000000006,-159,-2037.8849999999784
102.005,-2.8900000000000006,-160,-2039.329999999978
102.005,-2.8900000000000006,-160,-2039.329999999978
102.005,-2.8900000000000006,-160,-2039.329999999978
102.005,-2.8900000000000006,-160,-2039.329999999978
102.005,-2.8900000000000006,-156,-2045.109999999977
102.005,-2.8900000000000006,-156,-2045.109999999977
102.005,-2.8900000000000006,-156,-2045.109999999977
102.005,-2.8900000000000006,-150,-2053.779999999979
102.005,-2.8900000000000006,-150,-2053.779999999979
102.005,-2.8900000000000006,-150,-2053.779999999979
102.005,-2.8900000000000006,-151,-2055.2249999999785
102.005,-2.8900000000000006,-151,-2055.2249999999785
102.015,-2.8700000000000045,-155,-2062.5149999999794
102.015,-2.8700000000000045,-162,-2072.5599999999795
102.015,-2.8700000000000045,-162,-2072.5599999999795
102.015,-2.8700000000000045,-162,-2072.5599999999795
102.015,-2.8700000000000045,-162,-2072.5599999999795
102.015,-2.8700000000000045,-162,-2072.5599999999795
102.015,-2.8700000000000045,-162,-2072.5599999999795
102.015,-2.8700000000000045,-162,-2072.5599999999795
102.015,-2.8700000000000045,-161,-2073.994999999981
102.015,-2.8700000000000045,-161,-2073.994999999981
102.045,-2.8100000000000023,-163,-2081.6949999999797
102.045,-2.8100000000000023,-164,-2083.099999999982
102.045,-2.8100000000000023,-164,-2083.099999999982
102.045,-2.8100000000000023,-164,-2083.099999999982
102.045,-2.8100000000000023,-164,-2083.099999999982
102.045,-2.8100000000000023,-164,-2083.099999999982
102.045,-2.8100000000000023,-163,-2084.504999999981
102.045,-2.8100000000000023,-163,-2084.504999999981
102.045,-2.8100000000000023,-163,-2084.504999999981
102.045,-2.8100000000000023,-163,-2084.504999999981
102.045,-2.8100000000000023,-163,-2084.504999999981
102.045,-2.8100000000000023,-164,-2085.9099999999835
102.045,-2.8100000000000023,-165,-2087.3149999999823
102.045,-2.8100000000000023,-165,-2087.3149999999823
102.045,-2.8100000000000023,-165,-2087.3149999999823
102.045,-2.8100000000000023,-165,-2087.3149999999823
102.045,-2.8100000000000023,-165,-2087.3149999999823
102.045,-2.8100000000000023,-168,-2091.5299999999843
102.045,-2.8100000000000023,-167,-2092.934999999983
102.045,-2.8100000000000023,-167,-2092.934999999983
102.045,-2.8100000000000023,-167,-2092.934999999983
102.045,-2.8100000000000023,-167,-2092.934999999983
102.045,-2.8100000000000023,-167,-2092.934999999983
102.045,-2.8100000000000023,-168,-2094.3399999999856
102.045,-2.8100000000000023,-168,-2094.3399999999856
102.045,-2.8100000000000023,-167,-2095.7449999999844
102.045,-2.8100000000000023,-167,-2095.7449999999844
102.045,-2.8100000000000023,-167,-2095.7449999999844
102.05000000000001,-2.799999999999997,-169,-2099.399999999985
102.05000000000001,-2.799999999999997,-172,-2103.599999999986
102.05000000000001,-2.799999999999997,-169,-2107.7999999999847
102.05000000000001,-2.799999999999997,-168,-2109.199999999986
102.05000000000001,-2.799999999999997,-166,-2111.9999999999873
102.05000000000001,-2.799999999999997,-167,-2113.399999999987
102.05000000000001,-2.799999999999997,-167,-2113.399999999987
102.05000000000001,-2.799999999999997,-169,-2116.199999999986
102.05000000000001,-2.799999999999997,-169,-2116.199999999986
102.05000000000001,-2.799999999999997,-169,-2116.199999999986
102.05000000000001,-2.799999999999997,-169,-2116.199999999986
102.05000000000001,-2.799999999999997,-169,-2116.199999999986
102.05000000000001,-2.799999999999997,-169,-2116.199999999986
102.05000000000001,-2.799999999999997,-169,-2116.199999999986
102.05000000000001,-2.799999999999997,-170,-2117.5999999999894
102.05000000000001,-2.799999999999997,-170,-2117.5999999999894
102.05000000000001,-2.799999999999997,-171,-2118.999999999989
102.05000000000001,-2.799999999999997,-171,-2118.999999999989
102.05000000000001,-2.799999999999997,-171,-2118.999999999989
102.07,-2.760000000000005,-175,-2128.0199999999877
102.07,-2.760000000000005,-176,-2129.399999999987
102.07,-2.760000000000005,-176,-2129.399999999987
102.07,-2.760000000000005,-176,-2129.399999999987
102.07,-2.760000000000005,-176,-2129.399999999987
102.07,-2.760000000000005,-174,-2132.159999999987
102.07,-2.760000000000005,-175,-2133.5399999999863
102.07,-2.760000000000005,-173,-2136.2999999999865
102.07,-2.760000000000005,-174,-2137.6799999999857
102.07,-2.760000000000005,-175,-2139.059999999985
102.07,-2.760000000000005,-175,-2139.059999999985
102.07,-2.760000000000005,-178,-2143.1999999999844
102.07,-2.760000000000005,-178,-2143.1999999999844
102.07,-2.760000000000005,-178,-2143.1999999999844
102.07,-2.760000000000005,-178,-2143.1999999999844
102.13,-2.6400000000000006,-182,-2159.2799999999843
102.13,-2.6400000000000006,-184,-2161.9199999999837
102.14,-2.6599999999999966,-184,-2163.759999999984
102.14500000000001,-2.6700000000000017,-183,-2166.0149999999885
102.14500000000001,-2.6700000000000017,-181,-2168.6849999999868
102.14500000000001,-2.6700000000000017,-181,-2168.6849999999868
102.14500000000001,-2.6700000000000017,-181,-2168.6849999999868
102.14500000000001,-2.6700000000000017,-181,-2168.6849999999868
102.14500000000001,-2.6700000000000017,-181,-2168.6849999999868
102.17500000000001,-2.6099999999999994,-188,-2183.5499999999847
102.215,-2.6899999999999977,-188,-2191.069999999985
102.23,-2.719999999999999,-188,-2193.889999999985
102.24000000000001,-2.739999999999995,-187,-2197.139999999985
102.24000000000001,-2.739999999999995,-187,-2197.139999999985
102.24000000000001,-2.739999999999995,-187,-2197.139999999985
102.24000000000001,-2.739999999999995,-187,-2197.139999999985
102.24000000000001,-2.739999999999995,-187,-2197.139999999985
102.24000000000001,-2.739999999999995,-186,-2198.5099999999875
102.24000000000001,-2.739999999999995,-186,-2198.5099999999875
102.24000000000001,-2.739999999999995,-186,-2198.5099999999875
102.24000000000001,-2.739999999999995,-183,-2202.619999999988
102.24000000000001,-2.739999999999995,-185,-2205.359999999986
102.24000000000001,-2.739999999999995,-185,-2205.359999999986
102.24000000000001,-2.739999999999995,-183,-2208.0999999999876
102.24000000000001,-2.739999999999995,-183,-2208.0999999999876
102.24000000000001,-2.739999999999995,-183,-2208.0999999999876
102.24000000000001,-2.739999999999995,-183,-2208.0999999999876
102.25,-2.719999999999999,-191,-2220.9299999999857
102.275,-2.769999999999996,-190,-2227.0899999999856
102.285,-2.7900000000000063,-190,-2228.9899999999834
102.28999999999999,-2.799999999999997,-188,-2232.7399999999834
102.28999999999999,-2.799999999999997,-188,-2232.7399999999834
102.28999999999999,-2.799999999999997,-188,-2232.7399999999834
102.28999999999999,-2.799999999999997,-187,-2234.139999999985
102.28999999999999,-2.799999999999997,-187,-2234.139999999985
102.28999999999999,-2.799999999999997,-187,-2234.139999999985
102.28999999999999,-2.799999999999997,-187,-2234.139999999985
102.28999999999999,-2.799999999999997,-187,-2234.139999999985
102.28999999999999,-2.799999999999997,-187,-2234.139999999985
102.28999999999999,-2.799999999999997,-187,-2234.139999999985
102.28999999999999,-2.799999999999997,-189,-2236.939999999984
102.28999999999999,-2.799999999999997,-190,-2238.3399999999856
102.28999999999999,-2.799999999999997,-190,-2238.3399999999856
102.28999999999999,-2.799999999999997,-191,-2239.739999999987
102.295,-2.8100000000000023,-190,-2242.0999999999876
102.295,-2.8100000000000023,-190,-2242.0999999999876
102.295,-2.8100000000000023,-190,-2242.0999999999876
102.295,-2.8100000000000023,-186,-2247.7199999999866
102.295,-2.8100000000000023,-187,-2249.124999999989
102.295,-2.8100000000000023,-187,-2249.124999999989
102.295,-2.8100000000000023,-187,-2249.124999999989
102.295,-2.8100000000000023,-186,-2250.529999999988
102.295,-2.8100000000000023,-186,-2250.529999999988
102.295,-2.8100000000000023,-186,-2250.529999999988
102.295,-2.8100000000000023,-187,-2251.9349999999904
102.295,-2.8100000000000023,-188,-2253.3399999999892
102.295,-2.8100000000000023,-188,-2253.3399999999892
102.295,-2.8100000000000023,-188,-2253.3399999999892
102.295,-2.8100000000000023,-190,-2256.1499999999905
102.295,-2.8100000000000023,-188,-2258.959999999992
102.295,-2.8100000000000023,-188,-2258.959999999992
102.295,-2.8100000000000023,-187,-2260.3649999999943
102.295,-2.8100000000000023,-187,-2260.3649999999943
102.295,-2.8100000000000023,-186,-2261.769999999993
102.295,-2.8100000000000023,-186,-2261.769999999993
102.295,-2.8100000000000023,-186,-2261.769999999993
102.295,-2.8100000000000023,-186,-2261.769999999993
102.295,-2.8100000000000023,-185,-2263.1749999999956
102.295,-2.8100000000000023,-185,-2263.1749999999956
102.295,-2.8100000000000023,-184,-2264.5799999999945
102.295,-2.8100000000000023,-184,-2264.5799999999945
102.295,-2.8100000000000023,-184,-2264.5799999999945
102.295,-2.8100000000000023,-186,-2267.389999999996
102.295,-2.8100000000000023,-186,-2267.389999999996
102.295,-2.8100000000000023,-186,-2267.389999999996
102.295,-2.8100000000000023,-189,-2271.6049999999996
102.295,-2.8100000000000023,-189,-2271.6049999999996
102.295,-2.8100000000000023,-187,-2274.415000000001
102.295,-2.8100000000000023,-187,-2274.415000000001
102.295,-2.8100000000000023,-186,-2275.8199999999997
102.295,-2.8100000000000023,-186,-2275.8199999999997
102.295,-2.8100000000000023,-186,-2275.8199999999997
102.295,-2.8100000000000023,-184,-2278.630000000001
102.295,-2.8100000000000023,-184,-2278.630000000001
102.295,-2.8100000000000023,-185,-2280.0350000000035
102.295,-2.8100000000000023,-185,-2280.0350000000035
102.295,-2.8100000000000023,-184,-2281.4400000000023
102.295,-2.8100000000000023,-184,-2281.4400000000023
102.295,-2.8100000000000023,-184,-2281.4400000000023
102.295,-2.8100000000000023,-184,-2281.4400000000023
102.295,-2.8100000000000023,-191,-2291.275000000005
102.295,-2.8100000000000023,-191,-2291.275000000005
102.295,-2.8100000000000023,-191,-2291.275000000005
102.295,-2.8100000000000023,-191,-2291.275000000005
102.295,-2.8100000000000023,-191,-2291.275000000005
102.295,-2.8100000000000023,-191,-2291.275000000005
102.295,-2.8100000000000023,-194,-2295.4900000000052
102.31,-2.8400000000000034,-194,-2298.400000000005
102.32,-2.8599999999999994,-193,-2301.770000000004
102.32,-2.8599999999999994,-192,-2303.2000000000044
102.32,-2.8599999999999994,-192,-2303.2000000000044
102.32,-2.8599999999999994,-192,-2303.2000000000044
102.32,-2.8599999999999994,-192,-2303.2000000000044
102.32,-2.8599999999999994,-192,-2303.2000000000044
102.32,-2.8599999999999994,-192,-2303.2000000000044
102.32,-2.8599999999999994,-192,-2303.2000000000044
102.32,-2.8599999999999994,-190,-2306.060000000005
102.32,-2.8599999999999994,-190,-2306.060000000005
102.32,-2.8599999999999994,-195,-2313.2100000000028
102.33,-2.8799999999999955,-199,-2320.920000000002
102.35499999999999,-2.9299999999999926,-199,-2325.8950000000004
102.36500000000001,-2.950000000000003,-199,-2327.8850000000057
102.375,-2.969999999999999,-200,-2331.360000000004
102.38499999999999,-2.989999999999995,-200,-2333.360000000004
102.38499999999999,-2.989999999999995,-199,-2334.855000000003
102.38499999999999,-2.989999999999995,-199,-2334.855000000003
102.38499999999999,-2.989999999999995,-199,-2334.855000000003
102.38499999999999,-2.989999999999995,-198,-2336.350000000006
102.38499999999999,-2.989999999999995,-198,-2336.350000000006
102.38499999999999,-2.989999999999995,-200,-2339.3400000000074
102.38499999999999,-2.989999999999995,-200,-2339.3400000000074
102.38499999999999,-2.989999999999995,-200,-2339.3400000000074
102.38499999999999,-2.989999999999995,-200,-2339.3400000000074
102.39,-2.9799999999999898,-203,-2344.8200000000106
102.41,-3.019999999999996,-205,-2351.9000000000087
102.43,-3.059999999999988,-199,-2365.1800000000076
102.43,-3.059999999999988,-199,-2365.1800000000076
102.43,-3.059999999999988,-199,-2365.1800000000076
102.43,-3.059999999999988,-199,-2365.1800000000076
102.43,-3.059999999999988,-198,-2366.71000000001
102.43,-3.059999999999988,-198,-2366.71000000001
102.41,-3.019999999999996,-194,-2368.910000000007
102.41,-3.019999999999996,-194,-2368.910000000007
102.41,-3.019999999999996,-195,-2370.4200000000055
102.41,-3.019999999999996,-194,-2371.930000000004
102.41,-3.019999999999996,-190,-2377.970000000001
102.41,-3.019999999999996,-190,-2377.970000000001
102.41,-3.019999999999996,-192,-2380.9900000000052
102.41,-3.019999999999996,-192,-2380.9900000000052
102.41,-3.019999999999996,-192,-2380.9900000000052
102.41,-3.019999999999996,-191,-2382.5
102.41,-3.019999999999996,-191,-2382.5
102.41,-3.019999999999996,-191,-2382.5
102.41,-3.019999999999996,-191,-2382.5
102.41,-3.019999999999996,-191,-2382.5
102.41,-3.019999999999996,-191,-2382.5
102.41,-3.019999999999996,-191,-2382.5
102.41,-3.019999999999996,-191,-2382.5
102.41,-3.019999999999996,-191,-2382.5
102.41,-3.019999999999996,-191,-2382.5
102.41,-3.019999999999996,-189,-2385.5200000000004
102.41,-3.019999999999996,-190,-2387.029999999999
102.41,-3.019999999999996,-190,-2387.029999999999
102.41,-3.019999999999996,-192,-2390.050000000003
102.41,-3.019999999999996,-191,-2391.5599999999977
102.41,-3.019999999999996,-191,-2391.5599999999977
102.41,-3.019999999999996,-191,-2391.5599999999977
102.41,-3.019999999999996,-189,-2394.579999999998
102.41,-3.019999999999996,-190,-2396.0899999999965
102.41,-3.019999999999996,-190,-2396.0899999999965
102.41,-3.019999999999996,-190,-2396.0899999999965
102.41,-3.019999999999996,-190,-2396.0899999999965
102.41,-3.019999999999996,-192,-2399.1100000000006
102.41,-3.019999999999996,-192,-2399.1100000000006
102.41,-3.019999999999996,-192,-2399.1100000000006
102.41,-3.019999999999996,-192,-2399.1100000000006
102.41,-3.019999999999996,-192,-2399.1100000000006
102.41,-3.019999999999996,-191,-2400.6199999999953
102.41,-3.019999999999996,-191,-2400.6199999999953
102.41,-3.019999999999996,-191,-2400.6199999999953
102.41,-3.019999999999996,-192,-2402.1299999999974
102.41,-3.019999999999996,-188,-2408.1699999999946
102.41,-3.019999999999996,-188,-2408.1699999999946
102.41,-3.019999999999996,-188,-2408.1699999999946
102.41,-3.019999999999996,-189,-2409.679999999993
102.41,-3.019999999999996,-188,-2411.1899999999914
102.41,-3.019999999999996,-188,-2411.1899999999914
102.41,-3.019999999999996,-189,-2412.69999999999
102.41,-3.019999999999996,-189,-2412.69999999999
102.41,-3.019999999999996,-189,-2412.69999999999
102.41,-3.019999999999996,-189,-2412.69999999999
102.41,-3.019999999999996,-189,-2412.69999999999
102.41,-3.019999999999996,-189,-2412.69999999999
102.41,-3.019999999999996,-189,-2412.69999999999
102.41,-3.019999999999996,-189,-2412.69999999999
102.41,-3.019999999999996,-190,-2414.209999999988
102.41,-3.019999999999996,-190,-2414.209999999988
102.41,-3.019999999999996,-190,-2414.209999999988
102.41,-3.019999999999996,-190,-2414.209999999988
102.41,-3.019999999999996,-190,-2414.209999999988
102.41,-3.019999999999996,-193,-2418.7399999999907
102.41,-3.019999999999996,-193,-2418.7399999999907
102.41,-3.019999999999996,-194,-2420.249999999989
102.41,-3.019999999999996,-194,-2420.249999999989
102.41,-3.019999999999996,-194,-2420.249999999989
102.41,-3.019999999999996,-194,-2420.249999999989
102.41,-3.019999999999996,-189,-2427.7999999999847
102.41,-3.019999999999996,-190,-2429.309999999983
102.41,-3.019999999999996,-190,-2429.309999999983
102.41,-3.019999999999996,-190,-2429.309999999983
102.41,-3.019999999999996,-190,-2429.309999999983
102.41,-3.019999999999996,-190,-2429.309999999983
102.41,-3.019999999999996,-191,-2430.8199999999815
102.41,-3.019999999999996,-191,-2430.8199999999815
102.41,-3.019999999999996,-191,-2430.8199999999815
102.41,-3.019999999999996,-191,-2430.8199999999815
102.41,-3.019999999999996,-191,-2430.8199999999815
102.41,-3.019999999999996,-191,-2430.8199999999815
102.41,-3.019999999999996,-192,-2432.3299999999836
102.41,-3.019999999999996,-192,-2432.3299999999836
102.41,-3.019999999999996,-195,-2436.8599999999824
102.41,-3.019999999999996,-195,-2436.8599999999824
102.41,-3.019999999999996,-194,-2438.369999999981
102.41,-3.019999999999996,-194,-2438.369999999981
102.41,-3.019999999999996,-194,-2438.369999999981
102.41,-3.019999999999996,-194,-2438.369999999981
102.41,-3.019999999999996,-194,-2438.369999999981
102.41,-3.019999999999996,-194,-2438.369999999981
102.41,-3.019999999999996,-193,-2439.879999999979
102.41,-3.019999999999996,-193,-2439.879999999979
102.41,-3.019999999999996,-193,-2439.879999999979
102.41,-3.019999999999996,-193,-2439.879999999979
102.41,-3.019999999999996,-195,-2442.8999999999796
102.41,-3.019999999999996,-196,-2444.409999999978
102.41,-3.019999999999996,-197,-2445.9199999999764
102.41,-3.019999999999996,-204,-2456.489999999976
102.42500000000001,-3.049999999999997,-204,-2459.5499999999774
102.435,-3.069999999999993,-204,-2461.5899999999783
102.44,-3.0799999999999983,-204,-2462.609999999975
102.44,-3.0799999999999983,-204,-2462.609999999975
102.44,-3.0799999999999983,-204,-2462.609999999975
102.44,-3.0799999999999983,-203,-2464.149999999976
102.44,-3.0799999999999983,-203,-2464.149999999976
102.44,-3.0799999999999983,-203,-2464.149999999976
102.44,-3.0799999999999983,-199,-2470.309999999976
102.445,-3.0700000000000074,-209,-2486.674999999974
102.47,-3.1200000000000045,-209,-2491.899999999976
102.485,-3.1500000000000057,-209,-2495.034999999978
102.495,-3.1700000000000017,-209,-2497.124999999978
102.5,-3.180000000000007,-209,-2498.1699999999764
102.5,-3.180000000000007,-209,-2498.1699999999764
102.5,-3.180000000000007,-209,-2498.1699999999764
102.5,-3.180000000000007,-209,-2498.1699999999764
102.5,-3.180000000000007,-209,-2498.1699999999764
102.5,-3.180000000000007,-208,-2499.7599999999766
102.5,-3.180000000000007,-208,-2499.7599999999766
102.5,-3.180000000000007,-208,-2499.7599999999766
102.5,-3.180000000000007,-208,-2499.7599999999766
102.5,-3.180000000000007,-208,-2499.7599999999766
102.5,-3.180000000000007,-208,-2499.7599999999766
102.5,-3.180000000000007,-208,-2499.7599999999766
102.5,-3.180000000000007,-208,-2499.7599999999766
102.5,-3.180000000000007,-207,-2501.3499999999767
102.5,-3.180000000000007,-207,-2501.3499999999767
102.5,-3.180000000000007,-207,-2501.3499999999767
102.5,-3.180000000000007,-207,-2501.3499999999767
102.5,-3.180000000000007,-207,-2501.3499999999767
102.5,-3.180000000000007,-209,-2504.529999999977
102.5,-3.180000000000007,-210,-2506.119999999977
102.505,-3.1899999999999977,-207,-2511.9549999999763
102.505,-3.1899999999999977,-205,-2515.144999999975
102.505,-3.1899999999999977,-205,-2515.144999999975
102.5,-3.180000000000007,-199,-2523.7099999999773
102.5,-3.180000000000007,-199,-2523.7099999999773
102.5,-3.180000000000007,-199,-2523.7099999999773
102.5,-3.180000000000007,-199,-2523.7099999999773
102.5,-3.180000000000007,-199,-2523.7099999999773
102.5,-3.180000000000007,-199,-2523.7099999999773
102.5,-3.180000000000007,-201,-2526.8899999999776
102.5,-3.180000000000007,-201,-2526.8899999999776
102.5,-3.180000000000007,-201,-2526.8899999999776
102.5,-3.180000000000007,-201,-2526.8899999999776
102.5,-3.180000000000007,-201,-2526.8899999999776
102.5,-3.180000000000007,-201,-2526.8899999999776
102.5,-3.180000000000007,-201,-2526.8899999999776
102.5,-3.180000000000007,-201,-2526.8899999999776
102.5,-3.180000000000007,-201,-2526.8899999999776
102.5,-3.180000000000007,-196,-2534.8399999999783
102.5,-3.180000000000007,-199,-2539.6099999999788
102.5,-3.180000000000007,-199,-2539.6099999999788
102.5,-3.180000000000007,-199,-2539.6099999999788
102.5,-3.180000000000007,-200,-2541.199999999979
102.5,-3.180000000000007,-200,-2541.199999999979
102.5,-3.180000000000007,-200,-2541.199999999979
102.5,-3.180000000000007,-199,-2542.789999999979
102.5,-3.180000000000007,-199,-2542.789999999979
102.5,-3.180000000000007,-199,-2542.789999999979
102.5,-3.180000000000007,-199,-2542.789999999979
102.5,-3.180000000000007,-199,-2542.789999999979
102.5,-3.180000000000007,-199,-2542.789999999979
102.5,-3.180000000000007,-191,-2555.50999999998
102.5,-3.180000000000007,-191,-2555.50999999998
102.5,-3.180000000000007,-191,-2555.50999999998
102.5,-3.180000000000007,-191,-2555.50999999998
102.5,-3.180000000000007,-190,-2557.0999999999804
102.5,-3.180000000000007,-190,-2557.0999999999804
102.5,-3.180000000000007,-190,-2557.0999999999804
102.5,-3.180000000000007,-190,-2557.0999999999804
102.5,-3.180000000000007,-191,-2558.6899999999805
102.5,-3.180000000000007,-191,-2558.6899999999805
102.5,-3.180000000000007,-191,-2558.6899999999805
102.5,-3.180000000000007,-188,-2563.459999999981
102.5,-3.180000000000007,-188,-2563.459999999981
102.5,-3.180000000000007,-189,-2565.049999999981
102.5,-3.180000000000007,-189,-2565.049999999981
102.5,-3.180000000000007,-189,-2565.049999999981
102.5,-3.180000000000007,-189,-2565.049999999981
102.5,-3.180000000000007,-188,-2566.6399999999812
102.5,-3.180000000000007,-188,-2566.6399999999812
102.5,-3.180000000000007,-188,-2566.6399999999812
102.5,-3.180000000000007,-188,-2566.6399999999812
102.5,-3.180000000000007,-188,-2566.6399999999812
102.5,-3.180000000000007,-188,-2566.6399999999812
102.5,-3.180000000000007,-191,-2571.4099999999817
102.5,-3.180000000000007,-191,-2571.4099999999817
102.5,-3.180000000000007,-192,-2572.999999999982
102.5,-3.180000000000007,-188,-2579.3599999999824
102.5,-3.180000000000007,-189,-2580.9499999999825
102.5,-3.180000000000007,-188,-2582.5399999999827
102.5,-3.180000000000007,-188,-2582.5399999999827
102.5,-3.180000000000007,-188,-2582.5399999999827
102.5,-3.180000000000007,-188,-2582.5399999999827
102.5,-3.180000000000007,-187,-2584.129999999983
102.5,-3.180000000000007,-187,-2584.129999999983
102.5,-3.180000000000007,-189,-2587.309999999983
102.5,-3.180000000000007,-186,-2592.0799999999836
102.5,-3.180000000000007,-181,-2600.0299999999843
102.5,-3.180000000000007,-181,-2600.0299999999843
102.5,-3.180000000000007,-181,-2600.0299999999843
102.5,-3.180000000000007,-181,-2600.0299999999843
102.5,-3.180000000000007,-175,-2609.569999999985
102.5,-3.180000000000007,-178,-2614.3399999999856
102.5,-3.180000000000007,-175,-2619.109999999986
102.5,-3.180000000000007,-176,-2620.699999999986
102.5,-3.180000000000007,-176,-2620.699999999986
102.5,-3.180000000000007,-172,-2627.0599999999868
102.5,-3.180000000000007,-176,-2633.4199999999873
102.5,-3.180000000000007,-176,-2633.4199999999873
102.5,-3.180000000000007,-176,-2633.4199999999873
102.5,-3.180000000000007,-176,-2633.4199999999873
102.5,-3.180000000000007,-176,-2633.4199999999873
102.5,-3.180000000000007,-175,-2635.0099999999875
102.5,-3.180000000000007,-175,-2635.0099999999875
102.5,-3.180000000000007,-175,-2635.0099999999875
102.5,-3.180000000000007,-175,-2635.0099999999875
102.5,-3.180000000000007,-176,-2636.5999999999876
102.5,-3.180000000000007,-174,-2639.779999999988
102.5,-3.180000000000007,-174,-2639.779999999988
102.5,-3.180000000000007,-174,-2639.779999999988
102.5,-3.180000000000007,-175,-2641.369999999988
102.5,-3.180000000000007,-175,-2641.369999999988
102.5,-3.180000000000007,-175,-2641.369999999988
102.5,-3.180000000000007,-175,-2641.369999999988
102.5,-3.180000000000007,-175,-2641.369999999988
102.5,-3.180000000000007,-174,-2642.959999999988
102.5,-3.180000000000007,-174,-2642.959999999988
102.5,-3.180000000000007,-174,-2642.959999999988
102.5,-3.180000000000007,-174,-2642.959999999988
102.5,-3.180000000000007,-174,-2642.959999999988
102.5,-3.180000000000007,-174,-2642.959999999988
102.5,-3.180000000000007,-173,-2644.5499999999884
102.5,-3.180000000000007,-174,-2646.1399999999885
102.5,-3.180000000000007,-174,-2646.1399999999885
102.5,-3.180000000000007,-174,-2646.1399999999885
102.5,-3.180000000000007,-173,-2647.7299999999886
102.5,-3.180000000000007,-172,-2649.319999999989
102.5,-3.180000000000007,-174,-2652.499999999989
102.5,-3.180000000000007,-174,-2652.499999999989
102.5,-3.180000000000007,-174,-2652.499999999989
102.5,-3.180000000000007,-174,-2652.499999999989
102.5,-3.180000000000007,-174,-2652.499999999989
102.5,-3.180000000000007,-174,-2652.499999999989
102.5,-3.180000000000007,-175,-2654.0899999999892
102.5,-3.180000000000007,-175,-2654.0899999999892
102.5,-3.180000000000007,-175,-2654.0899999999892
102.5,-3.180000000000007,-174,-2655.6799999999894
102.5,-3.180000000000007,-175,-2657.2699999999895
102.5,-3.180000000000007,-175,-2657.2699999999895
102.5,-3.180000000000007,-175,-2657.2699999999895
102.5,-3.180000000000007,-175,-2657.2699999999895
102.5,-3.180000000000007,-175,-2657.2699999999895
102.5,-3.180000000000007,-175,-2657.2699999999895
102.5,-3.180000000000007,-175,-2657.2699999999895
102.5,-3.180000000000007,-175,-2657.2699999999895
102.5,-3.180000000000007,-176,-2658.8599999999897
102.5,-3.180000000000007,-176,-2658.8599999999897
102.5,-3.180000000000007,-175,-2660.44999999999
102.5,-3.180000000000007,-175,-2660.44999999999
102.5,-3.180000000000007,-173,-2663.62999999999
102.5,-3.180000000000007,-171,-2666.8099999999904
102.5,-3.180000000000007,-178,-2677.9399999999896
102.5,-3.180000000000007,-178,-2677.9399999999896
102.5,-3.180000000000007,-178,-2677.9399999999896
102.5,-3.180000000000007,-178,-2677.9399999999896
102.5,-3.180000000000007,-178,-2677.9399999999896
102.5,-3.180000000000007,-178,-2677.9399999999896
102.5,-3.180000000000007,-177,-2679.5299999999897
102.5,-3.180000000000007,-177,-2679.5299999999897
102.5,-3.180000000000007,-178,-2681.11999999999
102.5,-3.180000000000007,-178,-2681.11999999999
102.5,-3.180000000000007,-180,-2684.29999999999
102.5,-3.180000000000007,-180,-2684.29999999999
102.5,-3.180000000000007,-181,-2685.8899999999903
102.5,-3.180000000000007,-181,-2685.8899999999903
102.5,-3.180000000000007,-181,-2685.8899999999903
102.5,-3.180000000000007,-183,-2689.0699999999906
102.5,-3.180000000000007,-184,-2690.6599999999908
102.5,-3.180000000000007,-183,-2692.249999999991
102.5,-3.180000000000007,-186,-2697.0199999999913
102.5,-3.180000000000007,-185,-2698.6099999999915
102.5,-3.180000000000007,-185,-2698.6099999999915
102.5,-3.180000000000007,-185,-2698.6099999999915
102.5,-3.180000000000007,-185,-2698.6099999999915
102.5,-3.180000000000007,-185,-2698.6099999999915
102.5,-3.180000000000007,-189,-2704.9699999999903
102.5,-3.180000000000007,-190,-2706.5599999999904
102.5,-3.180000000000007,-191,-2708.1499999999905
102.5,-3.180000000000007,-191,-2708.1499999999905
102.5,-3.180000000000007,-193,-2711.329999999991
102.5,-3.180000000000007,-194,-2712.919999999991
102.5,-3.180000000000007,-194,-2712.919999999991
102.5,-3.180000000000007,-197,-2717.6899999999914
102.5,-3.180000000000007,-196,-2719.2799999999916
102.5,-3.180000000000007,-196,-2719.2799999999916
102.5,-3.180000000000007,-195,-2720.8699999999917
102.5,-3.180000000000007,-195,-2720.8699999999917
102.5,-3.180000000000007,-194,-2722.459999999992
102.5,-3.180000000000007,-194,-2722.459999999992
102.495,-3.1700000000000017,-192,-2724.679999999993
102.495,-3.1700000000000017,-192,-2724.679999999993
102.495,-3.1700000000000017,-191,-2726.264999999996
102.495,-3.1700000000000017,-194,-2731.019999999997
102.495,-3.1700000000000017,-193,-2732.604999999996
102.495,-3.1700000000000017,-193,-2732.604999999996
102.495,-3.1700000000000017,-199,-2742.114999999998
102.495,-3.1700000000000017,-199,-2742.114999999998
102.495,-3.1700000000000017,-199,-2742.114999999998
102.495,-3.1700000000000017,-199,-2742.114999999998
102.495,-3.1700000000000017,-198,-2743.7000000000007
102.495,-3.1700000000000017,-198,-2743.7000000000007
102.495,-3.1700000000000017,-198,-2743.7000000000007
102.495,-3.1700000000000017,-198,-2743.7000000000007
102.495,-3.1700000000000017,-197,-2745.285
102.495,-3.1700000000000017,-201,-2751.6250000000036
102.495,-3.1700000000000017,-201,-2751.6250000000036
102.495,-3.1700000000000017,-201,-2751.6250000000036
102.495,-3.1700000000000017,-200,-2753.2100000000028
102.495,-3.1700000000000017,-200,-2753.2100000000028
102.495,-3.1700000000000017,-200,-2753.2100000000028
102.495,-3.1700000000000017,-200,-2753.2100000000028
102.495,-3.1700000000000017,-200,-2753.2100000000028
102.495,-3.1700000000000017,-198,-2756.3800000000047
102.495,-3.1700000000000017,-198,-2756.3800000000047
102.495,-3.1700000000000017,-198,-2756.3800000000047
102.495,-3.1700000000000017,-198,-2756.3800000000047
102.495,-3.1700000000000017,-198,-2756.3800000000047
102.495,-3.1700000000000017,-197,-2757.965000000004
102.495,-3.1700000000000017,-197,-2757.965000000004
102.495,-3.1700000000000017,-197,-2757.965000000004
102.495,-3.1700000000000017,-197,-2757.965000000004
102.495,-3.1700000000000017,-198,-2759.5500000000065
102.495,-3.1700000000000017,-198,-2759.5500000000065
102.495,-3.1700000000000017,-198,-2759.5500000000065
102.495,-3.1700000000000017,-198,-2759.5500000000065
102.495,-3.1700000000000017,-197,-2761.1350000000057
102.495,-3.1700000000000017,-197,-2761.1350000000057
102.4975,-3.1650000000000063,-208,-2779.065000000006
102.4975,-3.1650000000000063,-208,-2779.065000000006
102.4975,-3.1650000000000063,-208,-2779.065000000006
102.4975,-3.1650000000000063,-208,-2779.065000000006
102.4975,-3.1650000000000063,-212,-2785.3950000000077
102.5175,-3.2050000000000125,-207,-2797.6475000000064
102.5175,-3.2050000000000125,-206,-2799.2500000000036
102.5175,-3.2050000000000125,-205,-2800.8525000000045
102.5175,-3.2050000000000125,-205,-2800.8525000000045
102.5175,-3.2050000000000125,-205,-2800.8525000000045
102.5175,-3.2050000000000125,-205,-2800.8525000000045
102.5175,-3.2050000000000125,-205,-2800.8525000000045
102.5175,-3.2050000000000125,-205,-2800.8525000000045
102.5175,-3.2050000000000125,-205,-2800.8525000000045
102.5175,-3.2050000000000125,-205,-2800.8525000000045
102.5175,-3.2050000000000125,-206,-2802.4550000000017
102.5175,-3.2050000000000125,-206,-2802.4550000000017
102.5175,-3.2050000000000125,-206,-2802.4550000000017
102.5025,-3.1750000000000114,-202,-2805.805000000004
102.5025,-3.1750000000000114,-203,-2807.3925000000017
102.5025,-3.1750000000000114,-202,-2808.980000000003
102.5025,-3.1750000000000114,-202,-2808.980000000003
102.5025,-3.1750000000000114,-202,-2808.980000000003
102.5025,-3.1750000000000114,-202,-2808.980000000003
102.5025,-3.1750000000000114,-201,-2810.567500000001
102.5025,-3.1750000000000114,-202,-2812.1550000000025
102.5025,-3.1750000000000114,-203,-2813.7425000000003
102.5025,-3.1750000000000114,-203,-2813.7425000000003
102.5025,-3.1750000000000114,-203,-2813.7425000000003
102.5025,-3.1750000000000114,-203,-2813.7425000000003
102.5025,-3.1750000000000114,-205,-2816.9174999999996
102.5025,-3.1750000000000114,-205,-2816.9174999999996
102.5025,-3.1750000000000114,-199,-2826.442500000001
102.5025,-3.1750000000000114,-199,-2826.442500000001
102.4975,-3.1650000000000063,-195,-2831.787500000002
102.4975,-3.1650000000000063,-195,-2831.787500000002
102.4975,-3.1650000000000063,-195,-2831.787500000002
102.4975,-3.1650000000000063,-195,-2831.787500000002
102.4975,-3.1650000000000063,-195,-2831.787500000002
102.4975,-3.1650000000000063,-195,-2831.787500000002
102.4975,-3.1650000000000063,-191,-2838.1175000000003
102.4975,-3.1650000000000063,-188,-2842.8650000000016
102.4975,-3.1650000000000063,-187,-2844.447500000004
102.4975,-3.1650000000000063,-187,-2844.447500000004
102.4975,-3.1650000000000063,-187,-2844.447500000004
102.4975,-3.1650000000000063,-187,-2844.447500000004
102.4975,-3.1650000000000063,-187,-2844.447500000004
102.4975,-3.1650000000000063,-187,-2844.447500000004
102.4975,-3.1650000000000063,-187,-2844.447500000004
102.4975,-3.1650000000000063,-187,-2844.447500000004
102.4975,-3.1650000000000063,-187,-2844.447500000004
102.4975,-3.1650000000000063,-182,-2852.360000000004
102.4975,-3.1650000000000063,-182,-2852.360000000004
102.4975,-3.1650000000000063,-182,-2852.360000000004
102.4975,-3.1650000000000063,-188,-2861.8549999999996
102.4975,-3.1650000000000063,-189,-2863.4375
102.4975,-3.1650000000000063,-190,-2865.0200000000004
102.4975,-3.1650000000000063,-190,-2865.0200000000004
102.4975,-3.1650000000000063,-190,-2865.0200000000004
102.4975,-3.1650000000000063,-190,-2865.0200000000004
102.4975,-3.1650000000000063,-189,-2866.602500000001
102.5,-3.160000000000011,-191,-2870.2400000000016
102.5,-3.160000000000011,-191,-2870.2400000000016
102.5,-3.160000000000011,-191,-2870.2400000000016
102.5,-3.160000000000011,-192,-2871.8200000000033
102.5,-3.160000000000011,-192,-2871.8200000000033
102.5,-3.160000000000011,-193,-2873.400000000005
102.5,-3.160000000000011,-193,-2873.400000000005
102.5,-3.160000000000011,-193,-2873.400000000005
102.5,-3.160000000000011,-191,-2876.560000000005
102.5,-3.160000000000011,-181,-2892.360000000004
102.5,-3.160000000000011,-183,-2895.520000000004
102.5,-3.160000000000011,-184,-2897.100000000004
102.5,-3.160000000000011,-185,-2898.680000000004
102.5,-3.160000000000011,-189,-2905.0000000000036
102.5,-3.160000000000011,-190,-2906.5800000000054
102.5,-3.160000000000011,-197,-2917.6400000000067
102.5,-3.160000000000011,-197,-2917.6400000000067
102.5,-3.160000000000011,-197,-2917.6400000000067
102.5,-3.160000000000011,-198,-2919.2200000000084
102.5,-3.160000000000011,-198,-2919.2200000000084
102.5,-3.160000000000011,-195,-2923.96000000001
102.5,-3.160000000000011,-197,-2927.12000000001
102.5,-3.160000000000011,-197,-2927.12000000001
102.5,-3.160000000000011,-193,-2933.4400000000096
102.5,-3.160000000000011,-193,-2933.4400000000096
102.5,-3.160000000000011,-190,-2938.180000000011
102.5,-3.160000000000011,-191,-2939.760000000013
102.5,-3.160000000000011,-191,-2939.760000000013
102.5,-3.160000000000011,-191,-2939.760000000013
102.5,-3.160000000000011,-191,-2939.760000000013
102.5,-3.160000000000011,-191,-2939.760000000013
102.5,-3.160000000000011,-191,-2939.760000000013
102.5,-3.160000000000011,-192,-2941.3400000000147
102.5,-3.160000000000011,-190,-2944.5000000000146
102.5,-3.160000000000011,-190,-2944.5000000000146
102.5,-3.160000000000011,-190,-2944.5000000000146
102.5,-3.160000000000011,-190,-2944.5000000000146
102.5,-3.160000000000011,-190,-2944.5000000000146
102.5,-3.160000000000011,-190,-2944.5000000000146
102.5,-3.160000000000011,-191,-2946.0800000000163
102.5,-3.160000000000011,-191,-2946.0800000000163
102.5,-3.160000000000011,-191,-2946.0800000000163
102.5,-3.160000000000011,-191,-2946.0800000000163
102.5,-3.160000000000011,-191,-2946.0800000000163
102.5,-3.160000000000011,-191,-2946.0800000000163
102.5,-3.160000000000011,-191,-2946.0800000000163
102.5,-3.160000000000011,-191,-2946.0800000000163
102.5,-3.160000000000011,-192,-2947.660000000018
102.5,-3.160000000000011,-189,-2952.4000000000196
102.5,-3.160000000000011,-190,-2953.9800000000214
102.5,-3.160000000000011,-190,-2953.9800000000214
102.5,-3.160000000000011,-189,-2955.560000000023
102.5,-3.160000000000011,-189,-2955.560000000023
102.5,-3.160000000000011,-189,-2955.560000000023
102.5,-3.160000000000011,-190,-2957.140000000025
102.5,-3.160000000000011,-190,-2957.140000000025
102.5,-3.160000000000011,-190,-2957.140000000025
102.5,-3.160000000000011,-190,-2957.140000000025
102.5,-3.160000000000011,-190,-2957.140000000025
102.5,-3.160000000000011,-189,-2958.7200000000266
102.5,-3.160000000000011,-189,-2958.7200000000266
102.5,-3.160000000000011,-189,-2958.7200000000266
102.5,-3.160000000000011,-189,-2958.7200000000266
102.5,-3.160000000000011,-189,-2958.7200000000266
102.5,-3.160000000000011,-189,-2958.7200000000266
102.5,-3.160000000000011,-189,-2958.7200000000266
102.5,-3.160000000000011,-189,-2958.7200000000266
102.5,-3.160000000000011,-189,-2958.7200000000266
102.5,-3.160000000000011,-189,-2958.7200000000266
102.5,-3.160000000000011,-189,-2958.7200000000266
102.5,-3.160000000000011,-189,-2958.7200000000266
102.5,-3.160000000000011,-189,-2958.7200000000266
102.5,-3.160000000000011,-189,-2958.7200000000266
102.5,-3.160000000000011,-190,-2960.3000000000284
102.5,-3.160000000000011,-190,-2960.3000000000284
102.5,-3.160000000000011,-190,-2960.3000000000284
102.5,-3.160000000000011,-190,-2960.3000000000284
102.5,-3.160000000000011,-190,-2960.3000000000284
102.5,-3.160000000000011,-189,-2961.88000000003
102.5,-3.160000000000011,-195,-2971.3600000000297
102.5,-3.160000000000011,-195,-2971.3600000000297
102.5,-3.160000000000011,-195,-2971.3600000000297
102.5,-3.160000000000011,-195,-2971.3600000000297
102.5,-3.160000000000011,-196,-2972.9400000000314
102.5,-3.160000000000011,-196,-2972.9400000000314
102.5,-3.160000000000011,-196,-2972.9400000000314
102.5,-3.160000000000011,-196,-2972.9400000000314
102.5,-3.160000000000011,-198,-2976.1000000000313
102.5,-3.160000000000011,-190,-2988.7400000000307
102.5,-3.160000000000011,-190,-2988.7400000000307
102.5,-3.160000000000011,-189,-2990.3200000000306
102.5,-3.160000000000011,-189,-2990.3200000000306
102.5,-3.160000000000011,-189,-2990.3200000000306
102.5,-3.160000000000011,-189,-2990.3200000000306
102.5,-3.160000000000011,-189,-2990.3200000000306
102.5,-3.160000000000011,-189,-2990.3200000000306
102.5,-3.160000000000011,-190,-2991.9000000000306
102.5,-3.160000000000011,-191,-2993.4800000000323
102.5,-3.160000000000011,-192,-2995.060000000034
102.5,-3.160000000000011,-192,-2995.060000000034
102.5,-3.160000000000011,-191,-2996.640000000036
102.5,-3.160000000000011,-192,-2998.2200000000375
102.5,-3.160000000000011,-192,-2998.2200000000375
102.5,-3.160000000000011,-196,-3004.5400000000373
102.5,-3.160000000000011,-196,-3004.5400000000373
102.5,-3.160000000000011,-192,-3010.860000000037
102.5,-3.160000000000011,-193,-3012.4400000000387
102.5,-3.160000000000011,-193,-3012.4400000000387
102.5,-3.160000000000011,-192,-3014.0200000000405
102.5,-3.160000000000011,-192,-3014.0200000000405
102.5,-3.160000000000011,-206,-3036.1400000000394
102.5,-3.160000000000011,-205,-3037.720000000041
102.5,-3.160000000000011,-206,-3039.300000000043
102.5,-3.160000000000011,-208,-3042.460000000043
102.5,-3.160000000000011,-208,-3042.460000000043
102.5,-3.160000000000011,-202,-3051.9400000000423
102.5,-3.160000000000011,-202,-3051.9400000000423
102.5,-3.160000000000011,-202,-3051.9400000000423
102.5,-3.160000000000011,-202,-3051.9400000000423
102.5,-3.160000000000011,-202,-3051.9400000000423
102.5,-3.160000000000011,-202,-3051.9400000000423
102.5,-3.160000000000011,-201,-3053.520000000044
102.5,-3.160000000000011,-202,-3055.100000000046
102.5,-3.160000000000011,-202,-3055.100000000046
102.5,-3.160000000000011,-195,-3066.160000000047
102.5,-3.160000000000011,-197,-3069.320000000047
102.5,-3.160000000000011,-197,-3069.320000000047
102.5,-3.160000000000011,-197,-3069.320000000047
102.5,-3.160000000000011,-196,-3070.9000000000487
102.5,-3.160000000000011,-196,-3070.9000000000487
102.5,-3.160000000000011,-194,-3074.0600000000486
102.5,-3.160000000000011,-194,-3074.0600000000486
102.5,-3.160000000000011,-194,-3074.0600000000486
102.5,-3.160000000000011,-193,-3075.6400000000503
102.5,-3.160000000000011,-193,-3075.6400000000503
102.5,-3.160000000000011,-191,-3078.80000000005
102.5,-3.160000000000011,-191,-3078.80000000005
102.5,-3.160000000000011,-191,-3078.80000000005
102.5,-3.160000000000011,-192,-3080.380000000052
102.5,-3.160000000000011,-192,-3080.380000000052
102.5,-3.160000000000011,-192,-3080.380000000052
102.5,-3.160000000000011,-189,-3085.1200000000517
102.5,-3.160000000000011,-185,-3091.4400000000514
102.5,-3.160000000000011,-188,-3096.180000000051
102.5,-3.160000000000011,-188,-3096.180000000051
102.5,-3.160000000000011,-188,-3096.180000000051
102.5,-3.160000000000011,-187,-3097.760000000051
102.5,-3.160000000000011,-183,-3104.080000000051
102.5,-3.160000000000011,-182,-3105.660000000051
102.5,-3.160000000000011,-182,-3105.660000000051
102.5,-3.160000000000011,-186,-3111.9800000000505
102.5,-3.160000000000011,-186,-3111.9800000000505
102.5,-3.160000000000011,-186,-3111.9800000000505
102.5,-3.160000000000011,-184,-3115.1400000000503
102.5,-3.160000000000011,-184,-3115.1400000000503
102.5,-3.160000000000011,-184,-3115.1400000000503
102.5,-3.160000000000011,-184,-3115.1400000000503
102.5,-3.160000000000011,-182,-3118.30000000005
102.5,-3.160000000000011,-182,-3118.30000000005
102.5,-3.160000000000011,-183,-3119.88000000005
102.5,-3.160000000000011,-183,-3119.88000000005
102.5,-3.160000000000011,-182,-3121.46000000005
102.5,-3.160000000000011,-182,-3121.46000000005
102.5,-3.160000000000011,-182,-3121.46000000005
102.5,-3.160000000000011,-182,-3121.46000000005
102.5,-3.160000000000011,-181,-3123.04000000005
102.5,-3.160000000000011,-180,-3124.62000000005
102.5,-3.160000000000011,-180,-3124.62000000005
102.5,-3.160000000000011,-182,-3127.7800000000498
102.5,-3.160000000000011,-182,-3127.7800000000498
102.5,-3.160000000000011,-182,-3127.7800000000498
102.5,-3.160000000000011,-182,-3127.7800000000498
102.5,-3.160000000000011,-184,-3130.9400000000496
102.5,-3.160000000000011,-184,-3130.9400000000496
102.5,-3.160000000000011,-184,-3130.9400000000496
102.5,-3.160000000000011,-184,-3130.9400000000496
102.5,-3.160000000000011,-184,-3130.9400000000496
102.5,-3.160000000000011,-182,-3134.1000000000495
102.5,-3.160000000000011,-182,-3134.1000000000495
102.5,-3.160000000000011,-183,-3135.6800000000494
102.5,-3.160000000000011,-182,-3137.2600000000493
102.5,-3.160000000000011,-182,-3137.2600000000493
102.5,-3.160000000000011,-177,-3145.160000000049
102.5,-3.160000000000011,-176,-3146.740000000049
102.5,-3.160000000000011,-175,-3148.320000000049
102.5,-3.160000000000011,-171,-3154.6400000000485
102.5,-3.160000000000011,-170,-3156.2200000000485
102.5,-3.160000000000011,-170,-3156.2200000000485
102.5,-3.160000000000011,-170,-3156.2200000000485
102.5,-3.160000000000011,-170,-3156.2200000000485
102.5,-3.160000000000011,-170,-3156.2200000000485
102.5,-3.160000000000011,-170,-3156.2200000000485
102.5,-3.160000000000011,-170,-3156.2200000000485
102.5,-3.160000000000011,-169,-3157.8000000000484
102.5,-3.160000000000011,-168,-3159.3800000000483
102.5,-3.160000000000011,-168,-3159.3800000000483
102.5,-3.160000000000011,-168,-3159.3800000000483
102.5,-3.160000000000011,-164,-3165.700000000048
102.5,-3.160000000000011,-164,-3165.700000000048
102.5,-3.160000000000011,-166,-3168.860000000048
102.5,-3.160000000000011,-167,-3170.440000000048
102.5,-3.160000000000011,-166,-3172.0200000000477
102.5,-3.160000000000011,-169,-3176.7600000000475
102.5,-3.160000000000011,-168,-3178.3400000000474
102.5,-3.160000000000011,-169,-3179.9200000000474
102.5,-3.160000000000011,-169,-3179.9200000000474
102.5,-3.160000000000011,-169,-3179.9200000000474
102.5,-3.160000000000011,-168,-3181.5000000000473
102.5,-3.160000000000011,-168,-3181.5000000000473
102.5,-3.160000000000011,-170,-3184.660000000047
102.5,-3.160000000000011,-170,-3184.660000000047
102.5,-3.160000000000011,-173,-3189.400000000047
102.5,-3.160000000000011,-173,-3189.400000000047
102.5,-3.160000000000011,-175,-3192.560000000047
102.5,-3.160000000000011,-172,-3197.3000000000466
102.5,-3.160000000000011,-172,-3197.3000000000466
102.5,-3.160000000000011,-172,-3197.3000000000466
102.5,-3.160000000000011,-171,-3198.8800000000465
102.5,-3.160000000000011,-170,-3200.4600000000464
102.5,-3.160000000000011,-170,-3200.4600000000464
102.5,-3.160000000000011,-171,-3202.0400000000463
102.5,-3.160000000000011,-173,-3205.200000000046
102.5,-3.160000000000011,-174,-3206.780000000046
102.5,-3.160000000000011,-174,-3206.780000000046
102.5,-3.160000000000011,-175,-3208.360000000046
102.5,-3.160000000000011,-175,-3208.360000000046
102.5,-3.160000000000011,-175,-3208.360000000046
102.5,-3.160000000000011,-175,-3208.360000000046
102.5,-3.160000000000011,-174,-3209.940000000046
102.5,-3.1599999999999966,-177,-3214.6800000000458
102.5,-3.1599999999999966,-177,-3214.6800000000458
102.5,-3.1599999999999966,-176,-3216.2600000000457
102.5,-3.1599999999999966,-175,-3217.8400000000456
102.5,-3.1599999999999966,-171,-3224.1600000000453
102.5,-3.1599999999999966,-171,-3224.1600000000453
102.5,-3.1599999999999966,-171,-3224.1600000000453
102.5,-3.1599999999999966,-179,-3236.8000000000447
102.5,-3.1599999999999966,-181,-3239.9600000000446
102.5,-3.1599999999999966,-181,-3239.9600000000446
102.5,-3.1599999999999966,-181,-3239.9600000000446
102.5,-3.1599999999999966,-184,-3244.7000000000444
102.5,-3.1599999999999966,-184,-3244.7000000000444
102.5,-3.1599999999999966,-184,-3244.7000000000444
102.5,-3.1599999999999966,-184,-3244.7000000000444
102.5,-3.1599999999999966,-184,-3244.7000000000444
102.5,-3.1599999999999966,-184,-3244.7000000000444
102.5,-3.1599999999999966,-184,-3244.7000000000444
102.5,-3.1599999999999966,-175,-3258.9200000000437
102.5,-3.1599999999999966,-175,-3258.9200000000437
102.5,-3.1599999999999966,-174,-3260.5000000000437
102.5,-3.1599999999999966,-174,-3260.5000000000437
102.5,-3.1599999999999966,-174,-3260.5000000000437
102.5,-3.1599999999999966,-174,-3260.5000000000437
102.5,-3.1599999999999966,-175,-3262.0800000000436
102.5,-3.1599999999999966,-179,-3268.4000000000433
102.5,-3.1599999999999966,-180,-3269.980000000043
102.5,-3.1599999999999966,-180,-3269.980000000043
102.5,-3.1599999999999966,-180,-3269.980000000043
102.5,-3.1599999999999966,-180,-3269.980000000043
102.5,-3.1599999999999966,-173,-3281.0400000000427
102.5,-3.1599999999999966,-174,-3282.6200000000426
102.5,-3.1599999999999966,-172,-3285.7800000000425
102.5,-3.1599999999999966,-173,-3287.3600000000424
102.5,-3.1599999999999966,-173,-3287.3600000000424
102.5,-3.1599999999999966,-173,-3287.3600000000424
102.5,-3.1599999999999966,-173,-3287.3600000000424
102.5,-3.1599999999999966,-173,-3287.3600000000424
102.5,-3.1599999999999966,-175,-3290.5200000000423
102.5,-3.1599999999999966,-175,-3290.5200000000423
102.5,-3.1599999999999966,-175,-3290.5200000000423
102.5,-3.1599999999999966,-175,-3290.5200000000423
102.5,-3.1599999999999966,-175,-3290.5200000000423
102.5,-3.1599999999999966,-175,-3290.5200000000423
102.5,-3.1599999999999966,-175,-3290.5200000000423
102.5,-3.1599999999999966,-174,-3292.100000000042
102.5,-3.1599999999999966,-174,-3292.100000000042
102.5,-3.1599999999999966,-173,-3293.680000000042
102.5,-3.1599999999999966,-174,-3295.260000000042
102.5,-3.1599999999999966,-176,-3298.420000000042
102.5,-3.1599999999999966,-176,-3298.420000000042
102.5,-3.1599999999999966,-176,-3298.420000000042
102.5,-3.1599999999999966,-176,-3298.420000000042
102.5,-3.1599999999999966,-176,-3298.420000000042
102.5,-3.1599999999999966,-176,-3298.420000000042
102.5,-3.1599999999999966,-180,-3304.7400000000416
102.5,-3.1599999999999966,-180,-3304.7400000000416
102.5,-3.1599999999999966,-180,-3304.7400000000416
102.5,-3.1599999999999966,-181,-3306.3200000000415
102.5,-3.1599999999999966,-177,-3312.6400000000413
102.5,-3.1599999999999966,-177,-3312.6400000000413
102.5,-3.1599999999999966,-177,-3312.6400000000413
102.5,-3.1599999999999966,-176,-3314.220000000041
102.5,-3.1599999999999966,-176,-3314.220000000041
102.5,-3.1599999999999966,-176,-3314.220000000041
102.5,-3.1599999999999966,-176,-3314.220000000041
102.5,-3.1599999999999966,-176,-3314.220000000041
102.5,-3.1599999999999966,-176,-3314.220000000041
102.5,-3.1599999999999966,-176,-3314.220000000041
102.5,-3.1599999999999966,-176,-3314.220000000041
102.5,-3.1599999999999966,-178,-3317.380000000041
102.5,-3.1599999999999966,-178,-3317.380000000041
102.5,-3.1599999999999966,-178,-3317.380000000041
102.5,-3.1599999999999966,-178,-3317.380000000041
102.5,-3.1599999999999966,-172,-3326.8600000000406
102.5,-3.1599999999999966,-172,-3326.8600000000406
102.5,-3.1599999999999966,-172,-3326.8600000000406
102.5,-3.1599999999999966,-169,-3331.6000000000404
102.5,-3.1599999999999966,-170,-3333.1800000000403
102.5,-3.1599999999999966,-168,-3336.34000000004
102.5,-3.1599999999999966,-167,-3337.92000000004
102.5,-3.1599999999999966,-174,-3348.9800000000396
102.5,-3.1599999999999966,-175,-3350.5600000000395
102.495,-3.1499999999999915,-168,-3360.750000000038
102.495,-3.1499999999999915,-168,-3360.750000000038
102.495,-3.1499999999999915,-167,-3362.325000000039
102.495,-3.1499999999999915,-167,-3362.325000000039
102.495,-3.1499999999999915,-167,-3362.325000000039
102.495,-3.1499999999999915,-166,-3363.9000000000397
102.495,-3.1499999999999915,-166,-3363.9000000000397
102.495,-3.1499999999999915,-168,-3367.0500000000375
102.495,-3.1499999999999915,-168,-3367.0500000000375
102.495,-3.1499999999999915,-168,-3367.0500000000375
102.495,-3.1499999999999915,-168,-3367.0500000000375
102.495,-3.1499999999999915,-168,-3367.0500000000375
102.495,-3.1499999999999915,-167,-3368.625000000038
102.495,-3.1499999999999915,-167,-3368.625000000038
102.495,-3.1499999999999915,-167,-3368.625000000038
102.495,-3.1499999999999915,-167,-3368.625000000038
102.495,-3.1499999999999915,-167,-3368.625000000038
102.495,-3.1499999999999915,-167,-3368.625000000038
102.495,-3.1499999999999915,-163,-3374.9250000000393
102.495,-3.1499999999999915,-163,-3374.9250000000393
102.495,-3.1499999999999915,-163,-3374.9250000000393
102.495,-3.1499999999999915,-162,-3376.50000000004
102.495,-3.1499999999999915,-162,-3376.50000000004
102.495,-3.1499999999999915,-164,-3379.650000000038
102.495,-3.1499999999999915,-163,-3381.2250000000386
102.495,-3.1499999999999915,-159,-3387.525000000038
102.495,-3.1499999999999915,-159,-3387.525000000038
102.495,-3.1499999999999915,-163,-3393.825000000039
102.495,-3.1499999999999915,-163,-3393.825000000039
102.495,-3.1499999999999915,-163,-3393.825000000039
102.495,-3.1499999999999915,-164,-3395.400000000038
102.495,-3.1499999999999915,-164,-3395.400000000038
102.495,-3.1499999999999915,-164,-3395.400000000038
102.495,-3.1499999999999915,-164,-3395.400000000038
102.495,-3.1499999999999915,-165,-3396.9750000000367
102.495,-3.1499999999999915,-165,-3396.9750000000367
102.495,-3.1499999999999915,-162,-3401.700000000039
102.495,-3.1499999999999915,-162,-3401.700000000039
102.495,-3.1499999999999915,-162,-3401.700000000039
102.495,-3.1499999999999915,-162,-3401.700000000039
102.495,-3.1499999999999915,-163,-3403.275000000038
102.495,-3.1499999999999915,-163,-3403.275000000038
102.495,-3.1499999999999915,-159,-3409.575000000037
102.495,-3.1499999999999915,-159,-3409.575000000037
102.495,-3.1499999999999915,-159,-3409.575000000037
102.495,-3.1499999999999915,-153,-3419.025000000038
102.495,-3.1499999999999915,-153,-3419.025000000038
102.495,-3.1499999999999915,-153,-3419.025000000038
102.495,-3.1499999999999915,-153,-3419.025000000038
102.495,-3.1499999999999915,-153,-3419.025000000038
102.495,-3.1499999999999915,-155,-3422.1750000000375
102.495,-3.1499999999999915,-155,-3422.1750000000375
102.495,-3.1499999999999915,-155,-3422.1750000000375
102.495,-3.1499999999999915,-157,-3425.325000000037
102.495,-3.1499999999999915,-157,-3425.325000000037
102.495,-3.1499999999999915,-157,-3425.325000000037
102.495,-3.1499999999999915,-157,-3425.325000000037
102.495,-3.1499999999999915,-157,-3425.325000000037
102.495,-3.1499999999999915,-157,-3425.325000000037
102.495,-3.1499999999999915,-155,-3428.4750000000367
102.495,-3.1499999999999915,-155,-3428.4750000000367
102.495,-3.1499999999999915,-155,-3428.4750000000367
102.495,-3.1499999999999915,-155,-3428.4750000000367
102.495,-3.1499999999999915,-156,-3430.0500000000375
102.495,-3.1499999999999915,-154,-3433.200000000037
102.495,-3.1499999999999915,-154,-3433.200000000037
102.495,-3.1499999999999915,-155,-3434.775000000036
102.495,-3.1499999999999915,-155,-3434.775000000036
102.495,-3.1499999999999915,-155,-3434.775000000036
102.495,-3.1499999999999915,-159,-3441.0750000000353
102.495,-3.1499999999999915,-158,-3442.650000000036
102.495,-3.1499999999999915,-158,-3442.650000000036
102.495,-3.1499999999999915,-158,-3442.650000000036
102.495,-3.1499999999999915,-158,-3442.650000000036
102.495,-3.1499999999999915,-158,-3442.650000000036
102.495,-3.1499999999999915,-158,-3442.650000000036
102.495,-3.1499999999999915,-158,-3442.650000000036
102.495,-3.1499999999999915,-158,-3442.650000000036
102.495,-3.1499999999999915,-158,-3442.650000000036
102.495,-3.1499999999999915,-158,-3442.650000000036
102.495,-3.1499999999999915,-158,-3442.650000000036
102.495,-3.1499999999999915,-157,-3444.225000000035
102.495,-3.1499999999999915,-157,-3444.225000000035
102.495,-3.1499999999999915,-157,-3444.225000000035
102.495,-3.1499999999999915,-158,-3445.8000000000357
102.495,-3.1499999999999915,-158,-3445.8000000000357
102.495,-3.1499999999999915,-158,-3445.8000000000357
102.495,-3.1499999999999915,-160,-3448.9500000000353
102.495,-3.1499999999999915,-162,-3452.1000000000367
102.495,-3.1499999999999915,-160,-3455.2500000000346
102.495,-3.1499999999999915,-160,-3455.2500000000346
102.495,-3.1499999999999915,-161,-3456.8250000000335
102.495,-3.1499999999999915,-161,-3456.8250000000335
102.495,-3.1499999999999915,-160,-3458.400000000034
102.495,-3.1499999999999915,-160,-3458.400000000034
102.495,-3.1499999999999915,-160,-3458.400000000034
102.495,-3.1499999999999915,-159,-3459.975000000033
102.495,-3.1499999999999915,-159,-3459.975000000033
102.495,-3.1499999999999915,-159,-3459.975000000033
102.495,-3.1499999999999915,-159,-3459.975000000033
102.495,-3.1499999999999915,-159,-3459.975000000033
102.495,-3.1499999999999915,-159,-3459.975000000033
102.495,-3.1499999999999915,-159,-3459.975000000033
102.495,-3.1499999999999915,-159,-3459.975000000033
102.495,-3.1499999999999915,-159,-3459.975000000033
102.495,-3.1499999999999915,-164,-3467.850000000033
102.495,-3.1499999999999915,-164,-3467.850000000033
102.495,-3.1499999999999915,-164,-3467.850000000033
102.495,-3.1499999999999915,-165,-3469.425000000032
102.495,-3.1499999999999915,-165,-3469.425000000032
102.495,-3.1499999999999915,-165,-3469.425000000032
102.495,-3.1499999999999915,-165,-3469.425000000032
102.495,-3.1499999999999915,-165,-3469.425000000032
102.495,-3.1499999999999915,-166,-3471.0000000000346
102.495,-3.1499999999999915,-172,-3480.4500000000317
102.495,-3.1499999999999915,-172,-3480.4500000000317
102.495,-3.1499999999999915,-161,-3497.7750000000324
102.495,-3.1499999999999915,-161,-3497.7750000000324
102.495,-3.1499999999999915,-161,-3497.7750000000324
102.495,-3.1499999999999915,-161,-3497.7750000000324
102.495,-3.1499999999999915,-159,-3500.925000000032
102.495,-3.1499999999999915,-159,-3500.925000000032
102.495,-3.1499999999999915,-159,-3500.925000000032
102.495,-3.1499999999999915,-159,-3500.925000000032
102.495,-3.1499999999999915,-158,-3502.5000000000327
102.495,-3.1499999999999915,-155,-3507.2250000000313
102.495,-3.1499999999999915,-153,-3510.375000000031
102.495,-3.1499999999999915,-150,-3515.1000000000295
102.495,-3.1499999999999915,-150,-3515.1000000000295
102.495,-3.1499999999999915,-150,-3515.1000000000295
102.495,-3.1499999999999915,-150,-3515.1000000000295
102.495,-3.1499999999999915,-145,-3522.9750000000313
102.495,-3.1499999999999915,-145,-3522.9750000000313
102.495,-3.1499999999999915,-145,-3522.9750000000313
102.495,-3.1499999999999915,-145,-3522.9750000000313
102.495,-3.1499999999999915,-145,-3522.9750000000313
102.495,-3.1499999999999915,-145,-3522.9750000000313
102.495,-3.1499999999999915,-145,-3522.9750000000313
102.495,-3.1499999999999915,-145,-3522.9750000000313
102.495,-3.1499999999999915,-139,-3532.42500000003
102.495,-3.1499999999999915,-139,-3532.42500000003
102.495,-3.1499999999999915,-142,-3537.1500000000306
102.495,-3.1499999999999915,-138,-3543.4500000000317
102.495,-3.1499999999999915,-138,-3543.4500000000317
102.495,-3.1499999999999915,-138,-3543.4500000000317
102.495,-3.1499999999999915,-138,-3543.4500000000317
102.495,-3.1499999999999915,-138,-3543.4500000000317
102.495,-3.1499999999999915,-138,-3543.4500000000317
102.495,-3.1499999999999915,-144,-3552.9000000000306
102.495,-3.1499999999999915,-145,-3554.4750000000313
102.495,-3.1499999999999915,-145,-3554.4750000000313
102.495,-3.1499999999999915,-145,-3554.4750000000313
102.495,-3.1499999999999915,-144,-3556.05000000003
102.495,-3.1499999999999915,-145,-3557.625000000031
102.495,-3.1499999999999915,-144,-3559.20000000003
102.495,-3.1499999999999915,-144,-3559.20000000003
102.495,-3.1499999999999915,-144,-3559.20000000003
102.495,-3.1499999999999915,-144,-3559.20000000003
102.495,-3.1499999999999915,-144,-3559.20000000003
102.495,-3.1499999999999915,-145,-3560.7750000000306
102.495,-3.1499999999999915,-144,-3562.3500000000295
102.495,-3.1499999999999915,-145,-3563.92500000003
102.495,-3.1499999999999915,-146,-3565.500000000029
102.495,-3.1499999999999915,-147,-3567.07500000003
102.495,-3.1499999999999915,-147,-3567.07500000003
102.495,-3.1499999999999915,-147,-3567.07500000003
102.495,-3.1499999999999915,-146,-3568.6500000000287
102.495,-3.1499999999999915,-146,-3568.6500000000287
102.495,-3.1499999999999915,-146,-3568.6500000000287
102.495,-3.1499999999999915,-146,-3568.6500000000287
102.495,-3.1499999999999915,-146,-3568.6500000000287
102.495,-3.1499999999999915,-146,-3568.6500000000287
102.495,-3.1499999999999915,-149,-3573.375000000029
102.495,-3.1499999999999915,-150,-3574.950000000028
102.495,-3.1499999999999915,-150,-3574.950000000028
102.495,-3.1499999999999915,-150,-3574.950000000028
102.495,-3.1499999999999915,-150,-3574.950000000028
102.495,-3.1499999999999915,-150,-3574.950000000028
102.495,-3.1499999999999915,-152,-3578.1000000000295
102.495,-3.1499999999999915,-152,-3578.1000000000295
102.495,-3.1499999999999915,-152,-3578.1000000000295
102.495,-3.1499999999999915,-153,-3579.6750000000284
102.495,-3.1499999999999915,-153,-3579.6750000000284
102.495,-3.1499999999999915,-153,-3579.6750000000284
102.495,-3.1499999999999915,-153,-3579.6750000000284
102.495,-3.1499999999999915,-155,-3582.825000000028
102.495,-3.1499999999999915,-153,-3585.9750000000276
102.495,-3.1499999999999915,-153,-3585.9750000000276
102.495,-3.1499999999999915,-153,-3585.9750000000276
102.495,-3.1499999999999915,-153,-3585.9750000000276
102.495,-3.1499999999999915,-153,-3585.9750000000276
102.495,-3.1499999999999915,-149,-3592.2750000000287
102.495,-3.1499999999999915,-149,-3592.2750000000287
102.495,-3.1499999999999915,-149,-3592.2750000000287
102.495,-3.1499999999999915,-150,-3593.8500000000276
102.495,-3.1499999999999915,-150,-3593.8500000000276
102.495,-3.1499999999999915,-150,-3593.8500000000276
102.495,-3.1499999999999915,-150,-3593.8500000000276
102.495,-3.1499999999999915,-150,-3593.8500000000276
102.495,-3.1499999999999915,-149,-3595.4250000000284
102.495,-3.1499999999999915,-149,-3595.4250000000284
102.495,-3.1499999999999915,-149,-3595.4250000000284
102.495,-3.1499999999999915,-149,-3595.4250000000284
102.495,-3.1499999999999915,-149,-3595.4250000000284
102.495,-3.1499999999999915,-149,-3595.4250000000284
102.495,-3.1499999999999915,-149,-3595.4250000000284
102.495,-3.1499999999999915,-148,-3597.0000000000273
102.495,-3.1499999999999915,-148,-3597.0000000000273
102.495,-3.1499999999999915,-148,-3597.0000000000273
102.495,-3.1499999999999915,-147,-3598.575000000028
102.495,-3.1499999999999915,-147,-3598.575000000028
102.495,-3.1499999999999915,-148,-3600.150000000027
102.495,-3.1499999999999915,-148,-3600.150000000027
102.495,-3.1499999999999915,-164,-3625.3500000000276
102.495,-3.1499999999999915,-159,-3633.2250000000276
102.495,-3.1499999999999915,-159,-3633.2250000000276
102.495,-3.1499999999999915,-159,-3633.2250000000276
102.495,-3.1499999999999915,-159,-3633.2250000000276
102.495,-3.1499999999999915,-162,-3637.95000000003
102.495,-3.1499999999999915,-162,-3637.95000000003
102.495,-3.1499999999999915,-169,-3648.9750000000295
102.495,-3.1499999999999915,-171,-3652.1250000000273
102.495,-3.1499999999999915,-171,-3652.1250000000273
102.495,-3.1499999999999915,-171,-3652.1250000000273
102.495,-3.1499999999999915,-171,-3652.1250000000273
102.495,-3.1499999999999915,-171,-3652.1250000000273
102.495,-3.1499999999999915,-171,-3652.1250000000273
102.495,-3.1499999999999915,-171,-3652.1250000000273
102.495,-3.1499999999999915,-171,-3652.1250000000273
102.495,-3.1499999999999915,-170,-3653.700000000028
102.495,-3.1499999999999915,-173,-3658.4250000000284
102.495,-3.1499999999999915,-173,-3658.4250000000284
102.495,-3.1499999999999915,-173,-3658.4250000000284
102.495,-3.1499999999999915,-169,-3664.7250000000295
102.495,-3.1499999999999915,-169,-3664.7250000000295
102.495,-3.1499999999999915,-169,-3664.7250000000295
102.495,-3.1499999999999915,-165,-3671.025000000027
102.495,-3.1499999999999915,-165,-3671.025000000027
102.495,-3.1499999999999915,-165,-3671.025000000027
102.495,-3.1499999999999915,-161,-3677.325000000028
102.495,-3.1499999999999915,-161,-3677.325000000028
102.495,-3.1499999999999915,-158,-3682.0500000000284
102.4975,-3.144999999999996,-159,-3684.0225000000282
102.4975,-3.144999999999996,-161,-3687.167500000027
102.4975,-3.144999999999996,-161,-3687.167500000027
102.4975,-3.144999999999996,-161,-3687.167500000027
102.4975,-3.144999999999996,-164,-3691.8850000000275
102.4975,-3.144999999999996,-168,-3698.1750000000284
102.4975,-3.144999999999996,-168,-3698.1750000000284
102.4975,-3.144999999999996,-179,-3715.472500000029
102.4975,-3.144999999999996,-179,-3715.472500000029
102.4975,-3.144999999999996,-179,-3715.472500000029
102.4975,-3.144999999999996,-180,-3717.0450000000274
102.4975,-3.144999999999996,-180,-3717.0450000000274
102.4975,-3.144999999999996,-178,-3720.190000000028
102.4975,-3.144999999999996,-178,-3720.190000000028
102.4975,-3.144999999999996,-178,-3720.190000000028
102.4975,-3.144999999999996,-178,-3720.190000000028
102.4975,-3.144999999999996,-178,-3720.190000000028
102.4975,-3.144999999999996,-178,-3720.190000000028
102.4975,-3.144999999999996,-178,-3720.190000000028
102.4975,-3.144999999999996,-178,-3720.190000000028
102.4975,-3.144999999999996,-178,-3720.190000000028
102.4975,-3.144999999999996,-178,-3720.190000000028
102.4975,-3.144999999999996,-179,-3721.76250000003
102.4975,-3.144999999999996,-179,-3721.76250000003
102.4975,-3.144999999999996,-180,-3723.3350000000282
102.4975,-3.144999999999996,-179,-3724.9075000000303
102.4975,-3.144999999999996,-179,-3724.9075000000303
102.4975,-3.144999999999996,-179,-3724.9075000000303
102.4975,-3.144999999999996,-179,-3724.9075000000303
102.4975,-3.144999999999996,-179,-3724.9075000000303
102.4975,-3.144999999999996,-180,-3726.4800000000287
102.4975,-3.144999999999996,-180,-3726.4800000000287
102.4975,-3.144999999999996,-180,-3726.4800000000287
102.4975,-3.144999999999996,-180,-3726.4800000000287
102.4975,-3.144999999999996,-180,-3726.4800000000287
102.4975,-3.144999999999996,-177,-3731.1975000000275
102.4975,-3.144999999999996,-174,-3735.9150000000263
102.4975,-3.144999999999996,-173,-3737.4875000000284
102.4975,-3.144999999999996,-174,-3739.060000000027
102.4975,-3.144999999999996,-172,-3742.205000000027
102.4975,-3.144999999999996,-172,-3742.205000000027
102.4975,-3.144999999999996,-172,-3742.205000000027
102.4975,-3.144999999999996,-170,-3745.3500000000276
102.4975,-3.144999999999996,-170,-3745.3500000000276
102.4975,-3.144999999999996,-169,-3746.922500000026
102.4975,-3.144999999999996,-169,-3746.922500000026
102.4975,-3.144999999999996,-169,-3746.922500000026
102.4975,-3.144999999999996,-169,-3746.922500000026
102.4975,-3.144999999999996,-169,-3746.922500000026
102.4975,-3.144999999999996,-169,-3746.922500000026
102.4975,-3.144999999999996,-169,-3746.922500000026
102.4975,-3.144999999999996,-169,-3746.922500000026
102.4975,-3.144999999999996,-170,-3748.495000000028
102.4975,-3.144999999999996,-169,-3750.0675000000265
102.4975,-3.144999999999996,-169,-3750.0675000000265
102.4975,-3.144999999999996,-170,-3751.6400000000285
102.4975,-3.144999999999996,-171,-3753.2125000000306
102.4975,-3.144999999999996,-172,-3754.785000000029
102.4975,-3.144999999999996,-172,-3754.785000000029
102.4975,-3.144999999999996,-170,-3757.9300000000294
102.4975,-3.144999999999996,-170,-3757.9300000000294
102.4975,-3.144999999999996,-168,-3761.07500000003
102.4975,-3.144999999999996,-168,-3761.07500000003
102.4975,-3.144999999999996,-167,-3762.6475000000282
102.4975,-3.144999999999996,-167,-3762.6475000000282
102.4975,-3.144999999999996,-167,-3762.6475000000282
102.4975,-3.144999999999996,-167,-3762.6475000000282
102.4975,-3.144999999999996,-165,-3765.7925000000287
102.4975,-3.144999999999996,-165,-3765.7925000000287
102.4975,-3.144999999999996,-166,-3767.365000000027
102.4975,-3.144999999999996,-166,-3767.365000000027
102.4975,-3.144999999999996,-166,-3767.365000000027
102.4975,-3.144999999999996,-166,-3767.365000000027
102.4975,-3.144999999999996,-166,-3767.365000000027
102.4975,-3.144999999999996,-167,-3768.937500000029
102.4975,-3.144999999999996,-167,-3768.937500000029
102.4975,-3.144999999999996,-168,-3770.510000000031
102.4975,-3.144999999999996,-168,-3770.510000000031
102.4975,-3.144999999999996,-168,-3770.510000000031
102.4975,-3.144999999999996,-168,-3770.510000000031
102.4975,-3.144999999999996,-169,-3772.0825000000295
102.4975,-3.144999999999996,-169,-3772.0825000000295
102.4975,-3.144999999999996,-172,-3776.80000000003
102.4975,-3.144999999999996,-180,-3789.38000000003
102.4975,-3.144999999999996,-180,-3789.38000000003
102.4975,-3.144999999999996,-178,-3792.5250000000306
102.4975,-3.144999999999996,-178,-3792.5250000000306
102.4975,-3.144999999999996,-178,-3792.5250000000306
102.5,-3.1399999999999864,-189,-3810.25500000003
102.5,-3.1399999999999864,-189,-3810.25500000003
102.5,-3.1399999999999864,-189,-3810.25500000003
102.5,-3.1399999999999864,-189,-3810.25500000003
102.5,-3.1399999999999864,-190,-3811.82500000003
102.5,-3.1399999999999864,-190,-3811.82500000003
102.5,-3.1399999999999864,-190,-3811.82500000003
102.5,-3.1399999999999864,-187,-3816.535000000029
102.5,-3.1399999999999864,-187,-3816.535000000029
102.5,-3.1399999999999864,-187,-3816.535000000029
102.5,-3.1399999999999864,-187,-3816.535000000029
102.5,-3.1399999999999864,-187,-3816.535000000029
102.5,-3.1399999999999864,-186,-3818.1050000000287
102.5,-3.1399999999999864,-186,-3818.1050000000287
102.5,-3.1399999999999864,-186,-3818.1050000000287
102.495,-3.1299999999999955,-182,-3823.445000000029
102.495,-3.1299999999999955,-182,-3823.445000000029
102.495,-3.1299999999999955,-182,-3823.445000000029
102.495,-3.1299999999999955,-181,-3825.0100000000293
102.495,-3.1299999999999955,-182,-3826.575000000028
102.495,-3.1299999999999955,-183,-3828.1400000000267
102.495,-3.1299999999999955,-183,-3828.1400000000267
102.495,-3.1299999999999955,-183,-3828.1400000000267
102.495,-3.1299999999999955,-182,-3829.705000000027
102.495,-3.1299999999999955,-182,-3829.705000000027
102.495,-3.1299999999999955,-183,-3831.270000000026
102.495,-3.1299999999999955,-183,-3831.270000000026
102.495,-3.1299999999999955,-184,-3832.8350000000282
102.495,-3.1299999999999955,-184,-3832.8350000000282
102.495,-3.1299999999999955,-184,-3832.8350000000282
102.495,-3.1299999999999955,-184,-3832.8350000000282
102.495,-3.1299999999999955,-184,-3832.8350000000282
102.495,-3.1299999999999955,-182,-3835.9650000000274
102.495,-3.1299999999999955,-182,-3835.9650000000274
102.495,-3.1299999999999955,-182,-3835.9650000000274
102.495,-3.1299999999999955,-182,-3835.9650000000274
102.495,-3.1299999999999955,-182,-3835.9650000000274
102.495,-3.1299999999999955,-182,-3835.9650000000274
102.495,-3.1299999999999955,-188,-3845.3550000000287
102.495,-3.1299999999999955,-188,-3845.3550000000287
102.495,-3.1299999999999955,-187,-3846.920000000029
102.495,-3.1299999999999955,-187,-3846.920000000029
102.495,-3.1299999999999955,-188,-3848.485000000028
102.495,-3.1299999999999955,-186,-3851.615000000027
102.495,-3.1299999999999955,-186,-3851.615000000027
102.5,-3.1200000000000045,-187,-3854.115000000027
102.5,-3.1200000000000045,-187,-3854.115000000027
102.5,-3.1200000000000045,-188,-3855.6750000000266
102.5,-3.1200000000000045,-188,-3855.6750000000266
102.5,-3.1200000000000045,-192,-3861.9150000000263
102.5,-3.1200000000000045,-192,-3861.9150000000263
102.5,-3.1200000000000045,-184,-3874.395000000026
102.5,-3.1200000000000045,-186,-3877.5150000000267
102.5,-3.1200000000000045,-186,-3877.5150000000267
102.5,-3.1200000000000045,-186,-3877.5150000000267
102.5,-3.1200000000000045,-186,-3877.5150000000267
102.5,-3.1200000000000045,-185,-3879.075000000026
102.5,-3.1200000000000045,-189,-3885.315000000026
102.5,-3.1200000000000045,-190,-3886.8750000000255
102.5,-3.1200000000000045,-189,-3888.435000000025
102.5,-3.1200000000000045,-189,-3888.435000000025
102.5,-3.1200000000000045,-189,-3888.435000000025
102.5,-3.1200000000000045,-189,-3888.435000000025
102.5,-3.1200000000000045,-190,-3889.9950000000244
102.5,-3.1200000000000045,-190,-3889.9950000000244
102.5,-3.1200000000000045,-190,-3889.9950000000244
102.5,-3.1200000000000045,-190,-3889.9950000000244
102.5,-3.1200000000000045,-191,-3891.555000000024
102.5,-3.1200000000000045,-191,-3891.555000000024
102.5,-3.1200000000000045,-191,-3891.555000000024
102.5,-3.1200000000000045,-190,-3893.1150000000234
102.5,-3.1200000000000045,-190,-3893.1150000000234
102.5,-3.1200000000000045,-190,-3893.1150000000234
102.5,-3.1200000000000045,-183,-3904.0350000000235
102.5,-3.1200000000000045,-183,-3904.0350000000235
102.5,-3.1200000000000045,-186,-3908.715000000024
102.5,-3.1200000000000045,-186,-3908.715000000024
102.5,-3.1200000000000045,-186,-3908.715000000024
102.5,-3.1200000000000045,-186,-3908.715000000024
102.495,-3.1099999999999994,-184,-3910.9150000000263
102.495,-3.1099999999999994,-190,-3920.2450000000244
102.495,-3.1099999999999994,-190,-3920.2450000000244
102.495,-3.1099999999999994,-190,-3920.2450000000244
102.495,-3.1099999999999994,-190,-3920.2450000000244
102.495,-3.1099999999999994,-190,-3920.2450000000244
102.495,-3.1099999999999994,-190,-3920.2450000000244
102.495,-3.1099999999999994,-190,-3920.2450000000244
102.495,-3.1099999999999994,-189,-3921.8000000000247
102.495,-3.1099999999999994,-189,-3921.8000000000247
102.495,-3.1099999999999994,-185,-3928.020000000026
102.495,-3.1099999999999994,-184,-3929.575000000026
102.495,-3.1099999999999994,-182,-3932.685000000025
102.495,-3.1099999999999994,-182,-3932.685000000025
102.495,-3.1099999999999994,-181,-3934.2400000000252
102.495,-3.1099999999999994,-182,-3935.7950000000237
102.495,-3.1099999999999994,-182,-3935.7950000000237
102.495,-3.1099999999999994,-182,-3935.7950000000237
102.495,-3.1099999999999994,-182,-3935.7950000000237
102.495,-3.1099999999999994,-182,-3935.7950000000237
102.495,-3.1099999999999994,-182,-3935.7950000000237
102.495,-3.1099999999999994,-179,-3940.460000000023
102.495,-3.1099999999999994,-179,-3940.460000000023
102.495,-3.1099999999999994,-176,-3945.1250000000255
102.495,-3.1099999999999994,-176,-3945.1250000000255
102.495,-3.1099999999999994,-176,-3945.1250000000255
102.495,-3.1099999999999994,-176,-3945.1250000000255
102.495,-3.1099999999999994,-176,-3945.1250000000255
102.495,-3.1099999999999994,-176,-3945.1250000000255
102.495,-3.1099999999999994,-177,-3946.680000000024
102.495,-3.1099999999999994,-177,-3946.680000000024
102.495,-3.1099999999999994,-177,-3946.680000000024
102.495,-3.1099999999999994,-177,-3946.680000000024
102.495,-3.1099999999999994,-177,-3946.680000000024
102.495,-3.1099999999999994,-177,-3946.680000000024
102.495,-3.1099999999999994,-177,-3946.680000000024
102.495,-3.1099999999999994,-177,-3946.680000000024
102.495,-3.1099999999999994,-178,-3948.2350000000224
102.495,-3.1099999999999994,-178,-3948.2350000000224
102.495,-3.1099999999999994,-176,-3951.345000000025
102.495,-3.1099999999999994,-176,-3951.345000000025
102.495,-3.1099999999999994,-176,-3951.345000000025
102.495,-3.1099999999999994,-176,-3951.345000000025
102.495,-3.1099999999999994,-176,-3951.345000000025
102.495,-3.1099999999999994,-176,-3951.345000000025
102.495,-3.1099999999999994,-175,-3952.9000000000215
102.495,-3.1099999999999994,-175,-3952.9000000000215
102.495,-3.1099999999999994,-175,-3952.9000000000215
102.495,-3.1099999999999994,-175,-3952.9000000000215
102.495,-3.1099999999999994,-174,-3954.4550000000218
102.495,-3.1099999999999994,-174,-3954.4550000000218
102.495,-3.1099999999999994,-180,-3963.7850000000235
102.495,-3.1099999999999994,-179,-3965.34000000002
102.495,-3.1099999999999994,-179,-3965.34000000002
102.495,-3.1099999999999994,-179,-3965.34000000002
102.495,-3.1099999999999994,-180,-3966.8950000000223
102.495,-3.1099999999999994,-180,-3966.8950000000223
102.495,-3.1099999999999994,-179,-3968.450000000019
102.495,-3.1099999999999994,-181,-3971.5600000000213
102.495,-3.1099999999999994,-181,-3971.5600000000213
102.495,-3.1099999999999994,-176,-3979.335000000023
102.495,-3.1099999999999994,-176,-3979.335000000023
102.495,-3.1099999999999994,-174,-3982.4450000000215
102.495,-3.1099999999999994,-174,-3982.4450000000215
102.495,-3.1099999999999994,-174,-3982.4450000000215
102.495,-3.1099999999999994,-174,-3982.4450000000215
102.495,-3.1099999999999994,-178,-3988.665000000021
102.495,-3.1099999999999994,-178,-3988.665000000021
102.495,-3.1099999999999994,-178,-3988.665000000021
102.495,-3.1099999999999994,-178,-3988.665000000021
102.495,-3.1099999999999994,-178,-3988.665000000021
102.495,-3.1099999999999994,-178,-3988.665000000021
102.495,-3.1099999999999994,-173,-3996.4400000000223
102.495,-3.1099999999999994,-173,-3996.4400000000223
102.495,-3.1099999999999994,-173,-3996.4400000000223
102.495,-3.1099999999999994,-173,-3996.4400000000223
102.495,-3.1099999999999994,-173,-3996.4400000000223
102.495,-3.1099999999999994,-173,-3996.4400000000223
102.495,-3.1099999999999994,-173,-3996.4400000000223
102.495,-3.1099999999999994,-174,-3997.995000000021
102.495,-3.1099999999999994,-174,-3997.995000000021
102.495,-3.1099999999999994,-169,-4005.7700000000223
102.495,-3.1099999999999994,-169,-4005.7700000000223
102.495,-3.1099999999999994,-169,-4005.7700000000223
102.495,-3.1099999999999994,-175,-4015.1000000000204
102.495,-3.1099999999999994,-170,-4022.875000000022
102.495,-3.1099999999999994,-168,-4025.9850000000206
102.495,-3.1099999999999994,-167,-4027.540000000021
102.495,-3.1099999999999994,-168,-4029.0950000000194
102.495,-3.1099999999999994,-170,-4032.2050000000218
102.495,-3.1099999999999994,-170,-4032.2050000000218
102.495,-3.1099999999999994,-169,-4033.760000000022
102.495,-3.1099999999999994,-170,-4035.3150000000205
102.495,-3.1099999999999994,-169,-4036.870000000021
102.495,-3.1099999999999994,-168,-4038.4250000000175
102.495,-3.1099999999999994,-168,-4038.4250000000175
102.495,-3.1099999999999994,-168,-4038.4250000000175
102.495,-3.1099999999999994,-168,-4038.4250000000175
102.495,-3.1099999999999994,-170,-4041.53500000002
102.495,-3.1099999999999994,-170,-4041.53500000002
102.495,-3.1099999999999994,-170,-4041.53500000002
102.495,-3.1099999999999994,-170,-4041.53500000002
102.495,-3.1099999999999994,-170,-4041.53500000002
102.495,-3.1099999999999994,-170,-4041.53500000002
102.485,-3.0900000000000034,-169,-4041.400000000018
102.485,-3.0900000000000034,-169,-4041.400000000018
102.485,-3.0900000000000034,-165,-4047.58000000002
102.485,-3.0900000000000034,-165,-4047.58000000002
102.485,-3.0900000000000034,-166,-4049.1250000000164
102.485,-3.0900000000000034,-168,-4052.2150000000183
102.485,-3.0900000000000034,-168,-4052.2150000000183
102.485,-3.0900000000000034,-168,-4052.2150000000183
102.485,-3.0900000000000034,-168,-4052.2150000000183
102.485,-3.0900000000000034,-166,-4055.3050000000167
102.485,-3.0900000000000034,-166,-4055.3050000000167
102.49000000000001,-3.0799999999999983,-173,-4066.9650000000183
102.49000000000001,-3.0799999999999983,-173,-4066.9650000000183
102.49000000000001,-3.0799999999999983,-173,-4066.9650000000183
102.49000000000001,-3.0799999999999983,-173,-4066.9650000000183
102.49000000000001,-3.0799999999999983,-173,-4066.9650000000183
102.49000000000001,-3.0799999999999983,-174,-4068.505000000019
102.49000000000001,-3.0799999999999983,-174,-4068.505000000019
102.49000000000001,-3.0799999999999983,-175,-4070.0450000000164
102.49000000000001,-3.0799999999999983,-175,-4070.0450000000164
102.49000000000001,-3.0799999999999983,-175,-4070.0450000000164
102.49000000000001,-3.0799999999999983,-175,-4070.0450000000164
102.49000000000001,-3.0799999999999983,-178,-4074.6650000000172
102.49000000000001,-3.0799999999999983,-177,-4076.20500000002
102.49000000000001,-3.0799999999999983,-177,-4076.20500000002
102.49000000000001,-3.0799999999999983,-177,-4076.20500000002
102.49000000000001,-3.0799999999999983,-177,-4076.20500000002
102.49000000000001,-3.0799999999999983,-176,-4077.745000000019
102.49000000000001,-3.0799999999999983,-176,-4077.745000000019
102.49000000000001,-3.0799999999999983,-177,-4079.28500000002
102.49000000000001,-3.0799999999999983,-182,-4086.985000000017
102.49000000000001,-3.0799999999999983,-182,-4086.985000000017
102.49000000000001,-3.0799999999999983,-186,-4093.1450000000204
102.49000000000001,-3.0799999999999983,-186,-4093.1450000000204
102.49000000000001,-3.0799999999999983,-186,-4093.1450000000204
102.49000000000001,-3.0799999999999983,-186,-4093.1450000000204
102.49000000000001,-3.0799999999999983,-186,-4093.1450000000204
102.49000000000001,-3.0799999999999983,-186,-4093.1450000000204
102.49000000000001,-3.0799999999999983,-186,-4093.1450000000204
102.49000000000001,-3.0799999999999983,-186,-4093.1450000000204
102.49000000000001,-3.0799999999999983,-186,-4093.1450000000204
102.49000000000001,-3.0799999999999983,-186,-4093.1450000000204
102.49000000000001,-3.0799999999999983,-185,-4094.6850000000195
102.49000000000001,-3.0799999999999983,-185,-4094.6850000000195
102.49000000000001,-3.0799999999999983,-185,-4094.6850000000195
102.49000000000001,-3.0799999999999983,-185,-4094.6850000000195
102.49000000000001,-3.0799999999999983,-182,-4099.3050000000185
102.49000000000001,-3.0799999999999983,-182,-4099.3050000000185
102.49000000000001,-3.0799999999999983,-182,-4099.3050000000185
102.49000000000001,-3.0799999999999983,-182,-4099.3050000000185
102.49000000000001,-3.0799999999999983,-182,-4099.3050000000185
102.49000000000001,-3.0799999999999983,-180,-4102.385000000018
102.49000000000001,-3.0799999999999983,-180,-4102.385000000018
102.49000000000001,-3.0799999999999983,-180,-4102.385000000018
102.49000000000001,-3.0799999999999983,-179,-4103.925000000021
102.49000000000001,-3.0799999999999983,-185,-4113.165000000019
102.49000000000001,-3.0799999999999983,-186,-4114.70500000002
102.49000000000001,-3.0799999999999983,-186,-4114.70500000002
102.49000000000001,-3.0799999999999983,-186,-4114.70500000002
102.49000000000001,-3.0799999999999983,-187,-4116.245000000017
102.49000000000001,-3.0799999999999983,-188,-4117.785000000018
102.49000000000001,-3.0799999999999983,-188,-4117.785000000018
102.49000000000001,-3.0799999999999983,-188,-4117.785000000018
102.49000000000001,-3.0799999999999983,-188,-4117.785000000018
102.49000000000001,-3.0799999999999983,-188,-4117.785000000018
102.49000000000001,-3.0799999999999983,-188,-4117.785000000018
102.49000000000001,-3.0799999999999983,-189,-4119.325000000015
102.49000000000001,-3.0799999999999983,-189,-4119.325000000015
102.49000000000001,-3.0799999999999983,-183,-4128.565000000017
102.49000000000001,-3.0799999999999983,-183,-4128.565000000017
102.49000000000001,-3.0799999999999983,-183,-4128.565000000017
102.49000000000001,-3.0799999999999983,-183,-4128.565000000017
102.49000000000001,-3.0799999999999983,-183,-4128.565000000017
102.49000000000001,-3.0799999999999983,-183,-4128.565000000017
102.49000000000001,-3.0799999999999983,-183,-4128.565000000017
102.49000000000001,-3.0799999999999983,-183,-4128.565000000017
102.49000000000001,-3.0799999999999983,-184,-4130.105000000018
102.49000000000001,-3.0799999999999983,-184,-4130.105000000018
102.49000000000001,-3.0799999999999983,-184,-4130.105000000018
102.49000000000001,-3.0799999999999983,-185,-4131.645000000015
102.49000000000001,-3.0799999999999983,-185,-4131.645000000015
102.49000000000001,-3.0799999999999983,-185,-4131.645000000015
102.49000000000001,-3.0799999999999983,-185,-4131.645000000015
102.49000000000001,-3.0799999999999983,-185,-4131.645000000015
102.49000000000001,-3.0799999999999983,-185,-4131.645000000015
102.49000000000001,-3.0799999999999983,-185,-4131.645000000015
102.49000000000001,-3.0799999999999983,-185,-4131.645000000015
102.49000000000001,-3.0799999999999983,-184,-4133.185000000018
102.49000000000001,-3.0799999999999983,-184,-4133.185000000018
102.49000000000001,-3.0799999999999983,-184,-4133.185000000018
102.495,-3.0700000000000074,-192,-4146.395000000015
102.495,-3.0700000000000074,-192,-4146.395000000015
102.495,-3.0700000000000074,-193,-4147.930000000015
102.495,-3.0700000000000074,-192,-4149.4650000000165
102.495,-3.0700000000000074,-192,-4149.4650000000165
102.495,-3.0700000000000074,-194,-4152.535000000018
102.495,-3.0700000000000074,-194,-4152.535000000018
102.495,-3.0700000000000074,-194,-4152.535000000018
102.495,-3.0700000000000074,-194,-4152.535000000018
102.495,-3.0700000000000074,-199,-4160.210000000017
102.495,-3.0700000000000074,-197,-4163.280000000015
102.495,-3.0700000000000074,-197,-4163.280000000015
102.495,-3.0700000000000074,-198,-4164.815000000019
102.495,-3.0700000000000074,-198,-4164.815000000019
102.495,-3.0700000000000074,-197,-4166.350000000017
102.495,-3.0700000000000074,-197,-4166.350000000017
102.495,-3.0700000000000074,-195,-4169.420000000018
102.495,-3.0700000000000074,-195,-4169.420000000018
102.495,-3.0700000000000074,-196,-4170.955000000018
102.495,-3.0700000000000074,-196,-4170.955000000018
102.495,-3.0700000000000074,-196,-4170.955000000018
102.495,-3.0700000000000074,-204,-4183.235000000019
102.5,-3.0800000000000125,-204,-4184.255000000019
102.5,-3.0800000000000125,-204,-4184.255000000019
102.5,-3.0800000000000125,-206,-4187.335000000021
102.50999999999999,-3.1000000000000085,-206,-4189.395000000019
102.51499999999999,-3.1099999999999994,-205,-4191.980000000018
102.51499999999999,-3.1099999999999994,-208,-4196.645000000015
102.525,-3.1300000000000097,-208,-4198.72500000002
102.535,-3.1500000000000057,-208,-4200.8050000000185
102.535,-3.1500000000000057,-207,-4202.380000000019
102.535,-3.1500000000000057,-207,-4202.380000000019
102.535,-3.1500000000000057,-208,-4203.95500000002
102.535,-3.1500000000000057,-208,-4203.95500000002
102.535,-3.1500000000000057,-209,-4205.530000000021
102.53999999999999,-3.160000000000011,-210,-4208.155000000021
102.55,-3.180000000000007,-209,-4211.845000000023
102.55,-3.180000000000007,-210,-4213.435000000023
102.555,-3.190000000000012,-208,-4217.675000000025
102.555,-3.190000000000012,-209,-4219.270000000026
102.555,-3.190000000000012,-209,-4219.270000000026
102.555,-3.190000000000012,-209,-4219.270000000026
102.555,-3.190000000000012,-206,-4224.055000000026
102.555,-3.190000000000012,-204,-4227.245000000024
102.555,-3.190000000000012,-203,-4228.840000000026
102.555,-3.190000000000012,-202,-4230.435000000027
102.555,-3.190000000000012,-202,-4230.435000000027
102.555,-3.190000000000012,-202,-4230.435000000027
102.555,-3.190000000000012,-202,-4230.435000000027
102.555,-3.190000000000012,-199,-4235.220000000027
102.555,-3.190000000000012,-200,-4236.815000000028
102.555,-3.190000000000012,-200,-4236.815000000028
102.555,-3.190000000000012,-189,-4254.360000000028
102.555,-3.190000000000012,-189,-4254.360000000028
102.555,-3.190000000000012,-189,-4254.360000000028
102.555,-3.190000000000012,-191,-4257.550000000028
102.555,-3.190000000000012,-195,-4263.930000000029
102.555,-3.190000000000012,-195,-4263.930000000029
102.555,-3.190000000000012,-195,-4263.930000000029
102.555,-3.190000000000012,-195,-4263.930000000029
102.555,-3.190000000000012,-199,-4270.310000000027
102.555,-3.190000000000012,-199,-4270.310000000027
102.555,-3.190000000000012,-198,-4271.90500000003
102.555,-3.190000000000012,-198,-4271.90500000003
102.555,-3.190000000000012,-198,-4271.90500000003
102.555,-3.190000000000012,-197,-4273.500000000029
102.555,-3.190000000000012,-197,-4273.500000000029
102.555,-3.190000000000012,-197,-4273.500000000029
102.555,-3.190000000000012,-198,-4275.09500000003
102.555,-3.190000000000012,-199,-4276.690000000028
102.555,-3.190000000000012,-199,-4276.690000000028
102.555,-3.190000000000012,-199,-4276.690000000028
102.555,-3.190000000000012,-200,-4278.285000000029
102.555,-3.190000000000012,-199,-4279.880000000028
102.555,-3.190000000000012,-199,-4279.880000000028
102.555,-3.190000000000012,-199,-4279.880000000028
102.555,-3.190000000000012,-200,-4281.4750000000295
102.555,-3.190000000000012,-200,-4281.4750000000295
102.555,-3.190000000000012,-200,-4281.4750000000295
102.555,-3.190000000000012,-199,-4283.070000000029
102.555,-3.190000000000012,-199,-4283.070000000029
102.555,-3.190000000000012,-199,-4283.070000000029
102.555,-3.190000000000012,-199,-4283.070000000029
102.555,-3.190000000000012,-199,-4283.070000000029
102.555,-3.190000000000012,-198,-4284.665000000032
102.555,-3.190000000000012,-197,-4286.260000000031
102.555,-3.190000000000012,-197,-4286.260000000031
102.555,-3.190000000000012,-196,-4287.8550000000305
102.555,-3.190000000000012,-201,-4295.830000000029
102.555,-3.190000000000012,-201,-4295.830000000029
102.555,-3.190000000000012,-200,-4297.425000000028
102.555,-3.190000000000012,-201,-4299.0200000000295
102.555,-3.190000000000012,-201,-4299.0200000000295
102.555,-3.190000000000012,-201,-4299.0200000000295
102.555,-3.190000000000012,-201,-4299.0200000000295
102.555,-3.190000000000012,-199,-4302.210000000028
102.555,-3.190000000000012,-199,-4302.210000000028
102.555,-3.190000000000012,-199,-4302.210000000028
102.555,-3.190000000000012,-201,-4305.400000000029
102.55,-3.180000000000007,-192,-4318.775000000027
102.55,-3.180000000000007,-190,-4321.955000000029
102.55,-3.180000000000007,-190,-4321.955000000029
102.55,-3.180000000000007,-191,-4323.545000000029
102.55,-3.180000000000007,-192,-4325.135000000029
102.55,-3.180000000000007,-192,-4325.135000000029
102.55,-3.180000000000007,-192,-4325.135000000029
102.55,-3.180000000000007,-192,-4325.135000000029
102.55,-3.180000000000007,-192,-4325.135000000029
102.55,-3.180000000000007,-192,-4325.135000000029
102.55,-3.180000000000007,-191,-4326.7250000000295
102.55,-3.180000000000007,-191,-4326.7250000000295
102.55,-3.180000000000007,-191,-4326.7250000000295
102.55,-3.180000000000007,-191,-4326.7250000000295
102.55,-3.180000000000007,-191,-4326.7250000000295
102.55,-3.180000000000007,-191,-4326.7250000000295
102.55,-3.180000000000007,-191,-4326.7250000000295
102.55,-3.180000000000007,-193,-4329.905000000028
102.55,-3.180000000000007,-193,-4329.905000000028
102.55,-3.180000000000007,-192,-4331.495000000028
102.55,-3.180000000000007,-192,-4331.495000000028
102.55,-3.180000000000007,-192,-4331.495000000028
102.55,-3.180000000000007,-192,-4331.495000000028
102.55,-3.180000000000007,-186,-4341.035000000029
102.55,-3.180000000000007,-186,-4341.035000000029
102.55,-3.180000000000007,-186,-4341.035000000029
102.55,-3.180000000000007,-185,-4342.625000000029
102.55,-3.180000000000007,-186,-4344.215000000029
102.55,-3.180000000000007,-186,-4344.215000000029
102.55,-3.180000000000007,-186,-4344.215000000029
102.55,-3.180000000000007,-190,-4350.57500000003
102.55,-3.180000000000007,-189,-4352.16500000003
102.55,-3.180000000000007,-189,-4352.16500000003
102.55,-3.180000000000007,-191,-4355.345000000028
102.55,-3.180000000000007,-191,-4355.345000000028
102.55,-3.180000000000007,-191,-4355.345000000028
102.55,-3.180000000000007,-191,-4355.345000000028
102.55,-3.180000000000007,-187,-4361.705000000027
102.55,-3.180000000000007,-187,-4361.705000000027
102.55,-3.180000000000007,-187,-4361.705000000027
102.55,-3.180000000000007,-187,-4361.705000000027
102.55,-3.180000000000007,-188,-4363.295000000027
102.55,-3.180000000000007,-188,-4363.295000000027
102.55,-3.180000000000007,-189,-4364.885000000031
102.55,-3.180000000000007,-189,-4364.885000000031
102.55,-3.180000000000007,-190,-4366.475000000031
102.55,-3.180000000000007,-190,-4366.475000000031
102.55,-3.180000000000007,-189,-4368.065000000031
102.55,-3.180000000000007,-189,-4368.065000000031
102.55,-3.180000000000007,-184,-4376.015000000032
102.55,-3.180000000000007,-184,-4376.015000000032
102.55,-3.180000000000007,-183,-4377.605000000029
102.55,-3.180000000000007,-183,-4377.605000000029
102.55,-3.180000000000007,-184,-4379.195000000032
102.55,-3.180000000000007,-184,-4379.195000000032
102.55,-3.180000000000007,-184,-4379.195000000032
102.55,-3.180000000000007,-181,-4383.965000000031
102.55,-3.180000000000007,-181,-4383.965000000031
102.55,-3.180000000000007,-181,-4383.965000000031
102.53999999999999,-3.160000000000011,-179,-4385.335000000032
102.53999999999999,-3.160000000000011,-179,-4385.335000000032
102.53999999999999,-3.160000000000011,-179,-4385.335000000032
102.53999999999999,-3.160000000000011,-179,-4385.335000000032
102.53999999999999,-3.160000000000011,-177,-4388.49500000003
102.53999999999999,-3.160000000000011,-174,-4393.2350000000315
102.53999999999999,-3.160000000000011,-172,-4396.3950000000295
102.53999999999999,-3.160000000000011,-170,-4399.555000000031
102.53999999999999,-3.160000000000011,-171,-4401.135000000033
102.53999999999999,-3.160000000000011,-171,-4401.135000000033
102.53999999999999,-3.160000000000011,-171,-4401.135000000033
102.53999999999999,-3.160000000000011,-171,-4401.135000000033
102.53999999999999,-3.160000000000011,-171,-4401.135000000033
102.53999999999999,-3.160000000000011,-171,-4401.135000000033
102.53999999999999,-3.160000000000011,-171,-4401.135000000033
102.53999999999999,-3.160000000000011,-171,-4401.135000000033
102.53999999999999,-3.160000000000011,-171,-4401.135000000033
102.53999999999999,-3.160000000000011,-171,-4401.135000000033
102.53999999999999,-3.160000000000011,-171,-4401.135000000033
102.53999999999999,-3.160000000000011,-174,-4405.875000000033
102.53999999999999,-3.160000000000011,-176,-4409.035000000031
102.53999999999999,-3.160000000000011,-177,-4410.6150000000325
102.53999999999999,-3.160000000000011,-176,-4412.195000000032
102.53999999999999,-3.160000000000011,-177,-4413.775000000034
102.53999999999999,-3.160000000000011,-177,-4413.775000000034
102.53999999999999,-3.160000000000011,-177,-4413.775000000034
102.53999999999999,-3.160000000000011,-177,-4413.775000000034
102.53999999999999,-3.160000000000011,-176,-4415.355000000034
102.53999999999999,-3.160000000000011,-178,-4418.515000000036
102.53999999999999,-3.160000000000011,-178,-4418.515000000036
102.53999999999999,-3.160000000000011,-175,-4423.255000000037
102.53999999999999,-3.160000000000011,-174,-4424.835000000037
102.53999999999999,-3.160000000000011,-174,-4424.835000000037
102.53999999999999,-3.160000000000011,-174,-4424.835000000037
102.53999999999999,-3.160000000000011,-180,-4434.315000000035
102.53999999999999,-3.160000000000011,-180,-4434.315000000035
102.53999999999999,-3.160000000000011,-181,-4435.895000000037
102.53999999999999,-3.160000000000011,-181,-4435.895000000037
102.53999999999999,-3.160000000000011,-181,-4435.895000000037
102.53999999999999,-3.160000000000011,-181,-4435.895000000037
102.53999999999999,-3.160000000000011,-181,-4435.895000000037
102.53999999999999,-3.160000000000011,-181,-4435.895000000037
102.53999999999999,-3.160000000000011,-181,-4435.895000000037
102.53999999999999,-3.160000000000011,-182,-4437.475000000039
102.53999999999999,-3.160000000000011,-181,-4439.0550000000385
102.53999999999999,-3.160000000000011,-181,-4439.0550000000385
102.53999999999999,-3.160000000000011,-180,-4440.635000000038
102.53999999999999,-3.160000000000011,-179,-4442.215000000042
102.53999999999999,-3.160000000000011,-179,-4442.215000000042
102.53999999999999,-3.160000000000011,-179,-4442.215000000042
102.53999999999999,-3.160000000000011,-179,-4442.215000000042
102.53999999999999,-3.160000000000011,-179,-4442.215000000042
102.53999999999999,-3.160000000000011,-179,-4442.215000000042
102.53999999999999,-3.160000000000011,-179,-4442.215000000042
102.53999999999999,-3.160000000000011,-179,-4442.215000000042
102.53999999999999,-3.160000000000011,-179,-4442.215000000042
102.53999999999999,-3.160000000000011,-181,-4445.37500000004
102.53999999999999,-3.160000000000011,-181,-4445.37500000004
102.53999999999999,-3.160000000000011,-181,-4445.37500000004
102.53999999999999,-3.160000000000011,-181,-4445.37500000004
102.53999999999999,-3.160000000000011,-182,-4446.955000000042
102.53999999999999,-3.160000000000011,-183,-4448.5350000000435
102.53999999999999,-3.160000000000011,-183,-4448.5350000000435
102.53999999999999,-3.160000000000011,-185,-4451.695000000042
102.53999999999999,-3.160000000000011,-185,-4451.695000000042
102.53999999999999,-3.160000000000011,-188,-4456.435000000041
102.53999999999999,-3.160000000000011,-188,-4456.435000000041
102.53999999999999,-3.160000000000011,-188,-4456.435000000041
102.53999999999999,-3.160000000000011,-191,-4461.175000000045
102.53999999999999,-3.160000000000011,-191,-4461.175000000045
102.53999999999999,-3.160000000000011,-191,-4461.175000000045
102.53999999999999,-3.160000000000011,-191,-4461.175000000045
102.53999999999999,-3.160000000000011,-191,-4461.175000000045
102.53999999999999,-3.160000000000011,-191,-4461.175000000045
102.53999999999999,-3.160000000000011,-191,-4461.175000000045
102.535,-3.1500000000000057,-189,-4463.380000000045
102.535,-3.1500000000000057,-189,-4463.380000000045
102.535,-3.1500000000000057,-189,-4463.380000000045
102.535,-3.1500000000000057,-184,-4471.255000000045
102.535,-3.1500000000000057,-185,-4472.830000000045
102.535,-3.1500000000000057,-182,-4477.555000000046
102.535,-3.1500000000000057,-182,-4477.555000000046
102.535,-3.1500000000000057,-186,-4483.855000000045
102.535,-3.1500000000000057,-186,-4483.855000000045
102.535,-3.1500000000000057,-185,-4485.430000000046
102.535,-3.1500000000000057,-185,-4485.430000000046
102.535,-3.1500000000000057,-185,-4485.430000000046
102.535,-3.1500000000000057,-185,-4485.430000000046
102.535,-3.1500000000000057,-185,-4485.430000000046
102.535,-3.1500000000000057,-185,-4485.430000000046
102.535,-3.1500000000000057,-185,-4485.430000000046
102.535,-3.1500000000000057,-184,-4487.0050000000465
102.535,-3.1500000000000057,-184,-4487.0050000000465
102.535,-3.1500000000000057,-185,-4488.580000000047
102.535,-3.1500000000000057,-185,-4488.580000000047
102.535,-3.1500000000000057,-184,-4490.155000000048
102.535,-3.1500000000000057,-183,-4491.730000000049
102.535,-3.1500000000000057,-182,-4493.305000000049
102.535,-3.1500000000000057,-183,-4494.88000000005
102.535,-3.1500000000000057,-183,-4494.88000000005
102.535,-3.1500000000000057,-183,-4494.88000000005
102.535,-3.1500000000000057,-182,-4496.455000000051
102.535,-3.1500000000000057,-180,-4499.6050000000505
102.535,-3.1500000000000057,-180,-4499.6050000000505
102.535,-3.1500000000000057,-181,-4501.180000000051
102.535,-3.1500000000000057,-181,-4501.180000000051
102.535,-3.1500000000000057,-182,-4502.755000000052
102.535,-3.1500000000000057,-181,-4504.330000000053
102.535,-3.1500000000000057,-181,-4504.330000000053
102.535,-3.1500000000000057,-181,-4504.330000000053
102.535,-3.1500000000000057,-184,-4509.055000000053
102.535,-3.1500000000000057,-184,-4509.055000000053
102.535,-3.1500000000000057,-180,-4515.355000000054
102.535,-3.1500000000000057,-180,-4515.355000000054
102.535,-3.1500000000000057,-180,-4515.355000000054
102.535,-3.1500000000000057,-181,-4516.930000000055
102.535,-3.1500000000000057,-178,-4521.655000000055
102.535,-3.1500000000000057,-178,-4521.655000000055
102.535,-3.1500000000000057,-178,-4521.655000000055
102.535,-3.1500000000000057,-178,-4521.655000000055
102.535,-3.1500000000000057,-178,-4521.655000000055
102.535,-3.1500000000000057,-178,-4521.655000000055
102.535,-3.1500000000000057,-178,-4521.655000000055
102.535,-3.1500000000000057,-176,-4524.805000000055
102.535,-3.1500000000000057,-176,-4524.805000000055
102.535,-3.1500000000000057,-176,-4524.805000000055
102.535,-3.1500000000000057,-170,-4534.255000000056
102.535,-3.1500000000000057,-170,-4534.255000000056
102.535,-3.1500000000000057,-170,-4534.255000000056
102.535,-3.1500000000000057,-169,-4535.830000000056
102.535,-3.1500000000000057,-169,-4535.830000000056
102.535,-3.1500000000000057,-171,-4538.980000000056
102.535,-3.1500000000000057,-171,-4538.980000000056
102.535,-3.1500000000000057,-171,-4538.980000000056
102.535,-3.1500000000000057,-172,-4540.555000000057
102.535,-3.1500000000000057,-173,-4542.130000000057
102.535,-3.1500000000000057,-172,-4543.705000000058
102.535,-3.1500000000000057,-172,-4543.705000000058
102.535,-3.1500000000000057,-172,-4543.705000000058
102.535,-3.1500000000000057,-172,-4543.705000000058
102.535,-3.1499999999999915,-182,-4559.455000000056
102.535,-3.1499999999999915,-182,-4559.455000000056
102.535,-3.1499999999999915,-182,-4559.455000000056
102.535,-3.1499999999999915,-182,-4559.455000000056
102.535,-3.1499999999999915,-181,-4561.030000000057
102.535,-3.1499999999999915,-181,-4561.030000000057
102.535,-3.1499999999999915,-184,-4565.755000000057
102.535,-3.1499999999999915,-185,-4567.330000000058
102.535,-3.1499999999999915,-185,-4567.330000000058
102.535,-3.1499999999999915,-185,-4567.330000000058
102.535,-3.1499999999999915,-185,-4567.330000000058
102.535,-3.1499999999999915,-187,-4570.480000000058
102.535,-3.1499999999999915,-187,-4570.480000000058
102.535,-3.1499999999999915,-187,-4570.480000000058
102.53,-3.1399999999999864,-183,-4575.855000000061
102.53,-3.1399999999999864,-183,-4575.855000000061
102.53,-3.1399999999999864,-183,-4575.855000000061
102.53,-3.1399999999999864,-183,-4575.855000000061
102.53,-3.1399999999999864,-183,-4575.855000000061
102.53,-3.1399999999999864,-183,-4575.855000000061
102.53,-3.1399999999999864,-183,-4575.855000000061
102.53,-3.1399999999999864,-183,-4575.855000000061
102.53,-3.1399999999999864,-183,-4575.855000000061
102.53,-3.1399999999999864,-185,-4578.995000000059
102.53,-3.1399999999999864,-185,-4578.995000000059
102.53,-3.1399999999999864,-185,-4578.995000000059
102.53,-3.1399999999999864,-184,-4580.5650000000605
102.53,-3.1399999999999864,-184,-4580.5650000000605
102.53,-3.1399999999999864,-184,-4580.5650000000605
102.53,-3.1399999999999864,-183,-4582.135000000062
102.53,-3.1399999999999864,-183,-4582.135000000062
102.53,-3.1399999999999864,-183,-4582.135000000062
102.53,-3.1399999999999864,-184,-4583.705000000062
102.53,-3.1399999999999864,-183,-4585.275000000063
102.53,-3.1399999999999864,-183,-4585.275000000063
102.53,-3.1399999999999864,-183,-4585.275000000063
102.53,-3.1399999999999864,-183,-4585.275000000063
102.53,-3.1399999999999864,-183,-4585.275000000063
102.53,-3.1399999999999864,-182,-4586.845000000061
102.53,-3.1399999999999864,-182,-4586.845000000061
102.53,-3.1399999999999864,-182,-4586.845000000061
102.53,-3.1399999999999864,-183,-4588.4150000000645
102.53,-3.1399999999999864,-183,-4588.4150000000645
102.53,-3.1399999999999864,-183,-4588.4150000000645
102.53,-3.1399999999999864,-183,-4588.4150000000645
102.53,-3.1399999999999864,-182,-4589.985000000062
102.53,-3.1399999999999864,-182,-4589.985000000062
102.53,-3.1399999999999864,-182,-4589.985000000062
102.53,-3.1399999999999864,-182,-4589.985000000062
102.53,-3.1399999999999864,-182,-4589.985000000062
102.53,-3.1399999999999864,-182,-4589.985000000062
102.53,-3.1399999999999864,-181,-4591.555000000064
102.53,-3.1399999999999864,-181,-4591.555000000064
102.53,-3.1399999999999864,-181,-4591.555000000064
102.53,-3.1399999999999864,-181,-4591.555000000064
102.53,-3.1399999999999864,-181,-4591.555000000064
102.53,-3.1399999999999864,-181,-4591.555000000064
102.53,-3.1399999999999864,-181,-4591.555000000064
102.53,-3.1399999999999864,-181,-4591.555000000064
102.53,-3.1399999999999864,-182,-4593.125000000064
102.53,-3.1399999999999864,-183,-4594.695000000067
102.53,-3.1399999999999864,-185,-4597.835000000065
102.535,-3.1299999999999955,-189,-4605.030000000064
102.535,-3.1299999999999955,-189,-4605.030000000064
102.535,-3.1299999999999955,-190,-4606.595000000065
102.535,-3.1299999999999955,-190,-4606.595000000065
102.535,-3.1299999999999955,-190,-4606.595000000065
102.535,-3.1299999999999955,-190,-4606.595000000065
102.535,-3.1299999999999955,-190,-4606.595000000065
102.535,-3.1299999999999955,-191,-4608.160000000065
102.535,-3.1299999999999955,-191,-4608.160000000065
102.535,-3.1299999999999955,-191,-4608.160000000065
102.535,-3.1299999999999955,-191,-4608.160000000065
102.535,-3.1299999999999955,-191,-4608.160000000065
102.535,-3.1299999999999955,-191,-4608.160000000065
102.535,-3.1299999999999955,-191,-4608.160000000065
102.535,-3.1299999999999955,-192,-4609.7250000000695
102.535,-3.1299999999999955,-192,-4609.7250000000695
102.535,-3.1299999999999955,-192,-4609.7250000000695
102.535,-3.1299999999999955,-192,-4609.7250000000695
102.535,-3.1299999999999955,-192,-4609.7250000000695
102.535,-3.1299999999999955,-192,-4609.7250000000695
102.535,-3.1299999999999955,-192,-4609.7250000000695
102.535,-3.1299999999999955,-190,-4612.855000000067
102.535,-3.1299999999999955,-190,-4612.855000000067
102.535,-3.1299999999999955,-192,-4615.98500000007
102.535,-3.1299999999999955,-192,-4615.98500000007
102.535,-3.1299999999999955,-192,-4615.98500000007
102.535,-3.1299999999999955,-192,-4615.98500000007
102.535,-3.1299999999999955,-192,-4615.98500000007
102.535,-3.1299999999999955,-192,-4615.98500000007
102.535,-3.1299999999999955,-192,-4615.98500000007
102.535,-3.1299999999999955,-192,-4615.98500000007
102.535,-3.1299999999999955,-192,-4615.98500000007
102.535,-3.1299999999999955,-195,-4620.680000000069
102.535,-3.1299999999999955,-195,-4620.680000000069
102.535,-3.1299999999999955,-189,-4630.070000000067
102.535,-3.1299999999999955,-189,-4630.070000000067
102.535,-3.1299999999999955,-189,-4630.070000000067
102.535,-3.1299999999999955,-189,-4630.070000000067
102.535,-3.1299999999999955,-189,-4630.070000000067
102.535,-3.1299999999999955,-190,-4631.6350000000675
102.535,-3.1299999999999955,-190,-4631.6350000000675
102.535,-3.1299999999999955,-190,-4631.6350000000675
102.535,-3.1299999999999955,-190,-4631.6350000000675
102.535,-3.1299999999999955,-191,-4633.200000000068
102.535,-3.1299999999999955,-191,-4633.200000000068
102.535,-3.1299999999999955,-193,-4636.330000000071
102.535,-3.1299999999999955,-193,-4636.330000000071
102.535,-3.1299999999999955,-193,-4636.330000000071
102.535,-3.1299999999999955,-193,-4636.330000000071
102.535,-3.1299999999999955,-193,-4636.330000000071
102.535,-3.1299999999999955,-194,-4637.895000000071
102.535,-3.1299999999999955,-195,-4639.460000000072
102.535,-3.1299999999999955,-195,-4639.460000000072
102.535,-3.1299999999999955,-195,-4639.460000000072
102.535,-3.1299999999999955,-195,-4639.460000000072
102.535,-3.1299999999999955,-195,-4639.460000000072
102.535,-3.1299999999999955,-195,-4639.460000000072
102.535,-3.1299999999999955,-195,-4639.460000000072
102.535,-3.1299999999999955,-195,-4639.460000000072
102.535,-3.1299999999999955,-195,-4639.460000000072
102.535,-3.1299999999999955,-195,-4639.460000000072
102.535,-3.1299999999999955,-195,-4639.460000000072
102.535,-3.1299999999999955,-195,-4639.460000000072
102.535,-3.1299999999999955,-195,-4639.460000000072
102.535,-3.1299999999999955,-202,-4650.41500000007
102.53999999999999,-3.1199999999999903,-209,-4662.39500000007
102.555,-3.1499999999999915,-209,-4665.530000000075
102.565,-3.1700000000000017,-222,-4688.225000000071
102.63,-3.299999999999997,-221,-4704.305000000069
102.66,-3.3599999999999994,-221,-4710.93500000007
102.67500000000001,-3.3900000000000006,-223,-4717.640000000072
102.695,-3.4299999999999926,-223,-4722.100000000068
102.7,-3.4399999999999977,-226,-4728.375000000073
102.72,-3.4799999999999898,-227,-4734.635000000071
102.735,-3.509999999999991,-227,-4738.040000000074
102.74000000000001,-3.519999999999996,-227,-4739.175000000076
102.75,-3.5200000000000102,-229,-4744.985000000073
102.765,-3.5500000000000114,-229,-4748.420000000075
102.775,-3.5700000000000074,-229,-4750.7100000000755
102.78,-3.5799999999999983,-231,-4755.435000000074
102.78999999999999,-3.6000000000000085,-231,-4757.745000000072
102.79499999999999,-3.6099999999999994,-231,-4758.900000000071
102.79499999999999,-3.6099999999999994,-230,-4760.705000000071
102.79499999999999,-3.6099999999999994,-229,-4762.5100000000675
102.79499999999999,-3.6099999999999994,-236,-4775.145000000066
102.82,-3.660000000000011,-236,-4781.045000000067
102.83500000000001,-3.690000000000012,-232,-4791.965000000073
102.83500000000001,-3.690000000000012,-232,-4791.965000000073
102.83500000000001,-3.690000000000012,-232,-4791.965000000073
102.83500000000001,-3.690000000000012,-231,-4793.810000000074
102.83500000000001,-3.690000000000012,-231,-4793.810000000074
102.83500000000001,-3.690000000000012,-231,-4793.810000000074
102.83500000000001,-3.690000000000012,-232,-4795.655000000072
102.83500000000001,-3.690000000000012,-232,-4795.655000000072
102.83500000000001,-3.690000000000012,-232,-4795.655000000072
102.83500000000001,-3.690000000000012,-229,-4801.190000000071
102.84,-3.680000000000007,-240,-4822.675000000072
102.87,-3.739999999999995,-241,-4831.745000000072
102.89,-3.780000000000001,-245,-4844.125000000069
102.92,-3.8400000000000034,-244,-4853.39500000007
102.93,-3.8599999999999994,-247,-4861.625000000073
102.95,-3.9000000000000057,-247,-4866.565000000071
102.96000000000001,-3.9200000000000017,-245,-4872.955000000071
102.96000000000001,-3.9200000000000017,-244,-4874.91500000007
102.96000000000001,-3.9200000000000017,-244,-4874.91500000007
102.96000000000001,-3.9200000000000017,-244,-4874.91500000007
102.96000000000001,-3.9200000000000017,-244,-4874.91500000007
102.96000000000001,-3.9200000000000017,-244,-4874.91500000007
102.96000000000001,-3.9200000000000017,-244,-4874.91500000007
102.96000000000001,-3.9200000000000017,-244,-4874.91500000007
102.96000000000001,-3.9200000000000017,-244,-4874.91500000007
102.96000000000001,-3.9200000000000017,-244,-4874.91500000007
102.96000000000001,-3.9200000000000017,-244,-4874.91500000007
102.96000000000001,-3.9200000000000017,-244,-4874.91500000007
102.96000000000001,-3.9200000000000017,-243,-4876.875000000069
102.96000000000001,-3.9200000000000017,-243,-4876.875000000069
102.96000000000001,-3.9200000000000017,-243,-4876.875000000069
102.96000000000001,-3.9200000000000017,-243,-4876.875000000069
102.96000000000001,-3.9200000000000017,-243,-4876.875000000069
102.96000000000001,-3.9200000000000017,-244,-4878.835000000068
102.96000000000001,-3.9200000000000017,-244,-4878.835000000068
102.96000000000001,-3.9200000000000017,-244,-4878.835000000068
102.96000000000001,-3.9200000000000017,-244,-4878.835000000068
102.96000000000001,-3.9200000000000017,-244,-4878.835000000068
102.96000000000001,-3.9200000000000017,-244,-4878.835000000068
102.96000000000001,-3.9200000000000017,-244,-4878.835000000068
102.96000000000001,-3.9200000000000017,-248,-4886.675000000068
102.97,-3.9399999999999977,-246,-4893.095000000067
102.97,-3.9399999999999977,-246,-4893.095000000067
102.965,-3.930000000000007,-237,-4909.63000000007
102.965,-3.930000000000007,-237,-4909.63000000007
102.965,-3.930000000000007,-237,-4909.63000000007
102.965,-3.930000000000007,-237,-4909.63000000007
102.965,-3.930000000000007,-237,-4909.63000000007
102.965,-3.930000000000007,-237,-4909.63000000007
102.965,-3.930000000000007,-233,-4917.490000000071
102.965,-3.930000000000007,-234,-4919.455000000071
102.965,-3.930000000000007,-230,-4927.315000000071
102.965,-3.930000000000007,-230,-4927.315000000071
102.965,-3.930000000000007,-230,-4927.315000000071
102.965,-3.930000000000007,-230,-4927.315000000071
102.965,-3.930000000000007,-230,-4927.315000000071
102.965,-3.930000000000007,-234,-4935.175000000072
102.965,-3.930000000000007,-231,-4941.0700000000725
102.965,-3.930000000000007,-231,-4941.0700000000725
102.965,-3.930000000000007,-231,-4941.0700000000725
102.965,-3.930000000000007,-231,-4941.0700000000725
102.965,-3.930000000000007,-229,-4945.000000000073
102.965,-3.930000000000007,-225,-4952.860000000073
102.965,-3.930000000000007,-225,-4952.860000000073
102.965,-3.930000000000007,-225,-4952.860000000073
102.965,-3.930000000000007,-225,-4952.860000000073
102.965,-3.930000000000007,-225,-4952.860000000073
102.965,-3.930000000000007,-225,-4952.860000000073
102.965,-3.930000000000007,-225,-4952.860000000073
102.965,-3.930000000000007,-225,-4952.860000000073
102.965,-3.930000000000007,-229,-4960.720000000074
102.965,-3.930000000000007,-230,-4962.685000000074
102.965,-3.930000000000007,-229,-4964.650000000074
102.965,-3.930000000000007,-229,-4964.650000000074
102.965,-3.930000000000007,-229,-4964.650000000074
102.965,-3.930000000000007,-229,-4964.650000000074
102.965,-3.930000000000007,-229,-4964.650000000074
102.965,-3.930000000000007,-229,-4964.650000000074
102.96000000000001,-3.9200000000000017,-228,-4965.475000000075
102.96000000000001,-3.9200000000000017,-228,-4965.475000000075
102.96000000000001,-3.9200000000000017,-228,-4965.475000000075
102.96000000000001,-3.9200000000000017,-228,-4965.475000000075
102.96000000000001,-3.9200000000000017,-228,-4965.475000000075
102.96000000000001,-3.9200000000000017,-229,-4967.435000000074
102.96000000000001,-3.9200000000000017,-232,-4973.315000000075
102.96000000000001,-3.9200000000000017,-232,-4973.315000000075
102.96000000000001,-3.9200000000000017,-232,-4973.315000000075
102.96000000000001,-3.9200000000000017,-232,-4973.315000000075
102.96000000000001,-3.9200000000000017,-232,-4973.315000000075
102.96000000000001,-3.9200000000000017,-232,-4973.315000000075
102.96000000000001,-3.9200000000000017,-232,-4973.315000000075
102.96000000000001,-3.9200000000000017,-232,-4973.315000000075
102.96000000000001,-3.9200000000000017,-232,-4973.315000000075
102.96000000000001,-3.9200000000000017,-232,-4973.315000000075
102.96000000000001,-3.9200000000000017,-232,-4973.315000000075
102.96000000000001,-3.9200000000000017,-232,-4973.315000000075
102.96000000000001,-3.9200000000000017,-232,-4973.315000000075
102.96000000000001,-3.9200000000000017,-229,-4979.1950000000725
102.96000000000001,-3.9200000000000017,-228,-4981.155000000072
102.96000000000001,-3.9200000000000017,-228,-4981.155000000072
102.96000000000001,-3.9200000000000017,-228,-4981.155000000072
102.96000000000001,-3.9200000000000017,-228,-4981.155000000072
102.96000000000001,-3.9200000000000017,-229,-4983.115000000071
102.96000000000001,-3.9200000000000017,-229,-4983.115000000071
102.96000000000001,-3.9200000000000017,-229,-4983.115000000071
102.96000000000001,-3.9200000000000017,-229,-4983.115000000071
102.96000000000001,-3.9200000000000017,-229,-4983.115000000071
102.96000000000001,-3.9200000000000017,-229,-4983.115000000071
102.96000000000001,-3.9200000000000017,-231,-4987.035000000073
102.96000000000001,-3.9200000000000017,-231,-4987.035000000073
102.96000000000001,-3.9200000000000017,-231,-4987.035000000073
102.96000000000001,-3.9200000000000017,-231,-4987.035000000073
102.96000000000001,-3.9200000000000017,-231,-4987.035000000073
102.96000000000001,-3.9200000000000017,-232,-4988.995000000072
102.96000000000001,-3.9200000000000017,-232,-4988.995000000072
102.96000000000001,-3.9200000000000017,-232,-4988.995000000072
102.96000000000001,-3.9200000000000017,-233,-4990.955000000071
102.96000000000001,-3.9200000000000017,-234,-4992.915000000074
102.96000000000001,-3.9200000000000017,-234,-4992.915000000074
102.96000000000001,-3.9200000000000017,-234,-4992.915000000074
102.96000000000001,-3.9200000000000017,-234,-4992.915000000074
102.96000000000001,-3.9200000000000017,-234,-4992.915000000074
102.96000000000001,-3.9200000000000017,-234,-4992.915000000074
102.96000000000001,-3.9200000000000017,-234,-4992.915000000074
102.96000000000001,-3.9200000000000017,-235,-4994.875000000073
102.96000000000001,-3.9200000000000017,-239,-5002.715000000073
