price,spread,inventory,pnl
100.0,4.0,0,0.0
100.0,4.0,-6,12.0
100.03,3.9399999999999977,-6,11.819999999999936
100.03,3.9399999999999977,4,31.219999999999914
100.025,3.9299999999999926,-5,48.88499999999988
99.5575,2.9549999999999983,-5,51.222499999999854
99.79625,2.477499999999992,-5,50.02874999999989
99.915625,2.238749999999996,-5,49.43187499999988
99.915625,2.238749999999996,2,57.26749999999987
99.915625,2.238749999999996,5,60.62562499999984
99.5475,2.9749999999999943,33,92.0962499999996
99.5475,2.9749999999999943,32,93.58374999999933
99.79124999999999,2.487499999999997,32,101.38374999999905
99.5475,2.9749999999999943,34,95.58374999999933
99.30375000000001,2.487499999999997,34,87.29624999999987
99.30375000000001,2.487499999999997,34,87.29624999999987
99.30375000000001,2.487499999999997,34,87.29624999999987
99.30375000000001,2.487499999999997,34,87.29624999999987
99.50999999999999,2.8999999999999915,11,127.24624999999946
99.285,2.4499999999999886,11,124.77124999999955
99.285,2.4499999999999886,11,124.77124999999955
99.285,2.4499999999999886,11,124.77124999999955
99.285,2.4499999999999886,11,124.77124999999955
99.285,2.4499999999999886,10,125.99624999999946
99.1725,2.2249999999999943,10,124.87124999999958
99.1725,2.2249999999999943,10,124.87124999999958
99.50999999999999,2.8999999999999915,-14,154.49624999999946
99.285,2.4499999999999886,-14,157.64624999999933
99.285,2.4499999999999886,-14,157.64624999999933
99.1725,2.2249999999999943,-14,159.22124999999937
99.1425,2.2849999999999966,9,185.6187499999994
99.13749999999999,2.2950000000000017,19,197.02874999999904
99.13749999999999,2.2950000000000017,19,197.02874999999904
99.13749999999999,2.2950000000000017,18,198.1762499999993
99.06375,2.1474999999999937,18,196.84874999999943
98.99374999999999,2.2874999999999943,58,239.1587499999987
99.06562499999998,2.143749999999997,58,243.3274999999976
99.06562499999998,2.143749999999997,63,248.6868749999976
99.06562499999998,2.143749999999997,55,257.2618749999974
99.0296875,2.0718749999999915,55,255.28531249999833
99.01171875,2.035937500000003,55,254.29703124999833
99.01171875,2.035937500000003,53,256.33296874999814
99.00273437499999,2.0179687500000085,53,255.8567968749976
99.00273437499999,2.0179687500000085,53,255.8567968749976
99.0072265625,2.0089843750000114,53,256.0948828124974
99.0072265625,2.0089843750000114,53,256.0948828124974
99.00498046874999,2.0044921875000057,53,255.97583984374796
99.03417968749999,2.0628906249999943,28,282.1056249999974
99.03417968749999,2.0628906249999943,28,282.1056249999974
99.03417968749999,2.0628906249999943,28,282.1056249999974
99.04990234374998,2.031445312499997,28,282.54585937499724
99.04990234374998,2.031445312499997,28,282.54585937499724
99.04204101562499,2.0157226562499915,28,282.3257421874973
99.04597167968748,2.0078613281249886,28,282.4358007812475
99.08977050781249,2.095458984375,11,300.2696630859349
99.08977050781249,2.095458984375,10,301.3173925781224
99.06590576171874,2.0477294921875,10,301.0787451171849
99.07783813476561,2.02386474609375,10,301.19806884765364
99.07783813476561,2.02386474609375,10,301.19806884765364
99.07783813476561,2.02386474609375,10,301.19806884765364
99.07783813476561,2.02386474609375,10,301.19806884765364
99.07187194824218,2.011932373046875,10,301.13840698241927
99.07187194824218,2.011932373046875,10,301.13840698241927
99.10170288085936,2.07159423828125,-2,313.7111608886694
99.10170288085936,2.07159423828125,-2,313.7111608886694
99.17545288085937,2.219094238281258,-5,316.5973022460912
99.23795288085937,2.344094238281258,-14,326.583226318357
99.15192932128906,2.172047119140629,-14,327.7875561523415
99.19494110107422,2.0860235595703074,-14,327.185391235349
99.17343521118164,2.043011779785161,-14,327.48647369384526
99.0943455505371,2.2011911010742296,15,359.431811676023
99.0943455505371,2.2011911010742296,15,359.431811676023
99.14464332580566,2.100595550537122,15,360.1862783050515
99.11949443817139,2.050297775268561,15,359.80904499053736
99.11949443817139,2.050297775268561,12,362.88449165344014
99.13206888198852,2.0251488876342734,12,363.0353849792457
98.87732166290283,2.5346433258056607,48,394.5442249679545
98.87732166290283,2.5346433258056607,54,402.14815494537197
98.80732166290284,2.674643325805661,62,408.78672824859495
98.80732166290284,2.674643325805661,61,410.12404991149833
98.80732166290284,2.674643325805661,63,412.7986932373042
98.78232166290283,2.7246433258056584,66,415.21065822601213
98.94500000000001,2.3499999999999943,66,425.9474284744265
98.94500000000001,2.3499999999999943,73,434.17242847442594
98.95732166290284,2.37464332580565,61,449.0733365631095
98.95732166290284,2.37464332580565,60,450.2606582260132
98.95732166290284,2.37464332580565,61,451.44797988891514
98.95732166290284,2.37464332580565,61,451.44797988891514
99.05098249435426,2.187321662902818,61,457.1612906074515
99.05098249435426,2.187321662902818,56,462.6295947647095
99.00415207862855,2.093660831451416,56,460.00709148406986
99.00415207862855,2.093660831451416,56,460.00709148406986
99.0275672864914,2.046830415725708,56,461.3183431243897
99.03927489042283,2.023415207862854,56,461.9739689445496
99.0275672864914,2.046830415725708,58,463.34175833225163
99.03927489042283,2.023415207862854,58,464.0207993602744
99.03927489042283,2.023415207862854,58,464.0207993602744
98.91049124717713,2.280982494354248,73,470.7786461925498
98.91049124717713,2.280982494354248,73,470.7786461925498
98.73549124717712,2.6309824943542566,84,471.07404991149633
98.78,2.240000000000009,84,474.8127851486188
98.72,2.1200000000000045,84,469.7727851486179
98.75,2.0600000000000023,84,472.29278514861835
98.75,2.0600000000000023,83,473.3227851486181
98.75,2.0600000000000023,83,473.3227851486181
98.75,2.0600000000000023,83,473.3227851486181
98.735,2.030000000000001,83,472.0777851486173
98.7425,2.0150000000000006,83,472.7002851486186
98.7425,2.0150000000000006,83,472.7002851486186
98.74625,2.007499999999993,83,473.01153514861926
98.748125,2.0037499999999966,83,473.1671601486187
98.813125,2.133749999999992,69,492.50841014861817
98.823125,2.1537500000000023,61,501.7134101486181
98.81,2.180000000000007,81,522.5290351486183
98.815,2.1899999999999977,69,536.0040351486177
98.8625,2.094999999999999,69,539.2815351486179
98.88624999999999,2.0474999999999994,69,540.920285148617
98.88624999999999,2.0474999999999994,69,540.920285148617
98.88624999999999,2.0474999999999994,69,540.920285148617
98.88624999999999,2.0474999999999994,68,541.9440351486173
98.88624999999999,2.0474999999999994,68,541.9440351486173
98.88624999999999,2.0474999999999994,68,541.9440351486173
98.88624999999999,2.0474999999999994,67,542.9677851486167
98.88624999999999,2.0474999999999994,67,542.9677851486167
98.88624999999999,2.0474999999999994,67,542.9677851486167
98.87437499999999,2.0237499999999926,67,542.172160148617
98.88031249999999,2.0118750000000034,67,542.5699726486173
98.850625,2.071249999999992,77,550.830285148616
98.850625,2.071249999999992,81,554.9727851486159
98.8684375,2.035624999999996,81,556.4155976486163
98.85953125,2.017812500000005,81,555.6941913986166
98.85953125,2.017812500000005,82,556.7030976486167
98.863984375,2.0089062499999955,82,557.0682538986166
98.872890625,2.0267187499999864,67,572.9633320236153
98.872890625,2.0267187499999864,67,572.9633320236153
98.8795703125,2.013359374999993,67,573.4108710861155
98.87623046875,2.0066796874999966,67,573.1871015548659
98.87623046875,2.0066796874999966,66,574.1904413986149
98.87623046875,2.0066796874999966,66,574.1904413986149
98.87623046875,2.0066796874999966,64,576.1971210861157
98.877900390625,2.0033398437499983,64,576.3039960861161
98.877900390625,2.0033398437499983,65,577.305666007991
98.87706542968749,2.0016699218750063,65,577.2513935470533
98.88124023437499,2.010019531249995,54,588.56283397674
98.87873535156248,2.0050097656249903,54,588.4275703048643
98.87873535156248,2.0050097656249903,54,588.4275703048643
98.87748291015623,2.002504882812488,54,588.3599384689269
98.89311523437499,2.0337695312500017,9,634.4637568283022
98.898115234375,2.043769531250007,1,642.6238349533023
98.8871728515625,2.0218847656250034,1,642.6128925704897
98.8871728515625,2.0218847656250034,3,644.6347773361148
98.8871728515625,2.0218847656250034,10,651.7113740158022
98.89264404296875,2.0109423828125017,10,651.7660859298649
98.89264404296875,2.0109423828125017,19,660.8153266525214
98.89264404296875,2.0109423828125017,19,660.8153266525214
98.90358642578124,2.032827148437505,-3,683.0560590743963
98.90358642578124,2.032827148437505,-4,684.0724726486152
98.89537963867187,2.0164135742187455,-4,684.1052997970527
98.89537963867187,2.0164135742187455,-3,685.1135065841621
98.89537963867187,2.0164135742187455,-3,685.1135065841621
98.89948303222656,2.0082067871093727,-3,685.1011964034981
98.9015347290039,2.0041033935546864,-3,685.095041313166
98.90256057739256,2.002051696777343,-3,685.091963768
98.90204765319822,2.0010258483886645,-3,685.093502540583
98.9023041152954,2.0005129241943393,-3,685.0927331542915
98.90243234634397,2.0002564620971697,-3,685.0923484611458
98.90249646186827,2.000128231048592,-3,685.0921561145728
98.90249646186827,2.000128231048592,-3,685.0921561145728
98.90246440410613,2.000064115524296,-3,685.0922522878593
98.90246440410613,2.000064115524296,-3,685.0922522878593
98.90244837522505,2.000032057762155,-3,685.0923003745025
98.90244837522505,2.000032057762155,-3,685.0923003745025
98.90244837522505,2.000032057762155,-1,687.0923324322647
98.90244837522505,2.000032057762155,-1,687.0923324322647
98.90244837522505,2.000032057762155,-1,687.0923324322647
98.90244837522505,2.000032057762155,-1,687.0923324322647
98.90245638966559,2.0000160288810775,-1,687.0923244178241
98.90246039688586,2.0000080144405388,-1,687.0923204106039
98.90246240049599,2.0000040072202694,-1,687.0923184069937
98.90247842937706,2.0000360649824103,-21,707.0921180459804
98.90246941313146,2.000018032491198,-21,707.0923073871381
98.90246490500866,2.000009016245599,-21,707.0924020577168
98.90245087973771,2.0000370667874847,3,731.0926404873228
98.90245087973771,2.0000370667874847,1,733.0926775541102
98.90245087973771,2.0000370667874847,1,733.0926775541102
98.90245087973771,2.0000370667874847,4,736.0927331542914
98.90245538786051,2.0000460830330837,-11,751.093024679566
98.90245538786051,2.0000460830330837,-11,751.093024679566
98.90245538786051,2.0000460830330837,-11,751.093024679566
98.90246440410613,2.000064115524296,-14,754.0929675766768
98.9024804329872,2.000032057762141,-14,754.0927431723417
98.90251249074934,2.000096173286437,-17,757.0922462770284
98.90253653407095,2.0000480866432184,-17,757.0918375405611
98.90253653407095,2.0000480866432184,-22,762.091957757169
98.90253653407095,2.0000480866432184,-23,763.0919818004909
98.90253653407095,2.0000480866432184,-23,763.0919818004909
98.90252451241014,2.000024043321602,-23,763.0922582986896
98.90252451241014,2.000024043321602,-29,769.0923304286543
98.90248444020746,2.0001041877269756,-20,778.0935446163955
98.90251048713921,2.000052093863488,-20,778.0930236777604
98.90252351060508,2.000026046931737,-20,778.0927632084431
98.90251699887214,2.0000130234658684,-20,778.0928934431017
98.90252025473862,2.000006511732934,-20,778.0928283257722
98.90252188267185,2.00000325586646,-20,778.0927957671076
98.90252106870523,2.00000162793323,-20,778.09281204644
98.90252106870523,2.00000162793323,-20,778.09281204644
98.902519440772,2.000004883799704,-17,781.0928486749376
98.902519440772,2.000004883799704,-18,782.0928511168374
98.90252066172192,2.000002441899852,-18,782.0928291397388
98.90254000908229,2.000041136620567,-42,806.0923190957346
98.90254000908229,2.000041136620567,-42,806.0923190957346
98.90254000908229,2.000041136620567,-52,816.0925247788364
98.90255029323743,2.0000205683102763,-52,816.0919900027693
98.90255029323743,2.0000205683102763,-51,817.0920002869243
98.90254000908229,2.000041136620567,-32,836.0927304619399
98.90254000908229,2.000041136620567,-31,837.0927510302504
98.90253553226589,2.000050090253353,-6,862.0933140760046
98.90253553226589,2.000050090253353,-13,869.0934893918911
98.90253553226589,2.000050090253353,-10,872.0935645272712
98.90304845646023,2.001075938642032,-27,889.0821930379552
98.90277947179972,2.000537969321016,-27,889.089455623789
98.90304845646023,2.001075938642032,-30,892.0832689765971
98.90331744112073,2.000537969321016,-30,892.0751994367815
98.90331744112073,2.000537969321016,-30,892.0751994367815
98.90304845646023,2.001075938642032,-24,898.084344915239
98.90277947179972,2.000537969321016,-24,898.090800547091
98.90277947179972,2.000537969321016,-33,907.0932214090353
98.9112552435696,2.0174895128607915,-56,929.7985840270794
98.9112552435696,2.0174895128607915,-56,929.7985840270794
98.9112552435696,2.0174895128607915,-56,929.7985840270794
98.91124222010373,2.0175155597925425,-53,932.8255085400615
98.91124222010373,2.0175155597925425,-53,932.8255085400615
98.91562111005186,2.0087577798962712,-53,932.5934273728108
98.91124222010373,2.0175155597925425,-50,935.843024099855
98.9068633301556,2.0087577798962712,-50,936.0619685972606
98.90683728322385,2.008809873759759,-33,953.1378423076258
98.90683728322385,2.008809873759759,-33,953.1378423076258
98.90683728322385,2.008809873759759,-26,960.1686768657851
98.911216173172,2.0175676536560303,-33,967.0725236154485
98.911216173172,2.0175676536560303,-33,967.0725236154485
98.91560808658599,2.008783826828008,-33,966.9275904727865
98.91560808658599,2.008783826828008,-33,966.9275904727865
98.91560808658599,2.008783826828008,-32,967.9319823862006
98.91560808658599,2.008783826828008,-32,967.9319823862006
98.91341212987899,2.004391913413997,-32,968.0022530008246
98.91451010823249,2.0021959567069985,-32,967.9671176935126
98.91451010823249,2.0021959567069985,-32,967.9671176935126
98.91451010823249,2.0021959567069985,-32,967.9671176935126
98.91451010823249,2.0021959567069985,-32,967.9671176935126
98.91451010823249,2.0021959567069985,-32,967.9671176935126
98.91451010823249,2.0021959567069985,-32,967.9671176935126
98.91451010823249,2.0021959567069985,-32,967.9671176935126
98.91505909740924,2.0010979783534992,-32,967.9495500398566
98.91505909740924,2.0010979783534992,-32,967.9495500398566
98.91533359199761,2.0005489891767496,-32,967.9407662130288
98.91752954870462,2.0049409025907607,-37,972.8740640280535
98.91876477435231,2.0024704512953804,-37,972.8283606790887
98.91876477435231,2.0024704512953804,-37,972.8283606790887
98.91876477435231,2.0024704512953804,-37,972.8283606790887
98.91876477435231,2.0024704512953804,-36,973.8295959047364
98.91938238717616,2.00123522564769,-36,973.8073618430781
98.91938238717616,2.00123522564769,-36,973.8073618430781
98.91907358076423,2.000617612823845,-36,973.8184788739072
98.91922798397019,2.0003088064119225,-36,973.8129203584931
98.91915078236721,2.000154403205954,-36,973.8156996162002
98.91915078236721,2.000154403205954,-36,973.8156996162002
98.9191893831687,2.000077201602977,-36,973.8143099873464
98.9191893831687,2.000077201602977,-36,973.8143099873464
98.91920868356945,2.0000386008014885,-36,973.8136151729195
98.91915078236721,2.000154403205954,-27,982.8158926202073
98.91915078236721,2.000154403205954,-27,982.8158926202073
98.91915078236721,2.000154403205954,-27,982.8158926202073
98.91911218156572,2.000077201602977,-27,982.8169348418473
98.91913148196647,2.0000386008014885,-27,982.8164137310268
98.91913148196647,2.0000386008014885,-27,982.8164137310268
98.91913148196647,2.0000386008014885,-27,982.8164137310268
98.91834016553591,2.00162123366259,-4,1005.8334559848846
98.91834016553591,2.00162123366259,-5,1006.834266601716
98.91874547395156,2.000810616831302,-5,1006.8322400596378
98.91894812815939,2.000405308415651,-5,1006.8312267885985
98.91894812815939,2.000405308415651,-7,1008.8316320970142
98.91894812815939,2.000405308415651,0,1015.8330506764689
98.91894812815939,2.000405308415651,1,1016.8332533306768
98.91894812815939,2.000405308415651,6,1021.8342666017159
98.91904945526329,2.0002026542078255,6,1021.8348745643393
98.91899879171135,2.0001013271039056,6,1021.8345705830277
98.91897345993536,2.00005066355196,6,1021.8344185923718
98.91896079404736,2.000025331775973,6,1021.8343425970438
98.91897345993536,2.00005066355196,3,1024.8344185923715
98.91897345993536,2.00005066355196,3,1024.8344185923715
98.91897345993536,2.00005066355196,-2,1029.8345452512517
98.91897345993536,2.00005066355196,4,1035.8346972419076
98.91896079404736,2.000025331775973,4,1035.8346465783557
98.91895446110337,2.0000126658879793,4,1035.8346212465797
98.91895446110337,2.0000126658879793,6,1037.8346339124678
98.91895446110337,2.0000126658879793,6,1037.8346339124678
98.91895446110337,2.0000126658879793,2,1041.8346592442435
98.91895129463137,2.0000063329439826,2,1041.8346529112996
98.91884996752746,2.000208987151808,10,1049.8338676262442
98.91824200490399,2.001424912398747,48,1087.835001223219
98.91834016553591,2.00162123366259,16,1119.8603013344764
98.91834016553591,2.00162123366259,8,1127.8667862691268
98.91834016553591,2.00162123366259,17,1136.8740818206086
98.91793485712026,2.000810616831288,17,1136.8671915775424
98.91834016553591,2.00162123366259,16,1137.8740818206086
98.91710493988822,2.00409168495797,53,1174.878134904765
98.91710493988822,2.00409168495797,52,1175.8801807472437
98.91812786112772,2.002045842478992,52,1175.933372651698
98.91710493988822,2.00409168495797,60,1183.8822265897224
98.91710493988822,2.00409168495797,60,1183.8822265897224
98.91608201864872,2.002045842478978,60,1183.8208513153531
98.91608201864872,2.002045842478978,59,1184.8218742365925
98.91659347926847,2.001022921239496,59,1184.8520504131575
98.91761640050797,2.0030687637184883,56,1187.9108683844288
98.91761640050797,2.0030687637184883,56,1187.9108683844288
98.91761640050797,2.0030687637184883,56,1187.9108683844288
98.91838359143759,2.001534381859244,56,1187.9538310764883
98.91799999597278,2.000767190929622,56,1187.9323497304586
98.91780819824038,2.000383595464811,56,1187.9216090574437
98.91704100731076,2.001917977324055,65,1196.873467826611
98.91656151297974,2.0009589886620347,65,1196.8423006950943
98.91704100731076,2.001917977324055,59,1202.8744268152723
98.91704100731076,2.001917977324055,59,1202.8744268152723
98.91704100731076,2.001917977324055,59,1202.8744268152723
98.91656151297974,2.0009589886620347,59,1202.8461366497422
98.91680126014525,2.0004794943310173,59,1202.8602817325072
98.91692113372801,2.0002397471655087,59,1202.8673542738898
98.91698107051938,2.0001198735827472,59,1202.870890544581
98.91698107051938,2.0001198735827472,65,1208.87125016533
98.91680126014525,2.0004794943310173,83,1226.861720215501
98.91680126014525,2.0004794943310173,83,1226.861720215501
98.91680126014525,2.0004794943310173,83,1226.861720215501
98.91680126014525,2.0004794943310173,77,1232.863158698493
98.91680126014525,2.0004794943310173,77,1232.863158698493
98.91668138656249,2.0002397471655087,77,1232.8539284326207
98.91674132335388,2.0001198735827614,77,1232.8585435655568
98.91677129174957,2.0000599367913736,77,1232.8608511320253
98.91677129174957,2.0000599367913736,76,1233.8608811004206
98.91677129174957,2.0000599367913736,76,1233.8608811004206
98.91675630755172,2.000029968395694,76,1233.8597423013844
98.91672633915603,2.0000899051870817,80,1237.8575845768946
98.91672633915603,2.0000899051870817,88,1245.8579441976426
98.91672633915603,2.0000899051870817,88,1245.8579441976426
98.91670386285926,2.000044952593541,88,1245.8559662835278
98.91674132335388,2.0001198735827614,67,1266.860236779914
98.91677129174957,2.0000599367913736,67,1266.8622446624258
98.91677129174957,2.0000599367913736,72,1271.8623945044037
98.9167862759474,2.0000299683956797,72,1271.8634733666477
98.9167862759474,2.0000299683956797,71,1272.8634883508448
98.9167862759474,2.0000299683956797,71,1272.8634883508448
98.91679376804632,2.000014984197847,71,1272.8640202898678
98.91679376804632,2.000014984197847,71,1272.8640202898678
98.91679376804632,2.000014984197847,71,1272.8640202898678
98.91679751409578,2.0000074920989306,71,1272.8642862593797
98.91679751409578,2.0000074920989306,61,1282.8643237198748
98.91674132335388,2.0001198735827614,91,1312.860596400662
98.91674132335388,2.0001198735827614,91,1312.860596400662
98.91674132335388,2.0001198735827614,89,1314.8607162742437
98.91686119693662,2.00035962074827,84,1319.8710853391513
98.91734069126764,2.0013186094102906,81,1322.9104638110866
98.91753248900004,2.0017022048751016,77,1326.9282530507662
98.91753248900004,2.0017022048751016,77,1326.9282530507662
98.91753248900004,2.0017022048751016,71,1332.9333596653923
98.91644684983504,2.0038734832050977,112,1373.873753686572
98.85670606493949,1.886587870121005,118,1372.8359615185109
98.7967060649395,1.7665878701210147,118,1365.7559615185128
98.7667060649395,1.7065878701210124,120,1363.9225493886333
98.74170606493949,1.656587870121001,116,1364.235725128874
98.74170606493949,1.656587870121001,116,1364.235725128874
98.740608086586,1.6587838268279995,126,1372.4000828173012
98.69560808658599,1.5687838268280103,126,1366.730082817301
98.675608086586,1.528783826828004,126,1364.2100828173006
98.66560808658599,1.508783826828008,126,1362.9500828173004
98.660608086586,1.498783826828003,126,1362.3200828173012
98.655608086586,1.488783826828012,126,1361.690082817302
98.655608086586,1.488783826828012,126,1361.690082817302
98.65121617317199,1.4975676536560343,131,1364.8718370344486
98.62121617317199,1.437567653656032,131,1360.9418370344483
98.60621617317199,1.4075676536560309,133,1360.384404688104
98.59121617317199,1.3775676536560297,133,1358.389404688105
98.58121617317198,1.3575676536560337,134,1357.7381885149316
98.57121617317199,1.3375676536560235,134,1356.3981885149333
98.566216173172,1.3275676536560326,136,1357.055756168591
98.566216173172,1.3275676536560326,125,1364.1573782636988
98.566216173172,1.3275676536560326,125,1364.1573782636988
98.57121617317199,1.3375676536560235,110,1374.724135666118
98.58121617317198,1.3575676536560337,106,1378.459270973428
98.58121617317198,1.3575676536560337,106,1378.459270973428
98.58121617317198,1.3575676536560337,107,1379.1380548002562
98.58121617317198,1.3575676536560337,107,1379.1380548002562
98.5811520576477,1.3576958847046114,118,1386.5982653429382
98.5811520576477,1.3576958847046114,118,1386.5982653429382
98.5811520576477,1.3576958847046114,118,1386.5982653429382
98.5811520576477,1.3576958847046114,117,1387.2771132852904
98.5811520576477,1.3576958847046114,117,1387.2771132852904
98.5811520576477,1.3576958847046114,122,1390.6713529970511
98.6061520576477,1.4076958847046086,94,1412.6790953829159
98.6111520576477,1.4176958847045995,87,1418.101030979382
98.6111520576477,1.4176958847045995,87,1418.101030979382
98.6111520576477,1.4176958847045995,87,1418.101030979382
98.6111520576477,1.4176958847045995,86,1418.8098789217347
98.62115205764769,1.4376958847046097,73,1428.7549021723135
98.62115205764769,1.4376958847046097,73,1428.7549021723135
98.62115205764769,1.4376958847046097,73,1428.7549021723135
98.62102382659911,1.4379523468017794,84,1436.653509826885
98.62102382659911,1.4379523468017794,84,1436.653509826885
98.62102382659911,1.4379523468017794,84,1436.653509826885
98.62102382659911,1.4379523468017794,84,1436.653509826885
98.62102382659911,1.4379523468017794,84,1436.653509826885
98.62102382659911,1.4379523468017794,84,1436.653509826885
98.63102382659912,1.4579523468017754,72,1446.0412239076968
98.63102382659912,1.4579523468017754,74,1447.4991762544978
98.63102382659912,1.4579523468017754,74,1447.4991762544978
98.65102382659911,1.4979523468017817,60,1459.1448426821107
98.65102382659911,1.4979523468017817,60,1459.1448426821107
98.65102382659911,1.4979523468017817,58,1460.6427950289126
98.65102382659911,1.4979523468017817,67,1467.3835805895214
98.65102382659911,1.4979523468017817,67,1467.3835805895214
98.64974151611328,1.50051696777345,96,1489.0110503389715
98.64974151611328,1.50051696777345,96,1489.0110503389715
98.638115234375,1.5237695312500108,113,1500.6500054170974
98.638115234375,1.5237695312500108,113,1500.6500054170974
98.6364453125,1.527109375000009,131,1514.1952690889739
98.6014453125,1.4571093750000017,131,1509.6102690889747
98.5814453125,1.4171093750000097,131,1506.9902690889721
98.5714453125,1.3971093749999994,131,1505.6802690889745
98.56644531250001,1.3871093750000085,131,1505.0252690889738
98.56644531250001,1.3871093750000085,131,1505.0252690889738
98.56644531250001,1.3871093750000085,115,1516.122144088975
98.56644531250001,1.3871093750000085,115,1516.122144088975
98.5814453125,1.4171093750000097,87,1537.0666753389714
98.5814453125,1.4171093750000097,87,1537.0666753389714
98.5814453125,1.4171093750000097,87,1537.0666753389714
98.5814453125,1.4171093750000097,89,1538.4837847139725
98.5814453125,1.4171093750000097,89,1538.4837847139725
98.5814453125,1.4171093750000097,89,1538.4837847139725
98.5814453125,1.4171093750000097,89,1538.4837847139725
98.6014453125,1.4571093750000017,82,1545.1236675264727
98.6014453125,1.4571093750000017,82,1545.1236675264727
98.6014453125,1.4571093750000017,82,1545.1236675264727
98.59476562500001,1.4704687499999949,88,1548.9606206514745
98.5903125,1.4793750000000045,96,1554.4328081514732
98.5903125,1.4793750000000045,96,1554.4328081514732
98.5903125,1.4793750000000045,96,1554.4328081514732
98.5903125,1.4793750000000045,96,1554.4328081514732
98.5903125,1.4793750000000045,96,1554.4328081514732
98.5903125,1.4793750000000045,106,1561.8296831514726
98.5903125,1.4793750000000045,106,1561.8296831514726
98.5903125,1.4793750000000045,106,1561.8296831514726
98.5903125,1.4793750000000045,102,1564.7884331514724
98.5903125,1.4793750000000045,102,1564.7884331514724
98.5903125,1.4793750000000045,102,1564.7884331514724
98.5903125,1.4793750000000045,102,1564.7884331514724
98.5903125,1.4793750000000045,102,1564.7884331514724
98.5903125,1.4793750000000045,102,1564.7884331514724
98.5903125,1.4793750000000045,102,1564.7884331514724
98.5903125,1.4793750000000045,102,1564.7884331514724
98.5903125,1.4793750000000045,102,1564.7884331514724
98.5903125,1.4793750000000045,102,1564.7884331514724
98.5903125,1.4793750000000045,102,1564.7884331514724
98.5903125,1.4793750000000045,102,1564.7884331514724
98.5903125,1.4793750000000045,102,1564.7884331514724
98.5903125,1.4793750000000045,102,1564.7884331514724
98.5903125,1.4793750000000045,102,1564.7884331514724
98.5903125,1.4793750000000045,105,1567.0074956514745
98.57249999999999,1.5150000000000006,116,1573.327183151474
98.57249999999999,1.5150000000000006,116,1573.327183151474
98.57249999999999,1.5150000000000006,116,1573.327183151474
98.57249999999999,1.5150000000000006,123,1578.6296831514737
98.57249999999999,1.5150000000000006,123,1578.6296831514737
98.57249999999999,1.5150000000000006,120,1580.9021831514729
98.57249999999999,1.5150000000000006,120,1580.9021831514729
98.57249999999999,1.5150000000000006,119,1581.6596831514726
98.57249999999999,1.5150000000000006,119,1581.6596831514726
98.525,1.6099999999999994,126,1580.995477086537
98.495,1.5499999999999972,126,1577.2154770865363
98.475,1.5100000000000051,126,1574.695477086534
98.465,1.4899999999999949,126,1573.4354770865357
98.46000000000001,1.480000000000004,125,1573.545477086538
98.46000000000001,1.480000000000004,125,1573.545477086538
98.465,1.4899999999999949,106,1588.2354770865368
98.465,1.4899999999999949,106,1588.2354770865368
98.43051191329955,1.558976173400879,133,1604.9243471159843
98.37551191329956,1.4489761734008795,133,1597.6093471159857
98.35051191329956,1.3989761734008823,130,1596.3828113760865
98.35051191329956,1.3989761734008823,130,1596.3828113760865
98.35051191329956,1.3989761734008823,113,1608.2741088499934
98.35051191329956,1.3989761734008823,110,1610.372573110095
98.35051191329956,1.3989761734008823,117,1615.2689897169985
98.35051191329956,1.3989761734008823,117,1615.2689897169985
98.35051191329956,1.3989761734008823,111,1619.4659182372015
98.35051191329956,1.3989761734008823,111,1619.4659182372015
98.35051191329956,1.3989761734008823,111,1619.4659182372015
98.35051191329956,1.3989761734008823,111,1619.4659182372015
98.37551191329956,1.4489761734008795,104,1627.2623348441048
98.36051191329955,1.4789761734008806,111,1630.848751451007
98.36051191329955,1.4789761734008806,111,1630.848751451007
98.36051191329955,1.4789761734008806,138,1650.8149297919172
98.40051191329957,1.5589761734008931,115,1671.9431557860298
98.40051191329957,1.5589761734008931,115,1671.9431557860298
98.40051191329957,1.5589761734008931,115,1671.9431557860298
98.40051191329957,1.5589761734008931,115,1671.9431557860298
98.40051191329957,1.5589761734008931,113,1673.5021319594307
98.40051191329957,1.5589761734008931,113,1673.5021319594307
98.40051191329957,1.5589761734008931,113,1673.5021319594307
98.40051191329957,1.5589761734008931,113,1673.5021319594307
98.40051191329957,1.5589761734008931,113,1673.5021319594307
98.38515625,1.5896875000000108,121,1677.909616700641
98.38515625,1.5896875000000108,121,1677.909616700641
98.38515625,1.5896875000000108,95,1698.5755542006427
98.40015625,1.6196874999999977,86,1707.1991479506423
98.40015625,1.6196874999999977,86,1707.1991479506423
98.40015625,1.6196874999999977,86,1707.1991479506423
98.40015625,1.6196874999999977,86,1707.1991479506423
98.40015625,1.6196874999999977,86,1707.1991479506423
98.40015625,1.6196874999999977,86,1707.1991479506423
98.40015625,1.6196874999999977,85,1708.0089917006426
98.40015625,1.6196874999999977,85,1708.0089917006426
98.40015625,1.6196874999999977,85,1708.0089917006426
98.40015625,1.6196874999999977,86,1708.818835450642
98.40015625,1.6196874999999977,86,1708.818835450642
98.40015625,1.6196874999999977,84,1710.4385229506424
98.40015625,1.6196874999999977,83,1711.2483667006418
98.40015625,1.6196874999999977,83,1711.2483667006418
98.40015625,1.6196874999999977,84,1712.058210450642
98.40015625,1.6196874999999977,83,1712.8680542006414
98.40515625,1.6296875000000028,73,1721.341491700643
98.41015625,1.639687500000008,57,1734.7339917006425
98.41015625,1.639687500000008,64,1740.4728979506426
98.41015625,1.639687500000008,64,1740.4728979506426
98.41015625,1.639687500000008,79,1752.7705542006424
98.41515625,1.6496874999999989,54,1773.7566479506413
98.41515625,1.6496874999999989,54,1773.7566479506413
98.41515625,1.6496874999999989,54,1773.7566479506413
98.41515625,1.6496874999999989,54,1773.7566479506413
98.41072265624999,1.6585546875000006,94,1806.3425073256412
98.41072265624999,1.6585546875000006,94,1806.3425073256412
98.41072265624999,1.6585546875000006,94,1806.3425073256412
98.41072265624999,1.6585546875000006,94,1806.3425073256412
98.41072265624999,1.6585546875000006,94,1806.3425073256412
98.41072265624999,1.6585546875000006,94,1806.3425073256412
98.41072265624999,1.6585546875000006,94,1806.3425073256412
98.41072265624999,1.6585546875000006,94,1806.3425073256412
98.41072265624999,1.6585546875000006,94,1806.3425073256412
98.41072265624999,1.6585546875000006,102,1812.9767260756398
98.41072265624999,1.6585546875000006,102,1812.9767260756398
98.41072265624999,1.6585546875000006,102,1812.9767260756398
98.41072265624999,1.6585546875000006,102,1812.9767260756398
98.41072265624999,1.6585546875000006,102,1812.9767260756398
98.41072265624999,1.6585546875000006,102,1812.9767260756398
98.41072265624999,1.6585546875000006,101,1813.8060034193895
98.41072265624999,1.6585546875000006,101,1813.8060034193895
98.41072265624999,1.6585546875000006,101,1813.8060034193895
98.41072265624999,1.6585546875000006,113,1823.7573315443915
98.41072265624999,1.6585546875000006,113,1823.7573315443915
98.41072265624999,1.6585546875000006,114,1824.5866088881412
98.41072265624999,1.6585546875000006,114,1824.5866088881412
98.40625,1.667500000000004,146,1850.5279424109376
98.26124999999999,1.377500000000012,152,1833.4904424109372
98.15625,1.167500000000004,150,1818.6979424109377
98.11625,1.0875000000000057,150,1812.6979424109359
98.09625,1.0475000000000136,150,1809.6979424109377
98.08624999999999,1.0275000000000034,145,1810.7666924109362
98.08624999999999,1.0275000000000034,148,1812.3079424109364
98.08624999999999,1.0275000000000034,151,1813.8491924109348
98.07624999999999,1.0075000000000074,146,1814.857942410934
98.07624999999999,1.0075000000000074,156,1819.8954424109343
98.04624999999999,0.9475000000000051,156,1815.215442410934
98.03125,0.917500000000004,156,1812.8754424109356
98.07624999999999,1.0075000000000074,125,1832.9116924109348
98.07624999999999,1.0075000000000074,125,1832.9116924109348
98.07624999999999,1.0075000000000074,125,1832.9116924109348
98.07624999999999,1.0075000000000074,125,1832.9116924109348
98.09625,1.0475000000000136,101,1847.6216924109376
98.09625,1.0475000000000136,103,1848.6691924109364
98.09625,1.0475000000000136,103,1848.6691924109364
98.09625,1.0475000000000136,103,1848.6691924109364
98.09625,1.0475000000000136,103,1848.6691924109364
98.09625,1.0475000000000136,103,1848.6691924109364
98.09625,1.0475000000000136,103,1848.6691924109364
98.09625,1.0475000000000136,99,1850.7641924109357
98.09625,1.0475000000000136,99,1850.7641924109357
98.09625,1.0475000000000136,99,1850.7641924109357
98.10624999999999,1.0675000000000097,87,1857.939192410936
98.10310808658599,1.0737838268280058,98,1863.5119827856934
98.10310808658599,1.0737838268280058,98,1863.5119827856934
98.055,1.1700000000000017,123,1872.7125256075778
98.055,1.1700000000000017,123,1872.7125256075778
98.15,1.3599999999999994,96,1898.6275256075787
98.15,1.3599999999999994,96,1898.6275256075787
98.15,1.3599999999999994,96,1898.6275256075787
98.15,1.3599999999999994,112,1909.507525607578
98.15,1.3599999999999994,65,1941.467525607577
98.15,1.3599999999999994,65,1941.467525607577
98.14,1.3799999999999955,81,1951.677525607577
98.14,1.3799999999999955,81,1951.677525607577
98.14,1.3799999999999955,81,1951.677525607577
98.14,1.3799999999999955,81,1951.677525607577
98.14,1.3799999999999955,81,1951.677525607577
98.14,1.3799999999999955,81,1951.677525607577
98.14,1.3799999999999955,81,1951.677525607577
98.14,1.3799999999999955,72,1957.8875256075771
98.14,1.3799999999999955,69,1959.9575256075768
98.14,1.3799999999999955,69,1959.9575256075768
98.14,1.3799999999999955,69,1959.9575256075768
98.14,1.3799999999999955,69,1959.9575256075768
98.13499999999999,1.3900000000000006,76,1964.4175256075769
98.13499999999999,1.3900000000000006,76,1964.4175256075769
98.13499999999999,1.3900000000000006,76,1964.4175256075769
98.13499999999999,1.3900000000000006,76,1964.4175256075769
98.13499999999999,1.3900000000000006,79,1966.502525607577
98.13499999999999,1.3900000000000006,79,1966.502525607577
98.13499999999999,1.3900000000000006,79,1966.502525607577
98.13499999999999,1.3900000000000006,79,1966.502525607577
98.13499999999999,1.3900000000000006,79,1966.502525607577
98.13499999999999,1.3900000000000006,79,1966.502525607577
98.13499999999999,1.3900000000000006,79,1966.502525607577
98.13499999999999,1.3900000000000006,81,1967.8925256075772
98.195,1.5100000000000051,80,1973.3875256075771
98.195,1.5100000000000051,91,1981.6925256075765
98.195,1.5100000000000051,91,1981.6925256075765
98.195,1.5100000000000051,91,1981.6925256075765
98.185,1.5300000000000011,99,1986.842525607578
98.185,1.5300000000000011,121,2003.672525607577
98.185,1.5300000000000011,121,2003.672525607577
98.2,1.5600000000000023,98,2023.127525607577
98.225,1.6099999999999994,86,2034.8875256075762
98.225,1.6099999999999994,83,2037.3025256075753
98.225,1.6099999999999994,83,2037.3025256075753
98.220361328125,1.6192773437500136,111,2059.5410119357
98.24036132812499,1.6592773437500057,90,2079.1034240450754
98.24036132812499,1.6592773437500057,96,2084.0812560763243
98.24036132812499,1.6592773437500057,96,2084.0812560763243
98.24,1.6599999999999966,114,2098.9786193575746
98.24,1.6599999999999966,114,2098.9786193575746
98.24,1.6599999999999966,135,2116.408619357575
98.15,1.480000000000004,135,2104.2586193575753
98.10499999999999,1.3900000000000006,135,2098.1836193575746
98.08,1.3400000000000034,135,2094.8086193575746
98.07,1.3200000000000074,135,2093.458619357574
98.06025595664978,1.3194880867004315,154,2104.659334155551
97.96025595664977,1.1194880867004287,154,2089.2593341555494
97.91025595664979,1.0194880867004343,154,2081.5593341555523
97.88525595664979,0.9694880867004372,154,2077.70933415555
97.87525595664978,0.949488086700427,154,2076.169334155549
97.87025595664979,0.939488086700436,155,2075.8690781989008
97.86025595664978,0.9194880867004258,155,2074.3190781988997
97.85525595664978,0.9094880867004349,155,2073.5440781989
97.85525595664978,0.9094880867004349,159,2075.363054372301
97.85525595664978,0.9094880867004349,148,2079.965238849154
97.85525595664978,0.9094880867004349,148,2079.965238849154
97.85525595664978,0.9094880867004349,148,2079.965238849154
97.85525595664978,0.9094880867004349,148,2079.965238849154
97.85525595664978,0.9094880867004349,148,2079.965238849154
97.85525595664978,0.9094880867004349,152,2081.784215022557
97.85525595664978,0.9094880867004349,152,2081.784215022557
97.85525595664978,0.9094880867004349,166,2088.150631629458
97.80025595664978,0.7994880867004355,166,2079.020631629457
97.77025595664978,0.7394880867004332,157,2077.368328019609
97.77025595664978,0.7394880867004332,157,2077.368328019609
97.77025595664978,0.7394880867004332,157,2077.368328019609
97.77025595664978,0.7394880867004332,157,2077.368328019609
97.77025595664978,0.7394880867004332,157,2077.368328019609
97.77025595664978,0.7394880867004332,163,2079.5867922797115
97.77025595664978,0.7394880867004332,163,2079.5867922797115
97.77025595664978,0.7394880867004332,164,2079.9565363230613
97.76525595664978,0.7294880867004281,164,2079.1365363230616
97.76525595664978,0.7294880867004281,158,2081.3250005831633
97.76525595664978,0.7294880867004281,157,2081.689744626514
97.76525595664978,0.7294880867004281,157,2081.689744626514
97.76525595664978,0.7294880867004281,157,2081.689744626514
97.76525595664978,0.7294880867004281,147,2085.3371850600142
97.76525595664978,0.7294880867004281,147,2085.3371850600142
97.76525595664978,0.7294880867004281,147,2085.3371850600142
97.76525595664978,0.7294880867004281,147,2085.3371850600142
97.76525595664978,0.7294880867004281,147,2085.3371850600142
97.76525595664978,0.7294880867004281,147,2085.3371850600142
97.76525595664978,0.7294880867004281,147,2085.3371850600142
97.77025595664978,0.7394880867004332,130,2092.3278337969678
97.77025595664978,0.7394880867004332,130,2092.3278337969678
97.77025595664978,0.7394880867004332,130,2092.3278337969678
97.77000000000001,0.7399999999999949,157,2102.2722735133084
97.77000000000001,0.7399999999999949,157,2102.2722735133084
97.77000000000001,0.7399999999999949,157,2102.2722735133084
97.77000000000001,0.7399999999999949,157,2102.2722735133084
97.795,0.789999999999992,146,2110.1922735133066
97.795,0.789999999999992,146,2110.1922735133066
97.795,0.789999999999992,150,2111.7722735133066
97.795,0.789999999999992,150,2111.7722735133066
97.795,0.789999999999992,150,2111.7722735133066
97.795,0.789999999999992,150,2111.7722735133066
97.785,0.8100000000000023,153,2111.4272735133054
97.785,0.8100000000000023,153,2111.4272735133054
97.78999999999999,0.8200000000000074,88,2138.782273513304
97.78999999999999,0.8200000000000074,84,2140.4222735133044
97.78999999999999,0.8200000000000074,84,2140.4222735133044
97.78999999999999,0.8200000000000074,86,2141.242273513304
97.78999999999999,0.8200000000000074,86,2141.242273513304
97.78999999999999,0.8200000000000074,86,2141.242273513304
97.78999999999999,0.8200000000000074,86,2141.242273513304
97.78999999999999,0.8200000000000074,87,2141.652273513305
97.78999999999999,0.8200000000000074,87,2141.652273513305
97.78999999999999,0.8200000000000074,74,2146.982273513305
97.78999999999999,0.8200000000000074,72,2147.8022735133045
97.78999999999999,0.8200000000000074,72,2147.8022735133045
97.78999999999999,0.8200000000000074,73,2148.2122735133044
97.78999999999999,0.8200000000000074,61,2153.132273513305
97.78999999999999,0.8200000000000074,27,2167.0722735133054
97.78999999999999,0.8200000000000074,27,2167.0722735133054
97.78999999999999,0.8200000000000074,27,2167.0722735133054
97.78999999999999,0.8200000000000074,27,2167.0722735133054
97.78999999999999,0.8200000000000074,28,2167.4822735133052
97.78999999999999,0.8200000000000074,28,2167.4822735133052
97.78999999999999,0.8200000000000074,28,2167.4822735133052
97.78999999999999,0.8200000000000074,24,2169.1222735133056
97.78999999999999,0.8200000000000074,24,2169.1222735133056
97.78999999999999,0.8200000000000074,24,2169.1222735133056
97.77525595664977,0.8494880867004468,33,2172.4436724295497
97.80025595664978,0.899488086700444,31,2174.0681605162504
97.80025595664978,0.899488086700444,31,2174.0681605162504
97.80025595664978,0.899488086700444,31,2174.0681605162504
97.80025595664978,0.899488086700444,31,2174.0681605162504
97.78999999999999,0.9200000000000017,46,2180.5066424670094
97.78999999999999,0.9200000000000017,47,2180.9666424670095
97.78999999999999,0.9200000000000017,47,2180.9666424670095
97.785,0.9300000000000068,48,2181.1866424670106
97.785,0.9300000000000068,48,2181.1866424670106
97.785,0.9300000000000068,48,2181.1866424670106
97.785,0.9300000000000068,48,2181.1866424670106
97.785,0.9300000000000068,48,2181.1866424670106
97.785,0.9300000000000068,48,2181.1866424670106
97.785,0.9300000000000068,55,2184.4416424670108
97.785,0.9300000000000068,47,2188.16164246701
97.785,0.9300000000000068,41,2190.9516424670105
97.785,0.9300000000000068,41,2190.9516424670105
97.785,0.9300000000000068,41,2190.9516424670105
97.785,0.9300000000000068,42,2191.416642467011
97.785,0.9300000000000068,43,2191.881642467011
97.785,0.9300000000000068,43,2191.881642467011
97.785,0.9300000000000068,43,2191.881642467011
97.785,0.9300000000000068,42,2192.346642467011
97.785,0.9300000000000068,46,2194.20664246701
97.785,0.9300000000000068,46,2194.20664246701
97.785,0.9300000000000068,46,2194.20664246701
97.785,0.9300000000000068,46,2194.20664246701
97.785,0.9300000000000068,46,2194.20664246701
97.785,0.9300000000000068,46,2194.20664246701
97.785,0.9300000000000068,46,2194.20664246701
97.785,0.9300000000000068,46,2194.20664246701
97.785,0.9300000000000068,50,2196.0666424670108
97.785,0.9300000000000068,50,2196.0666424670108
97.785,0.9300000000000068,50,2196.0666424670108
97.785,0.9300000000000068,50,2196.0666424670108
97.785,0.9300000000000068,50,2196.0666424670108
97.78,0.9399999999999977,64,2202.366642467011
97.78,0.9399999999999977,68,2204.246642467011
97.78,0.9399999999999977,68,2204.246642467011
97.78,0.9399999999999977,68,2204.246642467011
97.78,0.9399999999999977,67,2204.7166424670113
97.78,0.9399999999999977,70,2206.126642467011
97.78,0.9399999999999977,70,2206.126642467011
97.776875,0.946249999999992,73,2207.314767467011
97.776875,0.946249999999992,83,2212.0460174670106
97.77000000000001,0.9599999999999937,107,2222.844142467011
97.77000000000001,0.9599999999999937,109,2223.80414246701
97.77000000000001,0.9599999999999937,119,2228.604142467011
97.77000000000001,0.9599999999999937,119,2228.604142467011
97.77000000000001,0.9599999999999937,119,2228.604142467011
97.77000000000001,0.9599999999999937,119,2228.604142467011
97.77000000000001,0.9599999999999937,118,2229.0841424670107
97.77000000000001,0.9599999999999937,118,2229.0841424670107
97.77000000000001,0.9599999999999937,118,2229.0841424670107
97.77000000000001,0.9599999999999937,118,2229.0841424670107
97.77000000000001,0.9599999999999937,118,2229.0841424670107
97.77000000000001,0.9599999999999937,118,2229.0841424670107
97.77000000000001,0.9599999999999937,118,2229.0841424670107
97.77000000000001,0.9599999999999937,119,2229.5641424670102
97.77000000000001,0.9599999999999937,131,2235.3241424670105
97.77000000000001,0.9599999999999937,131,2235.3241424670105
97.77000000000001,0.9599999999999937,129,2236.2841424670114
97.795,1.009999999999991,124,2241.9841424670103
97.795,1.009999999999991,124,2241.9841424670103
97.78999999999999,1.019999999999996,151,2254.9941424670105
97.78,1.0,153,2254.484142467012
97.765,0.9699999999999989,151,2253.1591424670114
97.765,0.9699999999999989,151,2253.1591424670114
97.765,0.9699999999999989,151,2253.1591424670114
97.765,0.9699999999999989,139,2258.979142467013
97.765,0.9699999999999989,144,2261.404142467012
97.765,0.9699999999999989,143,2261.889142467013
97.765,0.9699999999999989,154,2267.224142467012
97.75,0.9399999999999977,154,2264.9141424670124
97.745,0.9299999999999926,154,2264.144142467014
97.74000000000001,0.9200000000000017,154,2263.3741424670134
97.74000000000001,0.9200000000000017,153,2263.8341424670143
97.74000000000001,0.9200000000000017,153,2263.8341424670143
97.74000000000001,0.9200000000000017,153,2263.8341424670143
97.74000000000001,0.9200000000000017,169,2271.194142467015
97.66499999999999,0.769999999999996,173,2260.059142467011
97.605,0.6500000000000057,173,2249.6791424670137
97.58,0.5999999999999943,173,2245.354142467013
97.565,0.5699999999999932,189,2247.319142467013
97.475,0.39000000000000057,189,2230.309142467011
97.43,0.29999999999999716,189,2221.8041424670137
97.39500000000001,0.29000000000000625,230,2220.0841424670143
97.175,-0.15000000000000568,230,2169.484142467012
97.065,-0.37000000000000455,230,2144.184142467013
97.00999999999999,-0.480000000000004,223,2129.854142467011
97.00999999999999,-0.480000000000004,223,2129.854142467011
97.00999999999999,-0.480000000000004,223,2129.854142467011
97.00999999999999,-0.480000000000004,223,2129.854142467011
97.015,-0.46999999999999886,220,2130.234142467012
97.015,-0.46999999999999886,220,2130.234142467012
97.015,-0.46999999999999886,220,2130.234142467012
97.015,-0.46999999999999886,219,2129.9991424670116
97.015,-0.46999999999999886,220,2129.764142467011
97.015,-0.46999999999999886,220,2129.764142467011
97.015,-0.46999999999999886,220,2129.764142467011
97.015,-0.46999999999999886,220,2129.764142467011
97.015,-0.46999999999999886,220,2129.764142467011
97.015,-0.46999999999999886,220,2129.764142467011
97.015,-0.46999999999999886,220,2129.764142467011
97.015,-0.46999999999999886,225,2128.5891424670117
97.00999999999999,-0.480000000000004,225,2127.464142467008
97.005,-0.4899999999999949,225,2126.3391424670117
97.0,-0.5,232,2123.4641424670117
96.965,-0.5699999999999932,229,2114.489142467013
96.96000000000001,-0.5799999999999983,229,2113.3441424670127
96.96000000000001,-0.5799999999999983,216,2109.5741424670123
96.96000000000001,-0.5799999999999983,216,2109.5741424670123
96.96000000000001,-0.5799999999999983,216,2109.5741424670123
96.96000000000001,-0.5799999999999983,216,2109.5741424670123
96.96000000000001,-0.5799999999999983,216,2109.5741424670123
96.955,-0.5699999999999932,229,2104.7791424670104
96.94999999999999,-0.5799999999999983,229,2103.6341424670063
96.94999999999999,-0.5799999999999983,229,2103.6341424670063
96.94999999999999,-0.5799999999999983,229,2103.6341424670063
96.94999999999999,-0.5799999999999983,229,2103.6341424670063
96.94999999999999,-0.5799999999999983,229,2103.6341424670063
96.94999999999999,-0.5799999999999983,229,2103.6341424670063
96.94999999999999,-0.5799999999999983,241,2100.1541424670067
96.89,-0.6999999999999886,245,2084.29414246701
96.84,-0.7999999999999972,263,2064.8441424670127
96.725,-1.0300000000000011,256,2030.9941424670105
96.69999999999999,-1.0799999999999983,256,2024.594142467009
96.69,-1.0999999999999943,257,2021.4841424670085
96.68,-1.1199999999999903,257,2018.9141424670124
96.675,-1.1299999999999955,257,2017.629142467009
96.675,-1.1299999999999955,257,2017.629142467009
96.675,-1.1299999999999955,254,2015.9341424670129
96.675,-1.1299999999999955,231,2002.9391424670102
96.675,-1.1299999999999955,231,2002.9391424670102
96.675,-1.1299999999999955,232,2002.374142467008
96.675,-1.1299999999999955,231,2001.8091424670092
96.68,-1.1199999999999903,226,2000.1341424670136
96.68,-1.1199999999999903,228,1999.0141424670146
96.68,-1.1199999999999903,240,1992.2941424670134
96.68,-1.1199999999999903,240,1992.2941424670134
96.68,-1.1199999999999903,240,1992.2941424670134
96.68,-1.1199999999999903,240,1992.2941424670134
96.68,-1.1199999999999903,240,1992.2941424670134
96.68,-1.1199999999999903,254,1984.4541424670133
96.68,-1.1199999999999903,254,1984.4541424670133
96.68,-1.1199999999999903,249,1981.654142467014
96.68,-1.1199999999999903,249,1981.654142467014
96.68,-1.1199999999999903,249,1981.654142467014
96.68,-1.1199999999999903,249,1981.654142467014
96.68,-1.1199999999999903,249,1981.654142467014
96.68,-1.1199999999999903,247,1980.534142467015
96.68,-1.1199999999999903,247,1980.534142467015
96.68,-1.1199999999999903,247,1980.534142467015
96.68,-1.1199999999999903,247,1980.534142467015
96.69,-1.0999999999999943,224,1970.2341424670085
96.69,-1.0999999999999943,224,1970.2341424670085
96.69,-1.0999999999999943,224,1970.2341424670085
96.685,-1.0900000000000034,247,1956.4391424670102
96.685,-1.0900000000000034,253,1953.1691424670098
96.685,-1.0900000000000034,253,1953.1691424670098
96.685,-1.0900000000000034,279,1938.9991424670116
96.56,-1.3400000000000034,305,1886.7041424670097
96.37,-1.7199999999999989,305,1828.7541424670126
96.275,-1.9100000000000108,337,1769.2191424670127
96.07,-2.3200000000000074,337,1700.1341424670063
95.965,-2.530000000000001,337,1664.7491424670116
95.91,-2.6400000000000006,337,1646.214142467008
95.885,-2.6899999999999977,337,1637.7891424670124
95.885,-2.6899999999999977,325,1621.4491424670123
95.885,-2.6899999999999977,325,1621.4491424670123
95.885,-2.6899999999999977,325,1621.4491424670123
95.885,-2.6899999999999977,325,1621.4491424670123
95.885,-2.6899999999999977,325,1621.4491424670123
95.885,-2.6899999999999977,325,1621.4491424670123
95.885,-2.6899999999999977,331,1613.3791424670126
95.885,-2.6899999999999977,329,1610.6891424670139
95.885,-2.6899999999999977,329,1610.6891424670139
95.875,-2.6699999999999875,358,1568.38414246701
95.755,-2.9099999999999966,358,1525.4241424670108
95.69,-3.039999999999992,358,1502.1541424670067
95.66,-3.0999999999999943,358,1491.4141424670088
95.645,-3.1299999999999955,359,1484.4791424670111
95.63,-3.1599999999999966,359,1479.094142467009
95.625,-3.1699999999999875,359,1477.2991424670108
95.62,-3.1799999999999926,359,1475.5041424670126
95.62,-3.1799999999999926,358,1473.9141424670088
95.62,-3.1799999999999926,358,1473.9141424670088
95.62,-3.1799999999999926,359,1472.3241424670123
95.62,-3.1799999999999926,359,1472.3241424670123
95.62,-3.1799999999999926,357,1469.1441424670156
95.62,-3.1799999999999926,357,1469.1441424670156
95.62,-3.1799999999999926,357,1469.1441424670156
95.62,-3.1799999999999926,357,1469.1441424670156
95.62,-3.1799999999999926,366,1454.834142467007
95.585,-3.25,366,1442.0241424670094
95.565,-3.289999999999992,366,1434.7041424670097
95.56,-3.299999999999997,366,1432.874142467008
95.555,-3.309999999999988,366,1431.0441424670134
95.555,-3.309999999999988,366,1431.0441424670134
95.555,-3.309999999999988,366,1431.0441424670134
95.555,-3.309999999999988,366,1431.0441424670134
95.555,-3.309999999999988,366,1431.0441424670134
95.555,-3.309999999999988,366,1431.0441424670134
95.555,-3.309999999999988,366,1431.0441424670134
95.555,-3.309999999999988,362,1424.4241424670108
95.55000000000001,-3.299999999999997,367,1414.3141424670102
95.53999999999999,-3.3200000000000074,363,1404.004142466998
95.53999999999999,-3.3200000000000074,363,1404.004142466998
95.53999999999999,-3.3200000000000074,370,1392.3841424669954
95.52000000000001,-3.3599999999999994,370,1384.9841424670012
95.50999999999999,-3.3800000000000097,371,1379.5941424670018
95.5,-3.4000000000000057,371,1375.8841424670027
95.495,-3.4099999999999966,371,1374.0291424670067
95.495,-3.4099999999999966,371,1374.0291424670067
95.495,-3.4099999999999966,372,1372.324142467005
95.49000000000001,-3.4200000000000017,370,1367.0441424670062
95.49000000000001,-3.4200000000000017,370,1367.0441424670062
95.49000000000001,-3.4200000000000017,370,1367.0441424670062
95.495,-3.4099999999999966,361,1353.4691424670018
95.495,-3.4099999999999966,361,1353.4691424670018
95.495,-3.4099999999999966,361,1353.4691424670018
95.495,-3.4099999999999966,361,1353.4691424670018
95.495,-3.4099999999999966,361,1353.4691424670018
95.495,-3.4099999999999966,361,1353.4691424670018
95.495,-3.4099999999999966,355,1343.2391424670022
95.495,-3.4099999999999966,355,1343.2391424670022
95.495,-3.4099999999999966,355,1343.2391424670022
95.495,-3.4099999999999966,365,1326.189142467003
95.495,-3.4099999999999966,365,1326.189142467003
95.495,-3.4099999999999966,365,1326.189142467003
95.495,-3.4099999999999966,342,1286.9741424669992
95.495,-3.4099999999999966,345,1281.8591424670012
95.495,-3.4099999999999966,345,1281.8591424670012
95.495,-3.4099999999999966,345,1281.8591424670012
95.495,-3.4099999999999966,345,1281.8591424670012
95.495,-3.4099999999999966,345,1281.8591424670012
95.495,-3.4099999999999966,345,1281.8591424670012
95.495,-3.4099999999999966,345,1281.8591424670012
95.49000000000001,-3.3999999999999915,359,1256.249142467008
95.49000000000001,-3.3999999999999915,359,1256.249142467008
95.49000000000001,-3.3999999999999915,373,1232.4491424670123
95.475,-3.4299999999999926,373,1226.8541424670038
95.465,-3.450000000000003,377,1216.2241424670065
95.445,-3.489999999999995,376,1206.939142467003
95.445,-3.489999999999995,361,1180.564142467003
95.445,-3.489999999999995,360,1178.8191424670003
95.445,-3.489999999999995,360,1178.8191424670003
95.445,-3.489999999999995,360,1178.8191424670003
95.445,-3.489999999999995,360,1178.8191424670003
95.475,-3.4299999999999926,346,1165.2291424670002
95.475,-3.4299999999999926,372,1120.639142467
95.47,-3.4399999999999977,372,1118.7791424669995
95.46125,-3.4224999999999994,416,1039.511642467005
95.23625,-3.8725000000000023,422,934.2941424669989
95.095,-4.150000000000006,471,772.9766424670015
94.78,-4.780000000000001,471,624.6116424669963
94.62,-5.1000000000000085,471,549.251642467003
94.53999999999999,-5.260000000000005,471,511.5716424669954
94.5,-5.340000000000003,471,492.7316424669989
94.48,-5.3799999999999955,476,469.86164246700355
94.445,-5.450000000000003,486,425.95164246700006
94.375,-5.590000000000003,486,391.93164246700326
94.345,-5.650000000000006,486,377.3516424670015
94.325,-5.689999999999998,486,367.6316424670076
94.32,-5.700000000000003,489,356.65164246699715
94.30000000000001,-5.739999999999995,489,346.8716424670056
94.28999999999999,-5.760000000000005,489,341.9816424669989
94.285,-5.769999999999996,489,339.5366424669992
94.285,-5.769999999999996,479,310.5866424670021
94.30000000000001,-5.739999999999995,457,254.13164246700762
94.30000000000001,-5.739999999999995,458,251.26164246701228
94.30000000000001,-5.739999999999995,458,251.26164246701228
94.30000000000001,-5.739999999999995,458,251.26164246701228
94.30000000000001,-5.739999999999995,458,251.26164246701228
94.30000000000001,-5.739999999999995,456,245.52164246700704
94.30000000000001,-5.739999999999995,456,245.52164246700704
94.30000000000001,-5.739999999999995,456,245.52164246700704
94.30000000000001,-5.739999999999995,456,245.52164246700704
94.30000000000001,-5.739999999999995,456,245.52164246700704
94.30000000000001,-5.739999999999995,456,245.52164246700704
94.30000000000001,-5.739999999999995,456,245.52164246700704
94.32,-5.700000000000003,446,225.90164246699715
94.32,-5.700000000000003,446,225.90164246699715
94.32,-5.700000000000003,455,200.25164246700297
94.32,-5.700000000000003,456,197.40164246700442
94.325,-5.689999999999998,450,182.55164246700588
94.325,-5.689999999999998,450,182.55164246700588
94.325,-5.689999999999998,450,182.55164246700588
94.325,-5.689999999999998,446,171.1716424670085
94.325,-5.689999999999998,446,171.1716424670085
94.31,-5.659999999999997,461,121.82164246701723
94.31,-5.659999999999997,461,121.82164246701723
94.31,-5.659999999999997,461,121.82164246701723
94.33,-5.6200000000000045,441,74.30164246701315
94.36,-5.560000000000002,434,67.71164246701665
94.36,-5.560000000000002,434,67.71164246701665
94.36,-5.560000000000002,434,67.71164246701665
94.36,-5.560000000000002,434,67.71164246701665
94.36,-5.560000000000002,434,67.71164246701665
94.36,-5.560000000000002,434,67.71164246701665
94.36,-5.560000000000002,436,62.15164246701897
94.42,-5.439999999999998,414,27.391642467016936
94.42,-5.439999999999998,414,27.391642467016936
94.42,-5.439999999999998,424,0.19164246701984666
94.42,-5.439999999999998,424,0.19164246701984666
94.42,-5.439999999999998,424,0.19164246701984666
94.42,-5.439999999999998,412,-32.44835753297957
94.42,-5.439999999999998,412,-32.44835753297957
94.42,-5.439999999999998,412,-32.44835753297957
94.42,-5.439999999999998,412,-32.44835753297957
94.43,-5.420000000000002,405,-47.39835753297666
94.43,-5.420000000000002,401,-58.238357532980444
94.43,-5.420000000000002,411,-85.33835753297899
94.43,-5.420000000000002,411,-85.33835753297899
94.43,-5.420000000000002,410,-88.04835753297812
94.43,-5.420000000000002,416,-104.30835753297288
94.43,-5.420000000000002,416,-104.30835753297288
94.43,-5.420000000000002,416,-104.30835753297288
94.43,-5.420000000000002,416,-104.30835753297288
94.4275,-5.414999999999992,422,-121.60835753297579
94.4275,-5.414999999999992,422,-121.60835753297579
94.4275,-5.414999999999992,422,-121.60835753297579
94.4275,-5.414999999999992,421,-124.31585753297259
94.4275,-5.414999999999992,403,-173.05085753297317
94.4275,-5.414999999999992,403,-173.05085753297317
94.4275,-5.414999999999992,402,-175.75835753297724
94.4275,-5.414999999999992,402,-175.75835753297724
94.4275,-5.414999999999992,398,-186.588357532979
94.4275,-5.414999999999992,409,-216.37085753298015
94.4275,-5.414999999999992,409,-216.37085753298015
94.425,-5.409999999999997,419,-244.47335753297375
94.425,-5.409999999999997,419,-244.47335753297375
94.43,-5.3999999999999915,399,-296.56835753296764
94.43,-5.3999999999999915,399,-296.56835753296764
94.43,-5.3999999999999915,421,-355.9683575329618
94.43,-5.3999999999999915,414,-374.8683575329633
94.43,-5.3999999999999915,414,-374.8683575329633
94.43,-5.3999999999999915,414,-374.8683575329633
94.43,-5.3999999999999915,414,-374.8683575329633
94.43,-5.3999999999999915,414,-374.8683575329633
94.43,-5.3999999999999915,414,-374.8683575329633
94.43,-5.3999999999999915,414,-374.8683575329633
94.42500000000001,-5.390000000000001,423,-401.23335753296124
94.42500000000001,-5.390000000000001,423,-401.23335753296124
94.42500000000001,-5.390000000000001,423,-401.23335753296124
94.42500000000001,-5.390000000000001,423,-401.23335753296124
94.42500000000001,-5.390000000000001,423,-401.23335753296124
94.42500000000001,-5.390000000000001,423,-401.23335753296124
94.42500000000001,-5.390000000000001,423,-401.23335753296124
94.42500000000001,-5.390000000000001,423,-401.23335753296124
94.43,-5.38000000000001,420,-407.2083575329598
94.43,-5.38000000000001,410,-434.10835753296124
94.43,-5.38000000000001,410,-434.10835753296124
94.43,-5.38000000000001,406,-444.8683575329633
94.43,-5.38000000000001,406,-444.8683575329633
94.43,-5.38000000000001,406,-444.8683575329633
94.43,-5.38000000000001,406,-444.8683575329633
94.43,-5.38000000000001,368,-547.0883575329572
94.43,-5.38000000000001,357,-576.678357532961
94.44,-5.359999999999999,351,-589.3083575329583
94.44,-5.359999999999999,351,-589.3083575329583
94.44,-5.359999999999999,351,-589.3083575329583
94.44,-5.359999999999999,351,-589.3083575329583
94.44,-5.359999999999999,351,-589.3083575329583
94.44,-5.359999999999999,350,-591.9883575329586
94.44,-5.359999999999999,351,-594.6683575329589
94.44,-5.359999999999999,343,-616.1083575329612
94.44,-5.359999999999999,343,-616.1083575329612
94.44,-5.359999999999999,343,-616.1083575329612
94.44,-5.359999999999999,343,-616.1083575329612
94.44,-5.359999999999999,343,-616.1083575329612
94.45500000000001,-5.329999999999998,330,-645.8383575329499
94.45500000000001,-5.329999999999998,330,-645.8383575329499
94.45500000000001,-5.329999999999998,330,-645.8383575329499
94.45500000000001,-5.329999999999998,330,-645.8383575329499
94.45500000000001,-5.329999999999998,330,-645.8383575329499
94.45500000000001,-5.329999999999998,330,-645.8383575329499
94.475,-5.290000000000006,306,-703.0383575329579
94.475,-5.290000000000006,323,-748.003357532958
94.475,-5.290000000000006,324,-750.6483575329585
94.475,-5.290000000000006,324,-750.6483575329585
94.475,-5.290000000000006,324,-750.6483575329585
94.475,-5.290000000000006,324,-750.6483575329585
94.475,-5.290000000000006,326,-755.9383575329593
94.475,-5.290000000000006,326,-755.9383575329593
94.475,-5.290000000000006,326,-755.9383575329593
94.475,-5.290000000000006,326,-755.9383575329593
94.475,-5.290000000000006,326,-755.9383575329593
94.475,-5.290000000000006,326,-755.9383575329593
94.475,-5.290000000000006,326,-755.9383575329593
94.475,-5.290000000000006,314,-787.678357532961
94.47,-5.280000000000001,334,-842.0946075329593
94.47,-5.280000000000001,334,-842.0946075329593
94.47,-5.280000000000001,334,-842.0946075329593
94.465,-5.269999999999996,392,-996.794336918334
94.465,-5.269999999999996,391,-999.4293369183288
94.465,-5.269999999999996,391,-999.4293369183288
94.465,-5.269999999999996,391,-999.4293369183288
94.465,-5.269999999999996,393,-1004.6993369183256
94.465,-5.269999999999996,390,-1012.6043369183317
94.465,-5.269999999999996,391,-1015.2393369183264
94.47999999999999,-5.239999999999995,373,-1056.7743369183372
94.47999999999999,-5.239999999999995,373,-1056.7743369183372
94.47999999999999,-5.239999999999995,373,-1056.7743369183372
94.47999999999999,-5.239999999999995,373,-1056.7743369183372
94.47999999999999,-5.239999999999995,373,-1056.7743369183372
94.47999999999999,-5.239999999999995,379,-1072.494336918331
94.47999999999999,-5.239999999999995,379,-1072.494336918331
94.47999999999999,-5.239999999999995,379,-1072.494336918331
94.47999999999999,-5.239999999999995,378,-1075.1143369183337
94.47999999999999,-5.239999999999995,378,-1075.1143369183337
94.47999999999999,-5.239999999999995,378,-1075.1143369183337
94.47999999999999,-5.239999999999995,376,-1080.3543369183317
94.47999999999999,-5.239999999999995,376,-1080.3543369183317
94.47999999999999,-5.239999999999995,376,-1080.3543369183317
94.56,-5.079999999999998,319,-1201.4743369183307
94.56,-5.079999999999998,297,-1257.3543369183317
94.56,-5.079999999999998,297,-1257.3543369183317
94.56,-5.079999999999998,297,-1257.3543369183317
94.56,-5.079999999999998,297,-1257.3543369183317
94.56,-5.079999999999998,297,-1257.3543369183317
94.56,-5.079999999999998,294,-1264.9743369183307
94.56,-5.079999999999998,290,-1275.1343369183269
94.56,-5.079999999999998,290,-1275.1343369183269
94.56,-5.079999999999998,297,-1292.9143369183294
94.56,-5.079999999999998,297,-1292.9143369183294
94.56,-5.079999999999998,297,-1292.9143369183294
94.56,-5.079999999999998,286,-1320.854336918328
94.56,-5.079999999999998,286,-1320.854336918328
94.56,-5.079999999999998,286,-1320.854336918328
94.56,-5.079999999999998,286,-1320.854336918328
94.56,-5.079999999999998,285,-1323.3943369183253
94.56,-5.079999999999998,285,-1323.3943369183253
94.56,-5.079999999999998,285,-1323.3943369183253
94.56,-5.079999999999998,272,-1356.4143369183294
94.56,-5.079999999999998,269,-1364.0343369183283
94.56,-5.079999999999998,269,-1364.0343369183283
94.56,-5.079999999999998,269,-1364.0343369183283
94.56,-5.079999999999998,269,-1364.0343369183283
94.56,-5.079999999999998,269,-1364.0343369183283
94.56,-5.079999999999998,275,-1379.2743369183263
94.56,-5.079999999999998,275,-1379.2743369183263
94.56,-5.079999999999998,275,-1379.2743369183263
94.56,-5.079999999999998,275,-1379.2743369183263
94.56,-5.079999999999998,275,-1379.2743369183263
94.56,-5.079999999999998,282,-1397.0543369183251
94.56,-5.079999999999998,282,-1397.0543369183251
94.56,-5.079999999999998,283,-1399.594336918326
94.56,-5.079999999999998,283,-1399.594336918326
94.56,-5.079999999999998,283,-1399.594336918326
94.56,-5.079999999999998,292,-1422.4543369183266
94.56,-5.079999999999998,292,-1422.4543369183266
94.56,-5.079999999999998,292,-1422.4543369183266
94.56,-5.079999999999998,292,-1422.4543369183266
94.56,-5.079999999999998,292,-1422.4543369183266
94.56,-5.079999999999998,292,-1422.4543369183266
94.56,-5.079999999999998,292,-1422.4543369183266
94.56,-5.079999999999998,292,-1422.4543369183266
94.56,-5.079999999999998,292,-1422.4543369183266
94.56,-5.079999999999998,293,-1424.9943369183238
94.56,-5.079999999999998,293,-1424.9943369183238
94.56,-5.079999999999998,293,-1424.9943369183238
94.56,-5.079999999999998,293,-1424.9943369183238
94.585,-5.030000000000001,282,-1445.4843369183254
94.64,-4.9199999999999875,276,-1444.954336918323
94.64,-4.9199999999999875,268,-1464.6343369183232
94.64,-4.9199999999999875,268,-1464.6343369183232
94.64,-4.9199999999999875,259,-1486.7743369183263
94.65,-4.8999999999999915,230,-1555.4143369183257
94.65,-4.8999999999999915,230,-1555.4143369183257
94.65,-4.8999999999999915,222,-1575.0143369183243
94.65,-4.8999999999999915,222,-1575.0143369183243
94.65,-4.8999999999999915,222,-1575.0143369183243
94.65,-4.8999999999999915,218,-1584.8143369183272
94.65,-4.8999999999999915,218,-1584.8143369183272
94.65,-4.8999999999999915,195,-1641.1643369183294
94.65,-4.8999999999999915,195,-1641.1643369183294
94.65,-4.8999999999999915,195,-1641.1643369183294
94.65,-4.8999999999999915,180,-1677.9143369183294
94.655,-4.890000000000001,166,-1711.3443369183296
94.655,-4.890000000000001,166,-1711.3443369183296
94.655,-4.890000000000001,166,-1711.3443369183296
94.655,-4.890000000000001,174,-1730.9043369183273
94.655,-4.890000000000001,174,-1730.9043369183273
94.655,-4.890000000000001,174,-1730.9043369183273
94.655,-4.890000000000001,174,-1730.9043369183273
94.655,-4.890000000000001,174,-1730.9043369183273
94.655,-4.890000000000001,174,-1730.9043369183273
94.655,-4.890000000000001,174,-1730.9043369183273
94.655,-4.890000000000001,174,-1730.9043369183273
94.655,-4.890000000000001,169,-1743.1293369183295
94.655,-4.890000000000001,173,-1752.9093369183302
94.655,-4.890000000000001,173,-1752.9093369183302
94.655,-4.890000000000001,173,-1752.9093369183302
94.655,-4.890000000000001,173,-1752.9093369183302
94.655,-4.890000000000001,171,-1757.7993369183314
94.66,-4.8799999999999955,152,-1803.494336918333
94.658125,-4.876249999999999,162,-1828.164336918333
94.658125,-4.876249999999999,162,-1828.164336918333
94.658125,-4.876249999999999,157,-1840.354961918334
94.658125,-4.876249999999999,157,-1840.354961918334
94.658125,-4.876249999999999,156,-1842.7930869183328
94.658125,-4.876249999999999,156,-1842.7930869183328
94.65,-4.859999999999999,167,-1870.8068369183293
94.65,-4.859999999999999,167,-1870.8068369183293
94.65,-4.859999999999999,167,-1870.8068369183293
94.65,-4.859999999999999,167,-1870.8068369183293
94.65,-4.859999999999999,167,-1870.8068369183293
94.65,-4.859999999999999,167,-1870.8068369183293
94.65,-4.859999999999999,156,-1897.5368369183307
94.65,-4.859999999999999,156,-1897.5368369183307
94.675,-4.810000000000002,119,-1983.9718369183338
94.675,-4.810000000000002,119,-1983.9718369183338
94.675,-4.810000000000002,112,-2000.806836918333
94.675,-4.810000000000002,119,-2017.6418369183339
94.675,-4.810000000000002,119,-2017.6418369183339
94.675,-4.810000000000002,119,-2017.6418369183339
94.675,-4.810000000000002,119,-2017.6418369183339
94.675,-4.810000000000002,119,-2017.6418369183339
94.675,-4.810000000000002,119,-2017.6418369183339
94.6739190673828,-4.807838134765618,126,-2034.6043869671612
94.6739190673828,-4.807838134765618,126,-2034.6043869671612
94.6739190673828,-4.807838134765618,126,-2034.6043869671612
94.6739190673828,-4.807838134765618,126,-2034.6043869671612
94.66999999999999,-4.799999999999997,142,-2073.6047470745834
94.66999999999999,-4.799999999999997,142,-2073.6047470745834
94.66999999999999,-4.799999999999997,142,-2073.6047470745834
94.66999999999999,-4.799999999999997,139,-2080.804747074584
94.66999999999999,-4.799999999999997,139,-2080.804747074584
94.66999999999999,-4.799999999999997,131,-2100.004747074583
94.66999999999999,-4.799999999999997,125,-2114.4047470745827
94.66999999999999,-4.799999999999997,125,-2114.4047470745827
94.66999999999999,-4.799999999999997,125,-2114.4047470745827
94.66999999999999,-4.799999999999997,120,-2126.4047470745827
94.66999999999999,-4.799999999999997,120,-2126.4047470745827
94.66999999999999,-4.799999999999997,116,-2136.0047470745812
94.66999999999999,-4.799999999999997,116,-2136.0047470745812
94.675,-4.789999999999992,97,-2180.959747074581
94.675,-4.789999999999992,97,-2180.959747074581
94.675,-4.789999999999992,97,-2180.959747074581
94.675,-4.789999999999992,97,-2180.959747074581
94.675,-4.789999999999992,97,-2180.959747074581
94.675,-4.789999999999992,96,-2183.3547470745816
94.675,-4.789999999999992,96,-2183.3547470745816
94.675,-4.789999999999992,96,-2183.3547470745816
94.675,-4.789999999999992,96,-2183.3547470745816
94.675,-4.789999999999992,96,-2183.3547470745816
94.675,-4.789999999999992,96,-2183.3547470745816
94.675,-4.789999999999992,96,-2183.3547470745816
94.675,-4.789999999999992,96,-2183.3547470745816
94.68,-4.779999999999987,74,-2235.48474707458
94.68,-4.779999999999987,74,-2235.48474707458
94.68,-4.779999999999987,74,-2235.48474707458
94.68,-4.779999999999987,83,-2256.994747074579
94.68,-4.779999999999987,83,-2256.994747074579
94.68,-4.779999999999987,83,-2256.994747074579
94.68,-4.779999999999987,82,-2259.3847470745786
94.68,-4.779999999999987,82,-2259.3847470745786
94.68,-4.779999999999987,82,-2259.3847470745786
94.68,-4.779999999999987,81,-2261.774747074577
94.68,-4.779999999999987,81,-2261.774747074577
94.68,-4.779999999999987,94,-2292.8447470745778
94.68,-4.779999999999987,92,-2297.6247470745766
94.68,-4.779999999999987,111,-2343.0347470745764
94.68,-4.779999999999987,111,-2343.0347470745764
94.68,-4.779999999999987,108,-2350.2047470745765
94.68,-4.779999999999987,108,-2350.2047470745765
94.68,-4.779999999999987,108,-2350.2047470745765
94.68,-4.779999999999987,108,-2350.2047470745765
94.68,-4.779999999999987,97,-2376.4947470745756
94.68,-4.779999999999987,97,-2376.4947470745756
94.68,-4.779999999999987,67,-2448.1947470745754
94.68,-4.779999999999987,67,-2448.1947470745754
94.68,-4.779999999999987,67,-2448.1947470745754
94.68,-4.779999999999987,67,-2448.1947470745754
94.68,-4.779999999999987,67,-2448.1947470745754
94.68,-4.779999999999987,67,-2448.1947470745754
94.68,-4.779999999999987,67,-2448.1947470745754
94.685,-4.769999999999996,46,-2497.974747074575
94.685,-4.769999999999996,46,-2497.974747074575
94.685,-4.769999999999996,46,-2497.974747074575
94.675,-4.75,53,-2515.1997470745755
94.675,-4.75,53,-2515.1997470745755
94.685,-4.730000000000004,13,-2609.709747074575
94.685,-4.730000000000004,12,-2612.0747470745746
94.685,-4.730000000000004,12,-2612.0747470745746
94.685,-4.730000000000004,12,-2612.0747470745746
94.69,-4.719999999999999,11,-2614.384747074575
94.69,-4.719999999999999,10,-2616.7447470745747
94.69,-4.719999999999999,6,-2626.1847470745747
94.69,-4.719999999999999,6,-2626.1847470745747
94.69,-4.719999999999999,6,-2626.1847470745747
94.69,-4.719999999999999,7,-2628.544747074575
94.69,-4.719999999999999,7,-2628.544747074575
94.69,-4.719999999999999,5,-2633.264747074575
94.69,-4.719999999999999,1,-2642.7047470745747
94.69,-4.719999999999999,1,-2642.7047470745747
94.69,-4.719999999999999,1,-2642.7047470745747
94.69,-4.719999999999999,-1,-2647.424747074575
94.695,-4.709999999999994,-35,-2727.669747074575
94.695,-4.709999999999994,-35,-2727.669747074575
94.695,-4.709999999999994,-35,-2727.669747074575
94.71000000000001,-4.679999999999993,-53,-2770.404747074575
94.71000000000001,-4.679999999999993,-53,-2770.404747074575
94.71000000000001,-4.679999999999993,-53,-2770.404747074575
94.71000000000001,-4.679999999999993,-53,-2770.404747074575
94.708125,-4.676249999999982,-43,-2793.7203720745742
94.708125,-4.676249999999982,-40,-2800.7347470745744
94.708125,-4.676249999999982,-40,-2800.7347470745744
94.708125,-4.676249999999982,-40,-2800.7347470745744
94.708125,-4.676249999999982,-40,-2800.7347470745744
94.708125,-4.676249999999982,-40,-2800.7347470745744
94.708125,-4.676249999999982,-40,-2800.7347470745744
94.70500000000001,-4.670000000000002,-31,-2821.662247074575
94.70500000000001,-4.670000000000002,-31,-2821.662247074575
94.69,-4.640000000000001,7,-2910.301446197958
94.69,-4.640000000000001,-3,-2933.5014461979576
94.69,-4.640000000000001,-3,-2933.5014461979576
94.7,-4.6200000000000045,-30,-2996.3014461979574
94.7,-4.6200000000000045,-26,-3005.5414461979576
94.7,-4.6200000000000045,-26,-3005.5414461979576
94.7,-4.6200000000000045,-26,-3005.5414461979576
94.7,-4.6200000000000045,-30,-3014.7814461979574
94.7,-4.6200000000000045,-30,-3014.7814461979574
94.7,-4.6200000000000045,-30,-3014.7814461979574
94.7,-4.6200000000000045,-30,-3014.7814461979574
94.7,-4.6200000000000045,-30,-3014.7814461979574
94.7,-4.6200000000000045,-30,-3014.7814461979574
94.7,-4.6200000000000045,-30,-3014.7814461979574
94.7,-4.6200000000000045,-30,-3014.7814461979574
94.7,-4.6200000000000045,-18,-3042.5014461979576
94.7,-4.6200000000000045,-18,-3042.5014461979576
94.7,-4.6200000000000045,-6,-3070.2214461979574
94.7,-4.6200000000000045,-6,-3070.2214461979574
94.70500000000001,-4.609999999999999,-22,-3107.1714461979577
94.70500000000001,-4.609999999999999,-22,-3107.1714461979577
94.70500000000001,-4.609999999999999,-22,-3107.1714461979577
94.70500000000001,-4.609999999999999,-22,-3107.1714461979577
94.70500000000001,-4.609999999999999,-20,-3111.781446197958
94.70500000000001,-4.609999999999999,-20,-3111.781446197958
94.70500000000001,-4.609999999999999,-20,-3111.781446197958
94.70500000000001,-4.609999999999999,-20,-3111.781446197958
94.71000000000001,-4.6000000000000085,-29,-3132.6614461979575
94.71000000000001,-4.6000000000000085,-29,-3132.6614461979575
94.71000000000001,-4.6000000000000085,-29,-3132.6614461979575
94.71000000000001,-4.6000000000000085,-29,-3132.6614461979575
94.71000000000001,-4.6000000000000085,-26,-3139.5614461979576
94.71000000000001,-4.6000000000000085,-26,-3139.5614461979576
94.71000000000001,-4.6000000000000085,-26,-3139.5614461979576
94.71000000000001,-4.6000000000000085,-26,-3139.5614461979576
94.71000000000001,-4.6000000000000085,-25,-3141.861446197958
94.71000000000001,-4.6000000000000085,-25,-3141.861446197958
94.71000000000001,-4.6000000000000085,-35,-3164.861446197958
94.71000000000001,-4.6000000000000085,-35,-3164.861446197958
94.715,-4.590000000000003,-53,-3206.436446197958
94.715,-4.590000000000003,-53,-3206.436446197958
94.715,-4.590000000000003,-53,-3206.436446197958
94.71000000000001,-4.579999999999998,-47,-3219.9414461979586
94.71000000000001,-4.579999999999998,-47,-3219.9414461979586
94.71000000000001,-4.579999999999998,-47,-3219.9414461979586
94.71000000000001,-4.579999999999998,-47,-3219.9414461979586
94.71000000000001,-4.579999999999998,-44,-3226.8114461979585
94.71000000000001,-4.579999999999998,-44,-3226.8114461979585
94.71000000000001,-4.579999999999998,-44,-3226.8114461979585
94.72,-4.560000000000002,-47,-3234.111446197958
94.72,-4.560000000000002,-47,-3234.111446197958
94.72,-4.560000000000002,-47,-3234.111446197958
94.72,-4.560000000000002,-51,-3243.2314461979577
94.72,-4.560000000000002,-51,-3243.2314461979577
94.72,-4.560000000000002,-38,-3272.871446197958
94.72,-4.560000000000002,-38,-3272.871446197958
94.72,-4.560000000000002,-38,-3272.871446197958
94.72,-4.560000000000002,-38,-3272.871446197958
94.715,-4.549999999999997,-19,-3315.9764461979576
94.715,-4.549999999999997,-19,-3315.9764461979576
94.715,-4.549999999999997,-19,-3315.9764461979576
94.715,-4.549999999999997,-19,-3315.9764461979576
94.715,-4.549999999999997,-18,-3318.2514461979576
94.715,-4.549999999999997,-17,-3320.5264461979577
94.715,-4.549999999999997,-17,-3320.5264461979577
94.715,-4.549999999999997,-17,-3320.5264461979577
94.715,-4.549999999999997,-16,-3322.8014461979574
94.715,-4.549999999999997,-15,-3325.076446197958
94.715,-4.549999999999997,-15,-3325.076446197958
94.715,-4.549999999999997,-15,-3325.076446197958
94.715,-4.549999999999997,-15,-3325.076446197958
94.72,-4.539999999999992,-33,-3366.1514461979573
94.72,-4.539999999999992,-33,-3366.1514461979573
94.72,-4.539999999999992,-33,-3366.1514461979573
94.72,-4.539999999999992,-33,-3366.1514461979573
94.72,-4.539999999999992,-33,-3366.1514461979573
94.72,-4.539999999999992,-33,-3366.1514461979573
94.72,-4.539999999999992,-33,-3366.1514461979573
94.72,-4.539999999999992,-33,-3366.1514461979573
94.72,-4.539999999999992,-33,-3366.1514461979573
94.72,-4.539999999999992,-20,-3395.661446197958
94.72,-4.539999999999992,-20,-3395.661446197958
94.72,-4.539999999999992,-21,-3397.9314461979575
94.715,-4.530000000000001,-16,-3409.161446197958
94.715,-4.530000000000001,-16,-3409.161446197958
94.715,-4.530000000000001,-16,-3409.161446197958
94.715,-4.530000000000001,-16,-3409.161446197958
94.715,-4.530000000000001,-17,-3411.4264461979574
94.715,-4.530000000000001,-17,-3411.4264461979574
94.715,-4.530000000000001,-17,-3411.4264461979574
94.715,-4.530000000000001,-17,-3411.4264461979574
94.715,-4.530000000000001,-6,-3436.3414461979573
94.715,-4.530000000000001,-6,-3436.3414461979573
94.755,-4.450000000000003,-12,-3450.251446197957
94.755,-4.450000000000003,12,-3503.6514461979573
94.755,-4.450000000000003,12,-3503.6514461979573
94.765,-4.430000000000007,-4,-3539.1314461979573
94.765,-4.430000000000007,-4,-3539.1314461979573
94.765,-4.430000000000007,-4,-3539.1314461979573
94.77000000000001,-4.420000000000002,-17,-3567.9014461979577
94.77000000000001,-4.420000000000002,-21,-3576.741446197958
94.77000000000001,-4.420000000000002,-21,-3576.741446197958
94.77000000000001,-4.420000000000002,-43,-3625.361446197958
94.77000000000001,-4.420000000000002,-43,-3625.361446197958
94.77000000000001,-4.420000000000002,-37,-3638.6214461979575
94.77000000000001,-4.420000000000002,-37,-3638.6214461979575
94.77000000000001,-4.420000000000002,-37,-3638.6214461979575
94.77000000000001,-4.420000000000002,-37,-3638.6214461979575
94.77000000000001,-4.420000000000002,-37,-3638.6214461979575
94.77000000000001,-4.420000000000002,-37,-3638.6214461979575
94.77000000000001,-4.420000000000002,-36,-3640.8314461979576
94.77000000000001,-4.420000000000002,-36,-3640.8314461979576
94.77000000000001,-4.420000000000002,-36,-3640.8314461979576
94.77000000000001,-4.420000000000002,-36,-3640.8314461979576
94.77000000000001,-4.420000000000002,-35,-3643.0414461979576
94.765,-4.409999999999997,-32,-3649.5114461979574
94.765,-4.409999999999997,-32,-3649.5114461979574
94.765,-4.409999999999997,-28,-3658.331446197957
94.765,-4.409999999999997,-28,-3658.331446197957
94.765,-4.409999999999997,-28,-3658.331446197957
94.765,-4.409999999999997,-28,-3658.331446197957
94.765,-4.409999999999997,-37,-3678.176446197957
94.765,-4.409999999999997,-37,-3678.176446197957
94.765,-4.409999999999997,-37,-3678.176446197957
94.765,-4.409999999999997,-30,-3693.611446197957
94.765,-4.409999999999997,-27,-3700.2264461979576
94.765,-4.409999999999997,-27,-3700.2264461979576
94.765,-4.409999999999997,-30,-3706.841446197957
94.765,-4.409999999999997,-30,-3706.841446197957
94.765,-4.409999999999997,-30,-3706.841446197957
94.765,-4.409999999999997,-30,-3706.841446197957
94.765,-4.409999999999997,-30,-3706.841446197957
94.765,-4.409999999999997,-30,-3706.841446197957
94.765,-4.409999999999997,-30,-3706.841446197957
94.83,-4.280000000000001,-53,-3758.141446197957
94.83,-4.280000000000001,-53,-3758.141446197957
94.83,-4.280000000000001,-53,-3758.141446197957
94.83,-4.280000000000001,-54,-3760.281446197957
94.83,-4.280000000000001,-37,-3796.661446197957
94.83,-4.280000000000001,-37,-3796.661446197957
94.83,-4.280000000000001,-35,-3800.941446197957
94.83,-4.280000000000001,-35,-3800.941446197957
94.83,-4.280000000000001,-35,-3800.941446197957
94.83500000000001,-4.269999999999996,-44,-3820.4014461979577
94.83500000000001,-4.269999999999996,-13,-3886.5864461979577
94.83500000000001,-4.269999999999996,-25,-3912.2064461979576
94.83500000000001,-4.269999999999996,-25,-3912.2064461979576
94.83500000000001,-4.269999999999996,-25,-3912.2064461979576
94.83500000000001,-4.269999999999996,-24,-3914.3414461979573
94.83500000000001,-4.269999999999996,-24,-3914.3414461979573
94.83500000000001,-4.269999999999996,-21,-3920.746446197958
94.83500000000001,-4.269999999999996,-23,-3925.016446197958
94.83500000000001,-4.269999999999996,-23,-3925.016446197958
94.83500000000001,-4.269999999999996,-26,-3931.4214461979577
94.83500000000001,-4.269999999999996,-26,-3931.4214461979577
94.83500000000001,-4.269999999999996,-26,-3931.4214461979577
94.83500000000001,-4.269999999999996,-26,-3931.4214461979577
94.83500000000001,-4.269999999999996,-26,-3931.4214461979577
94.83,-4.259999999999991,-24,-3935.571446197958
94.83,-4.259999999999991,-24,-3935.571446197958
94.83,-4.259999999999991,-24,-3935.571446197958
94.83,-4.259999999999991,-24,-3935.571446197958
94.83,-4.259999999999991,-24,-3935.571446197958
94.83,-4.259999999999991,-23,-3937.701446197958
94.83,-4.259999999999991,-7,-3971.7814461979574
94.83,-4.259999999999991,-7,-3971.7814461979574
94.83,-4.259999999999991,-7,-3971.7814461979574
94.83,-4.259999999999991,-7,-3971.7814461979574
94.83,-4.259999999999991,-7,-3971.7814461979574
94.83,-4.259999999999991,-7,-3971.7814461979574
94.83,-4.259999999999991,-8,-3973.9114461979575
94.84,-4.239999999999995,-21,-4001.751446197958
94.84,-4.239999999999995,-21,-4001.751446197958
94.84,-4.239999999999995,-17,-4010.2314461979577
94.84,-4.239999999999995,-17,-4010.2314461979577
94.84,-4.239999999999995,-17,-4010.2314461979577
94.84,-4.239999999999995,-17,-4010.2314461979577
94.84,-4.239999999999995,-12,-4020.831446197958
94.84,-4.239999999999995,-17,-4031.4314461979584
94.84,-4.239999999999995,-17,-4031.4314461979584
94.84,-4.239999999999995,1,-4069.5914461979582
94.84,-4.239999999999995,1,-4069.5914461979582
94.84,-4.239999999999995,6,-4080.1914461979586
94.84,-4.239999999999995,6,-4080.1914461979586
94.84,-4.239999999999995,13,-4095.0314461979588
94.84,-4.239999999999995,13,-4095.0314461979588
94.84,-4.239999999999995,13,-4095.0314461979588
94.84,-4.239999999999995,13,-4095.0314461979588
94.84,-4.239999999999995,13,-4095.0314461979588
94.84,-4.239999999999995,13,-4095.0314461979588
94.84,-4.239999999999995,13,-4095.0314461979588
94.83,-4.219999999999999,52,-4177.931446197959
94.83,-4.219999999999999,52,-4177.931446197959
94.83,-4.219999999999999,52,-4177.931446197959
94.83,-4.219999999999999,53,-4180.04144619796
94.83,-4.219999999999999,53,-4180.04144619796
94.83,-4.219999999999999,53,-4180.04144619796
94.83,-4.219999999999999,54,-4182.1514461979605
94.83,-4.219999999999999,54,-4182.1514461979605
94.83,-4.219999999999999,54,-4182.1514461979605
94.83,-4.219999999999999,61,-4196.92144619796
94.83,-4.219999999999999,62,-4199.031446197961
94.83,-4.219999999999999,62,-4199.031446197961
94.83,-4.219999999999999,62,-4199.031446197961
94.83,-4.219999999999999,62,-4199.031446197961
94.83,-4.219999999999999,62,-4199.031446197961
94.83,-4.219999999999999,53,-4218.021446197961
94.83,-4.219999999999999,53,-4218.021446197961
94.83,-4.219999999999999,53,-4218.021446197961
94.83,-4.219999999999999,53,-4218.021446197961
94.83,-4.219999999999999,53,-4218.021446197961
94.83,-4.219999999999999,53,-4218.021446197961
94.83,-4.219999999999999,53,-4218.021446197961
94.83,-4.219999999999999,53,-4218.021446197961
94.83,-4.219999999999999,53,-4218.021446197961
94.83,-4.219999999999999,53,-4218.021446197961
94.83,-4.219999999999999,68,-4249.671446197962
94.83,-4.219999999999999,68,-4249.671446197962
94.83,-4.219999999999999,68,-4249.671446197962
94.83,-4.219999999999999,57,-4272.881446197962
94.83,-4.219999999999999,57,-4272.881446197962
94.83,-4.219999999999999,57,-4272.881446197962
94.83,-4.219999999999999,57,-4272.881446197962
94.83,-4.219999999999999,56,-4274.991446197962
94.83,-4.219999999999999,56,-4274.991446197962
94.83,-4.219999999999999,56,-4274.991446197962
94.83,-4.219999999999999,56,-4274.991446197962
94.83,-4.219999999999999,57,-4277.101446197963
94.83,-4.219999999999999,57,-4277.101446197963
94.825,-4.210000000000008,97,-4361.776446197964
94.825,-4.210000000000008,97,-4361.776446197964
94.825,-4.210000000000008,106,-4380.721446197964
94.825,-4.210000000000008,106,-4380.721446197964
94.84,-4.180000000000007,105,-4381.2514461979645
94.84,-4.180000000000007,105,-4381.2514461979645
94.84,-4.180000000000007,132,-4437.681446197963
94.84,-4.180000000000007,132,-4437.681446197963
94.84,-4.180000000000007,132,-4437.681446197963
94.84,-4.180000000000007,132,-4437.681446197963
94.84,-4.180000000000007,135,-4443.951446197965
94.84,-4.180000000000007,135,-4443.951446197965
94.84,-4.180000000000007,135,-4443.951446197965
94.84,-4.180000000000007,148,-4471.121446197965
94.84,-4.180000000000007,148,-4471.121446197965
94.84,-4.180000000000007,148,-4471.121446197965
94.84,-4.180000000000007,141,-4485.7514461979645
94.84,-4.180000000000007,141,-4485.7514461979645
94.84,-4.180000000000007,141,-4485.7514461979645
94.84,-4.180000000000007,141,-4485.7514461979645
94.84,-4.180000000000007,140,-4487.841446197965
94.84,-4.180000000000007,140,-4487.841446197965
94.84,-4.180000000000007,140,-4487.841446197965
94.84,-4.180000000000007,150,-4508.741446197964
94.84,-4.180000000000007,150,-4508.741446197964
94.84,-4.180000000000007,150,-4508.741446197964
94.84,-4.180000000000007,115,-4581.891446197964
94.84,-4.180000000000007,115,-4581.891446197964
94.84,-4.180000000000007,115,-4581.891446197964
94.84,-4.180000000000007,115,-4581.891446197964
94.84,-4.180000000000007,118,-4588.161446197964
94.84,-4.180000000000007,118,-4588.161446197964
94.84,-4.180000000000007,118,-4588.161446197964
94.84,-4.180000000000007,115,-4594.431446197965
94.84,-4.180000000000007,115,-4594.431446197965
94.84,-4.180000000000007,115,-4594.431446197965
94.84,-4.180000000000007,114,-4596.521446197965
94.84,-4.180000000000007,114,-4596.521446197965
94.84,-4.180000000000007,111,-4602.791446197965
94.84,-4.180000000000007,102,-4621.601446197965
94.84,-4.180000000000007,102,-4621.601446197965
94.84,-4.180000000000007,102,-4621.601446197965
94.84,-4.180000000000007,102,-4621.601446197965
94.84,-4.180000000000007,102,-4621.601446197965
94.84,-4.180000000000007,102,-4621.601446197965
94.84,-4.180000000000007,102,-4621.601446197965
94.84,-4.180000000000007,102,-4621.601446197965
94.93,-4.0,88,-4641.301446197964
94.93,-4.0,97,-4659.301446197964
94.93,-4.0,102,-4669.301446197964
94.93,-4.0,102,-4669.301446197964
94.93,-4.0,91,-4691.301446197964
94.93,-4.0,91,-4691.301446197964
94.93,-4.0,98,-4705.301446197964
94.93,-4.0,98,-4705.301446197964
94.93,-4.0,81,-4739.301446197965
94.93,-4.0,81,-4739.301446197965
94.93,-4.0,81,-4739.301446197965
94.93,-4.0,82,-4741.301446197966
94.93,-4.0,82,-4741.301446197966
94.93,-4.0,82,-4741.301446197966
94.93,-4.0,54,-4797.3014461979665
94.935,-3.990000000000009,53,-4799.036446197966
94.935,-3.990000000000009,53,-4799.036446197966
94.935,-3.990000000000009,66,-4824.9714461979665
94.935,-3.990000000000009,61,-4834.946446197966
94.935,-3.990000000000009,61,-4834.946446197966
94.935,-3.990000000000009,61,-4834.946446197966
94.935,-3.990000000000009,61,-4834.946446197966
94.935,-3.990000000000009,82,-4876.841446197966
94.935,-3.990000000000009,83,-4878.836446197966
94.935,-3.990000000000009,83,-4878.836446197966
94.935,-3.990000000000009,82,-4880.831446197966
94.935,-3.990000000000009,82,-4880.831446197966
94.93,-3.980000000000004,89,-4895.241446197966
94.93,-3.980000000000004,89,-4895.241446197966
94.93,-3.980000000000004,90,-4897.231446197966
94.93,-3.980000000000004,90,-4897.231446197966
94.92956574098324,-3.9791314819664763,106,-4929.111513829914
94.92956574098324,-3.9791314819664763,106,-4929.111513829914
94.92956574098324,-3.9791314819664763,106,-4929.111513829914
94.92956574098324,-3.9791314819664763,106,-4929.111513829914
94.96456574098323,-3.909131481966469,102,-4933.499776793848
94.96456574098323,-3.909131481966469,107,-4943.272605498763
94.96456574098323,-3.909131481966469,107,-4943.272605498763
94.96456574098323,-3.909131481966469,107,-4943.272605498763
94.96456574098323,-3.909131481966469,107,-4943.272605498763
94.96456574098323,-3.909131481966469,91,-4974.545657354496
94.96456574098323,-3.909131481966469,91,-4974.545657354496
94.96456574098323,-3.909131481966469,91,-4974.545657354496
94.96456574098323,-3.909131481966469,91,-4974.545657354496
94.96456574098323,-3.909131481966469,91,-4974.545657354496
94.96456574098323,-3.909131481966469,64,-5027.318932361042
94.96456574098323,-3.909131481966469,64,-5027.318932361042
94.96956574098323,-3.899131481966478,51,-5052.413286993824
94.96956574098323,-3.899131481966478,51,-5052.413286993824
94.96956574098323,-3.899131481966478,51,-5052.413286993824
94.96947723055169,-3.898954461103372,64,-5077.761536085594
94.96947723055169,-3.898954461103372,64,-5077.761536085594
95.02447723055168,-3.7889544611033728,58,-5086.048399468905
95.02447723055168,-3.7889544611033728,62,-5093.626308391113
95.02447723055168,-3.7889544611033728,62,-5093.626308391113
95.02447723055168,-3.7889544611033728,62,-5093.626308391113
95.02447723055168,-3.7889544611033728,62,-5093.626308391113
95.02447723055168,-3.7889544611033728,62,-5093.626308391113
95.02447723055168,-3.7889544611033728,56,-5104.993171774422
95.02380820025398,-3.7876164005079715,62,-5116.398838914998
95.02380820025398,-3.7876164005079715,62,-5116.398838914998
95.02380820025398,-3.7876164005079715,62,-5116.398838914998
95.02380820025398,-3.7876164005079715,45,-5148.593578319315
95.02380820025398,-3.7876164005079715,45,-5148.593578319315
95.02380820025398,-3.7876164005079715,45,-5148.593578319315
95.02380820025398,-3.7876164005079715,45,-5148.593578319315
95.02380820025398,-3.7876164005079715,45,-5148.593578319315
95.02380820025398,-3.7876164005079715,45,-5148.593578319315
95.02252954870463,-3.7850590974092455,70,-5196.004763856594
95.02252954870463,-3.7850590974092455,70,-5196.004763856594
95.02252954870463,-3.7850590974092455,70,-5196.004763856594
95.03752954870461,-3.7550590974092444,63,-5208.247470697528
95.03752954870461,-3.7550590974092444,63,-5208.247470697528
95.03752954870461,-3.7550590974092444,59,-5215.7575888923475
95.03752954870461,-3.7550590974092444,67,-5230.777825281984
95.03752954870461,-3.7550590974092444,65,-5234.532884379394
95.03752954870461,-3.7550590974092444,65,-5234.532884379394
95.03752954870461,-3.7550590974092444,65,-5234.532884379394
95.03752954870461,-3.7550590974092444,65,-5234.532884379394
95.03752954870461,-3.7550590974092444,65,-5234.532884379394
95.03725505411624,-3.7545101082324948,86,-5273.973631653256
95.03725505411624,-3.7545101082324948,83,-5279.605396815606
95.03725505411624,-3.7545101082324948,87,-5287.114417032071
95.03725505411624,-3.7545101082324948,81,-5298.377947356769
95.03725505411624,-3.7545101082324948,81,-5298.377947356769
95.03725505411624,-3.7545101082324948,93,-5320.905008006164
95.03725505411624,-3.7545101082324948,93,-5320.905008006164
95.03725505411624,-3.7545101082324948,92,-5322.7822630602805
95.035,-3.75,96,-5330.495493390776
95.035,-3.75,96,-5330.495493390776
95.035,-3.75,95,-5332.3704933907775
95.035,-3.75,95,-5332.3704933907775
95.035,-3.75,130,-5397.995493390776
95.035,-3.75,130,-5397.995493390776
95.035,-3.75,130,-5397.995493390776
95.035,-3.75,130,-5397.995493390776
95.035,-3.75,130,-5397.995493390776
95.035,-3.75,130,-5397.995493390776
95.035,-3.75,130,-5397.995493390776
95.035,-3.75,130,-5397.995493390776
95.035,-3.75,140,-5416.745493390774
95.035,-3.75,140,-5416.745493390774
95.035,-3.75,127,-5441.120493390772
95.035,-3.75,127,-5441.120493390772
95.035,-3.75,131,-5448.620493390772
95.035,-3.75,131,-5448.620493390772
95.035,-3.75,131,-5448.620493390772
95.035,-3.75,131,-5448.620493390772
95.035,-3.75,146,-5476.745493390774
95.035,-3.75,139,-5489.870493390774
95.035,-3.75,139,-5489.870493390774
95.035,-3.75,139,-5489.870493390774
95.035,-3.75,139,-5489.870493390774
95.035,-3.75,139,-5489.870493390774
95.035,-3.75,139,-5489.870493390774
95.035,-3.75,139,-5489.870493390774
95.035,-3.75,139,-5489.870493390774
95.035,-3.75,129,-5508.620493390776
95.035,-3.75,129,-5508.620493390776
95.035,-3.75,123,-5519.870493390776
95.035,-3.75,123,-5519.870493390776
95.035,-3.75,125,-5523.620493390776
95.035,-3.75,125,-5523.620493390776
95.035,-3.75,125,-5523.620493390776
95.035,-3.75,125,-5523.620493390776
95.035,-3.75,125,-5523.620493390776
95.03124823093412,-3.742496461868271,157,-5584.059524191996
95.03124823093412,-3.742496461868271,154,-5589.673268884799
95.03124823093412,-3.742496461868271,154,-5589.673268884799
95.03122769393025,-3.7424553878605167,155,-5591.547700351335
95.03122769393025,-3.7424553878605167,161,-5602.77506651492
95.03122769393025,-3.7424553878605167,161,-5602.77506651492
95.03122769393025,-3.7424553878605167,162,-5604.646294208847
95.03122769393025,-3.7424553878605167,162,-5604.646294208847
95.03122769393025,-3.7424553878605167,162,-5604.646294208847
95.05622769393025,-3.6924553878605195,147,-5628.389709617801
95.05622769393025,-3.6924553878605195,148,-5630.235937311731
95.05622769393025,-3.6924553878605195,153,-5639.46707578138
95.05622769393025,-3.6924553878605195,153,-5639.46707578138
95.05622769393025,-3.6924553878605195,152,-5641.313303475312
95.05622769393025,-3.6924553878605195,152,-5641.313303475312
95.05622769393025,-3.6924553878605195,139,-5665.314263496406
95.055,-3.690000000000012,149,-5683.9447274915165
95.055,-3.690000000000012,149,-5683.9447274915165
95.055,-3.690000000000012,149,-5683.9447274915165
95.055,-3.690000000000012,149,-5683.9447274915165
95.055,-3.690000000000012,149,-5683.9447274915165
95.055,-3.690000000000012,149,-5683.9447274915165
95.055,-3.690000000000012,149,-5683.9447274915165
95.055,-3.690000000000012,149,-5683.9447274915165
95.055,-3.690000000000012,145,-5691.3247274915175
95.055,-3.690000000000012,145,-5691.3247274915175
95.055,-3.690000000000012,145,-5691.3247274915175
95.055,-3.690000000000012,145,-5691.3247274915175
95.055,-3.690000000000012,145,-5691.3247274915175
95.055,-3.690000000000012,150,-5700.549727491516
95.055,-3.690000000000012,150,-5700.549727491516
95.055,-3.690000000000012,149,-5702.394727491517
95.055,-3.690000000000012,149,-5702.394727491517
95.055,-3.690000000000012,149,-5702.394727491517
95.055,-3.690000000000012,148,-5704.239727491518
95.055,-3.690000000000012,148,-5704.239727491518
95.05268981933594,-3.6853796386718756,157,-5721.207425855775
95.05268981933594,-3.6853796386718756,147,-5739.634324049137
95.05268981933594,-3.6853796386718756,147,-5739.634324049137
95.05,-3.680000000000007,176,-5793.400486768864
95.05,-3.680000000000007,176,-5793.400486768864
95.05,-3.680000000000007,176,-5793.400486768864
95.05,-3.680000000000007,176,-5793.400486768864
95.05,-3.680000000000007,176,-5793.400486768864
95.05,-3.680000000000007,196,-5830.200486768863
95.048125,-3.676249999999996,199,-5836.093611768862
95.048125,-3.676249999999996,199,-5836.093611768862
95.048125,-3.676249999999996,196,-5841.60798676886
95.048125,-3.676249999999996,202,-5852.636736768862
95.048125,-3.676249999999996,189,-5876.532361768863
95.048125,-3.676249999999996,189,-5876.532361768863
95.048125,-3.676249999999996,189,-5876.532361768863
95.048125,-3.676249999999996,189,-5876.532361768863
95.048125,-3.676249999999996,189,-5876.532361768863
95.048125,-3.676249999999996,189,-5876.532361768863
95.048125,-3.676249999999996,189,-5876.532361768863
95.048125,-3.676249999999996,190,-5878.370486768861
95.048125,-3.676249999999996,191,-5880.20861176886
95.048125,-3.676249999999996,191,-5880.20861176886
95.048125,-3.676249999999996,186,-5889.3992367688625
95.048125,-3.676249999999996,186,-5889.3992367688625
95.048125,-3.676249999999996,183,-5894.913611768861
95.04499999999999,-3.6700000000000017,190,-5908.3679867688625
95.04499999999999,-3.6700000000000017,189,-5910.202986768865
95.04499999999999,-3.6700000000000017,189,-5910.202986768865
95.04499999999999,-3.6700000000000017,189,-5910.202986768865
95.04499999999999,-3.6700000000000017,189,-5910.202986768865
95.055,-3.6499999999999915,173,-5937.552986768864
95.055,-3.6499999999999915,173,-5937.552986768864
95.055,-3.6499999999999915,186,-5961.277986768862
95.055,-3.6499999999999915,186,-5961.277986768862
95.055,-3.6499999999999915,186,-5961.277986768862
95.055,-3.6499999999999915,186,-5961.277986768862
95.055,-3.6499999999999915,186,-5961.277986768862
95.055,-3.6499999999999915,186,-5961.277986768862
95.055,-3.6499999999999915,185,-5963.102986768859
95.055,-3.6499999999999915,185,-5963.102986768859
95.055,-3.6499999999999915,188,-5968.577986768862
95.055,-3.6499999999999915,188,-5968.577986768862
95.055,-3.6499999999999915,188,-5968.577986768862
95.055,-3.6499999999999915,192,-5975.877986768861
95.055,-3.6499999999999915,192,-5975.877986768861
95.055,-3.6499999999999915,180,-5997.777986768862
95.055,-3.6499999999999915,180,-5997.777986768862
95.055,-3.6499999999999915,180,-5997.777986768862
95.055,-3.6499999999999915,180,-5997.777986768862
95.055,-3.6499999999999915,180,-5997.777986768862
95.055,-3.6499999999999915,198,-6030.627986768861
95.055,-3.6499999999999915,190,-6045.227986768863
95.055,-3.6499999999999915,190,-6045.227986768863
95.055,-3.6499999999999915,188,-6048.8779867688645
95.05262797832489,-3.645255956649777,200,-6071.247647060536
95.05762797832489,-3.635255956649786,194,-6081.183414930485
95.05762797832489,-3.635255956649786,194,-6081.183414930485
95.05644531249999,-3.6328906250000017,221,-6130.489990181115
95.05644531249999,-3.6328906250000017,217,-6137.755771431115
95.055,-3.6300000000000097,222,-6147.155966743609
95.055,-3.6300000000000097,222,-6147.155966743609
95.08500000000001,-3.5700000000000074,215,-6153.170966743608
95.08500000000001,-3.5700000000000074,215,-6153.170966743608
95.08500000000001,-3.5700000000000074,215,-6153.170966743608
95.08500000000001,-3.5700000000000074,215,-6153.170966743608
95.08500000000001,-3.5700000000000074,215,-6153.170966743608
95.08500000000001,-3.5700000000000074,211,-6160.310966743607
95.1,-3.5400000000000063,207,-6164.285966743613
95.1,-3.5400000000000063,207,-6164.285966743613
95.1,-3.5400000000000063,207,-6164.285966743613
95.095,-3.530000000000001,235,-6214.8309667436115
95.095,-3.530000000000001,236,-6216.595966743615
95.095,-3.530000000000001,236,-6216.595966743615
95.095,-3.530000000000001,236,-6216.595966743615
95.095,-3.530000000000001,236,-6216.595966743615
95.095,-3.530000000000001,236,-6216.595966743615
95.095,-3.530000000000001,248,-6237.775966743611
95.095,-3.530000000000001,249,-6239.540966743614
95.095,-3.530000000000001,249,-6239.540966743614
95.11500000000001,-3.489999999999995,241,-6248.84096674361
95.11500000000001,-3.489999999999995,248,-6261.05596674361
95.11500000000001,-3.489999999999995,248,-6261.05596674361
95.11500000000001,-3.489999999999995,248,-6261.05596674361
95.11500000000001,-3.489999999999995,248,-6261.05596674361
95.11500000000001,-3.489999999999995,247,-6262.800966743613
95.11500000000001,-3.489999999999995,248,-6264.545966743612
95.11500000000001,-3.489999999999995,248,-6264.545966743612
95.11500000000001,-3.489999999999995,248,-6264.545966743612
95.11500000000001,-3.489999999999995,248,-6264.545966743612
95.11500000000001,-3.489999999999995,248,-6264.545966743612
95.11500000000001,-3.489999999999995,248,-6264.545966743612
95.11500000000001,-3.489999999999995,248,-6264.545966743612
95.11500000000001,-3.489999999999995,249,-6266.290966743614
95.11500000000001,-3.489999999999995,249,-6266.290966743614
95.11500000000001,-3.489999999999995,251,-6269.780966743616
95.11500000000001,-3.489999999999995,251,-6269.780966743616
95.11500000000001,-3.489999999999995,250,-6271.525966743615
95.11500000000001,-3.489999999999995,250,-6271.525966743615
95.11500000000001,-3.489999999999995,250,-6271.525966743615
95.11500000000001,-3.489999999999995,250,-6271.525966743615
95.11500000000001,-3.489999999999995,250,-6271.525966743615
95.11500000000001,-3.489999999999995,250,-6271.525966743615
95.11500000000001,-3.489999999999995,250,-6271.525966743615
95.11500000000001,-3.489999999999995,250,-6271.525966743615
95.11500000000001,-3.489999999999995,265,-6297.700966743618
95.11500000000001,-3.489999999999995,265,-6297.700966743618
95.11500000000001,-3.489999999999995,265,-6297.700966743618
95.11500000000001,-3.489999999999995,265,-6297.700966743618
95.11500000000001,-3.489999999999995,260,-6306.42596674362
95.11500000000001,-3.489999999999995,260,-6306.42596674362
95.11500000000001,-3.489999999999995,260,-6306.42596674362
95.11500000000001,-3.489999999999995,261,-6308.170966743619
95.11500000000001,-3.489999999999995,261,-6308.170966743619
95.11500000000001,-3.489999999999995,261,-6308.170966743619
95.11500000000001,-3.489999999999995,261,-6308.170966743619
95.11500000000001,-3.489999999999995,265,-6315.1509667436185
95.11500000000001,-3.489999999999995,265,-6315.1509667436185
95.11500000000001,-3.489999999999995,265,-6315.1509667436185
95.11500000000001,-3.489999999999995,265,-6315.1509667436185
95.11500000000001,-3.489999999999995,265,-6315.1509667436185
95.11500000000001,-3.489999999999995,265,-6315.1509667436185
95.11500000000001,-3.489999999999995,265,-6315.1509667436185
95.13499999999999,-3.450000000000003,256,-6325.495966743623
95.13499999999999,-3.450000000000003,256,-6325.495966743623
95.13499999999999,-3.450000000000003,253,-6330.670966743623
95.225,-3.269999999999996,240,-6329.335966743623
95.225,-3.269999999999996,240,-6329.335966743623
95.225,-3.269999999999996,245,-6337.510966743623
95.225,-3.269999999999996,245,-6337.510966743623
95.225,-3.269999999999996,245,-6337.510966743623
95.225,-3.269999999999996,245,-6337.510966743623
95.225,-3.269999999999996,245,-6337.510966743623
95.225,-3.269999999999996,236,-6352.225966743623
95.225,-3.269999999999996,236,-6352.225966743623
95.225,-3.269999999999996,236,-6352.225966743623
95.2226279783249,-3.2652559566497814,265,-6400.2316001407235
95.2226279783249,-3.2652559566497814,265,-6400.2316001407235
95.2226279783249,-3.2652559566497814,265,-6400.2316001407235
95.2226279783249,-3.2652559566497814,265,-6400.2316001407235
95.2226279783249,-3.2652559566497814,265,-6400.2316001407235
95.2226279783249,-3.2652559566497814,242,-6437.782043642197
95.2226279783249,-3.2652559566497814,242,-6437.782043642197
95.2226279783249,-3.2652559566497814,243,-6439.414671620521
95.2226279783249,-3.2652559566497814,243,-6439.414671620521
95.2226279783249,-3.2652559566497814,243,-6439.414671620521
95.2226279783249,-3.2652559566497814,245,-6442.67992757717
95.2226279783249,-3.2652559566497814,245,-6442.67992757717
95.2226279783249,-3.2652559566497814,245,-6442.67992757717
95.2226279783249,-3.2652559566497814,245,-6442.67992757717
95.2226279783249,-3.2652559566497814,245,-6442.67992757717
95.205,-3.2299999999999898,268,-6484.520062050022
95.205,-3.2299999999999898,265,-6489.365062050019
95.19512797832489,-3.2102559566497746,281,-6517.702683533822
95.19512797832489,-3.2102559566497746,281,-6517.702683533822
95.19512797832489,-3.2102559566497746,281,-6517.702683533822
95.19512797832489,-3.2102559566497746,281,-6517.702683533822
95.21512797832489,-3.1702559566497825,235,-6586.418570536767
95.21512797832489,-3.1702559566497825,235,-6586.418570536767
95.21512797832489,-3.1702559566497825,224,-6603.854978298339
95.21512797832489,-3.1702559566497825,224,-6603.854978298339
95.21512797832489,-3.1702559566497825,224,-6603.854978298339
95.21512797832489,-3.1702559566497825,224,-6603.854978298339
95.21512797832489,-3.1702559566497825,230,-6613.365746168289
95.21512797832489,-3.1702559566497825,230,-6613.365746168289
95.21512797832489,-3.1702559566497825,229,-6614.9508741466125
95.21512797832489,-3.1702559566497825,229,-6614.9508741466125
95.215,-3.1700000000000017,231,-6618.150693096311
95.215,-3.1700000000000017,231,-6618.150693096311
95.215,-3.1700000000000017,231,-6618.150693096311
95.215,-3.1700000000000017,237,-6627.66069309631
95.215,-3.1700000000000017,237,-6627.66069309631
95.215,-3.1700000000000017,237,-6627.66069309631
95.215,-3.1700000000000017,237,-6627.66069309631
95.215,-3.1700000000000017,236,-6629.245693096309
95.215,-3.1700000000000017,236,-6629.245693096309
95.215,-3.1700000000000017,236,-6629.245693096309
95.215,-3.1700000000000017,236,-6629.245693096309
95.215,-3.1700000000000017,236,-6629.245693096309
95.215,-3.1700000000000017,236,-6629.245693096309
95.215,-3.1700000000000017,236,-6629.245693096309
95.215,-3.1700000000000017,236,-6629.245693096309
95.215,-3.1700000000000017,236,-6629.245693096309
95.215,-3.1700000000000017,237,-6630.830693096308
95.215,-3.1700000000000017,233,-6637.170693096308
95.22,-3.1599999999999966,199,-6689.925693096313
95.22,-3.1599999999999966,194,-6697.825693096311
95.22,-3.1599999999999966,194,-6697.825693096311
95.22,-3.1599999999999966,194,-6697.825693096311
95.2175,-3.155000000000001,202,-6710.94569309631
95.2175,-3.155000000000001,177,-6750.38319309631
95.2175,-3.155000000000001,183,-6759.84819309631
95.2175,-3.155000000000001,157,-6800.863193096311
95.2175,-3.155000000000001,157,-6800.863193096311
95.2175,-3.155000000000001,157,-6800.863193096311
95.2175,-3.155000000000001,153,-6807.173193096311
95.2175,-3.155000000000001,153,-6807.173193096311
95.215,-3.1500000000000057,181,-6851.755693096311
95.215,-3.1500000000000057,181,-6851.755693096311
95.215,-3.1500000000000057,188,-6862.780693096309
95.215,-3.1500000000000057,186,-6865.93069309631
95.225,-3.1300000000000097,156,-6911.300693096313
95.225,-3.1300000000000097,156,-6911.300693096313
95.225,-3.1300000000000097,156,-6911.300693096313
95.225,-3.1300000000000097,156,-6911.300693096313
95.225,-3.1300000000000097,156,-6911.300693096313
95.225,-3.1300000000000097,156,-6911.300693096313
95.225,-3.1299999999999955,161,-6919.125693096314
95.225,-3.1299999999999955,161,-6919.125693096314
95.225,-3.1299999999999955,161,-6919.125693096314
95.245,-3.089999999999989,155,-6925.335693096311
95.245,-3.089999999999989,155,-6925.335693096311
95.245,-3.089999999999989,173,-6953.14569309631
95.245,-3.089999999999989,173,-6953.14569309631
95.245,-3.089999999999989,173,-6953.14569309631
95.245,-3.089999999999989,173,-6953.14569309631
95.245,-3.089999999999989,173,-6953.14569309631
95.245,-3.089999999999989,173,-6953.14569309631
95.245,-3.089999999999989,189,-6977.865693096312
95.245,-3.089999999999989,189,-6977.865693096312
95.245,-3.089999999999989,189,-6977.865693096312
95.245,-3.089999999999989,189,-6977.865693096312
95.245,-3.089999999999989,189,-6977.865693096312
95.245,-3.089999999999989,191,-6980.955693096312
95.245,-3.089999999999989,191,-6980.955693096312
95.245,-3.089999999999989,191,-6980.955693096312
95.245,-3.089999999999989,190,-6982.500693096314
95.245,-3.089999999999989,190,-6982.500693096314
95.2425,-3.0849999999999937,234,-7050.89569309631
95.2425,-3.0849999999999937,234,-7050.89569309631
95.2425,-3.0849999999999937,218,-7075.575693096311
95.2425,-3.0849999999999937,218,-7075.575693096311
95.2425,-3.0849999999999937,218,-7075.575693096311
95.2425,-3.0849999999999937,218,-7075.575693096311
95.2425,-3.0849999999999937,218,-7075.575693096311
95.2425,-3.0849999999999937,218,-7075.575693096311
95.2425,-3.0849999999999937,237,-7104.883193096313
95.2425,-3.0849999999999937,237,-7104.883193096313
95.2425,-3.0849999999999937,237,-7104.883193096313
95.2425,-3.0849999999999937,236,-7106.425693096309
95.2425,-3.0849999999999937,236,-7106.425693096309
95.2425,-3.0849999999999937,236,-7106.425693096309
95.2425,-3.0849999999999937,237,-7107.9681930963125
95.2425,-3.0849999999999937,245,-7120.308193096309
95.2425,-3.0849999999999937,245,-7120.308193096309
95.2425,-3.0849999999999937,245,-7120.308193096309
95.2351279783249,-3.070255956649774,275,-7168.408570536758
95.2351279783249,-3.070255956649774,275,-7168.408570536758
95.2351279783249,-3.070255956649774,275,-7168.408570536758
95.2351279783249,-3.070255956649774,275,-7168.408570536758
95.2351279783249,-3.070255956649774,268,-7179.154466385033
95.2351279783249,-3.070255956649774,272,-7185.2949782983305
95.2351279783249,-3.070255956649774,272,-7185.2949782983305
95.2351279783249,-3.070255956649774,272,-7185.2949782983305
95.2351279783249,-3.070255956649774,275,-7189.9003622333075
95.2351279783249,-3.070255956649774,275,-7189.9003622333075
95.2351279783249,-3.070255956649774,275,-7189.9003622333075
95.2351279783249,-3.070255956649774,275,-7189.9003622333075
95.2351279783249,-3.070255956649774,273,-7192.970618189956
95.2351279783249,-3.070255956649774,273,-7192.970618189956
95.2351279783249,-3.070255956649774,273,-7192.970618189956
95.2351279783249,-3.070255956649774,273,-7192.970618189956
95.2351279783249,-3.070255956649774,273,-7192.970618189956
95.2351279783249,-3.070255956649774,275,-7196.040874146605
95.23500000000001,-3.0700000000000074,301,-7235.987603925849
95.24000000000001,-3.0600000000000165,283,-7262.132603925853
95.24000000000001,-3.0600000000000165,302,-7291.202603925849
95.24000000000001,-3.0600000000000165,302,-7291.202603925849
95.24000000000001,-3.0600000000000165,302,-7291.202603925849
95.24000000000001,-3.0600000000000165,305,-7295.7926039258455
95.24000000000001,-3.0600000000000165,305,-7295.7926039258455
95.24000000000001,-3.0600000000000165,305,-7295.7926039258455
95.24000000000001,-3.0600000000000165,305,-7295.7926039258455
95.24000000000001,-3.0600000000000165,309,-7301.912603925848
95.24000000000001,-3.0600000000000165,318,-7315.6826039258485
95.24000000000001,-3.0600000000000165,318,-7315.6826039258485
95.24000000000001,-3.0600000000000165,318,-7315.6826039258485
95.24000000000001,-3.0600000000000165,300,-7343.222603925849
95.24,-3.0600000000000023,304,-7349.342603925856
95.24,-3.0600000000000023,309,-7356.9926039258535
95.24,-3.0600000000000023,309,-7356.9926039258535
95.24,-3.0600000000000023,309,-7356.9926039258535
95.24,-3.0600000000000023,309,-7356.9926039258535
95.24,-3.0600000000000023,309,-7356.9926039258535
95.25,-3.039999999999992,302,-7364.642603925851
95.25,-3.039999999999992,293,-7378.322603925852
95.25,-3.039999999999992,293,-7378.322603925852
95.25,-3.039999999999992,293,-7378.322603925852
95.25,-3.039999999999992,293,-7378.322603925852
95.25,-3.039999999999992,304,-7395.042603925853
95.25,-3.039999999999992,304,-7395.042603925853
95.25,-3.039999999999992,309,-7402.642603925851
95.25,-3.039999999999992,309,-7402.642603925851
95.25,-3.039999999999992,309,-7402.642603925851
95.25,-3.039999999999992,309,-7402.642603925851
95.25,-3.039999999999992,309,-7402.642603925851
95.25,-3.039999999999992,309,-7402.642603925851
95.25,-3.039999999999992,309,-7402.642603925851
95.25,-3.039999999999992,308,-7404.162603925848
95.25,-3.039999999999992,308,-7404.162603925848
95.25,-3.039999999999992,308,-7404.162603925848
95.24762797832489,-3.0352559566497774,330,-7438.323698515083
95.24762797832489,-3.0352559566497774,330,-7438.323698515083
95.24762797832489,-3.0352559566497774,330,-7438.323698515083
95.25262797832488,-3.0252559566497865,308,-7470.131514038232
95.25262797832488,-3.0252559566497865,308,-7470.131514038232
95.25262797832488,-3.0252559566497865,311,-7474.6693979732045
95.25262797832488,-3.0252559566497865,311,-7474.6693979732045
95.25262797832488,-3.0252559566497865,311,-7474.6693979732045
95.25,-3.0200000000000102,346,-7528.4625862351895
95.25,-3.0200000000000102,346,-7528.4625862351895
95.25,-3.0200000000000102,346,-7528.4625862351895
95.25,-3.0200000000000102,346,-7528.4625862351895
95.25,-3.0200000000000102,341,-7536.012586235192
95.25,-3.0200000000000102,342,-7537.5225862351945
95.25,-3.0200000000000102,342,-7537.5225862351945
95.25,-3.0200000000000102,342,-7537.5225862351945
95.25,-3.0200000000000102,342,-7537.5225862351945
95.25,-3.0200000000000102,333,-7551.112586235191
95.245,-3.010000000000005,355,-7586.067586235193
95.225,-3.049999999999997,361,-7602.317586235193
95.18,-3.1400000000000006,361,-7618.562586235188
95.16,-3.180000000000007,354,-7636.912586235194
95.16,-3.180000000000007,354,-7636.912586235194
95.16,-3.180000000000007,354,-7636.912586235194
95.16,-3.180000000000007,354,-7636.912586235194
95.16,-3.180000000000007,355,-7638.502586235198
95.16,-3.180000000000007,355,-7638.502586235198
95.16,-3.180000000000007,355,-7638.502586235198
95.16,-3.180000000000007,355,-7638.502586235198
95.16,-3.180000000000007,354,-7640.092586235194
95.16,-3.180000000000007,354,-7640.092586235194
95.16,-3.180000000000007,354,-7640.092586235194
95.16,-3.180000000000007,354,-7640.092586235194
95.16,-3.180000000000007,354,-7640.092586235194
95.16,-3.180000000000007,355,-7641.682586235198
95.16,-3.180000000000007,370,-7665.5325862351965
95.18,-3.1400000000000006,349,-7692.682586235198
95.18,-3.1400000000000006,349,-7692.682586235198
95.18,-3.1400000000000006,349,-7692.682586235198
95.18,-3.1400000000000006,349,-7692.682586235198
95.18,-3.1400000000000006,349,-7692.682586235198
95.18,-3.1400000000000006,349,-7692.682586235198
95.18,-3.1400000000000006,349,-7692.682586235198
95.18,-3.1400000000000006,349,-7692.682586235198
95.18,-3.1400000000000006,346,-7697.392586235197
95.18,-3.1400000000000006,346,-7697.392586235197
95.18,-3.1400000000000006,347,-7698.962586235197
95.18,-3.1400000000000006,364,-7725.652586235192
95.14500000000001,-3.2099999999999937,364,-7738.39258623519
95.13,-3.239999999999995,364,-7743.852586235196
95.13,-3.239999999999995,352,-7763.492586235203
95.13,-3.239999999999995,352,-7763.492586235203
95.13,-3.239999999999995,352,-7763.492586235203
95.13,-3.239999999999995,352,-7763.492586235203
95.13,-3.239999999999995,352,-7763.492586235203
95.105,-3.1899999999999977,358,-7782.112586235191
95.105,-3.1899999999999977,357,-7783.707586235192
95.105,-3.1899999999999977,357,-7783.707586235192
95.105,-3.1899999999999977,357,-7783.707586235192
95.105,-3.1899999999999977,357,-7783.707586235192
95.105,-3.1899999999999977,356,-7785.302586235186
95.105,-3.1899999999999977,356,-7785.302586235186
95.11500000000001,-3.1700000000000017,344,-7800.882586235188
95.11500000000001,-3.1700000000000017,355,-7818.317586235185
95.11500000000001,-3.1700000000000017,355,-7818.317586235185
95.11500000000001,-3.1700000000000017,355,-7818.317586235185
95.095304043293,-3.130608086585994,372,-7852.234954909472
95.020304043293,-3.2806080865859997,372,-7880.134954909474
94.98030404329299,-3.360608086585998,372,-7895.014954909471
94.96030404329301,-3.40060808658599,372,-7902.454954909466
94.96030404329301,-3.40060808658599,357,-7928.159515558858
94.98030404329299,-3.360608086585998,347,-7938.022555991789
94.98030404329299,-3.360608086585998,347,-7938.022555991789
94.98030404329299,-3.360608086585998,352,-7946.424076208255
94.98030404329299,-3.360608086585998,352,-7946.424076208255
94.98030404329299,-3.360608086585998,349,-7951.464988338135
94.98030404329299,-3.360608086585998,350,-7953.145292381429
94.98030404329299,-3.360608086585998,350,-7953.145292381429
94.98030404329299,-3.360608086585998,350,-7953.145292381429
94.98030404329299,-3.360608086585998,350,-7953.145292381429
94.98030404329299,-3.360608086585998,350,-7953.145292381429
94.98030404329299,-3.360608086585998,350,-7953.145292381429
94.98030404329299,-3.360608086585998,350,-7953.145292381429
94.98030404329299,-3.360608086585998,350,-7953.145292381429
94.94560808658599,-3.291216173171989,364,-7988.6743500081575
94.95060808658599,-3.281216173171984,360,-7993.4367823545035
94.970608086586,-3.241216173171992,350,-8002.762863220356
94.970608086586,-3.241216173171992,350,-8002.762863220356
94.990608086586,-3.2012161731719857,330,-8028.195024952074
94.990608086586,-3.2012161731719857,330,-8028.195024952074
94.990608086586,-3.2012161731719857,330,-8028.195024952074
94.990608086586,-3.2012161731719857,330,-8028.195024952074
94.990608086586,-3.2012161731719857,330,-8028.195024952074
94.990608086586,-3.2012161731719857,330,-8028.195024952074
94.990608086586,-3.2012161731719857,330,-8028.195024952074
95.02560808658599,-3.1312161731719925,311,-8046.951578597207
95.02560808658599,-3.1312161731719925,314,-8051.648402856961
95.02560808658599,-3.1312161731719925,314,-8051.648402856961
95.02560808658599,-3.1312161731719925,314,-8051.648402856961
94.975,-3.030000000000001,341,-8109.486774391313
94.975,-3.030000000000001,341,-8109.486774391313
94.975,-3.030000000000001,340,-8111.001774391316
94.975,-3.030000000000001,340,-8111.001774391316
94.97999999999999,-3.019999999999996,330,-8124.481774391312
94.97999999999999,-3.019999999999996,327,-8129.011774391311
94.97999999999999,-3.019999999999996,327,-8129.011774391311
94.97999999999999,-3.019999999999996,334,-8139.58177439131
94.97999999999999,-3.019999999999996,333,-8141.091774391309
94.97999999999999,-3.019999999999996,333,-8141.091774391309
94.97999999999999,-3.019999999999996,334,-8142.601774391307
94.975,-3.010000000000005,341,-8154.836774391304
94.98,-3.0,320,-8184.771774391298
94.98,-3.0,320,-8184.771774391298
94.98,-3.0,320,-8184.771774391298
94.98,-3.0,320,-8184.771774391298
94.98,-3.0,320,-8184.771774391298
94.98,-3.0,316,-8190.771774391302
94.98,-3.0,307,-8204.271774391302
94.98,-3.0,307,-8204.271774391302
94.98,-3.0,323,-8228.271774391302
94.98,-3.0,323,-8228.271774391302
94.98,-3.0,323,-8228.271774391302
94.98,-3.0,323,-8228.271774391302
94.98,-3.0,322,-8229.771774391298
94.98,-3.0,302,-8259.771774391298
94.98,-3.0,309,-8270.271774391302
94.98,-3.0,311,-8273.271774391298
94.98,-3.0,311,-8273.271774391298
94.98,-3.0,311,-8273.271774391298
94.98,-3.0,310,-8274.771774391294
94.98,-3.0,310,-8274.771774391294
94.98,-3.0,310,-8274.771774391294
94.98,-3.0,310,-8274.771774391294
94.98,-3.0,310,-8274.771774391294
94.98,-3.0,291,-8303.271774391294
94.98,-3.0,286,-8310.77177439129
94.98,-3.0,286,-8310.77177439129
94.98,-3.0,286,-8310.77177439129
94.98,-3.0,286,-8310.77177439129
94.98,-3.0,286,-8310.77177439129
94.98,-3.0,286,-8310.77177439129
94.98,-3.0,280,-8319.771774391294
94.98,-3.0,280,-8319.771774391294
94.98,-3.0,282,-8322.771774391294
94.985,-2.990000000000009,267,-8343.8667743913
94.995,-2.969999999999999,256,-8357.591774391294
94.995,-2.969999999999999,261,-8365.016774391297
94.995,-2.969999999999999,256,-8372.441774391296
94.995,-2.969999999999999,256,-8372.441774391296
94.995,-2.969999999999999,252,-8378.381774391295
94.995,-2.969999999999999,252,-8378.381774391295
94.995,-2.969999999999999,252,-8378.381774391295
94.995,-2.969999999999999,252,-8378.381774391295
94.995,-2.969999999999999,252,-8378.381774391295
95.01,-2.9399999999999977,222,-8418.8317743913
95.01,-2.9399999999999977,200,-8451.1717743913
95.005,-2.9299999999999926,240,-8510.911774391305
95.005,-2.9299999999999926,240,-8510.911774391305
95.005,-2.9299999999999926,240,-8510.911774391305
95.005,-2.9299999999999926,237,-8515.306774391305
95.005,-2.9299999999999926,237,-8515.306774391305
95.015,-2.9099999999999966,212,-8549.5517743913
95.015,-2.9099999999999966,212,-8549.5517743913
95.015,-2.9099999999999966,212,-8549.5517743913
95.015,-2.9099999999999966,212,-8549.5517743913
95.015,-2.9099999999999966,218,-8558.2817743913
95.015,-2.9099999999999966,218,-8558.2817743913
95.015,-2.9099999999999966,218,-8558.2817743913
95.015,-2.9099999999999966,207,-8574.286774391301
95.015,-2.9099999999999966,207,-8574.286774391301
95.015,-2.9099999999999966,212,-8581.561774391299
95.015,-2.9099999999999966,212,-8581.561774391299
95.015,-2.9099999999999966,212,-8581.561774391299
95.015,-2.9099999999999966,211,-8583.016774391297
95.015,-2.9099999999999966,205,-8591.746774391297
95.015,-2.9099999999999966,205,-8591.746774391297
95.015,-2.9099999999999966,205,-8591.746774391297
95.015,-2.9099999999999966,205,-8591.746774391297
95.02,-2.9000000000000057,194,-8606.761774391296
95.02,-2.9000000000000057,194,-8606.761774391296
95.02,-2.9000000000000057,193,-8608.211774391297
95.02,-2.9000000000000057,193,-8608.211774391297
95.02,-2.9000000000000057,193,-8608.211774391297
95.02,-2.9000000000000057,193,-8608.211774391297
95.02,-2.9000000000000057,193,-8608.211774391297
95.01499999999999,-2.8900000000000006,203,-8623.6567743913
95.01499999999999,-2.8900000000000006,203,-8623.6567743913
95.01499999999999,-2.8900000000000006,203,-8623.6567743913
95.01499999999999,-2.8900000000000006,197,-8632.326774391302
95.01499999999999,-2.8900000000000006,193,-8638.106774391304
95.01499999999999,-2.8900000000000006,193,-8638.106774391304
95.01499999999999,-2.8900000000000006,193,-8638.106774391304
95.01499999999999,-2.8900000000000006,193,-8638.106774391304
95.01499999999999,-2.8900000000000006,211,-8664.116774391303
95.01499999999999,-2.8900000000000006,211,-8664.116774391303
95.01499999999999,-2.8900000000000006,211,-8664.116774391303
95.01499999999999,-2.8900000000000006,212,-8665.561774391303
95.01499999999999,-2.8900000000000006,212,-8665.561774391303
95.01499999999999,-2.8900000000000006,212,-8665.561774391303
95.01499999999999,-2.8900000000000006,185,-8704.576774391302
95.01499999999999,-2.8900000000000006,183,-8707.466774391301
95.01499999999999,-2.8900000000000006,183,-8707.466774391301
95.00999999999999,-2.8800000000000097,188,-8715.621774391304
95.00999999999999,-2.8800000000000097,195,-8725.701774391306
95.00999999999999,-2.8800000000000097,195,-8725.701774391306
95.03,-2.8400000000000034,187,-8733.4817743913
95.025,-2.8299999999999983,189,-8737.2667743913
95.025,-2.8299999999999983,189,-8737.2667743913
95.025,-2.8299999999999983,189,-8737.2667743913
95.025,-2.8299999999999983,197,-8748.5867743913
95.025,-2.8299999999999983,196,-8750.001774391301
95.025,-2.8299999999999983,201,-8757.076774391302
95.025,-2.8299999999999983,201,-8757.076774391302
95.025,-2.8299999999999983,189,-8774.056774391302
95.025,-2.8299999999999983,189,-8774.056774391302
95.025,-2.8299999999999983,189,-8774.056774391302
95.025,-2.8299999999999983,189,-8774.056774391302
95.025,-2.8299999999999983,189,-8774.056774391302
95.025,-2.8299999999999983,189,-8774.056774391302
95.025,-2.8299999999999983,189,-8774.056774391302
95.025,-2.8299999999999983,181,-8785.376774391301
95.025,-2.8299999999999983,181,-8785.376774391301
95.025,-2.8299999999999983,180,-8786.791774391302
95.025,-2.8299999999999983,192,-8803.771774391298
95.025,-2.8299999999999983,192,-8803.771774391298
95.025,-2.8299999999999983,192,-8803.771774391298
95.025,-2.8299999999999983,192,-8803.771774391298
95.025,-2.8299999999999983,192,-8803.771774391298
95.025,-2.8299999999999983,182,-8817.921774391303
95.025,-2.8299999999999983,189,-8827.826774391298
95.025,-2.8299999999999983,189,-8827.826774391298
95.025,-2.8299999999999983,193,-8833.486774391298
95.025,-2.8299999999999983,193,-8833.486774391298
95.025,-2.8299999999999983,193,-8833.486774391298
95.025,-2.8299999999999983,194,-8834.901774391295
95.025,-2.8299999999999983,194,-8834.901774391295
95.025,-2.8299999999999983,194,-8834.901774391295
95.025,-2.8299999999999983,194,-8834.901774391295
95.025,-2.8299999999999983,195,-8836.316774391296
95.025,-2.8299999999999983,195,-8836.316774391296
95.025,-2.8299999999999983,195,-8836.316774391296
95.025,-2.8299999999999983,196,-8837.731774391294
95.025,-2.8299999999999983,198,-8840.561774391295
95.025,-2.8299999999999983,202,-8846.221774391292
95.025,-2.8299999999999983,195,-8856.126774391294
95.025,-2.8299999999999983,185,-8870.276774391295
95.01036132812499,-2.800722656249988,197,-8889.935651344422
95.01036132812499,-2.800722656249988,197,-8889.935651344422
95.005,-2.7900000000000063,221,-8924.700661110048
95.005,-2.7900000000000063,221,-8924.700661110048
95.005,-2.7900000000000063,224,-8928.88566111005
95.005,-2.7900000000000063,224,-8928.88566111005
95.005,-2.7900000000000063,224,-8928.88566111005
95.005,-2.7900000000000063,223,-8930.28066111005
95.005,-2.7900000000000063,223,-8930.28066111005
95.005,-2.7900000000000063,223,-8930.28066111005
95.005,-2.7900000000000063,223,-8930.28066111005
95.005,-2.7900000000000063,223,-8930.28066111005
95.005,-2.7900000000000063,223,-8930.28066111005
95.005,-2.7900000000000063,223,-8930.28066111005
95.005,-2.7900000000000063,223,-8930.28066111005
95.005,-2.7900000000000063,223,-8930.28066111005
95.005,-2.7900000000000063,220,-8934.465661110047
95.005,-2.7900000000000063,220,-8934.465661110047
95.005,-2.7900000000000063,220,-8934.465661110047
95.005,-2.7900000000000063,220,-8934.465661110047
95.005,-2.7900000000000063,220,-8934.465661110047
95.005,-2.7900000000000063,233,-8952.60066111005
95.005,-2.7900000000000063,233,-8952.60066111005
95.005,-2.7900000000000063,230,-8956.785661110047
95.005,-2.7900000000000063,230,-8956.785661110047
95.005,-2.7900000000000063,230,-8956.785661110047
95.005,-2.7900000000000063,230,-8956.785661110047
95.005,-2.7900000000000063,236,-8965.155661110046
95.005,-2.7900000000000063,236,-8965.155661110046
95.005,-2.7900000000000063,236,-8965.155661110046
95.0,-2.780000000000001,243,-8976.135661110045
95.0,-2.780000000000001,243,-8976.135661110045
95.0,-2.780000000000001,243,-8976.135661110045
95.0,-2.780000000000001,243,-8976.135661110045
95.0,-2.780000000000001,243,-8976.135661110045
95.0,-2.780000000000001,243,-8976.135661110045
94.985,-2.75,272,-9019.955661110042
94.985,-2.75,272,-9019.955661110042
94.985,-2.75,272,-9019.955661110042
94.985,-2.75,290,-9044.705661110042
94.985,-2.75,290,-9044.705661110042
94.985,-2.75,290,-9044.705661110042
94.985,-2.75,290,-9044.705661110042
94.985,-2.75,290,-9044.705661110042
94.985,-2.75,280,-9058.455661110045
94.985,-2.75,280,-9058.455661110045
94.985,-2.75,280,-9058.455661110045
94.985,-2.75,264,-9080.455661110042
94.985,-2.75,264,-9080.455661110042
94.985,-2.75,264,-9080.455661110042
94.985,-2.75,264,-9080.455661110042
94.985,-2.75,264,-9080.455661110042
94.985,-2.75,264,-9080.455661110042
94.985,-2.75,260,-9085.955661110042
94.985,-2.75,260,-9085.955661110042
94.985,-2.75,260,-9085.955661110042
94.985,-2.75,260,-9085.955661110042
94.985,-2.75,260,-9085.955661110042
94.985,-2.75,260,-9085.955661110042
94.985,-2.75,260,-9085.955661110042
94.985,-2.75,262,-9088.705661110042
94.985,-2.75,262,-9088.705661110042
94.985,-2.75,262,-9088.705661110042
94.985,-2.75,262,-9088.705661110042
94.985,-2.75,273,-9103.830661110042
94.985,-2.75,273,-9103.830661110042
94.985,-2.75,273,-9103.830661110042
94.985,-2.75,273,-9103.830661110042
94.985,-2.75,273,-9103.830661110042
94.985,-2.75,274,-9105.205661110042
94.985,-2.75,274,-9105.205661110042
94.985,-2.75,274,-9105.205661110042
94.985,-2.75,274,-9105.205661110042
94.99000000000001,-2.739999999999995,233,-9160.12566111004
94.99000000000001,-2.739999999999995,218,-9180.675661110039
94.99000000000001,-2.739999999999995,218,-9180.675661110039
94.99000000000001,-2.739999999999995,218,-9180.675661110039
94.99000000000001,-2.739999999999995,217,-9182.045661110042
94.99000000000001,-2.739999999999995,200,-9205.335661110043
94.99000000000001,-2.739999999999995,200,-9205.335661110043
94.99000000000001,-2.739999999999995,200,-9205.335661110043
94.99000000000001,-2.739999999999995,200,-9205.335661110043
95.0,-2.719999999999999,171,-9243.335661110043
95.0,-2.719999999999999,171,-9243.335661110043
95.0,-2.719999999999999,164,-9252.855661110043
95.0,-2.719999999999999,164,-9252.855661110043
95.0,-2.719999999999999,164,-9252.855661110043
94.995,-2.7099999999999937,193,-9293.160661110043
94.995,-2.7099999999999937,193,-9293.160661110043
94.995,-2.7099999999999937,193,-9293.160661110043
94.995,-2.7099999999999937,193,-9293.160661110043
94.995,-2.7099999999999937,183,-9306.710661110043
95.0,-2.6999999999999886,179,-9311.215661110044
95.0,-2.6999999999999886,175,-9316.615661110045
95.0,-2.6999999999999886,172,-9320.665661110044
95.0,-2.6999999999999886,172,-9320.665661110044
95.0,-2.6999999999999886,172,-9320.665661110044
95.0,-2.6999999999999886,172,-9320.665661110044
95.0,-2.6999999999999886,172,-9320.665661110044
95.0,-2.6999999999999886,172,-9320.665661110044
95.0,-2.6999999999999886,172,-9320.665661110044
95.0,-2.6999999999999886,172,-9320.665661110044
95.0,-2.6999999999999886,174,-9323.365661110045
95.0,-2.6999999999999886,173,-9324.715661110044
95.0,-2.6999999999999886,173,-9324.715661110044
95.0,-2.6999999999999886,173,-9324.715661110044
95.0,-2.6999999999999886,173,-9324.715661110044
95.0,-2.6999999999999886,173,-9324.715661110044
95.0,-2.6999999999999886,173,-9324.715661110044
95.0,-2.6999999999999886,173,-9324.715661110044
95.0,-2.6999999999999886,173,-9324.715661110044
95.0,-2.6999999999999886,189,-9346.315661110042
94.995,-2.6899999999999977,191,-9349.970661110041
94.995,-2.6899999999999977,191,-9349.970661110041
94.995,-2.6899999999999977,191,-9349.970661110041
94.995,-2.6899999999999977,191,-9349.970661110041
94.995,-2.6899999999999977,191,-9349.970661110041
94.995,-2.6899999999999977,191,-9349.970661110041
94.995,-2.6899999999999977,191,-9349.970661110041
94.995,-2.6899999999999977,191,-9349.970661110041
94.995,-2.6899999999999977,191,-9349.970661110041
94.995,-2.6899999999999977,191,-9349.970661110041
94.995,-2.6899999999999977,191,-9349.970661110041
94.995,-2.6899999999999977,201,-9363.420661110042
94.995,-2.6899999999999977,201,-9363.420661110042
94.995,-2.6899999999999977,201,-9363.420661110042
94.995,-2.6899999999999977,201,-9363.420661110042
94.995,-2.6899999999999977,201,-9363.420661110042
94.995,-2.6899999999999977,229,-9401.080661110045
94.995,-2.6899999999999977,226,-9405.115661110041
94.995,-2.6899999999999977,226,-9405.115661110041
94.995,-2.6899999999999977,226,-9405.115661110041
94.995,-2.6899999999999977,226,-9405.115661110041
95.01,-2.6599999999999966,203,-9432.525661110041
95.01,-2.6599999999999966,203,-9432.525661110041
95.01,-2.6599999999999966,203,-9432.525661110041
95.01,-2.6599999999999966,209,-9440.505661110044
95.01,-2.6599999999999966,209,-9440.505661110044
95.01,-2.6599999999999966,209,-9440.505661110044
95.01,-2.6599999999999966,206,-9444.495661110042
95.005,-2.6499999999999915,216,-9458.835661110046
95.005,-2.6499999999999915,223,-9468.110661110048
95.005,-2.6499999999999915,223,-9468.110661110048
95.005,-2.6499999999999915,223,-9468.110661110048
95.005,-2.6499999999999915,223,-9468.110661110048
95.005,-2.6499999999999915,223,-9468.110661110048
95.005,-2.6499999999999915,227,-9473.410661110047
95.00999999999999,-2.6400000000000006,226,-9473.605661110047
95.00999999999999,-2.6400000000000006,226,-9473.605661110047
95.00999999999999,-2.6400000000000006,225,-9474.92566111005
95.00999999999999,-2.6400000000000006,226,-9476.24566111005
95.00999999999999,-2.6400000000000006,226,-9476.24566111005
95.00999999999999,-2.6400000000000006,225,-9477.565661110053
95.00999999999999,-2.6400000000000006,224,-9478.885661110053
95.00999999999999,-2.6400000000000006,224,-9478.885661110053
95.00999999999999,-2.6400000000000006,224,-9478.885661110053
95.00999999999999,-2.6400000000000006,224,-9478.885661110053
95.00999999999999,-2.6400000000000006,225,-9480.205661110056
95.00999999999999,-2.6400000000000006,225,-9480.205661110056
95.00999999999999,-2.6400000000000006,225,-9480.205661110056
95.00999999999999,-2.6400000000000006,224,-9481.525661110056
95.00999999999999,-2.6400000000000006,224,-9481.525661110056
95.00999999999999,-2.6400000000000006,224,-9481.525661110056
95.00999999999999,-2.6400000000000006,225,-9482.84566111006
95.00999999999999,-2.6400000000000006,225,-9482.84566111006
95.00999999999999,-2.6400000000000006,244,-9507.925661110057
95.00999999999999,-2.6400000000000006,244,-9507.925661110057
95.00999999999999,-2.6400000000000006,244,-9507.925661110057
95.00999999999999,-2.6400000000000006,237,-9517.165661110059
95.00999999999999,-2.6400000000000006,250,-9534.325661110062
95.00999999999999,-2.6400000000000006,250,-9534.325661110062
95.00999999999999,-2.6400000000000006,242,-9544.88566111006
95.00999999999999,-2.6400000000000006,242,-9544.88566111006
95.00999999999999,-2.6400000000000006,240,-9547.52566111006
95.00999999999999,-2.6400000000000006,240,-9547.52566111006
95.00999999999999,-2.6400000000000006,233,-9556.765661110057
95.00999999999999,-2.6400000000000006,233,-9556.765661110057
95.00999999999999,-2.6400000000000006,203,-9596.365661110056
95.00999999999999,-2.6400000000000006,197,-9604.285661110058
95.00999999999999,-2.6400000000000006,197,-9604.285661110058
95.00999999999999,-2.6400000000000006,175,-9633.325661110055
95.00999999999999,-2.6400000000000006,153,-9662.365661110056
95.00999999999999,-2.6400000000000006,160,-9671.605661110058
95.00999999999999,-2.6400000000000006,160,-9671.605661110058
95.00999999999999,-2.6400000000000006,143,-9694.045661110058
95.00999999999999,-2.6400000000000006,151,-9704.605661110058
95.00999999999999,-2.6400000000000006,151,-9704.605661110058
95.00999999999999,-2.6400000000000006,151,-9704.605661110058
95.00999999999999,-2.6400000000000006,151,-9704.605661110058
95.00999999999999,-2.6400000000000006,151,-9704.605661110058
95.00999999999999,-2.6400000000000006,151,-9704.605661110058
95.00999999999999,-2.6400000000000006,151,-9704.605661110058
95.00999999999999,-2.6400000000000006,151,-9704.605661110058
95.00999999999999,-2.6400000000000006,151,-9704.605661110058
95.00999999999999,-2.6400000000000006,151,-9704.605661110058
95.00999999999999,-2.6400000000000006,149,-9707.245661110057
95.00999999999999,-2.6400000000000006,153,-9712.525661110056
95.00999999999999,-2.6400000000000006,153,-9712.525661110056
95.00999999999999,-2.6400000000000006,158,-9719.125661110058
95.00999999999999,-2.6400000000000006,158,-9719.125661110058
95.00999999999999,-2.6400000000000006,158,-9719.125661110058
95.00999999999999,-2.6400000000000006,155,-9723.085661110057
95.00999999999999,-2.6400000000000006,155,-9723.085661110057
95.00999999999999,-2.6400000000000006,155,-9723.085661110057
95.00999999999999,-2.6400000000000006,163,-9733.645661110057
95.00999999999999,-2.6400000000000006,160,-9737.605661110058
95.00999999999999,-2.6400000000000006,160,-9737.605661110058
95.00999999999999,-2.6400000000000006,160,-9737.605661110058
95.00999999999999,-2.6400000000000006,160,-9737.605661110058
95.00999999999999,-2.6400000000000006,160,-9737.605661110058
95.00999999999999,-2.6400000000000006,160,-9737.605661110058
95.00999999999999,-2.6400000000000006,160,-9737.605661110058
95.00999999999999,-2.6400000000000006,160,-9737.605661110058
95.00999999999999,-2.6400000000000006,160,-9737.605661110058
95.00999999999999,-2.6400000000000006,160,-9737.605661110058
95.00999999999999,-2.6400000000000006,160,-9737.605661110058
95.00999999999999,-2.6400000000000006,160,-9737.605661110058
95.00999999999999,-2.6400000000000006,147,-9754.765661110056
95.00999999999999,-2.6400000000000006,147,-9754.765661110056
95.015,-2.6299999999999955,141,-9761.960661110055
95.015,-2.6299999999999955,141,-9761.960661110055
95.015,-2.6299999999999955,141,-9761.960661110055
95.015,-2.6299999999999955,141,-9761.960661110055
95.00999999999999,-2.6199999999999903,164,-9792.875661110054
95.00999999999999,-2.6199999999999903,164,-9792.875661110054
95.00999999999999,-2.6199999999999903,167,-9796.805661110055
95.01499999999999,-2.6099999999999994,145,-9824.760661110058
95.01499999999999,-2.6099999999999994,145,-9824.760661110058
95.0,-2.5800000000000125,175,-9866.291911110056
95.0,-2.5800000000000125,175,-9866.291911110056
95.0,-2.5800000000000125,175,-9866.291911110056
95.0,-2.5800000000000125,180,-9872.741911110057
95.0,-2.5800000000000125,180,-9872.741911110057
95.0,-2.5800000000000125,181,-9874.031911110058
95.0,-2.5800000000000125,181,-9874.031911110058
95.0,-2.5800000000000125,181,-9874.031911110058
95.0,-2.5800000000000125,181,-9874.031911110058
94.99,-2.5600000000000023,194,-9892.54191111006
94.99,-2.5600000000000023,194,-9892.54191111006
94.99,-2.5600000000000023,179,-9911.741911110057
94.995,-2.549999999999997,176,-9914.681911110056
94.995,-2.549999999999997,177,-9915.956911110057
94.995,-2.549999999999997,177,-9915.956911110057
94.995,-2.549999999999997,181,-9921.05691111006
94.995,-2.549999999999997,181,-9921.05691111006
94.995,-2.549999999999997,177,-9926.156911110058
94.995,-2.549999999999997,188,-9940.18191111006
94.995,-2.549999999999997,188,-9940.18191111006
94.995,-2.549999999999997,188,-9940.18191111006
94.995,-2.549999999999997,190,-9942.731911110062
94.995,-2.549999999999997,190,-9942.731911110062
94.995,-2.549999999999997,190,-9942.731911110062
94.985,-2.530000000000001,208,-9967.441911110061
94.985,-2.530000000000001,208,-9967.441911110061
94.985,-2.530000000000001,208,-9967.441911110061
94.985,-2.530000000000001,207,-9968.70691111006
95.0,-2.5,192,-9984.761911110061
95.0,-2.5,192,-9984.761911110061
95.0,-2.5,194,-9987.261911110061
95.0,-2.5,185,-9998.511911110061
95.0,-2.5,185,-9998.511911110061
95.0,-2.5,185,-9998.511911110061
95.0,-2.5,185,-9998.511911110061
95.0,-2.5,185,-9998.511911110061
94.995,-2.489999999999995,187,-10001.946911110059
94.995,-2.489999999999995,198,-10015.641911110059
94.995,-2.489999999999995,193,-10021.86691111006
94.995,-2.489999999999995,181,-10036.80691111006
94.995,-2.489999999999995,181,-10036.80691111006
94.995,-2.489999999999995,181,-10036.80691111006
94.995,-2.489999999999995,181,-10036.80691111006
94.995,-2.489999999999995,181,-10036.80691111006
94.995,-2.489999999999995,181,-10036.80691111006
94.995,-2.489999999999995,181,-10036.80691111006
94.995,-2.489999999999995,174,-10045.52191111006
94.995,-2.489999999999995,174,-10045.52191111006
94.995,-2.489999999999995,164,-10057.97191111006
94.995,-2.489999999999995,164,-10057.97191111006
94.995,-2.489999999999995,163,-10059.21691111006
94.995,-2.489999999999995,163,-10059.21691111006
94.99000000000001,-2.480000000000004,178,-10078.72191111006
94.99000000000001,-2.480000000000004,178,-10078.72191111006
94.99000000000001,-2.480000000000004,178,-10078.72191111006
94.99000000000001,-2.480000000000004,182,-10083.68191111006
94.99000000000001,-2.480000000000004,177,-10089.881911110057
94.985,-2.469999999999999,198,-10116.801911110058
94.985,-2.469999999999999,191,-10125.446911110059
94.985,-2.469999999999999,191,-10125.446911110059
94.985,-2.469999999999999,191,-10125.446911110059
94.985,-2.469999999999999,191,-10125.446911110059
94.985,-2.469999999999999,191,-10125.446911110059
94.985,-2.469999999999999,191,-10125.446911110059
94.985,-2.469999999999999,191,-10125.446911110059
94.985,-2.469999999999999,191,-10125.446911110059
95.0,-2.4399999999999977,133,-10193.941911110058
95.0,-2.4399999999999977,133,-10193.941911110058
95.0,-2.4399999999999977,133,-10193.941911110058
95.0,-2.4399999999999977,109,-10223.221911110057
95.0,-2.4399999999999977,109,-10223.221911110057
95.0,-2.4399999999999977,116,-10231.761911110058
95.0,-2.4399999999999977,116,-10231.761911110058
95.0,-2.4399999999999977,116,-10231.761911110058
95.0,-2.4399999999999977,116,-10231.761911110058
95.005,-2.4299999999999926,114,-10233.621911110058
95.005,-2.4299999999999926,95,-10256.706911110055
95.005,-2.4299999999999926,94,-10257.921911110056
95.005,-2.4299999999999926,94,-10257.921911110056
95.005,-2.4299999999999926,94,-10257.921911110056
95.005,-2.4299999999999926,94,-10257.921911110056
95.005,-2.4299999999999926,94,-10257.921911110056
95.005,-2.4299999999999926,94,-10257.921911110056
95.005,-2.4299999999999926,94,-10257.921911110056
95.005,-2.4299999999999926,94,-10257.921911110056
95.005,-2.4299999999999926,94,-10257.921911110056
95.005,-2.4299999999999926,94,-10257.921911110056
95.005,-2.4299999999999926,94,-10257.921911110056
95.005,-2.4299999999999926,103,-10268.856911110055
95.005,-2.4299999999999926,101,-10271.286911110054
95.005,-2.4299999999999926,101,-10271.286911110054
95.005,-2.4299999999999926,101,-10271.286911110054
95.005,-2.4299999999999926,100,-10272.501911110052
95.005,-2.4299999999999926,100,-10272.501911110052
95.005,-2.4299999999999926,100,-10272.501911110052
95.005,-2.4299999999999926,122,-10299.231911110053
95.005,-2.4299999999999926,122,-10299.231911110053
95.005,-2.4299999999999926,122,-10299.231911110053
95.005,-2.4299999999999926,122,-10299.231911110053
95.005,-2.4299999999999926,122,-10299.231911110053
95.005,-2.4299999999999926,122,-10299.231911110053
95.0,-2.4199999999999875,136,-10316.891911110051
95.0,-2.4199999999999875,136,-10316.891911110051
95.0,-2.4199999999999875,136,-10316.891911110051
95.0,-2.4199999999999875,136,-10316.891911110051
95.0,-2.4199999999999875,136,-10316.891911110051
95.0,-2.4199999999999875,144,-10326.571911110052
95.0,-2.4199999999999875,144,-10326.571911110052
95.0,-2.4199999999999875,119,-10356.821911110052
95.0,-2.4199999999999875,108,-10370.131911110053
95.0,-2.4199999999999875,104,-10374.971911110053
95.0,-2.4199999999999875,104,-10374.971911110053
95.0,-2.4199999999999875,103,-10376.181911110052
95.0,-2.4199999999999875,103,-10376.181911110052
95.0,-2.4199999999999875,104,-10377.391911110051
95.0,-2.4199999999999875,110,-10384.65191111005
95.0,-2.4199999999999875,118,-10394.33191111005
95.0,-2.4199999999999875,119,-10395.54191111005
95.0,-2.4199999999999875,119,-10395.54191111005
95.0,-2.4199999999999875,119,-10395.54191111005
95.00999999999999,-2.3999999999999915,104,-10412.55191111005
95.00999999999999,-2.3999999999999915,101,-10416.15191111005
95.00999999999999,-2.3999999999999915,83,-10437.751911110052
95.00999999999999,-2.3999999999999915,83,-10437.751911110052
95.00999999999999,-2.3999999999999915,100,-10458.15191111005
95.00999999999999,-2.3999999999999915,100,-10458.15191111005
95.00999999999999,-2.3999999999999915,100,-10458.15191111005
95.00999999999999,-2.3999999999999915,101,-10459.35191111005
95.00999999999999,-2.3999999999999915,87,-10476.15191111005
95.00999999999999,-2.3999999999999915,97,-10488.151911110048
95.00999999999999,-2.3999999999999915,97,-10488.151911110048
95.00999999999999,-2.3999999999999915,103,-10495.351911110047
95.00999999999999,-2.3999999999999915,103,-10495.351911110047
95.00999999999999,-2.3999999999999915,103,-10495.351911110047
95.00999999999999,-2.3999999999999915,107,-10500.151911110046
95.00999999999999,-2.3999999999999915,107,-10500.151911110046
95.00999999999999,-2.3999999999999915,107,-10500.151911110046
95.00999999999999,-2.3999999999999915,107,-10500.151911110046
95.00999999999999,-2.3999999999999915,105,-10502.551911110048
95.00999999999999,-2.3999999999999915,105,-10502.551911110048
95.00999999999999,-2.3999999999999915,105,-10502.551911110048
95.00999999999999,-2.3999999999999915,106,-10503.751911110046
95.00999999999999,-2.3999999999999915,105,-10504.951911110045
95.00999999999999,-2.3999999999999915,105,-10504.951911110045
95.00999999999999,-2.3999999999999915,105,-10504.951911110045
95.00999999999999,-2.3999999999999915,105,-10504.951911110045
95.00999999999999,-2.3999999999999915,99,-10512.151911110044
95.00999999999999,-2.3999999999999915,99,-10512.151911110044
95.00999999999999,-2.3999999999999915,99,-10512.151911110044
95.00999999999999,-2.3999999999999915,99,-10512.151911110044
95.00999999999999,-2.3999999999999915,98,-10513.351911110043
95.00999999999999,-2.3999999999999915,115,-10533.751911110043
95.00999999999999,-2.3999999999999915,115,-10533.751911110043
95.00999999999999,-2.3999999999999915,116,-10534.951911110042
95.00999999999999,-2.3999999999999915,116,-10534.951911110042
95.00999999999999,-2.3999999999999915,123,-10543.351911110043
95.00999999999999,-2.3999999999999915,123,-10543.351911110043
95.00999999999999,-2.3999999999999915,123,-10543.351911110043
95.00999999999999,-2.3999999999999915,123,-10543.351911110043
95.00999999999999,-2.3999999999999915,123,-10543.351911110043
95.00999999999999,-2.3999999999999915,170,-10599.751911110043
95.00999999999999,-2.3999999999999915,170,-10599.751911110043
95.01499999999999,-2.3900000000000006,150,-10622.851911110045
95.01499999999999,-2.3900000000000006,150,-10622.851911110045
95.02,-2.3799999999999955,143,-10630.481911110046
95.02,-2.3799999999999955,129,-10647.141911110046
95.02,-2.3799999999999955,120,-10657.851911110045
95.015,-2.3700000000000045,123,-10662.026911110044
95.015,-2.3700000000000045,113,-10673.876911110045
95.015,-2.3700000000000045,113,-10673.876911110045
95.02000000000001,-2.3599999999999994,95,-10694.701911110042
95.02000000000001,-2.3599999999999994,95,-10694.701911110042
95.02000000000001,-2.3599999999999994,109,-10711.221911110042
95.02000000000001,-2.3599999999999994,109,-10711.221911110042
95.02000000000001,-2.3599999999999994,103,-10718.30191111004
95.02000000000001,-2.3599999999999994,103,-10718.30191111004
95.02000000000001,-2.3599999999999994,103,-10718.30191111004
95.02000000000001,-2.3599999999999994,103,-10718.30191111004
95.02000000000001,-2.3599999999999994,99,-10723.02191111004
95.02000000000001,-2.3599999999999994,99,-10723.02191111004
95.02000000000001,-2.3599999999999994,99,-10723.02191111004
95.02000000000001,-2.3599999999999994,91,-10732.461911110038
95.02000000000001,-2.3599999999999994,91,-10732.461911110038
95.02000000000001,-2.3599999999999994,77,-10748.98191111004
95.02000000000001,-2.3599999999999994,77,-10748.98191111004
95.02000000000001,-2.3599999999999994,77,-10748.98191111004
95.02000000000001,-2.3599999999999994,77,-10748.98191111004
95.02000000000001,-2.3599999999999994,77,-10748.98191111004
95.02000000000001,-2.3599999999999994,76,-10750.16191111004
95.02000000000001,-2.3599999999999994,76,-10750.16191111004
95.02000000000001,-2.3599999999999994,76,-10750.16191111004
95.02000000000001,-2.3599999999999994,76,-10750.16191111004
95.02000000000001,-2.3599999999999994,76,-10750.16191111004
95.02000000000001,-2.3599999999999994,76,-10750.16191111004
95.02000000000001,-2.3599999999999994,76,-10750.16191111004
95.02000000000001,-2.3599999999999994,74,-10752.521911110041
95.02000000000001,-2.3599999999999994,56,-10773.76191111004
95.02000000000001,-2.3599999999999994,56,-10773.76191111004
95.02000000000001,-2.3599999999999994,56,-10773.76191111004
95.02000000000001,-2.3599999999999994,64,-10783.20191111004
95.02000000000001,-2.3599999999999994,64,-10783.20191111004
95.02000000000001,-2.3599999999999994,64,-10783.20191111004
95.02000000000001,-2.3599999999999994,64,-10783.20191111004
95.02000000000001,-2.3599999999999994,63,-10784.38191111004
95.02000000000001,-2.3599999999999994,53,-10796.181911110041
95.02000000000001,-2.3599999999999994,64,-10809.161911110039
95.02000000000001,-2.3599999999999994,64,-10809.161911110039
95.02000000000001,-2.3599999999999994,64,-10809.161911110039
95.02000000000001,-2.3599999999999994,64,-10809.161911110039
95.02000000000001,-2.3599999999999994,69,-10815.061911110039
95.02000000000001,-2.3599999999999994,76,-10823.32191111004
95.02000000000001,-2.3599999999999994,76,-10823.32191111004
95.02000000000001,-2.3599999999999994,76,-10823.32191111004
95.02000000000001,-2.3599999999999994,76,-10823.32191111004
95.02000000000001,-2.3599999999999994,64,-10837.481911110042
95.02000000000001,-2.3599999999999994,64,-10837.481911110042
95.02000000000001,-2.3599999999999994,64,-10837.481911110042
95.02000000000001,-2.3599999999999994,64,-10837.481911110042
95.02000000000001,-2.3599999999999994,64,-10837.481911110042
95.02000000000001,-2.3599999999999994,67,-10841.021911110041
95.02000000000001,-2.3599999999999994,61,-10848.10191111004
95.02000000000001,-2.3599999999999994,70,-10858.721911110038
95.02000000000001,-2.3599999999999994,78,-10868.161911110037
95.02000000000001,-2.3599999999999994,78,-10868.161911110037
95.02000000000001,-2.3599999999999994,78,-10868.161911110037
95.02000000000001,-2.3599999999999994,78,-10868.161911110037
95.02000000000001,-2.3599999999999994,78,-10868.161911110037
95.02000000000001,-2.3599999999999994,78,-10868.161911110037
95.02000000000001,-2.3599999999999994,78,-10868.161911110037
95.02000000000001,-2.3599999999999994,78,-10868.161911110037
95.02000000000001,-2.3599999999999994,78,-10868.161911110037
95.02000000000001,-2.3599999999999994,78,-10868.161911110037
95.02000000000001,-2.3599999999999994,78,-10868.161911110037
95.02000000000001,-2.3599999999999994,80,-10870.52191111004
95.02000000000001,-2.3599999999999994,79,-10871.701911110038
95.02000000000001,-2.3599999999999994,79,-10871.701911110038
95.02000000000001,-2.3599999999999994,79,-10871.701911110038
95.02000000000001,-2.3599999999999994,79,-10871.701911110038
95.02000000000001,-2.3599999999999994,79,-10871.701911110038
95.02000000000001,-2.3599999999999994,79,-10871.701911110038
95.02000000000001,-2.3599999999999994,79,-10871.701911110038
95.02000000000001,-2.3599999999999994,79,-10871.701911110038
95.02000000000001,-2.3599999999999994,79,-10871.701911110038
95.02000000000001,-2.3599999999999994,79,-10871.701911110038
95.02000000000001,-2.3599999999999994,79,-10871.701911110038
95.02000000000001,-2.3599999999999994,79,-10871.701911110038
95.02000000000001,-2.3599999999999994,79,-10871.701911110038
95.02000000000001,-2.3599999999999994,79,-10871.701911110038
95.02000000000001,-2.3599999999999994,88,-10882.321911110039
95.02000000000001,-2.3599999999999994,88,-10882.321911110039
95.02000000000001,-2.3599999999999994,79,-10892.941911110036
95.02000000000001,-2.3599999999999994,81,-10895.301911110038
95.02000000000001,-2.3599999999999994,81,-10895.301911110038
95.035,-2.3299999999999983,76,-10900.061911110039
95.035,-2.3299999999999983,76,-10900.061911110039
95.035,-2.3299999999999983,76,-10900.061911110039
95.035,-2.3299999999999983,76,-10900.061911110039
95.035,-2.3299999999999983,76,-10900.061911110039
95.035,-2.3299999999999983,76,-10900.061911110039
95.035,-2.3299999999999983,69,-10908.216911110037
95.035,-2.3299999999999983,52,-10928.021911110038
95.035,-2.3299999999999983,52,-10928.021911110038
95.035,-2.3299999999999983,52,-10928.021911110038
95.035,-2.3299999999999983,60,-10937.341911110037
95.035,-2.3299999999999983,60,-10937.341911110037
95.035,-2.3299999999999983,60,-10937.341911110037
95.035,-2.3299999999999983,60,-10937.341911110037
95.035,-2.3299999999999983,60,-10937.341911110037
95.03,-2.319999999999993,67,-10945.791911110033
95.03,-2.319999999999993,67,-10945.791911110033
95.025,-2.3100000000000023,89,-10971.596911110033
95.015,-2.289999999999992,123,-11011.796911110034
95.015,-2.289999999999992,123,-11011.796911110034
95.015,-2.289999999999992,123,-11011.796911110034
95.015,-2.289999999999992,124,-11012.941911110032
95.015,-2.289999999999992,124,-11012.941911110032
95.015,-2.289999999999992,124,-11012.941911110032
95.015,-2.289999999999992,124,-11012.941911110032
95.015,-2.289999999999992,124,-11012.941911110032
95.015,-2.289999999999992,121,-11016.376911110032
95.015,-2.289999999999992,122,-11017.521911110032
95.015,-2.289999999999992,122,-11017.521911110032
95.015,-2.289999999999992,122,-11017.521911110032
95.015,-2.289999999999992,122,-11017.521911110032
95.01,-2.280000000000001,142,-11041.111911110032
95.01,-2.280000000000001,142,-11041.111911110032
95.01,-2.280000000000001,142,-11041.111911110032
95.01,-2.280000000000001,142,-11041.111911110032
95.01,-2.280000000000001,119,-11067.33191111003
95.01,-2.280000000000001,119,-11067.33191111003
95.01,-2.280000000000001,119,-11067.33191111003
95.01,-2.280000000000001,119,-11067.33191111003
95.01,-2.280000000000001,108,-11079.87191111003
95.01,-2.280000000000001,108,-11079.87191111003
95.01,-2.280000000000001,108,-11079.87191111003
95.01,-2.280000000000001,108,-11079.87191111003
95.01,-2.280000000000001,108,-11079.87191111003
95.01,-2.280000000000001,108,-11079.87191111003
95.01,-2.280000000000001,112,-11084.431911110029
95.01,-2.280000000000001,112,-11084.431911110029
95.01,-2.280000000000001,112,-11084.431911110029
95.01,-2.280000000000001,112,-11084.431911110029
95.01,-2.280000000000001,112,-11084.431911110029
95.01,-2.280000000000001,97,-11101.531911110029
95.01,-2.280000000000001,97,-11101.531911110029
95.01,-2.280000000000001,97,-11101.531911110029
95.01,-2.280000000000001,97,-11101.531911110029
95.01,-2.280000000000001,95,-11103.811911110028
95.01,-2.280000000000001,114,-11125.471911110026
95.01,-2.280000000000001,114,-11125.471911110026
95.015,-2.2700000000000102,99,-11141.946911110026
95.015,-2.2700000000000102,99,-11141.946911110026
95.015,-2.2700000000000102,99,-11141.946911110026
95.015,-2.2700000000000102,99,-11141.946911110026
95.015,-2.2700000000000102,99,-11141.946911110026
95.015,-2.2700000000000102,99,-11141.946911110026
95.015,-2.2700000000000102,99,-11141.946911110026
95.015,-2.2700000000000102,106,-11149.891911110026
95.015,-2.2700000000000102,86,-11172.591911110027
95.015,-2.2700000000000102,86,-11172.591911110027
95.015,-2.2700000000000102,85,-11173.726911110027
95.015,-2.2700000000000102,85,-11173.726911110027
95.015,-2.2700000000000102,85,-11173.726911110027
95.015,-2.2700000000000102,79,-11180.536911110026
95.015,-2.2700000000000102,83,-11185.076911110027
95.015,-2.2700000000000102,83,-11185.076911110027
95.015,-2.2700000000000102,93,-11196.426911110026
95.015,-2.2700000000000102,109,-11214.586911110027
95.015,-2.2700000000000102,109,-11214.586911110027
95.015,-2.2700000000000102,109,-11214.586911110027
95.015,-2.2700000000000102,100,-11224.80191111003
95.015,-2.2700000000000102,100,-11224.80191111003
95.015,-2.2700000000000102,98,-11227.071911110032
95.02000000000001,-2.260000000000005,80,-11247.071911110032
95.02000000000001,-2.260000000000005,80,-11247.071911110032
95.02000000000001,-2.260000000000005,80,-11247.071911110032
95.02000000000001,-2.260000000000005,80,-11247.071911110032
95.02000000000001,-2.260000000000005,80,-11247.071911110032
95.02000000000001,-2.260000000000005,80,-11247.071911110032
95.02000000000001,-2.260000000000005,80,-11247.071911110032
95.02000000000001,-2.260000000000005,81,-11248.201911110033
95.02000000000001,-2.260000000000005,81,-11248.201911110033
95.02000000000001,-2.260000000000005,83,-11250.461911110033
95.02000000000001,-2.260000000000005,83,-11250.461911110033
95.02000000000001,-2.260000000000005,83,-11250.461911110033
95.005,-2.230000000000004,97,-11267.466911110036
95.005,-2.230000000000004,101,-11271.926911110035
95.005,-2.230000000000004,101,-11271.926911110035
95.005,-2.230000000000004,109,-11280.846911110033
95.005,-2.230000000000004,109,-11280.846911110033
95.005,-2.230000000000004,109,-11280.846911110033
95.005,-2.230000000000004,109,-11280.846911110033
95.005,-2.230000000000004,119,-11291.996911110034
95.005,-2.230000000000004,119,-11291.996911110034
95.005,-2.230000000000004,119,-11291.996911110034
95.005,-2.230000000000004,119,-11291.996911110034
95.005,-2.230000000000004,119,-11291.996911110034
95.005,-2.230000000000004,119,-11291.996911110034
95.005,-2.230000000000004,112,-11299.801911110035
95.005,-2.230000000000004,116,-11304.261911110034
95.005,-2.230000000000004,116,-11304.261911110034
95.005,-2.230000000000004,116,-11304.261911110034
95.005,-2.230000000000004,116,-11304.261911110034
95.0,-2.219999999999999,124,-11313.771911110034
95.0,-2.219999999999999,130,-11320.431911110034
95.0,-2.219999999999999,130,-11320.431911110034
95.0,-2.219999999999999,130,-11320.431911110034
95.0,-2.219999999999999,130,-11320.431911110034
95.0,-2.219999999999999,130,-11320.431911110034
95.0,-2.219999999999999,130,-11320.431911110034
95.0,-2.219999999999999,130,-11320.431911110034
95.0,-2.219999999999999,130,-11320.431911110034
94.99000000000001,-2.200000000000003,144,-11337.170661110034
94.99000000000001,-2.200000000000003,144,-11337.170661110034
94.99000000000001,-2.200000000000003,144,-11337.170661110034
94.99000000000001,-2.200000000000003,144,-11337.170661110034
94.99000000000001,-2.200000000000003,144,-11337.170661110034
94.99000000000001,-2.200000000000003,144,-11337.170661110034
94.99000000000001,-2.200000000000003,142,-11339.370661110035
94.99000000000001,-2.200000000000003,142,-11339.370661110035
94.99000000000001,-2.200000000000003,142,-11339.370661110035
94.99000000000001,-2.200000000000003,142,-11339.370661110035
94.99000000000001,-2.200000000000003,142,-11339.370661110035
94.99000000000001,-2.200000000000003,142,-11339.370661110035
94.99000000000001,-2.200000000000003,142,-11339.370661110035
94.99000000000001,-2.200000000000003,148,-11345.970661110037
94.99000000000001,-2.200000000000003,148,-11345.970661110037
94.99000000000001,-2.200000000000003,150,-11348.170661110036
94.99000000000001,-2.200000000000003,150,-11348.170661110036
94.99000000000001,-2.200000000000003,150,-11348.170661110036
94.99000000000001,-2.200000000000003,150,-11348.170661110036
94.99000000000001,-2.200000000000003,150,-11348.170661110036
94.99000000000001,-2.200000000000003,150,-11348.170661110036
94.99000000000001,-2.200000000000003,150,-11348.170661110036
94.99000000000001,-2.200000000000003,150,-11348.170661110036
94.99000000000001,-2.200000000000003,156,-11354.770661110037
94.99000000000001,-2.200000000000003,161,-11360.270661110038
94.99000000000001,-2.200000000000003,161,-11360.270661110038
94.99000000000001,-2.200000000000003,149,-11373.470661110037
94.99000000000001,-2.200000000000003,143,-11380.070661110038
94.99000000000001,-2.200000000000003,143,-11380.070661110038
94.985,-2.1899999999999977,152,-11390.65066111004
94.985,-2.1899999999999977,150,-11392.84066111004
94.985,-2.1899999999999977,151,-11393.935661110041
94.985,-2.1899999999999977,143,-11402.695661110043
94.985,-2.1899999999999977,143,-11402.695661110043
94.985,-2.1899999999999977,117,-11431.165661110042
94.985,-2.1899999999999977,117,-11431.165661110042
94.985,-2.1899999999999977,117,-11431.165661110042
94.985,-2.1899999999999977,117,-11431.165661110042
94.985,-2.1899999999999977,115,-11433.355661110045
94.985,-2.1899999999999977,115,-11433.355661110045
94.985,-2.1899999999999977,115,-11433.355661110045
94.985,-2.1899999999999977,118,-11436.640661110046
94.985,-2.1899999999999977,99,-11457.445661110047
94.985,-2.1899999999999977,99,-11457.445661110047
94.985,-2.1899999999999977,99,-11457.445661110047
94.985,-2.1899999999999977,99,-11457.445661110047
94.985,-2.1899999999999977,99,-11457.445661110047
94.985,-2.1899999999999977,99,-11457.445661110047
94.985,-2.1899999999999977,99,-11457.445661110047
94.985,-2.1899999999999977,93,-11464.015661110046
94.985,-2.1899999999999977,93,-11464.015661110046
94.985,-2.1899999999999977,93,-11464.015661110046
94.985,-2.1899999999999977,93,-11464.015661110046
94.97999999999999,-2.1799999999999926,105,-11477.640661110045
94.97999999999999,-2.1799999999999926,105,-11477.640661110045
94.97999999999999,-2.1799999999999926,107,-11479.820661110045
94.97999999999999,-2.1799999999999926,107,-11479.820661110045
94.97999999999999,-2.1799999999999926,110,-11483.090661110044
94.97,-2.1599999999999966,135,-11511.510661110042
94.97,-2.1599999999999966,135,-11511.510661110042
94.97,-2.1599999999999966,135,-11511.510661110042
94.97,-2.1599999999999966,159,-11537.430661110044
94.97,-2.1599999999999966,159,-11537.430661110044
94.97,-2.1599999999999966,158,-11538.510661110044
94.975,-2.1499999999999915,147,-11549.605661110045
94.975,-2.1499999999999915,147,-11549.605661110045
94.975,-2.1499999999999915,147,-11549.605661110045
94.975,-2.1499999999999915,147,-11549.605661110045
94.975,-2.1499999999999915,146,-11550.680661110044
94.975,-2.1499999999999915,146,-11550.680661110044
94.975,-2.1499999999999915,146,-11550.680661110044
94.975,-2.1499999999999915,146,-11550.680661110044
94.975,-2.1499999999999915,145,-11551.75566111004
94.975,-2.1499999999999915,145,-11551.75566111004
94.975,-2.1499999999999915,145,-11551.75566111004
94.975,-2.1499999999999915,142,-11554.980661110041
94.975,-2.1499999999999915,142,-11554.980661110041
94.975,-2.1499999999999915,142,-11554.980661110041
94.975,-2.1499999999999915,142,-11554.980661110041
94.975,-2.1499999999999915,142,-11554.980661110041
94.975,-2.1499999999999915,131,-11566.80566111004
94.975,-2.1499999999999915,130,-11567.880661110037
94.975,-2.1499999999999915,107,-11592.605661110038
94.975,-2.1499999999999915,107,-11592.605661110038
94.975,-2.1499999999999915,97,-11603.355661110038
94.975,-2.1499999999999915,97,-11603.355661110038
94.975,-2.1499999999999915,97,-11603.355661110038
94.975,-2.1499999999999915,81,-11620.555661110036
94.975,-2.1499999999999915,83,-11622.705661110034
94.975,-2.1499999999999915,83,-11622.705661110034
94.97,-2.1400000000000006,93,-11633.860661110037
94.97,-2.1400000000000006,86,-11641.350661110037
94.97,-2.1400000000000006,86,-11641.350661110037
94.97,-2.1400000000000006,85,-11642.420661110034
94.97,-2.1400000000000006,85,-11642.420661110034
94.97,-2.1400000000000006,85,-11642.420661110034
94.97,-2.1400000000000006,82,-11645.630661110034
94.97,-2.1400000000000006,82,-11645.630661110034
94.97,-2.1400000000000006,74,-11654.190661110035
94.97,-2.1400000000000006,74,-11654.190661110035
94.97,-2.1400000000000006,74,-11654.190661110035
94.97,-2.1400000000000006,74,-11654.190661110035
94.97,-2.1400000000000006,74,-11654.190661110035
94.97,-2.1400000000000006,74,-11654.190661110035
94.97,-2.1400000000000006,115,-11698.060661110034
94.97,-2.1400000000000006,115,-11698.060661110034
94.97,-2.1400000000000006,120,-11703.410661110034
94.97,-2.1400000000000006,120,-11703.410661110034
94.97,-2.1400000000000006,120,-11703.410661110034
94.97,-2.1400000000000006,120,-11703.410661110034
94.97,-2.1400000000000006,120,-11703.410661110034
94.97,-2.1400000000000006,120,-11703.410661110034
94.975,-2.1300000000000097,108,-11715.650661110034
94.975,-2.1300000000000097,108,-11715.650661110034
94.975,-2.1300000000000097,108,-11715.650661110034
94.975,-2.1300000000000097,110,-11717.780661110035
94.975,-2.1300000000000097,110,-11717.780661110035
94.97,-2.1200000000000045,121,-11730.050661110039
94.9625,-2.105000000000004,144,-11755.24066111004
94.9625,-2.105000000000004,145,-11756.29316111004
94.9625,-2.105000000000004,150,-11761.55566111004
94.9625,-2.105000000000004,150,-11761.55566111004
94.9625,-2.105000000000004,150,-11761.55566111004
94.9625,-2.105000000000004,151,-11762.608161110038
94.9625,-2.105000000000004,152,-11763.660661110038
94.9625,-2.105000000000004,147,-11768.923161110039
94.9625,-2.105000000000004,147,-11768.923161110039
94.9625,-2.105000000000004,147,-11768.923161110039
94.9625,-2.105000000000004,167,-11789.973161110038
94.9625,-2.105000000000004,167,-11789.973161110038
94.9625,-2.105000000000004,167,-11789.973161110038
94.9625,-2.105000000000004,167,-11789.973161110038
94.9625,-2.105000000000004,167,-11789.973161110038
94.9625,-2.105000000000004,140,-11818.39066111004
94.9625,-2.105000000000004,140,-11818.39066111004
94.9625,-2.105000000000004,149,-11827.863161110037
94.9625,-2.105000000000004,149,-11827.863161110037
94.9625,-2.105000000000004,148,-11828.915661110037
94.9625,-2.105000000000004,148,-11828.915661110037
94.9625,-2.105000000000004,145,-11832.073161110038
94.9625,-2.105000000000004,145,-11832.073161110038
94.9625,-2.105000000000004,145,-11832.073161110038
94.9625,-2.105000000000004,145,-11832.073161110038
94.9625,-2.105000000000004,145,-11832.073161110038
94.9625,-2.105000000000004,145,-11832.073161110038
94.9625,-2.105000000000004,145,-11832.073161110038
94.9625,-2.105000000000004,145,-11832.073161110038
94.9675,-2.094999999999999,125,-11852.378161110038
94.965,-2.0900000000000034,131,-11858.965661110036
94.965,-2.0900000000000034,126,-11864.190661110038
94.965,-2.0900000000000034,126,-11864.190661110038
94.965,-2.0900000000000034,126,-11864.190661110038
94.965,-2.0900000000000034,140,-11878.820661110038
94.965,-2.0900000000000034,140,-11878.820661110038
94.965,-2.0900000000000034,140,-11878.820661110038
94.965,-2.0900000000000034,134,-11885.090661110036
94.965,-2.0900000000000034,134,-11885.090661110036
94.965,-2.0900000000000034,134,-11885.090661110036
94.965,-2.0900000000000034,134,-11885.090661110036
94.965,-2.0900000000000034,134,-11885.090661110036
94.965,-2.0900000000000034,133,-11886.135661110038
94.965,-2.0900000000000034,133,-11886.135661110038
94.965,-2.089999999999989,143,-11896.585661110037
94.965,-2.089999999999989,143,-11896.585661110037
94.965,-2.089999999999989,143,-11896.585661110037
94.96000000000001,-2.0799999999999983,147,-11901.480661110038
94.96000000000001,-2.0799999999999983,142,-11906.680661110038
94.95,-2.0600000000000023,155,-11921.650661110041
94.95,-2.0600000000000023,155,-11921.650661110041
94.95,-2.0600000000000023,155,-11921.650661110041
94.95,-2.0600000000000023,155,-11921.650661110041
94.965,-2.030000000000001,143,-11931.63566111004
94.965,-2.030000000000001,146,-11934.680661110038
94.965,-2.030000000000001,150,-11938.740661110038
94.965,-2.030000000000001,148,-11940.770661110037
94.965,-2.030000000000001,145,-11943.815661110037
94.945,-1.9899999999999949,159,-11960.995661110037
94.945,-1.9899999999999949,155,-11964.975661110038
94.945,-1.9899999999999949,155,-11964.975661110038
94.945,-1.9899999999999949,155,-11964.975661110038
94.945,-1.9899999999999949,137,-11982.88566111004
94.945,-1.9899999999999949,139,-11984.87566111004
94.945,-1.9899999999999949,139,-11984.87566111004
94.945,-1.9899999999999949,139,-11984.87566111004
94.945,-1.9899999999999949,139,-11984.87566111004
94.945,-1.9899999999999949,139,-11984.87566111004
94.945,-1.9899999999999949,121,-12002.785661110041
94.945,-1.9899999999999949,112,-12011.740661110041
94.94999999999999,-1.980000000000004,101,-12022.120661110044
94.94999999999999,-1.980000000000004,101,-12022.120661110044
94.94999999999999,-1.980000000000004,101,-12022.120661110044
94.94999999999999,-1.980000000000004,101,-12022.120661110044
94.94,-1.960000000000008,115,-12036.950661110042
94.94,-1.960000000000008,109,-12042.830661110045
94.94,-1.960000000000008,109,-12042.830661110045
94.94,-1.960000000000008,103,-12048.710661110046
94.94,-1.960000000000008,103,-12048.710661110046
94.94,-1.960000000000008,103,-12048.710661110046
94.94,-1.960000000000008,103,-12048.710661110046
94.94,-1.960000000000008,103,-12048.710661110046
94.94,-1.960000000000008,95,-12056.550661110046
94.975,-1.8900000000000006,64,-12083.600661110047
94.975,-1.8900000000000006,77,-12095.885661110045
94.975,-1.8900000000000006,77,-12095.885661110045
94.975,-1.8900000000000006,75,-12097.775661110045
94.975,-1.8900000000000006,76,-12098.720661110045
94.975,-1.8900000000000006,91,-12112.895661110042
94.975,-1.8900000000000006,91,-12112.895661110042
94.975,-1.8900000000000006,91,-12112.895661110042
94.975,-1.8900000000000006,97,-12118.565661110044
94.97448672996768,-1.8889734599353574,103,-12124.288527923372
94.97448672996768,-1.8889734599353574,107,-12128.066474843241
94.97225505411625,-1.8845101082324902,122,-12142.480227971091
94.97225505411625,-1.8845101082324902,123,-12143.422483025208
94.97225505411625,-1.8845101082324902,123,-12143.422483025208
94.97225505411625,-1.8845101082324902,123,-12143.422483025208
94.97,-1.8799999999999955,136,-12155.94364744277
94.97,-1.8799999999999955,142,-12161.583647442769
94.97,-1.8799999999999955,142,-12161.583647442769
94.97,-1.8799999999999955,153,-12171.923647442767
94.97,-1.8799999999999955,153,-12171.923647442767
94.97,-1.8799999999999955,153,-12171.923647442767
94.97,-1.8799999999999955,153,-12171.923647442767
94.97,-1.8799999999999955,153,-12171.923647442767
94.97,-1.8799999999999955,153,-12171.923647442767
94.97,-1.8799999999999955,153,-12171.923647442767
94.97,-1.8799999999999955,143,-12181.323647442769
94.96000000000001,-1.8599999999999994,201,-12237.43517898456
94.96000000000001,-1.8599999999999994,201,-12237.43517898456
94.96000000000001,-1.8599999999999994,200,-12238.365178984564
94.96000000000001,-1.8599999999999994,200,-12238.365178984564
94.96000000000001,-1.8599999999999994,203,-12241.155178984562
94.96000000000001,-1.8599999999999994,212,-12249.52517898456
94.96000000000001,-1.8599999999999994,212,-12249.52517898456
94.96000000000001,-1.8599999999999994,212,-12249.52517898456
94.96000000000001,-1.8599999999999994,221,-12257.89517898456
94.96000000000001,-1.8599999999999994,225,-12261.61517898456
94.955,-1.8499999999999943,236,-12273.02517898456
94.955,-1.8499999999999943,236,-12273.02517898456
94.955,-1.8499999999999943,235,-12273.950178984564
94.955,-1.8499999999999943,235,-12273.950178984564
94.955,-1.8499999999999943,223,-12285.050178984562
94.955,-1.8499999999999943,223,-12285.050178984562
94.955,-1.8499999999999943,223,-12285.050178984562
94.955,-1.8499999999999943,223,-12285.050178984562
94.955,-1.8499999999999943,223,-12285.050178984562
94.955,-1.8499999999999943,223,-12285.050178984562
94.96000000000001,-1.8399999999999892,209,-12296.855178984555
94.96000000000001,-1.8399999999999892,209,-12296.855178984555
94.96000000000001,-1.8399999999999892,209,-12296.855178984555
94.96000000000001,-1.8399999999999892,201,-12304.215178984556
94.96000000000001,-1.8399999999999892,207,-12309.735178984556
94.96000000000001,-1.8399999999999892,200,-12316.175178984558
94.96000000000001,-1.8399999999999892,200,-12316.175178984558
94.96000000000001,-1.8399999999999892,200,-12316.175178984558
94.96000000000001,-1.8399999999999892,200,-12316.175178984558
94.96000000000001,-1.8399999999999892,200,-12316.175178984558
94.96000000000001,-1.8399999999999892,200,-12316.175178984558
94.96000000000001,-1.8399999999999892,200,-12316.175178984558
94.96000000000001,-1.8399999999999892,203,-12318.935178984557
94.96000000000001,-1.8399999999999892,203,-12318.935178984557
94.96000000000001,-1.8399999999999892,203,-12318.935178984557
94.96000000000001,-1.8399999999999892,203,-12318.935178984557
94.96000000000001,-1.8399999999999892,202,-12319.855178984555
94.96000000000001,-1.8399999999999892,202,-12319.855178984555
94.965,-1.8299999999999983,187,-12332.610178984556
94.965,-1.8299999999999983,191,-12336.270178984556
94.965,-1.8299999999999983,176,-12349.995178984558
94.965,-1.8299999999999983,176,-12349.995178984558
94.965,-1.8299999999999983,171,-12354.570178984557
94.965,-1.8299999999999983,171,-12354.570178984557
94.965,-1.8299999999999983,171,-12354.570178984557
94.965,-1.8299999999999983,172,-12355.485178984558
94.965,-1.8299999999999983,172,-12355.485178984558
94.965,-1.8299999999999983,172,-12355.485178984558
94.965,-1.8299999999999983,172,-12355.485178984558
94.965,-1.8299999999999983,170,-12357.31517898456
94.965,-1.8299999999999983,193,-12378.36017898456
94.965,-1.8299999999999983,201,-12385.68017898456
94.965,-1.8299999999999983,198,-12388.425178984558
94.965,-1.8299999999999983,198,-12388.425178984558
94.965,-1.8299999999999983,198,-12388.425178984558
94.965,-1.8299999999999983,198,-12388.425178984558
94.945,-1.7900000000000063,207,-12400.640178984562
94.945,-1.7900000000000063,207,-12400.640178984562
94.945,-1.7900000000000063,207,-12400.640178984562
94.945,-1.7900000000000063,207,-12400.640178984562
94.945,-1.7900000000000063,207,-12400.640178984562
94.945,-1.7900000000000063,207,-12400.640178984562
94.945,-1.7900000000000063,207,-12400.640178984562
94.945,-1.7900000000000063,207,-12400.640178984562
94.945,-1.7900000000000063,207,-12400.640178984562
94.945,-1.7900000000000063,207,-12400.640178984562
94.945,-1.7900000000000063,207,-12400.640178984562
94.945,-1.7900000000000063,208,-12401.535178984563
94.945,-1.7900000000000063,208,-12401.535178984563
94.945,-1.7900000000000063,208,-12401.535178984563
94.925,-1.75,221,-12417.270178984563
94.925,-1.75,221,-12417.270178984563
94.925,-1.75,221,-12417.270178984563
94.91999999999999,-1.7399999999999949,229,-12425.355178984562
94.91999999999999,-1.7399999999999949,229,-12425.355178984562
94.91999999999999,-1.7399999999999949,229,-12425.355178984562
94.91999999999999,-1.7399999999999949,229,-12425.355178984562
94.91999999999999,-1.7399999999999949,229,-12425.355178984562
94.91999999999999,-1.7399999999999949,229,-12425.355178984562
94.91999999999999,-1.7399999999999949,229,-12425.355178984562
94.91999999999999,-1.7399999999999949,210,-12441.885178984561
94.91999999999999,-1.7399999999999949,211,-12442.75517898456
94.91999999999999,-1.7399999999999949,204,-12448.845178984564
94.91999999999999,-1.7399999999999949,204,-12448.845178984564
94.91999999999999,-1.7399999999999949,189,-12461.895178984563
94.91999999999999,-1.7399999999999949,194,-12466.245178984565
94.91999999999999,-1.7399999999999949,160,-12495.825178984564
94.91999999999999,-1.7399999999999949,159,-12496.695178984563
94.91999999999999,-1.7399999999999949,159,-12496.695178984563
94.91999999999999,-1.7399999999999949,154,-12501.045178984563
94.91999999999999,-1.7399999999999949,154,-12501.045178984563
94.91999999999999,-1.7399999999999949,154,-12501.045178984563
94.91999999999999,-1.7399999999999949,154,-12501.045178984563
94.91999999999999,-1.7399999999999949,154,-12501.045178984563
94.91999999999999,-1.7399999999999949,157,-12503.655178984562
94.91999999999999,-1.7399999999999949,147,-12512.355178984562
94.91999999999999,-1.7399999999999949,147,-12512.355178984562
94.91749999999999,-1.7349999999999994,164,-12527.50517898456
94.9325,-1.7049999999999983,111,-12571.017678984557
94.9325,-1.7049999999999983,110,-12571.870178984555
94.9325,-1.7049999999999983,110,-12571.870178984555
94.9325,-1.7049999999999983,102,-12578.690178984556
94.9325,-1.7049999999999983,102,-12578.690178984556
94.9325,-1.7049999999999983,110,-12585.510178984554
94.9325,-1.7049999999999983,110,-12585.510178984554
94.9325,-1.7049999999999983,110,-12585.510178984554
94.9325,-1.7049999999999983,110,-12585.510178984554
94.9325,-1.7049999999999983,110,-12585.510178984554
94.9325,-1.7049999999999983,101,-12593.182678984553
94.9325,-1.7049999999999983,101,-12593.182678984553
94.93,-1.7000000000000028,115,-12605.345178984553
94.93,-1.7000000000000028,133,-12620.645178984554
94.93,-1.7000000000000028,133,-12620.645178984554
94.93,-1.7000000000000028,121,-12630.845178984555
94.93,-1.7000000000000028,121,-12630.845178984555
94.93,-1.7000000000000028,121,-12630.845178984555
94.93,-1.7000000000000028,129,-12637.645178984556
94.93,-1.7000000000000028,129,-12637.645178984556
94.93,-1.7000000000000028,129,-12637.645178984556
94.93,-1.7000000000000028,129,-12637.645178984556
94.93,-1.7000000000000028,108,-12655.495178984556
94.93,-1.7000000000000028,108,-12655.495178984556
94.93,-1.7000000000000028,108,-12655.495178984556
94.93,-1.7000000000000028,108,-12655.495178984556
94.93,-1.7000000000000028,108,-12655.495178984556
94.93,-1.7000000000000028,108,-12655.495178984556
94.945,-1.6700000000000017,94,-12665.835178984556
94.945,-1.6700000000000017,94,-12665.835178984556
94.945,-1.6700000000000017,94,-12665.835178984556
94.945,-1.6700000000000017,94,-12665.835178984556
94.945,-1.6700000000000017,94,-12665.835178984556
94.945,-1.6700000000000017,98,-12669.175178984557
94.945,-1.6700000000000017,98,-12669.175178984557
94.945,-1.6700000000000017,98,-12669.175178984557
94.945,-1.6700000000000017,104,-12674.185178984557
94.945,-1.6700000000000017,104,-12674.185178984557
94.945,-1.6700000000000017,104,-12674.185178984557
94.945,-1.6700000000000017,104,-12674.185178984557
94.945,-1.6700000000000017,104,-12674.185178984557
94.945,-1.6700000000000017,104,-12674.185178984557
94.945,-1.6700000000000017,104,-12674.185178984557
94.95,-1.6599999999999966,97,-12679.525178984555
94.95,-1.6599999999999966,125,-12702.765178984555
94.95,-1.6599999999999966,125,-12702.765178984555
94.95,-1.6599999999999966,125,-12702.765178984555
94.95,-1.6599999999999966,125,-12702.765178984555
94.95,-1.6599999999999966,125,-12702.765178984555
94.95,-1.6599999999999966,125,-12702.765178984555
94.95,-1.6599999999999966,117,-12709.405178984556
94.95,-1.6599999999999966,117,-12709.405178984556
94.95,-1.6599999999999966,117,-12709.405178984556
94.95,-1.6599999999999966,117,-12709.405178984556
94.95,-1.6599999999999966,119,-12711.065178984556
94.95,-1.6599999999999966,119,-12711.065178984556
94.95,-1.6599999999999966,115,-12714.385178984558
94.945,-1.6499999999999915,139,-12734.88017898456
94.945,-1.6499999999999915,139,-12734.88017898456
94.945,-1.6499999999999915,142,-12737.355178984562
94.93,-1.6199999999999903,175,-12766.46517898456
94.93,-1.6199999999999903,175,-12766.46517898456
94.93,-1.6199999999999903,165,-12774.565178984558
94.93,-1.6199999999999903,165,-12774.565178984558
94.93,-1.6199999999999903,166,-12775.37517898456
94.93,-1.6199999999999903,166,-12775.37517898456
94.93,-1.6199999999999903,164,-12776.995178984558
94.93,-1.6199999999999903,163,-12777.805178984558
94.93,-1.6199999999999903,162,-12778.615178984559
94.93,-1.6199999999999903,158,-12781.85517898456
94.93,-1.6199999999999903,158,-12781.85517898456
94.93,-1.6199999999999903,162,-12785.095178984559
94.93,-1.6199999999999903,162,-12785.095178984559
94.93,-1.6199999999999903,162,-12785.095178984559
94.93,-1.6199999999999903,162,-12785.095178984559
94.91499999999999,-1.5899999999999892,171,-12794.92017898456
94.91499999999999,-1.5899999999999892,171,-12794.92017898456
94.91499999999999,-1.5899999999999892,156,-12806.84517898456
94.91499999999999,-1.5899999999999892,156,-12806.84517898456
94.91499999999999,-1.5899999999999892,156,-12806.84517898456
94.91499999999999,-1.5899999999999892,156,-12806.84517898456
94.91499999999999,-1.5899999999999892,156,-12806.84517898456
94.91499999999999,-1.5899999999999892,160,-12810.02517898456
94.925,-1.5699999999999932,133,-12829.880178984558
94.925,-1.5699999999999932,146,-12840.085178984558
94.925,-1.5699999999999932,140,-12844.795178984557
94.925,-1.5699999999999932,139,-12845.58017898456
94.925,-1.5699999999999932,139,-12845.58017898456
94.925,-1.5699999999999932,158,-12860.49517898456
94.925,-1.5699999999999932,158,-12860.49517898456
94.925,-1.5699999999999932,156,-12862.065178984561
94.91499999999999,-1.5499999999999972,179,-12881.510178984561
94.91499999999999,-1.5499999999999972,179,-12881.510178984561
94.91499999999999,-1.5499999999999972,179,-12881.510178984561
94.91499999999999,-1.5499999999999972,179,-12881.510178984561
94.91499999999999,-1.5499999999999972,179,-12881.510178984561
94.91499999999999,-1.5499999999999972,179,-12881.510178984561
94.91499999999999,-1.5499999999999972,179,-12881.510178984561
94.91499999999999,-1.5499999999999972,178,-12882.285178984563
94.91499999999999,-1.5499999999999972,178,-12882.285178984563
94.92,-1.539999999999992,171,-12886.84517898456
94.92,-1.539999999999992,169,-12888.385178984561
94.92,-1.539999999999992,162,-12893.77517898456
94.92,-1.539999999999992,174,-12903.015178984559
94.92,-1.539999999999992,174,-12903.015178984559
94.92,-1.539999999999992,174,-12903.015178984559
94.92,-1.539999999999992,174,-12903.015178984559
94.92,-1.539999999999992,174,-12903.015178984559
94.92,-1.539999999999992,174,-12903.015178984559
94.92,-1.539999999999992,174,-12903.015178984559
94.92,-1.539999999999992,167,-12908.405178984562
94.92,-1.539999999999992,167,-12908.405178984562
94.92,-1.539999999999992,167,-12908.405178984562
94.92,-1.539999999999992,160,-12913.795178984561
94.92,-1.539999999999992,160,-12913.795178984561
94.92,-1.539999999999992,160,-12913.795178984561
94.92,-1.539999999999992,160,-12913.795178984561
94.92,-1.539999999999992,160,-12913.795178984561
94.92,-1.539999999999992,160,-12913.795178984561
94.92,-1.539999999999992,160,-12913.795178984561
94.92,-1.539999999999992,160,-12913.795178984561
94.92,-1.539999999999992,171,-12922.265178984562
94.92,-1.539999999999992,171,-12922.265178984562
94.92,-1.539999999999992,160,-12930.73517898456
94.92,-1.539999999999992,160,-12930.73517898456
94.92,-1.539999999999992,162,-12932.27517898456
94.92,-1.539999999999992,162,-12932.27517898456
94.92,-1.539999999999992,162,-12932.27517898456
94.925,-1.5300000000000011,125,-12960.02017898456
94.925,-1.5300000000000011,124,-12960.78517898456
94.925,-1.5300000000000011,124,-12960.78517898456
94.925,-1.5300000000000011,124,-12960.78517898456
94.925,-1.5300000000000011,124,-12960.78517898456
94.925,-1.5300000000000011,125,-12961.550178984558
94.925,-1.5300000000000011,125,-12961.550178984558
94.925,-1.5300000000000011,125,-12961.550178984558
94.925,-1.5300000000000011,125,-12961.550178984558
94.925,-1.5300000000000011,129,-12964.610178984558
94.925,-1.5300000000000011,126,-12966.905178984558
94.925,-1.5300000000000011,126,-12966.905178984558
94.925,-1.5300000000000011,126,-12966.905178984558
94.925,-1.5300000000000011,127,-12967.670178984556
94.925,-1.5300000000000011,127,-12967.670178984556
94.925,-1.5300000000000011,127,-12967.670178984556
94.925,-1.5300000000000011,127,-12967.670178984556
94.925,-1.5300000000000011,127,-12967.670178984556
94.925,-1.5300000000000011,127,-12967.670178984556
94.925,-1.5300000000000011,109,-12981.440178984556
94.925,-1.5300000000000011,109,-12981.440178984556
94.925,-1.5300000000000011,109,-12981.440178984556
94.925,-1.5300000000000011,95,-12992.150178984553
94.925,-1.5300000000000011,74,-13008.215178984552
94.925,-1.5300000000000011,74,-13008.215178984552
94.925,-1.5300000000000011,73,-13008.980178984553
94.925,-1.5300000000000011,78,-13012.805178984554
94.92,-1.5200000000000102,91,-13023.115178984552
94.92500000000001,-1.5100000000000051,71,-13037.86017898455
94.92500000000001,-1.5100000000000051,73,-13039.37017898455
94.92500000000001,-1.5100000000000051,82,-13046.16517898455
94.92500000000001,-1.5100000000000051,78,-13049.18517898455
94.92500000000001,-1.5100000000000051,78,-13049.18517898455
94.92500000000001,-1.5100000000000051,102,-13067.30517898455
94.92500000000001,-1.5100000000000051,115,-13077.120178984549
94.92500000000001,-1.5100000000000051,115,-13077.120178984549
94.92500000000001,-1.5100000000000051,115,-13077.120178984549
94.92500000000001,-1.5100000000000051,115,-13077.120178984549
94.92500000000001,-1.5100000000000051,115,-13077.120178984549
94.92500000000001,-1.5100000000000051,115,-13077.120178984549
94.92500000000001,-1.5100000000000051,116,-13077.87517898455
94.92500000000001,-1.5100000000000051,120,-13080.89517898455
94.92500000000001,-1.5100000000000051,120,-13080.89517898455
94.92500000000001,-1.5100000000000051,131,-13089.20017898455
94.92500000000001,-1.5100000000000051,131,-13089.20017898455
94.92500000000001,-1.5100000000000051,131,-13089.20017898455
94.92500000000001,-1.5100000000000051,131,-13089.20017898455
94.92500000000001,-1.5100000000000051,124,-13094.485178984552
94.92500000000001,-1.5100000000000051,124,-13094.485178984552
94.92500000000001,-1.5100000000000051,124,-13094.485178984552
94.92500000000001,-1.5100000000000051,124,-13094.485178984552
94.92500000000001,-1.5100000000000051,124,-13094.485178984552
94.92500000000001,-1.5100000000000051,124,-13094.485178984552
94.92500000000001,-1.5100000000000051,117,-13099.770178984552
94.92500000000001,-1.5100000000000051,117,-13099.770178984552
94.92500000000001,-1.5100000000000051,117,-13099.770178984552
94.922804043293,-1.505608086585994,121,-13103.055889746103
94.922804043293,-1.505608086585994,123,-13104.561497832687
94.922804043293,-1.505608086585994,123,-13104.561497832687
94.922804043293,-1.505608086585994,122,-13105.314301875982
94.922804043293,-1.505608086585994,122,-13105.314301875982
94.922804043293,-1.505608086585994,122,-13105.314301875982
94.9225,-1.5049999999999955,134,-13114.382003244313
94.9225,-1.5049999999999955,134,-13114.382003244313
94.9225,-1.5049999999999955,127,-13119.649503244314
94.9225,-1.5049999999999955,127,-13119.649503244314
94.9225,-1.5049999999999955,127,-13119.649503244314
94.9225,-1.5049999999999955,127,-13119.649503244314
94.9225,-1.5049999999999955,127,-13119.649503244314
94.9225,-1.5049999999999955,127,-13119.649503244314
94.9225,-1.5049999999999955,127,-13119.649503244314
94.9225,-1.5049999999999955,127,-13119.649503244314
94.9225,-1.5049999999999955,122,-13123.412003244315
94.9225,-1.5049999999999955,122,-13123.412003244315
94.9225,-1.5049999999999955,123,-13124.164503244314
94.9225,-1.5049999999999955,113,-13131.689503244314
94.9225,-1.5049999999999955,113,-13131.689503244314
94.9225,-1.5049999999999955,112,-13132.442003244316
94.9225,-1.5049999999999955,112,-13132.442003244316
94.9225,-1.5049999999999955,112,-13132.442003244316
94.9225,-1.5049999999999955,112,-13132.442003244316
94.9225,-1.5049999999999955,113,-13133.194503244315
94.9225,-1.5049999999999955,113,-13133.194503244315
94.9225,-1.5049999999999955,113,-13133.194503244315
94.92750000000001,-1.4949999999999903,101,-13141.679503244311
94.92750000000001,-1.4949999999999903,101,-13141.679503244311
94.92750000000001,-1.4949999999999903,101,-13141.679503244311
94.92750000000001,-1.4949999999999903,101,-13141.679503244311
94.92750000000001,-1.4949999999999903,101,-13141.679503244311
94.92750000000001,-1.4949999999999903,101,-13141.679503244311
94.92750000000001,-1.4949999999999903,101,-13141.679503244311
94.92750000000001,-1.4949999999999903,101,-13141.679503244311
94.92750000000001,-1.4949999999999903,101,-13141.679503244311
94.92750000000001,-1.4949999999999903,101,-13141.679503244311
94.92750000000001,-1.4949999999999903,95,-13146.16450324431
94.92750000000001,-1.4949999999999903,91,-13149.15450324431
94.92750000000001,-1.4949999999999903,91,-13149.15450324431
94.92750000000001,-1.4949999999999903,91,-13149.15450324431
94.9325,-1.4849999999999994,71,-13163.609503244308
94.9325,-1.4849999999999994,71,-13163.609503244308
94.9325,-1.4849999999999994,72,-13164.352003244308
94.9325,-1.4849999999999994,67,-13168.064503244306
94.9325,-1.4849999999999994,67,-13168.064503244306
94.9325,-1.4849999999999994,67,-13168.064503244306
94.9325,-1.4849999999999994,67,-13168.064503244306
94.9325,-1.4849999999999994,53,-13178.459503244307
94.9325,-1.4849999999999994,53,-13178.459503244307
94.9325,-1.4849999999999994,46,-13183.657003244309
94.9325,-1.4849999999999994,46,-13183.657003244309
94.93,-1.480000000000004,64,-13197.157003244309
94.93,-1.480000000000004,64,-13197.157003244309
94.93,-1.480000000000004,57,-13202.337003244307
94.93,-1.480000000000004,57,-13202.337003244307
94.93,-1.480000000000004,57,-13202.337003244307
94.93,-1.480000000000004,57,-13202.337003244307
94.91,-1.4399999999999977,73,-13215.430026492024
94.91,-1.4399999999999977,73,-13215.430026492024
94.91,-1.4399999999999977,73,-13215.430026492024
94.91,-1.4399999999999977,85,-13224.070026492027
94.91,-1.4399999999999977,85,-13224.070026492027
94.91,-1.4399999999999977,85,-13224.070026492027
94.91,-1.4399999999999977,85,-13224.070026492027
94.91,-1.4399999999999977,85,-13224.070026492027
94.91,-1.4399999999999977,99,-13234.150026492025
94.91,-1.4399999999999977,99,-13234.150026492025
94.91,-1.4399999999999977,99,-13234.150026492025
94.91,-1.4399999999999977,99,-13234.150026492025
94.91,-1.4399999999999977,99,-13234.150026492025
94.91,-1.4399999999999977,99,-13234.150026492025
94.91,-1.4399999999999977,99,-13234.150026492025
94.91,-1.4399999999999977,99,-13234.150026492025
94.91,-1.4399999999999977,99,-13234.150026492025
94.91,-1.4399999999999977,99,-13234.150026492025
94.91,-1.4399999999999977,88,-13242.070026492025
94.91,-1.4399999999999977,88,-13242.070026492025
94.91,-1.4399999999999977,88,-13242.070026492025
94.91,-1.4399999999999977,87,-13242.790026492026
94.91,-1.4399999999999977,87,-13242.790026492026
94.91999999999999,-1.4200000000000017,60,-13261.410026492029
94.91999999999999,-1.4200000000000017,60,-13261.410026492029
94.91999999999999,-1.4200000000000017,55,-13264.96002649203
94.91999999999999,-1.4200000000000017,55,-13264.96002649203
94.91999999999999,-1.4200000000000017,60,-13268.510026492031
94.91999999999999,-1.4200000000000017,60,-13268.510026492031
94.925,-1.4099999999999966,49,-13276.055026492031
94.925,-1.4099999999999966,49,-13276.055026492031
94.925,-1.4099999999999966,49,-13276.055026492031
94.925,-1.4099999999999966,49,-13276.055026492031
94.925,-1.4099999999999966,52,-13278.170026492033
94.925,-1.4099999999999966,52,-13278.170026492033
94.925,-1.4099999999999966,52,-13278.170026492033
94.925,-1.4099999999999966,48,-13280.99002649203
94.925,-1.4099999999999966,57,-13287.33502649203
94.925,-1.4099999999999966,57,-13287.33502649203
94.925,-1.4099999999999966,57,-13287.33502649203
94.925,-1.4099999999999966,57,-13287.33502649203
94.925,-1.4099999999999966,57,-13287.33502649203
94.925,-1.4099999999999966,57,-13287.33502649203
94.925,-1.4099999999999966,59,-13288.745026492026
94.925,-1.4099999999999966,59,-13288.745026492026
94.925,-1.4099999999999966,59,-13288.745026492026
94.925,-1.4099999999999966,59,-13288.745026492026
94.925,-1.4099999999999966,59,-13288.745026492026
94.925,-1.4099999999999966,43,-13300.025026492027
94.92051191329955,-1.4010238265991148,55,-13308.669038046744
94.92051191329955,-1.4010238265991148,55,-13308.669038046744
94.92051191329955,-1.4010238265991148,57,-13310.070061873344
94.92051191329955,-1.4010238265991148,57,-13310.070061873344
94.92051191329955,-1.4010238265991148,58,-13310.770573786645
94.92051191329955,-1.4010238265991148,59,-13311.471085699945
94.92051191329955,-1.4010238265991148,59,-13311.471085699945
94.92051191329955,-1.4010238265991148,59,-13311.471085699945
94.92051191329955,-1.4010238265991148,58,-13312.171597613244
94.92051191329955,-1.4010238265991148,58,-13312.171597613244
94.92,-1.4000000000000057,65,-13317.106407717616
94.92,-1.4000000000000057,64,-13317.806407717613
94.92,-1.4000000000000057,64,-13317.806407717613
94.92,-1.4000000000000057,64,-13317.806407717613
94.92,-1.4000000000000057,64,-13317.806407717613
94.92,-1.4000000000000057,64,-13317.806407717613
94.92,-1.4000000000000057,78,-13327.606407717614
94.92,-1.4000000000000057,79,-13328.306407717613
94.92,-1.4000000000000057,79,-13328.306407717613
94.92,-1.4000000000000057,79,-13328.306407717613
94.92,-1.4000000000000057,79,-13328.306407717613
94.92,-1.4000000000000057,79,-13328.306407717613
94.92500000000001,-1.3900000000000006,71,-13333.531407717614
94.90572265624999,-1.3514453124999903,88,-13346.511915530116
94.90572265624999,-1.3514453124999903,87,-13347.187638186366
94.90572265624999,-1.3514453124999903,87,-13347.187638186366
94.90572265624999,-1.3514453124999903,87,-13347.187638186366
94.90572265624999,-1.3514453124999903,87,-13347.187638186366
94.90572265624999,-1.3514453124999903,87,-13347.187638186366
94.90557602882384,-1.3511520576476954,98,-13354.63208845988
94.90557602882384,-1.3511520576476954,98,-13354.63208845988
94.91057602882384,-1.3411520576477045,80,-13366.38245697871
94.91057602882384,-1.3411520576477045,80,-13366.38245697871
94.91057602882384,-1.3411520576477045,89,-13372.417641238126
94.91557602882385,-1.3311520576476994,67,-13386.705313872251
94.91557602882385,-1.3311520576476994,67,-13386.705313872251
94.91557602882385,-1.3311520576476994,67,-13386.705313872251
94.91557602882385,-1.3311520576476994,41,-13404.01029062167
94.91557602882385,-1.3311520576476994,41,-13404.01029062167
94.91557602882385,-1.3311520576476994,41,-13404.01029062167
94.91557602882385,-1.3311520576476994,50,-13410.000474881086
94.91557602882385,-1.3311520576476994,47,-13411.99720296756
94.91557602882385,-1.3311520576476994,47,-13411.99720296756
94.91557602882385,-1.3311520576476994,44,-13413.993931054029
94.91557602882385,-1.3311520576476994,40,-13416.656235169325
94.91557602882385,-1.3311520576476994,40,-13416.656235169325
94.91557602882385,-1.3311520576476994,40,-13416.656235169325
94.91557602882385,-1.3311520576476994,28,-13424.643147515211
94.91557602882385,-1.3311520576476994,28,-13424.643147515211
94.91557602882385,-1.3311520576476994,27,-13425.308723544034
94.91557602882385,-1.3311520576476994,27,-13425.308723544034
94.91557602882385,-1.3311520576476994,27,-13425.308723544034
94.91557602882385,-1.3311520576476994,27,-13425.308723544034
94.91557602882385,-1.3311520576476994,27,-13425.308723544034
94.91557602882385,-1.3311520576476994,27,-13425.308723544034
94.91557602882385,-1.3311520576476994,27,-13425.308723544034
94.91499999999999,-1.3299999999999983,40,-13433.97964484111
94.91499999999999,-1.3299999999999983,40,-13433.97964484111
94.91499999999999,-1.3299999999999983,28,-13441.95964484111
94.91499999999999,-1.3299999999999983,28,-13441.95964484111
94.91499999999999,-1.3299999999999983,21,-13446.61464484111
94.91499999999999,-1.3299999999999983,17,-13449.274644841109
94.91499999999999,-1.3299999999999983,17,-13449.274644841109
94.91499999999999,-1.3299999999999983,17,-13449.274644841109
94.91499999999999,-1.3299999999999983,16,-13449.93964484111
94.91499999999999,-1.3299999999999983,16,-13449.93964484111
94.91499999999999,-1.3299999999999983,15,-13450.604644841109
94.91499999999999,-1.3299999999999983,16,-13451.26964484111
94.91499999999999,-1.3299999999999983,16,-13451.26964484111
94.91499999999999,-1.3299999999999983,18,-13452.59964484111
94.91499999999999,-1.3299999999999983,18,-13452.59964484111
94.91499999999999,-1.3299999999999983,18,-13452.59964484111
94.91499999999999,-1.3299999999999983,18,-13452.59964484111
94.91499999999999,-1.3299999999999983,18,-13452.59964484111
94.91499999999999,-1.3299999999999983,18,-13452.59964484111
94.91499999999999,-1.3299999999999983,18,-13452.59964484111
94.94,-1.2800000000000011,-18,-13476.23964484111
94.94,-1.2800000000000011,-18,-13476.23964484111
94.94,-1.2800000000000011,-18,-13476.23964484111
94.94,-1.2800000000000011,-12,-13480.07964484111
94.94,-1.2800000000000011,-12,-13480.07964484111
94.94,-1.2800000000000011,-6,-13483.919644841108
94.935,-1.269999999999996,13,-13495.964644841108
94.935,-1.269999999999996,12,-13496.59964484111
94.94,-1.259999999999991,-3,-13506.04964484111
94.945,-1.25,-13,-13512.324644841112
94.945,-1.25,-13,-13512.324644841112
94.945,-1.25,-13,-13512.324644841112
94.945,-1.25,-13,-13512.324644841112
94.945,-1.25,-14,-13512.949644841112
94.945,-1.25,-14,-13512.949644841112
94.945,-1.25,-14,-13512.949644841112
94.945,-1.25,-14,-13512.949644841112
94.945,-1.25,-14,-13512.949644841112
94.945,-1.25,-14,-13512.949644841112
94.945,-1.25,-14,-13512.949644841112
94.945,-1.25,-12,-13514.199644841112
94.945,-1.25,-12,-13514.199644841112
94.945,-1.25,-12,-13514.199644841112
94.945,-1.25,-12,-13514.199644841112
94.945,-1.25,-12,-13514.199644841112
94.945,-1.25,-20,-13519.199644841112
94.945,-1.25,-19,-13519.824644841112
94.945,-1.25,-19,-13519.824644841112
94.945,-1.25,-19,-13519.824644841112
94.945,-1.25,-21,-13521.074644841112
94.945,-1.25,-21,-13521.074644841112
94.945,-1.25,-23,-13522.324644841112
94.945,-1.25,-23,-13522.324644841112
94.945,-1.25,-23,-13522.324644841112
94.945,-1.25,-23,-13522.324644841112
94.945,-1.25,-23,-13522.324644841112
94.945,-1.25,-6,-13532.949644841114
94.945,-1.25,-5,-13533.574644841114
94.945,-1.25,-9,-13536.074644841112
94.945,-1.25,-11,-13537.324644841114
94.945,-1.25,-11,-13537.324644841114
94.945,-1.25,-11,-13537.324644841114
94.945,-1.25,-12,-13537.949644841114
94.945,-1.25,-8,-13540.449644841114
94.945,-1.25,8,-13550.449644841114
94.945,-1.25,8,-13550.449644841114
94.945,-1.25,8,-13550.449644841114
94.955,-1.2299999999999898,-3,-13557.354644841113
94.955,-1.2299999999999898,-3,-13557.354644841113
94.955,-1.2299999999999898,-3,-13557.354644841113
94.955,-1.2299999999999898,-3,-13557.354644841113
94.955,-1.2299999999999898,8,-13564.119644841114
94.955,-1.2299999999999898,8,-13564.119644841114
94.955,-1.2299999999999898,8,-13564.119644841114
94.955,-1.2299999999999898,8,-13564.119644841114
94.955,-1.2299999999999898,8,-13564.119644841114
94.955,-1.2299999999999898,11,-13565.964644841113
94.955,-1.2299999999999898,11,-13565.964644841113
94.955,-1.2299999999999898,11,-13565.964644841113
94.955,-1.2299999999999898,11,-13565.964644841113
94.955,-1.2299999999999898,11,-13565.964644841113
94.955,-1.2299999999999898,11,-13565.964644841113
94.955,-1.2299999999999898,11,-13565.964644841113
94.955,-1.2299999999999898,17,-13569.654644841112
94.955,-1.2299999999999898,17,-13569.654644841112
94.955,-1.2299999999999898,17,-13569.654644841112
94.955,-1.2299999999999898,18,-13570.269644841112
94.955,-1.2299999999999898,19,-13570.884644841111
94.955,-1.2299999999999898,19,-13570.884644841111
94.955,-1.2299999999999898,19,-13570.884644841111
94.955,-1.2299999999999898,19,-13570.884644841111
94.955,-1.2299999999999898,19,-13570.884644841111
94.955,-1.2299999999999898,19,-13570.884644841111
94.955,-1.2299999999999898,19,-13570.884644841111
94.955,-1.2299999999999898,19,-13570.884644841111
94.955,-1.2299999999999898,19,-13570.884644841111
94.955,-1.2299999999999898,19,-13570.884644841111
94.955,-1.2299999999999898,19,-13570.884644841111
94.955,-1.2299999999999898,13,-13574.574644841112
94.955,-1.2299999999999898,13,-13574.574644841112
94.955,-1.2299999999999898,14,-13575.189644841113
94.955,-1.2299999999999898,14,-13575.189644841113
94.955,-1.2299999999999898,14,-13575.189644841113
94.955,-1.2299999999999898,14,-13575.189644841113
94.955,-1.2299999999999898,14,-13575.189644841113
94.955,-1.2299999999999898,14,-13575.189644841113
94.955,-1.2299999999999898,14,-13575.189644841113
94.955,-1.2299999999999898,14,-13575.189644841113
94.955,-1.2299999999999898,37,-13589.334644841114
94.955,-1.2299999999999898,37,-13589.334644841114
94.955,-1.2299999999999898,37,-13589.334644841114
94.955,-1.2299999999999898,25,-13596.714644841113
94.955,-1.2299999999999898,25,-13596.714644841113
94.955,-1.2299999999999898,26,-13597.329644841113
94.955,-1.2299999999999898,19,-13601.634644841113
94.955,-1.2299999999999898,32,-13609.629644841114
94.955,-1.2299999999999898,32,-13609.629644841114
94.955,-1.2299999999999898,22,-13615.779644841114
94.955,-1.2299999999999898,22,-13615.779644841114
94.955,-1.2299999999999898,22,-13615.779644841114
94.955,-1.2299999999999898,22,-13615.779644841114
94.955,-1.2299999999999898,31,-13621.314644841113
94.955,-1.2299999999999898,31,-13621.314644841113
94.955,-1.2299999999999898,28,-13623.159644841113
94.955,-1.2299999999999898,29,-13623.774644841113
94.955,-1.2299999999999898,17,-13631.154644841112
94.96,-1.2199999999999989,7,-13637.269644841113
94.96,-1.2199999999999989,3,-13639.709644841114
94.96,-1.2199999999999989,3,-13639.709644841114
94.965,-1.2099999999999937,-13,-13649.534644841113
94.965,-1.2099999999999937,-13,-13649.534644841113
94.965,-1.2099999999999937,-12,-13650.139644841112
94.965,-1.2099999999999937,-12,-13650.139644841112
94.965,-1.2099999999999937,-12,-13650.139644841112
94.965,-1.2099999999999937,-12,-13650.139644841112
94.965,-1.2099999999999937,-12,-13650.139644841112
94.965,-1.2099999999999937,-12,-13650.139644841112
94.965,-1.2099999999999937,-11,-13650.744644841112
94.965,-1.2099999999999937,-8,-13652.55964484111
94.965,-1.2099999999999937,-7,-13653.16464484111
94.965,-1.2099999999999937,-7,-13653.16464484111
94.965,-1.2099999999999937,-6,-13653.769644841112
94.965,-1.2099999999999937,-6,-13653.769644841112
94.965,-1.2099999999999937,-6,-13653.769644841112
94.965,-1.2099999999999937,-21,-13662.84464484111
94.965,-1.2099999999999937,-17,-13665.264644841112
94.965,-1.2099999999999937,-17,-13665.264644841112
94.965,-1.2099999999999937,-17,-13665.264644841112
94.965,-1.2099999999999937,-17,-13665.264644841112
94.965,-1.2099999999999937,-17,-13665.264644841112
94.965,-1.2099999999999937,-17,-13665.264644841112
94.965,-1.2099999999999937,-17,-13665.264644841112
94.965,-1.2099999999999937,-20,-13667.079644841113
94.965,-1.2099999999999937,-27,-13671.314644841112
94.965,-1.2099999999999937,-27,-13671.314644841112
94.965,-1.2099999999999937,-28,-13671.919644841111
94.965,-1.2099999999999937,-28,-13671.919644841111
94.965,-1.2099999999999937,-28,-13671.919644841111
94.965,-1.2099999999999937,-21,-13676.15464484111
94.965,-1.2099999999999937,-21,-13676.15464484111
94.965,-1.2099999999999937,-21,-13676.15464484111
94.965,-1.2099999999999937,-21,-13676.15464484111
94.965,-1.2099999999999937,-21,-13676.15464484111
94.965,-1.2099999999999937,-21,-13676.15464484111
94.965,-1.2099999999999937,-26,-13679.179644841111
94.97999999999999,-1.1799999999999926,-54,-13696.359644841112
94.97999999999999,-1.1799999999999926,-54,-13696.359644841112
94.97999999999999,-1.1799999999999926,-58,-13698.71964484111
94.97999999999999,-1.1799999999999926,-58,-13698.71964484111
94.97999999999999,-1.1799999999999926,-58,-13698.71964484111
94.97999999999999,-1.1799999999999926,-58,-13698.71964484111
94.97999999999999,-1.1799999999999926,-58,-13698.71964484111
94.97999999999999,-1.1799999999999926,-75,-13708.749644841111
94.97999999999999,-1.1799999999999926,-75,-13708.749644841111
94.97999999999999,-1.1799999999999926,-79,-13711.10964484111
94.97999999999999,-1.1799999999999926,-79,-13711.10964484111
94.97999999999999,-1.1799999999999926,-78,-13711.69964484111
94.97999999999999,-1.1799999999999926,-73,-13714.649644841109
94.97999999999999,-1.1799999999999926,-73,-13714.649644841109
94.97999999999999,-1.1799999999999926,-73,-13714.649644841109
94.97999999999999,-1.1799999999999926,-73,-13714.649644841109
94.97999999999999,-1.1799999999999926,-73,-13714.649644841109
94.97999999999999,-1.1799999999999926,-73,-13714.649644841109
94.97999999999999,-1.1799999999999926,-73,-13714.649644841109
94.97999999999999,-1.1799999999999926,-73,-13714.649644841109
94.97999999999999,-1.1799999999999926,-73,-13714.649644841109
94.97999999999999,-1.1799999999999926,-79,-13718.18964484111
94.97999999999999,-1.1799999999999926,-79,-13718.18964484111
94.97999999999999,-1.1799999999999926,-79,-13718.18964484111
94.97999999999999,-1.1799999999999926,-54,-13732.93964484111
94.97999999999999,-1.1799999999999926,-55,-13733.529644841112
94.97999999999999,-1.1799999999999926,-55,-13733.529644841112
94.97999999999999,-1.1799999999999926,-50,-13736.47964484111
94.97999999999999,-1.1799999999999926,-50,-13736.47964484111
94.97999999999999,-1.1799999999999926,-62,-13743.559644841112
94.97999999999999,-1.1799999999999926,-62,-13743.559644841112
94.97999999999999,-1.1799999999999926,-78,-13752.999644841111
94.97999999999999,-1.1799999999999926,-78,-13752.999644841111
94.97999999999999,-1.1799999999999926,-78,-13752.999644841111
94.97999999999999,-1.1799999999999926,-78,-13752.999644841111
94.97999999999999,-1.1799999999999926,-78,-13752.999644841111
94.97999999999999,-1.1799999999999926,-78,-13752.999644841111
94.97999999999999,-1.1799999999999926,-78,-13752.999644841111
94.97999999999999,-1.1799999999999926,-78,-13752.999644841111
94.97999999999999,-1.1799999999999926,-78,-13752.999644841111
94.97999999999999,-1.1799999999999926,-78,-13752.999644841111
94.97999999999999,-1.1799999999999926,-81,-13754.769644841112
94.97999999999999,-1.1799999999999926,-81,-13754.769644841112
94.97999999999999,-1.1799999999999926,-81,-13754.769644841112
94.97999999999999,-1.1799999999999926,-76,-13757.719644841112
94.975,-1.1700000000000017,-67,-13762.624644841113
94.975,-1.1700000000000017,-67,-13762.624644841113
94.975,-1.1700000000000017,-67,-13762.624644841113
94.975,-1.1700000000000017,-67,-13762.624644841113
94.975,-1.1700000000000017,-67,-13762.624644841113
94.975,-1.1700000000000017,-67,-13762.624644841113
94.975,-1.1700000000000017,-66,-13763.209644841114
94.975,-1.1700000000000017,-66,-13763.209644841114
94.975,-1.1700000000000017,-60,-13766.719644841112
94.975,-1.1700000000000017,-60,-13766.719644841112
94.975,-1.1700000000000017,-60,-13766.719644841112
94.975,-1.1700000000000017,-60,-13766.719644841112
94.975,-1.1700000000000017,-95,-13787.194644841113
94.975,-1.1700000000000017,-95,-13787.194644841113
94.975,-1.1700000000000017,-95,-13787.194644841113
94.975,-1.1700000000000017,-95,-13787.194644841113
94.975,-1.1700000000000017,-95,-13787.194644841113
94.975,-1.1700000000000017,-95,-13787.194644841113
94.97,-1.1599999999999966,-89,-13790.259644841113
94.97,-1.1599999999999966,-89,-13790.259644841113
94.97,-1.1599999999999966,-89,-13790.259644841113
94.97,-1.1599999999999966,-89,-13790.259644841113
94.97,-1.1599999999999966,-89,-13790.259644841113
94.97,-1.1599999999999966,-89,-13790.259644841113
94.97,-1.1599999999999966,-89,-13790.259644841113
94.97,-1.1599999999999966,-89,-13790.259644841113
94.97999999999999,-1.1400000000000006,-94,-13794.059644841112
94.97999999999999,-1.1400000000000006,-94,-13794.059644841112
94.97999999999999,-1.1400000000000006,-94,-13794.059644841112
94.99000000000001,-1.1199999999999903,-110,-13804.119644841114
94.99000000000001,-1.1199999999999903,-110,-13804.119644841114
94.99000000000001,-1.1199999999999903,-118,-13808.599644841113
94.99000000000001,-1.1199999999999903,-118,-13808.599644841113
94.99000000000001,-1.1199999999999903,-112,-13811.959644841114
94.99000000000001,-1.1199999999999903,-118,-13815.319644841114
94.99000000000001,-1.1199999999999903,-118,-13815.319644841114
94.99000000000001,-1.1199999999999903,-118,-13815.319644841114
94.99000000000001,-1.1199999999999903,-118,-13815.319644841114
94.99000000000001,-1.1199999999999903,-120,-13816.439644841113
94.99000000000001,-1.1199999999999903,-120,-13816.439644841113
94.995,-1.1099999999999994,-126,-13820.429644841113
94.995,-1.1099999999999994,-151,-13834.304644841113
94.995,-1.1099999999999994,-151,-13834.304644841113
94.995,-1.1099999999999994,-151,-13834.304644841113
94.995,-1.1099999999999994,-151,-13834.304644841113
94.995,-1.1099999999999994,-151,-13834.304644841113
94.995,-1.1099999999999994,-151,-13834.304644841113
94.995,-1.1099999999999994,-153,-13835.414644841114
94.995,-1.1099999999999994,-153,-13835.414644841114
94.995,-1.1099999999999994,-153,-13835.414644841114
94.995,-1.1099999999999994,-153,-13835.414644841114
94.995,-1.1099999999999994,-153,-13835.414644841114
94.995,-1.1099999999999994,-143,-13840.964644841113
94.995,-1.1099999999999994,-143,-13840.964644841113
95.00999999999999,-1.0799999999999983,-165,-13855.079644841111
95.00999999999999,-1.0799999999999983,-165,-13855.079644841111
95.00999999999999,-1.0799999999999983,-171,-13858.31964484111
95.00999999999999,-1.0799999999999983,-171,-13858.31964484111
95.00999999999999,-1.0799999999999983,-190,-13868.57964484111
95.00999999999999,-1.0799999999999983,-186,-13870.73964484111
95.00999999999999,-1.0799999999999983,-196,-13876.13964484111
95.00999999999999,-1.0799999999999983,-196,-13876.13964484111
95.00999999999999,-1.0799999999999983,-187,-13880.999644841111
95.00999999999999,-1.0799999999999983,-187,-13880.999644841111
95.00999999999999,-1.0799999999999983,-187,-13880.999644841111
95.00999999999999,-1.0799999999999983,-187,-13880.999644841111
95.00999999999999,-1.0799999999999983,-187,-13880.999644841111
95.00999999999999,-1.0799999999999983,-187,-13880.999644841111
95.00999999999999,-1.0799999999999983,-187,-13880.999644841111
95.00999999999999,-1.0799999999999983,-187,-13880.999644841111
95.00999999999999,-1.0799999999999983,-187,-13880.999644841111
95.00999999999999,-1.0799999999999983,-157,-13897.19964484111
95.00999999999999,-1.0799999999999983,-157,-13897.19964484111
95.00999999999999,-1.0799999999999983,-157,-13897.19964484111
95.00999999999999,-1.0799999999999983,-157,-13897.19964484111
95.00999999999999,-1.0799999999999983,-157,-13897.19964484111
95.00999999999999,-1.0799999999999983,-175,-13906.919644841113
95.00999999999999,-1.0799999999999983,-175,-13906.919644841113
95.00999999999999,-1.0799999999999983,-175,-13906.919644841113
95.00999999999999,-1.0799999999999983,-175,-13906.919644841113
95.00999999999999,-1.0799999999999983,-185,-13912.31964484111
95.00999999999999,-1.0799999999999983,-185,-13912.31964484111
95.005,-1.0700000000000074,-180,-13914.07964484111
95.005,-1.0700000000000074,-180,-13914.07964484111
95.005,-1.0700000000000074,-161,-13924.24464484111
95.005,-1.0700000000000074,-161,-13924.24464484111
95.005,-1.0700000000000074,-161,-13924.24464484111
95.005,-1.0700000000000074,-162,-13924.779644841112
95.005,-1.0700000000000074,-162,-13924.779644841112
95.005,-1.0700000000000074,-162,-13924.779644841112
95.005,-1.0700000000000074,-162,-13924.779644841112
95.005,-1.0700000000000074,-162,-13924.779644841112
95.005,-1.0700000000000074,-162,-13924.779644841112
95.005,-1.0700000000000074,-162,-13924.779644841112
95.005,-1.0700000000000074,-162,-13924.779644841112
95.005,-1.0700000000000074,-162,-13924.779644841112
95.005,-1.0700000000000074,-162,-13924.779644841112
95.005,-1.0700000000000074,-162,-13924.779644841112
95.005,-1.0700000000000074,-162,-13924.779644841112
95.005,-1.0700000000000074,-162,-13924.779644841112
95.005,-1.0700000000000074,-162,-13924.779644841112
95.005,-1.0700000000000074,-166,-13926.919644841113
95.005,-1.0700000000000074,-166,-13926.919644841113
95.005,-1.0700000000000074,-166,-13926.919644841113
95.005,-1.0700000000000074,-172,-13930.129644841112
95.005,-1.0700000000000074,-172,-13930.129644841112
95.005,-1.0700000000000074,-175,-13931.734644841112
95.005,-1.0700000000000074,-175,-13931.734644841112
95.005,-1.0700000000000074,-175,-13931.734644841112
95.005,-1.0700000000000074,-161,-13939.224644841112
95.005,-1.0700000000000074,-161,-13939.224644841112
95.005,-1.0700000000000074,-161,-13939.224644841112
95.005,-1.0700000000000074,-159,-13940.294644841113
95.005,-1.0700000000000074,-160,-13940.829644841113
95.005,-1.0700000000000074,-160,-13940.829644841113
95.005,-1.0700000000000074,-160,-13940.829644841113
95.005,-1.0700000000000074,-160,-13940.829644841113
95.005,-1.0700000000000074,-159,-13941.364644841113
95.005,-1.0700000000000074,-151,-13945.644644841112
95.005,-1.0700000000000074,-148,-13947.249644841113
95.005,-1.0700000000000074,-148,-13947.249644841113
95.005,-1.0700000000000074,-148,-13947.249644841113
95.005,-1.0700000000000074,-148,-13947.249644841113
95.005,-1.0700000000000074,-131,-13956.344644841112
95.005,-1.0700000000000074,-131,-13956.344644841112
95.005,-1.0700000000000074,-131,-13956.344644841112
95.005,-1.0700000000000074,-138,-13960.089644841111
95.005,-1.0700000000000074,-138,-13960.089644841111
95.005,-1.0700000000000074,-138,-13960.089644841111
95.005,-1.0700000000000074,-138,-13960.089644841111
95.0,-1.0600000000000023,-98,-13980.819644841113
95.0,-1.0600000000000023,-98,-13980.819644841113
95.0,-1.0600000000000023,-98,-13980.819644841113
95.0,-1.0600000000000023,-94,-13982.939644841113
95.0,-1.0600000000000023,-94,-13982.939644841113
95.0,-1.0600000000000023,-94,-13982.939644841113
95.0,-1.0600000000000023,-94,-13982.939644841113
95.0,-1.0600000000000023,-94,-13982.939644841113
95.0,-1.0600000000000023,-94,-13982.939644841113
95.0,-1.0600000000000023,-94,-13982.939644841113
95.0,-1.0600000000000023,-94,-13982.939644841113
95.0,-1.0600000000000023,-94,-13982.939644841113
95.0,-1.0600000000000023,-119,-13996.189644841113
95.0,-1.0600000000000023,-119,-13996.189644841113
95.0,-1.0600000000000023,-119,-13996.189644841113
95.0,-1.0600000000000023,-119,-13996.189644841113
95.005,-1.0499999999999972,-130,-14002.569644841113
95.005,-1.0499999999999972,-130,-14002.569644841113
95.005,-1.0499999999999972,-130,-14002.569644841113
95.005,-1.0499999999999972,-130,-14002.569644841113
95.005,-1.0499999999999972,-130,-14002.569644841113
95.005,-1.0499999999999972,-130,-14002.569644841113
95.005,-1.0499999999999972,-131,-14003.094644841112
95.005,-1.0499999999999972,-131,-14003.094644841112
95.005,-1.0499999999999972,-132,-14003.619644841112
95.005,-1.0499999999999972,-138,-14006.769644841112
95.005,-1.0499999999999972,-153,-14014.644644841112
95.005,-1.0499999999999972,-153,-14014.644644841112
95.00999999999999,-1.0400000000000063,-173,-14025.979644841113
95.00999999999999,-1.0400000000000063,-186,-14032.73964484111
95.00999999999999,-1.0400000000000063,-184,-14033.77964484111
95.00999999999999,-1.0400000000000063,-184,-14033.77964484111
95.00999999999999,-1.0400000000000063,-184,-14033.77964484111
95.00999999999999,-1.0400000000000063,-184,-14033.77964484111
95.00999999999999,-1.0400000000000063,-184,-14033.77964484111
95.005,-1.0300000000000011,-171,-14039.614644841113
95.005,-1.0300000000000011,-171,-14039.614644841113
95.005,-1.0300000000000011,-171,-14039.614644841113
95.005,-1.0300000000000011,-171,-14039.614644841113
95.005,-1.0300000000000011,-174,-14041.159644841111
95.005,-1.0300000000000011,-169,-14043.734644841112
95.005,-1.0300000000000011,-169,-14043.734644841112
95.005,-1.0300000000000011,-169,-14043.734644841112
95.005,-1.0300000000000011,-172,-14045.279644841112
95.005,-1.0300000000000011,-172,-14045.279644841112
95.005,-1.0300000000000011,-185,-14051.974644841113
95.005,-1.0300000000000011,-184,-14052.489644841111
95.005,-1.0300000000000011,-184,-14052.489644841111
95.005,-1.0300000000000011,-186,-14053.519644841113
95.005,-1.0300000000000011,-187,-14054.034644841111
95.005,-1.0300000000000011,-154,-14071.029644841112
95.005,-1.0300000000000011,-154,-14071.029644841112
95.005,-1.0300000000000011,-154,-14071.029644841112
95.0,-1.0200000000000102,-137,-14079.069644841113
95.0,-1.0200000000000102,-137,-14079.069644841113
95.0,-1.0200000000000102,-141,-14081.109644841114
95.0,-1.0200000000000102,-141,-14081.109644841114
95.0,-1.0200000000000102,-141,-14081.109644841114
95.0,-1.0200000000000102,-141,-14081.109644841114
95.0,-1.0200000000000102,-139,-14082.129644841112
95.0,-1.0200000000000102,-141,-14083.149644841113
95.0,-1.0200000000000102,-154,-14089.779644841114
95.0,-1.0200000000000102,-144,-14094.879644841114
95.0,-1.0200000000000102,-144,-14094.879644841114
95.0,-1.0200000000000102,-146,-14095.899644841113
95.0,-1.0200000000000102,-146,-14095.899644841113
95.0,-1.0200000000000102,-146,-14095.899644841113
95.0,-1.0200000000000102,-146,-14095.899644841113
95.0,-1.0200000000000102,-136,-14100.999644841113
95.0,-1.0200000000000102,-145,-14105.589644841113
95.0,-1.0200000000000102,-134,-14111.199644841114
95.0,-1.0200000000000102,-144,-14116.299644841114
95.0,-1.0200000000000102,-144,-14116.299644841114
95.0,-1.0200000000000102,-144,-14116.299644841114
95.0,-1.0200000000000102,-144,-14116.299644841114
95.0,-1.0200000000000102,-150,-14119.359644841114
95.0,-1.0200000000000102,-148,-14120.379644841114
95.0,-1.0200000000000102,-144,-14122.419644841113
95.0,-1.0200000000000102,-144,-14122.419644841113
95.01,-1.0,-150,-14126.979644841114
95.01,-1.0,-150,-14126.979644841114
95.01,-1.0,-148,-14127.979644841114
95.01,-1.0,-154,-14130.979644841114
95.01,-1.0,-154,-14130.979644841114
95.01,-1.0,-168,-14137.979644841114
95.01,-1.0,-168,-14137.979644841114
95.01,-1.0,-166,-14138.979644841114
95.01,-1.0,-154,-14144.979644841114
95.01,-1.0,-165,-14150.479644841114
95.01,-1.0,-165,-14150.479644841114
95.01,-1.0,-165,-14150.479644841114
95.01,-1.0,-162,-14151.979644841114
95.01,-1.0,-162,-14151.979644841114
95.01,-1.0,-162,-14151.979644841114
95.01,-1.0,-162,-14151.979644841114
95.01,-1.0,-178,-14159.979644841114
95.005,-0.9899999999999949,-159,-14168.584644841114
95.005,-0.9899999999999949,-156,-14170.06964484111
95.005,-0.9899999999999949,-156,-14170.06964484111
95.005,-0.9899999999999949,-156,-14170.06964484111
95.005,-0.9899999999999949,-150,-14173.039644841112
95.0,-0.9799999999999898,-149,-14172.789644841112
95.0,-0.9799999999999898,-149,-14172.789644841112
95.0,-0.9799999999999898,-149,-14172.789644841112
95.0,-0.9799999999999898,-161,-14178.669644841113
95.0,-0.9799999999999898,-146,-14186.019644841113
95.0,-0.9799999999999898,-150,-14187.979644841113
95.0,-0.9799999999999898,-145,-14190.429644841113
95.0,-0.9799999999999898,-145,-14190.429644841113
95.0,-0.9799999999999898,-145,-14190.429644841113
95.0,-0.9799999999999898,-145,-14190.429644841113
95.0,-0.9799999999999898,-145,-14190.429644841113
95.0,-0.9799999999999898,-149,-14192.389644841112
95.0,-0.9799999999999898,-147,-14193.369644841112
95.0,-0.9799999999999898,-147,-14193.369644841112
95.0,-0.9799999999999898,-150,-14194.839644841113
95.0,-0.9799999999999898,-150,-14194.839644841113
95.0,-0.9799999999999898,-168,-14203.659644841113
95.0,-0.9799999999999898,-168,-14203.659644841113
95.0,-0.9799999999999898,-168,-14203.659644841113
95.0,-0.9799999999999898,-168,-14203.659644841113
95.0,-0.9799999999999898,-168,-14203.659644841113
95.005,-0.9699999999999989,-194,-14217.32964484111
95.005,-0.9699999999999989,-206,-14223.149644841113
95.005,-0.9699999999999989,-206,-14223.149644841113
95.005,-0.9699999999999989,-206,-14223.149644841113
95.005,-0.9699999999999989,-206,-14223.149644841113
95.005,-0.9699999999999989,-206,-14223.149644841113
95.005,-0.9699999999999989,-206,-14223.149644841113
95.005,-0.9699999999999989,-206,-14223.149644841113
95.005,-0.9699999999999989,-206,-14223.149644841113
95.005,-0.9699999999999989,-211,-14225.574644841112
95.005,-0.9699999999999989,-203,-14229.454644841113
95.005,-0.9699999999999989,-203,-14229.454644841113
95.005,-0.9699999999999989,-203,-14229.454644841113
95.005,-0.9699999999999989,-203,-14229.454644841113
95.005,-0.9699999999999989,-203,-14229.454644841113
95.005,-0.9699999999999989,-203,-14229.454644841113
95.005,-0.9699999999999989,-203,-14229.454644841113
95.005,-0.9699999999999989,-203,-14229.454644841113
95.005,-0.9699999999999989,-203,-14229.454644841113
95.005,-0.9699999999999989,-203,-14229.454644841113
95.005,-0.9699999999999989,-203,-14229.454644841113
95.005,-0.9699999999999989,-203,-14229.454644841113
95.005,-0.9699999999999989,-204,-14229.939644841113
95.0,-0.960000000000008,-190,-14235.739644841113
94.995,-0.9500000000000028,-182,-14238.649644841113
94.995,-0.9500000000000028,-182,-14238.649644841113
94.995,-0.9500000000000028,-182,-14238.649644841113
94.995,-0.9500000000000028,-182,-14238.649644841113
94.995,-0.9500000000000028,-182,-14238.649644841113
94.995,-0.9500000000000028,-197,-14245.774644841113
94.995,-0.9500000000000028,-182,-14252.899644841113
94.995,-0.9500000000000028,-180,-14253.849644841115
94.995,-0.9500000000000028,-174,-14256.699644841114
94.995,-0.9500000000000028,-174,-14256.699644841114
94.995,-0.9500000000000028,-174,-14256.699644841114
94.995,-0.9500000000000028,-174,-14256.699644841114
94.995,-0.9500000000000028,-171,-14258.124644841113
94.995,-0.9500000000000028,-168,-14259.549644841112
94.995,-0.9500000000000028,-168,-14259.549644841112
94.995,-0.9500000000000028,-168,-14259.549644841112
94.995,-0.9500000000000028,-168,-14259.549644841112
94.995,-0.9500000000000028,-185,-14267.624644841113
94.995,-0.9500000000000028,-185,-14267.624644841113
94.995,-0.9500000000000028,-187,-14268.574644841116
94.995,-0.9500000000000028,-188,-14269.049644841114
94.995,-0.9500000000000028,-190,-14269.999644841111
94.995,-0.9500000000000028,-190,-14269.999644841111
95.005,-0.9299999999999926,-202,-14277.699644841112
95.005,-0.9299999999999926,-202,-14277.699644841112
95.005,-0.9299999999999926,-202,-14277.699644841112
95.005,-0.9299999999999926,-202,-14277.699644841112
95.005,-0.9299999999999926,-202,-14277.699644841112
95.005,-0.9299999999999926,-202,-14277.699644841112
95.005,-0.9299999999999926,-202,-14277.699644841112
95.005,-0.9299999999999926,-202,-14277.699644841112
95.005,-0.9299999999999926,-202,-14277.699644841112
95.015,-0.9099999999999966,-221,-14288.564644841112
95.015,-0.9099999999999966,-221,-14288.564644841112
95.015,-0.9099999999999966,-221,-14288.564644841112
95.015,-0.9099999999999966,-221,-14288.564644841112
95.015,-0.9099999999999966,-221,-14288.564644841112
95.015,-0.9099999999999966,-221,-14288.564644841112
95.015,-0.9099999999999966,-221,-14288.564644841112
95.02,-0.9000000000000057,-240,-14298.279644841114
95.02,-0.9000000000000057,-240,-14298.279644841114
95.02,-0.9000000000000057,-240,-14298.279644841114
95.02,-0.9000000000000057,-240,-14298.279644841114
95.02,-0.9000000000000057,-237,-14299.629644841112
95.02,-0.9000000000000057,-215,-14309.529644841114
95.02,-0.9000000000000057,-215,-14309.529644841114
95.02,-0.9000000000000057,-214,-14309.979644841114
95.02,-0.9000000000000057,-213,-14310.429644841113
95.02,-0.9000000000000057,-213,-14310.429644841113
95.02,-0.9000000000000057,-213,-14310.429644841113
95.02,-0.9000000000000057,-213,-14310.429644841113
95.02,-0.9000000000000057,-213,-14310.429644841113
95.02,-0.9000000000000057,-213,-14310.429644841113
95.02,-0.9000000000000057,-203,-14314.929644841111
95.02,-0.9000000000000057,-198,-14317.179644841115
95.02,-0.9000000000000057,-198,-14317.179644841115
95.02,-0.9000000000000057,-198,-14317.179644841115
95.02,-0.9000000000000057,-198,-14317.179644841115
95.02,-0.9000000000000057,-200,-14318.079644841115
95.02,-0.9000000000000057,-200,-14318.079644841115
95.02,-0.9000000000000057,-200,-14318.079644841115
95.02,-0.9000000000000057,-235,-14333.829644841117
95.02,-0.9000000000000057,-235,-14333.829644841117
95.02,-0.9000000000000057,-235,-14333.829644841117
95.02,-0.9000000000000057,-235,-14333.829644841117
95.02,-0.9000000000000057,-238,-14335.179644841113
95.02,-0.9000000000000057,-247,-14339.229644841114
95.02,-0.9000000000000057,-226,-14348.879644841116
95.02,-0.9000000000000057,-226,-14348.879644841116
95.02,-0.9000000000000057,-226,-14348.879644841116
95.02,-0.9000000000000057,-226,-14348.879644841116
95.02,-0.9000000000000057,-226,-14348.879644841116
95.02,-0.9000000000000057,-226,-14348.879644841116
95.02,-0.9000000000000057,-226,-14348.879644841116
95.02,-0.9000000000000057,-226,-14348.879644841116
95.02,-0.9000000000000057,-226,-14348.879644841116
95.02,-0.9000000000000057,-224,-14349.779644841114
95.02,-0.9000000000000057,-224,-14349.779644841114
95.02,-0.9000000000000057,-239,-14356.529644841114
95.02,-0.9000000000000057,-239,-14356.529644841114
95.02,-0.9000000000000057,-239,-14356.529644841114
95.02,-0.9000000000000057,-238,-14356.979644841113
95.02,-0.9000000000000057,-248,-14361.479644841113
95.00999999999999,-0.8800000000000097,-198,-14381.774644841113
95.00999999999999,-0.8800000000000097,-187,-14386.614644841113
95.00999999999999,-0.8800000000000097,-187,-14386.614644841113
95.00999999999999,-0.8800000000000097,-203,-14393.654644841112
95.00999999999999,-0.8800000000000097,-203,-14393.654644841112
95.00999999999999,-0.8800000000000097,-192,-14398.49464484111
95.00999999999999,-0.8800000000000097,-193,-14398.934644841109
94.995,-0.8500000000000085,-169,-14406.699644841114
94.995,-0.8500000000000085,-169,-14406.699644841114
94.995,-0.8500000000000085,-162,-14409.674644841114
94.995,-0.8500000000000085,-162,-14409.674644841114
94.995,-0.8500000000000085,-162,-14409.674644841114
94.995,-0.8500000000000085,-162,-14409.674644841114
94.995,-0.8500000000000085,-163,-14410.099644841113
94.995,-0.8500000000000085,-163,-14410.099644841113
94.995,-0.8500000000000085,-163,-14410.099644841113
94.995,-0.8500000000000085,-163,-14410.099644841113
94.995,-0.8500000000000085,-163,-14410.099644841113
94.995,-0.8500000000000085,-163,-14410.099644841113
94.995,-0.8500000000000085,-162,-14410.524644841113
94.995,-0.8500000000000085,-167,-14412.649644841113
94.995,-0.8500000000000085,-168,-14413.074644841112
94.995,-0.8500000000000085,-168,-14413.074644841112
94.995,-0.8500000000000085,-168,-14413.074644841112
94.995,-0.8500000000000085,-168,-14413.074644841112
94.995,-0.8500000000000085,-168,-14413.074644841112
94.995,-0.8500000000000085,-163,-14415.199644841114
94.995,-0.8500000000000085,-152,-14419.874644841115
94.995,-0.8500000000000085,-152,-14419.874644841115
94.995,-0.8500000000000085,-152,-14419.874644841115
94.995,-0.8500000000000085,-152,-14419.874644841115
94.995,-0.8500000000000085,-152,-14419.874644841115
94.995,-0.8500000000000085,-152,-14419.874644841115
94.995,-0.8500000000000085,-152,-14419.874644841115
94.995,-0.8500000000000085,-152,-14419.874644841115
94.995,-0.8500000000000085,-152,-14419.874644841115
94.995,-0.8500000000000085,-152,-14419.874644841115
94.995,-0.8500000000000085,-152,-14419.874644841115
94.995,-0.8500000000000085,-152,-14419.874644841115
94.995,-0.8500000000000085,-152,-14419.874644841115
94.995,-0.8500000000000085,-152,-14419.874644841115
94.995,-0.8500000000000085,-152,-14419.874644841115
94.995,-0.8500000000000085,-152,-14419.874644841115
94.995,-0.8500000000000085,-152,-14419.874644841115
94.995,-0.8500000000000085,-139,-14425.399644841113
94.995,-0.8500000000000085,-131,-14428.799644841114
94.995,-0.8500000000000085,-131,-14428.799644841114
94.995,-0.8500000000000085,-125,-14431.349644841113
94.995,-0.8500000000000085,-124,-14431.774644841114
94.995,-0.8500000000000085,-124,-14431.774644841114
94.995,-0.8500000000000085,-124,-14431.774644841114
94.995,-0.8500000000000085,-124,-14431.774644841114
94.995,-0.8500000000000085,-124,-14431.774644841114
94.995,-0.8500000000000085,-124,-14431.774644841114
94.995,-0.8500000000000085,-124,-14431.774644841114
94.995,-0.8500000000000085,-124,-14431.774644841114
94.995,-0.8500000000000085,-124,-14431.774644841114
94.995,-0.8500000000000085,-123,-14432.199644841114
94.995,-0.8500000000000085,-123,-14432.199644841114
94.995,-0.8500000000000085,-123,-14432.199644841114
94.995,-0.8500000000000085,-123,-14432.199644841114
94.995,-0.8500000000000085,-129,-14434.749644841115
94.995,-0.8500000000000085,-130,-14435.174644841114
94.995,-0.8500000000000085,-130,-14435.174644841114
94.995,-0.8500000000000085,-114,-14441.974644841113
94.995,-0.8500000000000085,-113,-14442.399644841114
94.995,-0.8500000000000085,-113,-14442.399644841114
94.995,-0.8500000000000085,-139,-14453.449644841114
94.995,-0.8500000000000085,-142,-14454.724644841113
94.995,-0.8500000000000085,-142,-14454.724644841113
94.995,-0.8500000000000085,-142,-14454.724644841113
94.995,-0.8500000000000085,-142,-14454.724644841113
94.995,-0.8500000000000085,-142,-14454.724644841113
94.995,-0.8500000000000085,-142,-14454.724644841113
94.995,-0.8500000000000085,-142,-14454.724644841113
94.99,-0.8400000000000034,-110,-14467.534644841113
94.99,-0.8400000000000034,-110,-14467.534644841113
94.99,-0.8400000000000034,-110,-14467.534644841113
94.99,-0.8400000000000034,-107,-14468.794644841113
94.995,-0.8299999999999983,-125,-14476.929644841113
95.0,-0.8199999999999932,-133,-14480.884644841113
95.0,-0.8199999999999932,-133,-14480.884644841113
95.0,-0.8199999999999932,-134,-14481.294644841113
95.0,-0.8199999999999932,-134,-14481.294644841113
95.0,-0.8199999999999932,-134,-14481.294644841113
95.0,-0.8199999999999932,-127,-14484.164644841114
95.0,-0.8199999999999932,-127,-14484.164644841114
95.0,-0.8199999999999932,-131,-14485.804644841113
95.0,-0.8199999999999932,-131,-14485.804644841113
95.0,-0.8199999999999932,-131,-14485.804644841113
95.0,-0.8199999999999932,-131,-14485.804644841113
95.0,-0.8199999999999932,-131,-14485.804644841113
95.0,-0.8199999999999932,-131,-14485.804644841113
95.0,-0.8199999999999932,-131,-14485.804644841113
95.0,-0.8199999999999932,-131,-14485.804644841113
95.0,-0.8199999999999932,-131,-14485.804644841113
95.0,-0.8199999999999932,-131,-14485.804644841113
95.0,-0.8199999999999932,-131,-14485.804644841113
95.0,-0.8199999999999932,-131,-14485.804644841113
95.0,-0.8199999999999932,-136,-14487.854644841114
95.0,-0.8199999999999932,-130,-14490.314644841113
95.0,-0.8199999999999932,-130,-14490.314644841113
95.0,-0.8199999999999932,-127,-14491.544644841113
95.0,-0.8199999999999932,-141,-14497.284644841113
95.0,-0.8199999999999932,-141,-14497.284644841113
95.0,-0.8199999999999932,-141,-14497.284644841113
95.0,-0.8199999999999932,-141,-14497.284644841113
95.0,-0.8199999999999932,-141,-14497.284644841113
95.0,-0.8199999999999932,-141,-14497.284644841113
95.0,-0.8199999999999932,-122,-14505.074644841114
95.0,-0.8199999999999932,-122,-14505.074644841114
95.0,-0.8199999999999932,-122,-14505.074644841114
95.0,-0.8199999999999932,-120,-14505.894644841113
95.0,-0.8199999999999932,-127,-14508.764644841114
95.0,-0.8199999999999932,-127,-14508.764644841114
95.0,-0.8199999999999932,-131,-14510.404644841114
95.0,-0.8199999999999932,-130,-14510.814644841113
95.0,-0.8199999999999932,-127,-14512.044644841113
95.0,-0.8199999999999932,-127,-14512.044644841113
95.0,-0.8199999999999932,-127,-14512.044644841113
95.0,-0.8199999999999932,-120,-14514.914644841114
95.0,-0.8199999999999932,-135,-14521.064644841113
95.0,-0.8199999999999932,-135,-14521.064644841113
95.0,-0.8199999999999932,-136,-14521.474644841113
95.0,-0.8199999999999932,-136,-14521.474644841113
95.0,-0.8199999999999932,-136,-14521.474644841113
95.0,-0.8199999999999932,-136,-14521.474644841113
95.005,-0.8100000000000023,-152,-14528.794644841111
95.005,-0.8100000000000023,-152,-14528.794644841111
95.005,-0.8100000000000023,-188,-14543.374644841111
95.005,-0.8100000000000023,-188,-14543.374644841111
95.005,-0.8100000000000023,-173,-14549.449644841112
95.005,-0.8100000000000023,-173,-14549.449644841112
95.0,-0.8000000000000114,-151,-14557.584644841114
95.0,-0.8000000000000114,-151,-14557.584644841114
95.005,-0.7900000000000063,-165,-14563.909644841111
95.005,-0.7900000000000063,-165,-14563.909644841111
95.005,-0.7900000000000063,-165,-14563.909644841111
95.005,-0.7900000000000063,-165,-14563.909644841111
95.005,-0.7900000000000063,-150,-14569.834644841114
95.005,-0.7900000000000063,-150,-14569.834644841114
95.005,-0.7900000000000063,-150,-14569.834644841114
95.005,-0.7900000000000063,-150,-14569.834644841114
95.005,-0.7900000000000063,-136,-14575.364644841113
95.005,-0.7900000000000063,-136,-14575.364644841113
95.005,-0.7900000000000063,-139,-14576.549644841112
95.005,-0.7900000000000063,-139,-14576.549644841112
95.005,-0.7900000000000063,-139,-14576.549644841112
95.005,-0.7900000000000063,-149,-14580.499644841113
95.005,-0.7900000000000063,-149,-14580.499644841113
95.005,-0.7900000000000063,-149,-14580.499644841113
95.005,-0.7900000000000063,-138,-14584.844644841112
95.005,-0.7900000000000063,-138,-14584.844644841112
95.005,-0.7900000000000063,-142,-14586.424644841112
95.005,-0.7900000000000063,-142,-14586.424644841112
95.005,-0.7900000000000063,-116,-14596.694644841113
95.005,-0.7900000000000063,-116,-14596.694644841113
95.005,-0.7900000000000063,-99,-14603.409644841113
95.005,-0.7900000000000063,-99,-14603.409644841113
95.005,-0.7900000000000063,-99,-14603.409644841113
95.005,-0.7900000000000063,-99,-14603.409644841113
95.005,-0.7900000000000063,-119,-14611.309644841112
95.005,-0.7900000000000063,-121,-14612.099644841113
95.005,-0.7900000000000063,-121,-14612.099644841113
95.005,-0.7900000000000063,-121,-14612.099644841113
95.005,-0.7900000000000063,-121,-14612.099644841113
95.005,-0.7900000000000063,-112,-14615.654644841114
95.005,-0.7900000000000063,-112,-14615.654644841114
95.005,-0.7900000000000063,-108,-14617.234644841114
95.005,-0.7900000000000063,-109,-14617.629644841116
95.005,-0.7900000000000063,-109,-14617.629644841116
95.005,-0.7900000000000063,-103,-14619.999644841115
95.005,-0.7900000000000063,-103,-14619.999644841115
95.0,-0.7800000000000011,-83,-14627.344644841116
95.0,-0.7800000000000011,-83,-14627.344644841116
95.0,-0.7800000000000011,-83,-14627.344644841116
95.0,-0.7800000000000011,-83,-14627.344644841116
95.0,-0.7800000000000011,-83,-14627.344644841116
95.0,-0.7800000000000011,-83,-14627.344644841116
95.0,-0.7800000000000011,-81,-14628.124644841115
95.0,-0.7800000000000011,-82,-14628.514644841114
95.0,-0.7800000000000011,-82,-14628.514644841114
95.0,-0.7800000000000011,-82,-14628.514644841114
95.0,-0.7800000000000011,-82,-14628.514644841114
95.0,-0.7800000000000011,-82,-14628.514644841114
95.0,-0.7800000000000011,-82,-14628.514644841114
95.0,-0.7800000000000011,-90,-14631.634644841115
95.0,-0.7800000000000011,-89,-14632.024644841116
95.0,-0.7800000000000011,-89,-14632.024644841116
95.0,-0.7800000000000011,-89,-14632.024644841116
95.0,-0.7800000000000011,-89,-14632.024644841116
95.0,-0.7800000000000011,-94,-14633.974644841115
95.0,-0.7800000000000011,-99,-14635.924644841114
95.0,-0.7800000000000011,-108,-14639.434644841116
95.0,-0.7800000000000011,-110,-14640.214644841115
95.0,-0.7800000000000011,-110,-14640.214644841115
95.0,-0.7800000000000011,-106,-14641.774644841116
95.0,-0.7800000000000011,-106,-14641.774644841116
95.005,-0.769999999999996,-123,-14648.949644841116
95.005,-0.769999999999996,-123,-14648.949644841116
95.005,-0.769999999999996,-132,-14652.414644841116
95.005,-0.769999999999996,-75,-14674.359644841115
95.005,-0.769999999999996,-70,-14676.284644841115
95.005,-0.769999999999996,-70,-14676.284644841115
95.005,-0.769999999999996,-70,-14676.284644841115
95.005,-0.769999999999996,-70,-14676.284644841115
95.005,-0.769999999999996,-59,-14680.519644841115
95.005,-0.769999999999996,-59,-14680.519644841115
95.005,-0.769999999999996,-59,-14680.519644841115
95.005,-0.769999999999996,-59,-14680.519644841115
95.005,-0.769999999999996,-59,-14680.519644841115
95.005,-0.769999999999996,-59,-14680.519644841115
95.005,-0.769999999999996,-57,-14681.289644841116
95.005,-0.769999999999996,-57,-14681.289644841116
95.005,-0.769999999999996,-78,-14689.374644841115
95.005,-0.769999999999996,-78,-14689.374644841115
95.005,-0.769999999999996,-78,-14689.374644841115
95.005,-0.769999999999996,-79,-14689.759644841115
95.005,-0.769999999999996,-79,-14689.759644841115
95.005,-0.769999999999996,-85,-14692.069644841114
95.005,-0.769999999999996,-85,-14692.069644841114
95.0,-0.7599999999999909,-45,-14706.884644841115
95.0,-0.7599999999999909,-45,-14706.884644841115
95.0,-0.7599999999999909,-41,-14708.404644841115
95.0,-0.7599999999999909,-41,-14708.404644841115
95.0,-0.7599999999999909,-41,-14708.404644841115
95.0,-0.7599999999999909,-58,-14714.864644841116
95.0,-0.7599999999999909,-58,-14714.864644841116
95.0,-0.7599999999999909,-58,-14714.864644841116
95.0,-0.7599999999999909,-60,-14715.624644841117
95.0,-0.7599999999999909,-60,-14715.624644841117
95.0,-0.7599999999999909,-60,-14715.624644841117
95.0,-0.7599999999999909,-60,-14715.624644841117
94.995,-0.75,-49,-14719.549644841118
94.995,-0.75,-44,-14721.424644841118
94.995,-0.75,-44,-14721.424644841118
94.995,-0.75,-30,-14726.674644841118
94.995,-0.75,-31,-14727.049644841118
94.995,-0.75,-31,-14727.049644841118
94.995,-0.75,-30,-14727.424644841118
95.0,-0.7400000000000091,-49,-14734.764644841118
95.0,-0.7400000000000091,-42,-14737.354644841118
95.0,-0.7400000000000091,-42,-14737.354644841118
95.0,-0.7400000000000091,-42,-14737.354644841118
95.0,-0.7400000000000091,-45,-14738.464644841119
95.0,-0.7400000000000091,-45,-14738.464644841119
95.0,-0.7400000000000091,-45,-14738.464644841119
95.0,-0.7400000000000091,-45,-14738.464644841119
95.0,-0.7400000000000091,-58,-14743.274644841118
95.0,-0.7400000000000091,-69,-14747.344644841118
95.0,-0.7400000000000091,-69,-14747.344644841118
95.0,-0.7400000000000091,-69,-14747.344644841118
95.0,-0.7400000000000091,-69,-14747.344644841118
95.0,-0.7400000000000091,-69,-14747.344644841118
95.0,-0.7400000000000091,-69,-14747.344644841118
95.0,-0.7400000000000091,-69,-14747.344644841118
95.0,-0.7400000000000091,-67,-14748.084644841118
95.0,-0.7400000000000091,-82,-14753.634644841117
95.0,-0.7400000000000091,-82,-14753.634644841117
95.0,-0.7400000000000091,-82,-14753.634644841117
95.0,-0.7400000000000091,-83,-14754.004644841118
95.0,-0.7400000000000091,-84,-14754.374644841118
95.0,-0.7400000000000091,-84,-14754.374644841118
95.0,-0.7400000000000091,-84,-14754.374644841118
95.0,-0.7400000000000091,-79,-14756.224644841117
95.0,-0.7400000000000091,-79,-14756.224644841117
95.0,-0.7400000000000091,-79,-14756.224644841117
95.0,-0.7400000000000091,-79,-14756.224644841117
95.0,-0.7400000000000091,-79,-14756.224644841117
95.0,-0.7400000000000091,-61,-14762.884644841119
95.0,-0.7400000000000091,-61,-14762.884644841119
95.0,-0.7400000000000091,-61,-14762.884644841119
95.0,-0.7400000000000091,-42,-14769.91464484112
95.0,-0.7400000000000091,-42,-14769.91464484112
95.0,-0.7400000000000091,-42,-14769.91464484112
95.0,-0.7400000000000091,-42,-14769.91464484112
95.0,-0.7400000000000091,-42,-14769.91464484112
95.0,-0.7400000000000091,-42,-14769.91464484112
95.0,-0.7400000000000091,-42,-14769.91464484112
95.0,-0.7400000000000091,-57,-14775.464644841119
95.0,-0.7400000000000091,-65,-14778.424644841118
95.0,-0.7400000000000091,-80,-14783.974644841117
95.0,-0.7400000000000091,-80,-14783.974644841117
95.0,-0.7400000000000091,-80,-14783.974644841117
95.0,-0.7400000000000091,-80,-14783.974644841117
95.0,-0.7400000000000091,-81,-14784.344644841118
95.0,-0.7400000000000091,-96,-14789.894644841119
95.0,-0.7400000000000091,-96,-14789.894644841119
95.0,-0.7400000000000091,-96,-14789.894644841119
95.0,-0.7400000000000091,-96,-14789.894644841119
95.005,-0.730000000000004,-109,-14795.209644841118
95.005,-0.730000000000004,-113,-14796.669644841117
95.005,-0.730000000000004,-115,-14797.399644841116
95.005,-0.730000000000004,-108,-14799.954644841117
95.005,-0.730000000000004,-108,-14799.954644841117
95.005,-0.730000000000004,-108,-14799.954644841117
95.005,-0.730000000000004,-108,-14799.954644841117
95.005,-0.730000000000004,-108,-14799.954644841117
95.005,-0.730000000000004,-104,-14801.414644841117
95.005,-0.730000000000004,-104,-14801.414644841117
95.005,-0.730000000000004,-109,-14803.239644841116
95.005,-0.730000000000004,-109,-14803.239644841116
95.005,-0.730000000000004,-109,-14803.239644841116
95.005,-0.730000000000004,-109,-14803.239644841116
95.005,-0.730000000000004,-109,-14803.239644841116
95.005,-0.730000000000004,-109,-14803.239644841116
95.005,-0.730000000000004,-109,-14803.239644841116
95.005,-0.730000000000004,-109,-14803.239644841116
95.005,-0.730000000000004,-109,-14803.239644841116
95.005,-0.730000000000004,-109,-14803.239644841116
95.005,-0.730000000000004,-109,-14803.239644841116
95.005,-0.730000000000004,-109,-14803.239644841116
95.005,-0.730000000000004,-116,-14805.794644841117
95.005,-0.730000000000004,-116,-14805.794644841117
95.005,-0.730000000000004,-122,-14807.984644841115
95.005,-0.730000000000004,-118,-14809.444644841118
95.005,-0.730000000000004,-118,-14809.444644841118
95.005,-0.730000000000004,-118,-14809.444644841118
95.005,-0.730000000000004,-118,-14809.444644841118
95.005,-0.730000000000004,-118,-14809.444644841118
95.005,-0.730000000000004,-118,-14809.444644841118
95.005,-0.730000000000004,-117,-14809.809644841116
95.005,-0.730000000000004,-117,-14809.809644841116
95.005,-0.730000000000004,-117,-14809.809644841116
95.005,-0.730000000000004,-125,-14812.729644841118
95.005,-0.730000000000004,-125,-14812.729644841118
95.005,-0.730000000000004,-125,-14812.729644841118
95.005,-0.730000000000004,-131,-14814.919644841117
95.005,-0.730000000000004,-134,-14816.014644841118
95.005,-0.730000000000004,-134,-14816.014644841118
95.005,-0.730000000000004,-134,-14816.014644841118
95.005,-0.730000000000004,-134,-14816.014644841118
95.0,-0.7199999999999989,-115,-14822.304644841117
95.0,-0.7199999999999989,-115,-14822.304644841117
95.0,-0.7199999999999989,-115,-14822.304644841117
95.0,-0.7199999999999989,-115,-14822.304644841117
95.0,-0.7199999999999989,-115,-14822.304644841117
95.0,-0.7199999999999989,-115,-14822.304644841117
95.0,-0.7199999999999989,-114,-14822.664644841117
95.0,-0.7199999999999989,-145,-14833.824644841117
95.0,-0.7199999999999989,-145,-14833.824644841117
95.0,-0.7199999999999989,-145,-14833.824644841117
95.0,-0.7199999999999989,-146,-14834.184644841116
95.0,-0.7199999999999989,-146,-14834.184644841116
95.0,-0.7199999999999989,-146,-14834.184644841116
95.0,-0.7199999999999989,-138,-14837.064644841117
95.0,-0.7199999999999989,-125,-14841.744644841117
95.0,-0.7199999999999989,-125,-14841.744644841117
95.0,-0.7199999999999989,-125,-14841.744644841117
95.0,-0.7199999999999989,-125,-14841.744644841117
95.0,-0.7199999999999989,-125,-14841.744644841117
95.0,-0.7199999999999989,-125,-14841.744644841117
95.0,-0.7199999999999989,-125,-14841.744644841117
95.0,-0.7199999999999989,-120,-14843.544644841117
95.0,-0.7199999999999989,-153,-14855.424644841118
95.0,-0.7199999999999989,-153,-14855.424644841118
95.0,-0.7199999999999989,-153,-14855.424644841118
94.995,-0.7099999999999937,-123,-14865.369644841117
94.995,-0.7099999999999937,-123,-14865.369644841117
94.995,-0.7099999999999937,-123,-14865.369644841117
94.995,-0.7099999999999937,-123,-14865.369644841117
94.995,-0.7099999999999937,-123,-14865.369644841117
94.995,-0.7099999999999937,-123,-14865.369644841117
94.995,-0.7099999999999937,-123,-14865.369644841117
94.995,-0.7099999999999937,-122,-14865.724644841117
94.995,-0.7099999999999937,-127,-14867.499644841117
94.99000000000001,-0.7000000000000028,-94,-14878.464644841119
94.99000000000001,-0.7000000000000028,-94,-14878.464644841119
94.99000000000001,-0.7000000000000028,-93,-14878.814644841119
94.99000000000001,-0.7000000000000028,-93,-14878.814644841119
94.99000000000001,-0.7000000000000028,-98,-14880.564644841117
94.99000000000001,-0.7000000000000028,-98,-14880.564644841117
94.99000000000001,-0.7000000000000028,-98,-14880.564644841117
94.99000000000001,-0.7000000000000028,-107,-14883.714644841119
94.99000000000001,-0.7000000000000028,-107,-14883.714644841119
94.99000000000001,-0.7000000000000028,-127,-14890.714644841119
94.99000000000001,-0.7000000000000028,-130,-14891.764644841118
94.99000000000001,-0.7000000000000028,-126,-14893.16464484112
94.99000000000001,-0.7000000000000028,-130,-14894.564644841117
94.99000000000001,-0.7000000000000028,-120,-14898.064644841119
94.99000000000001,-0.7000000000000028,-119,-14898.41464484112
94.99000000000001,-0.7000000000000028,-110,-14901.564644841119
94.99000000000001,-0.7000000000000028,-109,-14901.91464484112
94.99000000000001,-0.7000000000000028,-116,-14904.364644841118
94.99000000000001,-0.7000000000000028,-116,-14904.364644841118
94.99000000000001,-0.7000000000000028,-101,-14909.61464484112
94.99000000000001,-0.7000000000000028,-101,-14909.61464484112
94.99000000000001,-0.7000000000000028,-101,-14909.61464484112
94.99000000000001,-0.7000000000000028,-101,-14909.61464484112
94.99000000000001,-0.7000000000000028,-102,-14909.964644841119
94.99000000000001,-0.7000000000000028,-102,-14909.964644841119
94.99000000000001,-0.7000000000000028,-102,-14909.964644841119
94.99000000000001,-0.7000000000000028,-110,-14912.764644841118
94.99000000000001,-0.7000000000000028,-105,-14914.514644841118
94.99000000000001,-0.7000000000000028,-105,-14914.514644841118
94.99000000000001,-0.7000000000000028,-105,-14914.514644841118
94.99000000000001,-0.7000000000000028,-102,-14915.564644841119
94.99000000000001,-0.7000000000000028,-102,-14915.564644841119
94.99000000000001,-0.7000000000000028,-102,-14915.564644841119
94.99000000000001,-0.7000000000000028,-106,-14916.964644841119
94.99000000000001,-0.7000000000000028,-106,-14916.964644841119
94.99000000000001,-0.7000000000000028,-106,-14916.964644841119
94.99000000000001,-0.7000000000000028,-106,-14916.964644841119
94.99000000000001,-0.7000000000000028,-112,-14919.064644841117
94.99000000000001,-0.7000000000000028,-97,-14924.314644841117
94.99000000000001,-0.7000000000000028,-98,-14924.664644841117
94.99000000000001,-0.7000000000000028,-98,-14924.664644841117
94.99000000000001,-0.7000000000000028,-98,-14924.664644841117
94.99000000000001,-0.7000000000000028,-98,-14924.664644841117
94.99000000000001,-0.7000000000000028,-106,-14927.464644841119
94.99000000000001,-0.7000000000000028,-106,-14927.464644841119
94.99000000000001,-0.7000000000000028,-106,-14927.464644841119
94.99000000000001,-0.7000000000000028,-106,-14927.464644841119
94.99000000000001,-0.7000000000000028,-106,-14927.464644841119
94.99000000000001,-0.7000000000000028,-106,-14927.464644841119
94.99000000000001,-0.7000000000000028,-112,-14929.564644841117
94.99000000000001,-0.7000000000000028,-112,-14929.564644841117
94.99000000000001,-0.7000000000000028,-112,-14929.564644841117
94.99000000000001,-0.7000000000000028,-111,-14929.91464484112
94.99000000000001,-0.7000000000000028,-111,-14929.91464484112
94.99000000000001,-0.7000000000000028,-111,-14929.91464484112
94.99000000000001,-0.7000000000000028,-109,-14930.61464484112
94.99000000000001,-0.7000000000000028,-109,-14930.61464484112
94.99000000000001,-0.7000000000000028,-97,-14934.814644841117
94.99000000000001,-0.7000000000000028,-97,-14934.814644841117
94.99000000000001,-0.7000000000000028,-97,-14934.814644841117
94.99000000000001,-0.7000000000000028,-97,-14934.814644841117
94.99000000000001,-0.7000000000000028,-97,-14934.814644841117
94.99000000000001,-0.7000000000000028,-106,-14937.964644841119
94.99000000000001,-0.7000000000000028,-102,-14939.364644841118
94.985,-0.6899999999999977,-64,-14952.054644841119
94.985,-0.6899999999999977,-64,-14952.054644841119
94.985,-0.6899999999999977,-64,-14952.054644841119
94.985,-0.6899999999999977,-45,-14958.609644841119
94.985,-0.6899999999999977,-38,-14961.024644841118
94.985,-0.6899999999999977,-38,-14961.024644841118
94.985,-0.6899999999999977,-31,-14963.439644841117
94.985,-0.6899999999999977,-3,-14973.099644841117
94.985,-0.6899999999999977,-2,-14973.444644841116
94.985,-0.6899999999999977,-2,-14973.444644841116
94.99000000000001,-0.6799999999999926,-13,-14977.234644841119
94.995,-0.6700000000000017,-19,-14979.339644841119
94.995,-0.6700000000000017,-19,-14979.339644841119
94.995,-0.6700000000000017,-19,-14979.339644841119
94.995,-0.6700000000000017,12,-14989.724644841117
94.995,-0.6700000000000017,12,-14989.724644841117
94.995,-0.6700000000000017,12,-14989.724644841117
94.995,-0.6700000000000017,10,-14990.394644841117
94.995,-0.6700000000000017,10,-14990.394644841117
94.995,-0.6700000000000017,10,-14990.394644841117
94.995,-0.6700000000000017,10,-14990.394644841117
94.995,-0.6700000000000017,10,-14990.394644841117
94.995,-0.6700000000000017,10,-14990.394644841117
94.995,-0.6700000000000017,9,-14990.729644841118
94.995,-0.6700000000000017,9,-14990.729644841118
94.995,-0.6700000000000017,16,-14993.074644841117
94.995,-0.6700000000000017,16,-14993.074644841117
94.995,-0.6700000000000017,17,-14993.409644841118
94.995,-0.6700000000000017,17,-14993.409644841118
94.995,-0.6700000000000017,17,-14993.409644841118
94.995,-0.6700000000000017,17,-14993.409644841118
94.995,-0.6700000000000017,17,-14993.409644841118
94.995,-0.6700000000000017,17,-14993.409644841118
94.995,-0.6700000000000017,48,-15003.794644841118
94.995,-0.6700000000000017,47,-15004.12964484112
94.995,-0.6700000000000017,47,-15004.12964484112
94.995,-0.6700000000000017,48,-15004.46464484112
94.995,-0.6700000000000017,48,-15004.46464484112
94.995,-0.6700000000000017,48,-15004.46464484112
94.99,-0.6599999999999966,56,-15007.424644841121
94.995,-0.6499999999999915,47,-15010.09964484112
94.995,-0.6499999999999915,47,-15010.09964484112
94.995,-0.6499999999999915,47,-15010.09964484112
94.995,-0.6499999999999915,47,-15010.09964484112
94.995,-0.6499999999999915,42,-15011.72464484112
94.995,-0.6499999999999915,42,-15011.72464484112
94.995,-0.6499999999999915,42,-15011.72464484112
94.995,-0.6499999999999915,42,-15011.72464484112
94.995,-0.6499999999999915,42,-15011.72464484112
95.0,-0.6399999999999864,31,-15015.124644841122
95.0,-0.6399999999999864,31,-15015.124644841122
95.0,-0.6399999999999864,31,-15015.124644841122
95.0,-0.6399999999999864,31,-15015.124644841122
95.0,-0.6399999999999864,39,-15017.684644841123
95.0,-0.6399999999999864,39,-15017.684644841123
95.0,-0.6399999999999864,39,-15017.684644841123
95.0,-0.6399999999999864,50,-15021.204644841124
95.0,-0.6399999999999864,50,-15021.204644841124
95.0,-0.6399999999999864,46,-15022.484644841123
95.0,-0.6399999999999864,46,-15022.484644841123
95.0,-0.6399999999999864,46,-15022.484644841123
95.0,-0.6399999999999864,68,-15029.524644841124
95.0,-0.6399999999999864,65,-15030.484644841123
95.0,-0.6399999999999864,64,-15030.804644841122
95.0,-0.6399999999999864,64,-15030.804644841122
95.0,-0.6399999999999864,64,-15030.804644841122
95.0,-0.6399999999999864,67,-15031.764644841121
95.0,-0.6399999999999864,67,-15031.764644841121
95.0,-0.6399999999999864,67,-15031.764644841121
95.0,-0.6399999999999864,67,-15031.764644841121
95.00999999999999,-0.6199999999999903,55,-15035.014644841121
95.00999999999999,-0.6199999999999903,55,-15035.014644841121
95.00999999999999,-0.6199999999999903,55,-15035.014644841121
95.00999999999999,-0.6199999999999903,55,-15035.014644841121
95.00999999999999,-0.6199999999999903,57,-15035.63464484112
95.00999999999999,-0.6199999999999903,52,-15037.18464484112
95.00999999999999,-0.6199999999999903,53,-15037.494644841121
95.00999999999999,-0.6199999999999903,52,-15037.804644841119
95.00999999999999,-0.6199999999999903,52,-15037.804644841119
95.00999999999999,-0.6199999999999903,52,-15037.804644841119
95.005,-0.6099999999999994,64,-15041.75464484112
95.005,-0.6099999999999994,64,-15041.75464484112
95.005,-0.6099999999999994,66,-15042.364644841118
95.005,-0.6099999999999994,68,-15042.974644841117
95.005,-0.6099999999999994,69,-15043.279644841119
95.005,-0.6099999999999994,69,-15043.279644841119
95.005,-0.6099999999999994,69,-15043.279644841119
95.005,-0.6099999999999994,68,-15043.584644841118
95.005,-0.6099999999999994,72,-15044.804644841119
95.005,-0.6099999999999994,72,-15044.804644841119
95.005,-0.6099999999999994,68,-15046.02464484112
95.0,-0.5999999999999943,81,-15050.318394841117
95.0,-0.5999999999999943,81,-15050.318394841117
95.0,-0.5999999999999943,81,-15050.318394841117
95.0,-0.5999999999999943,82,-15050.618394841116
95.0,-0.5999999999999943,82,-15050.618394841116
95.0,-0.5999999999999943,82,-15050.618394841116
95.0,-0.5999999999999943,82,-15050.618394841116
95.0,-0.5999999999999943,82,-15050.618394841116
95.0,-0.5999999999999943,59,-15057.518394841118
95.0,-0.5999999999999943,59,-15057.518394841118
95.0,-0.5999999999999943,58,-15057.818394841117
95.0,-0.5999999999999943,55,-15058.718394841118
95.0,-0.5999999999999943,38,-15063.818394841117
95.0,-0.5999999999999943,38,-15063.818394841117
95.0,-0.5999999999999943,39,-15064.118394841116
95.0,-0.5999999999999943,35,-15065.318394841117
95.0,-0.5999999999999943,21,-15069.518394841118
95.0,-0.5999999999999943,28,-15071.618394841116
95.0,-0.5999999999999943,28,-15071.618394841116
95.0,-0.5999999999999943,28,-15071.618394841116
95.0,-0.5999999999999943,25,-15072.518394841118
95.0,-0.5999999999999943,25,-15072.518394841118
95.0,-0.5999999999999943,26,-15072.818394841117
95.0,-0.5999999999999943,26,-15072.818394841117
95.0,-0.5999999999999943,22,-15074.018394841118
95.0,-0.5999999999999943,22,-15074.018394841118
95.0,-0.5999999999999943,27,-15075.518394841118
95.0,-0.5999999999999943,30,-15076.41839484112
95.0,-0.5999999999999943,31,-15076.718394841118
95.0,-0.5999999999999943,31,-15076.718394841118
95.0,-0.5999999999999943,47,-15081.518394841118
95.0,-0.5999999999999943,47,-15081.518394841118
95.0,-0.5999999999999943,47,-15081.518394841118
95.0,-0.5999999999999943,47,-15081.518394841118
95.0,-0.5999999999999943,40,-15083.618394841116
95.0,-0.5999999999999943,40,-15083.618394841116
95.0,-0.5999999999999943,40,-15083.618394841116
95.005,-0.5900000000000034,27,-15087.263394841115
95.005,-0.5900000000000034,27,-15087.263394841115
95.005,-0.5900000000000034,27,-15087.263394841115
95.005,-0.5900000000000034,27,-15087.263394841115
95.005,-0.5900000000000034,27,-15087.263394841115
95.005,-0.5900000000000034,27,-15087.263394841115
95.00999999999999,-0.5799999999999983,18,-15089.818394841113
95.00999999999999,-0.5799999999999983,18,-15089.818394841113
95.00999999999999,-0.5799999999999983,18,-15089.818394841113
95.00999999999999,-0.5799999999999983,18,-15089.818394841113
95.00999999999999,-0.5799999999999983,18,-15089.818394841113
95.00999999999999,-0.5799999999999983,15,-15090.688394841114
95.00999999999999,-0.5799999999999983,14,-15090.978394841113
95.00999999999999,-0.5799999999999983,13,-15091.268394841114
95.00999999999999,-0.5799999999999983,21,-15093.588394841114
95.00999999999999,-0.5799999999999983,21,-15093.588394841114
95.00999999999999,-0.5799999999999983,21,-15093.588394841114
95.00999999999999,-0.5799999999999983,21,-15093.588394841114
95.00999999999999,-0.5799999999999983,21,-15093.588394841114
95.00999999999999,-0.5799999999999983,21,-15093.588394841114
95.00999999999999,-0.5799999999999983,21,-15093.588394841114
95.00999999999999,-0.5799999999999983,10,-15096.778394841112
95.00999999999999,-0.5799999999999983,10,-15096.778394841112
95.00999999999999,-0.5799999999999983,-9,-15102.288394841113
95.00999999999999,-0.5799999999999983,-11,-15102.868394841113
95.00999999999999,-0.5799999999999983,-11,-15102.868394841113
95.00999999999999,-0.5799999999999983,-11,-15102.868394841113
95.00999999999999,-0.5799999999999983,-22,-15106.058394841111
95.00999999999999,-0.5799999999999983,-22,-15106.058394841111
95.00999999999999,-0.5799999999999983,-22,-15106.058394841111
95.00999999999999,-0.5799999999999983,-22,-15106.058394841111
95.00999999999999,-0.5799999999999983,-22,-15106.058394841111
95.00999999999999,-0.5799999999999983,-22,-15106.058394841111
95.00999999999999,-0.5799999999999983,-22,-15106.058394841111
95.00999999999999,-0.5799999999999983,-22,-15106.058394841111
95.00999999999999,-0.5799999999999983,-22,-15106.058394841111
95.00999999999999,-0.5799999999999983,-22,-15106.058394841111
95.00999999999999,-0.5799999999999983,-22,-15106.058394841111
95.0,-0.5600000000000023,4,-15113.518394841112
95.0,-0.5600000000000023,4,-15113.518394841112
95.0,-0.5600000000000023,4,-15113.518394841112
95.0,-0.5600000000000023,4,-15113.518394841112
95.0,-0.5600000000000023,16,-15116.878394841111
95.0,-0.5600000000000023,-8,-15123.598394841112
95.0,-0.5600000000000023,-8,-15123.598394841112
95.0,-0.5600000000000023,-2,-15125.278394841112
95.0,-0.5600000000000023,-2,-15125.278394841112
95.0,-0.5600000000000023,-14,-15128.638394841113
95.0,-0.5600000000000023,-14,-15128.638394841113
95.0,-0.5600000000000023,-14,-15128.638394841113
95.0,-0.5600000000000023,-14,-15128.638394841113
95.0,-0.5600000000000023,6,-15134.238394841113
95.0,-0.5600000000000023,6,-15134.238394841113
95.005,-0.5499999999999972,1,-15135.633394841114
95.005,-0.5499999999999972,1,-15135.633394841114
95.005,-0.5499999999999972,1,-15135.633394841114
95.005,-0.5499999999999972,0,-15135.908394841113
95.005,-0.5499999999999972,0,-15135.908394841113
95.005,-0.5499999999999972,14,-15139.758394841112
95.005,-0.5499999999999972,14,-15139.758394841112
95.005,-0.5499999999999972,14,-15139.758394841112
95.005,-0.5499999999999972,14,-15139.758394841112
95.005,-0.5499999999999972,14,-15139.758394841112
95.005,-0.5499999999999972,14,-15139.758394841112
95.005,-0.5499999999999972,22,-15141.958394841113
95.005,-0.5499999999999972,22,-15141.958394841113
95.005,-0.5499999999999972,22,-15141.958394841113
95.005,-0.5499999999999972,22,-15141.958394841113
95.005,-0.5499999999999972,22,-15141.958394841113
95.005,-0.5499999999999972,22,-15141.958394841113
95.005,-0.5499999999999972,22,-15141.958394841113
95.005,-0.5499999999999972,12,-15144.708394841115
95.005,-0.5499999999999972,12,-15144.708394841115
95.005,-0.5499999999999972,12,-15144.708394841115
95.005,-0.5499999999999972,11,-15144.983394841114
95.005,-0.5499999999999972,11,-15144.983394841114
95.005,-0.5499999999999972,8,-15145.808394841115
95.005,-0.5499999999999972,8,-15145.808394841115
95.005,-0.5499999999999972,8,-15145.808394841115
95.005,-0.5499999999999972,8,-15145.808394841115
95.005,-0.5499999999999972,8,-15145.808394841115
95.005,-0.5499999999999972,14,-15147.458394841113
95.005,-0.5499999999999972,14,-15147.458394841113
95.005,-0.5499999999999972,14,-15147.458394841113
95.005,-0.5499999999999972,24,-15150.208394841113
95.005,-0.5499999999999972,24,-15150.208394841113
95.005,-0.5499999999999972,23,-15150.483394841112
95.005,-0.5499999999999972,23,-15150.483394841112
95.005,-0.5499999999999972,23,-15150.483394841112
95.005,-0.5499999999999972,23,-15150.483394841112
95.005,-0.5499999999999972,22,-15150.758394841112
95.005,-0.5499999999999972,-6,-15158.458394841113
95.005,-0.5499999999999972,-6,-15158.458394841113
95.005,-0.5499999999999972,-5,-15158.733394841112
95.005,-0.5499999999999972,-5,-15158.733394841112
95.005,-0.5499999999999972,-5,-15158.733394841112
95.005,-0.5499999999999972,-5,-15158.733394841112
95.005,-0.5499999999999972,9,-15162.583394841113
95.005,-0.5499999999999972,9,-15162.583394841113
95.005,-0.5499999999999972,9,-15162.583394841113
95.005,-0.5499999999999972,9,-15162.583394841113
95.005,-0.5499999999999972,9,-15162.583394841113
95.005,-0.5499999999999972,32,-15168.908394841113
95.005,-0.5499999999999972,32,-15168.908394841113
95.005,-0.5499999999999972,32,-15168.908394841113
95.005,-0.5499999999999972,17,-15173.033394841113
95.005,-0.5499999999999972,7,-15175.783394841113
95.005,-0.5499999999999972,5,-15176.333394841115
95.005,-0.5499999999999972,5,-15176.333394841115
95.005,-0.5499999999999972,5,-15176.333394841115
95.005,-0.5499999999999972,5,-15176.333394841115
95.005,-0.5499999999999972,-11,-15180.733394841114
95.005,-0.5499999999999972,-21,-15183.483394841114
95.005,-0.5499999999999972,-21,-15183.483394841114
95.005,-0.5499999999999972,-18,-15184.308394841115
95.005,-0.5499999999999972,-18,-15184.308394841115
95.005,-0.5499999999999972,-18,-15184.308394841115
95.015,-0.5300000000000011,-26,-15186.648394841115
95.015,-0.5300000000000011,-26,-15186.648394841115
95.015,-0.5300000000000011,-26,-15186.648394841115
95.015,-0.5300000000000011,-26,-15186.648394841115
95.015,-0.5300000000000011,-26,-15186.648394841115
95.015,-0.5300000000000011,-26,-15186.648394841115
95.015,-0.5300000000000011,-26,-15186.648394841115
95.015,-0.5300000000000011,-29,-15187.443394841115
95.015,-0.5300000000000011,-68,-15197.778394841116
95.02000000000001,-0.519999999999996,-99,-15206.298394841117
95.02000000000001,-0.519999999999996,-99,-15206.298394841117
95.02000000000001,-0.519999999999996,-76,-15212.278394841116
95.02000000000001,-0.519999999999996,-102,-15219.038394841116
95.02000000000001,-0.519999999999996,-102,-15219.038394841116
95.02000000000001,-0.519999999999996,-102,-15219.038394841116
95.02000000000001,-0.519999999999996,-101,-15219.298394841117
95.02000000000001,-0.519999999999996,-101,-15219.298394841117
95.02000000000001,-0.519999999999996,-101,-15219.298394841117
95.02000000000001,-0.519999999999996,-101,-15219.298394841117
95.02000000000001,-0.519999999999996,-101,-15219.298394841117
95.02000000000001,-0.519999999999996,-101,-15219.298394841117
95.02000000000001,-0.519999999999996,-101,-15219.298394841117
95.02000000000001,-0.519999999999996,-101,-15219.298394841117
95.02000000000001,-0.519999999999996,-101,-15219.298394841117
95.02000000000001,-0.519999999999996,-76,-15225.798394841117
95.02000000000001,-0.519999999999996,-76,-15225.798394841117
95.02000000000001,-0.519999999999996,-76,-15225.798394841117
95.02000000000001,-0.519999999999996,-67,-15228.138394841117
95.02000000000001,-0.519999999999996,-67,-15228.138394841117
95.02000000000001,-0.519999999999996,-67,-15228.138394841117
95.02000000000001,-0.519999999999996,-67,-15228.138394841117
95.02000000000001,-0.519999999999996,-67,-15228.138394841117
95.025,-0.5100000000000051,-93,-15235.353394841115
95.025,-0.5100000000000051,-93,-15235.353394841115
95.025,-0.5100000000000051,-94,-15235.608394841114
95.025,-0.5100000000000051,-121,-15242.493394841116
95.025,-0.5100000000000051,-121,-15242.493394841116
95.025,-0.5100000000000051,-121,-15242.493394841116
95.025,-0.5100000000000051,-121,-15242.493394841116
95.025,-0.5100000000000051,-121,-15242.493394841116
95.025,-0.5100000000000051,-128,-15244.278394841114
95.025,-0.5100000000000051,-128,-15244.278394841114
95.025,-0.5100000000000051,-131,-15245.043394841116
95.025,-0.5100000000000051,-127,-15246.063394841116
95.025,-0.5100000000000051,-127,-15246.063394841116
95.025,-0.5100000000000051,-128,-15246.318394841115
95.025,-0.5100000000000051,-128,-15246.318394841115
95.025,-0.5100000000000051,-128,-15246.318394841115
95.025,-0.5100000000000051,-128,-15246.318394841115
95.025,-0.5100000000000051,-129,-15246.573394841114
95.025,-0.5100000000000051,-116,-15249.888394841117
95.025,-0.5100000000000051,-103,-15253.203394841115
95.025,-0.5100000000000051,-103,-15253.203394841115
95.025,-0.5100000000000051,-103,-15253.203394841115
95.025,-0.5100000000000051,-131,-15260.343394841117
95.025,-0.5100000000000051,-130,-15260.598394841116
95.025,-0.5100000000000051,-136,-15262.128394841116
95.025,-0.5100000000000051,-136,-15262.128394841116
95.025,-0.5100000000000051,-136,-15262.128394841116
95.025,-0.5100000000000051,-140,-15263.148394841115
95.025,-0.5100000000000051,-141,-15263.403394841116
95.025,-0.5100000000000051,-141,-15263.403394841116
95.025,-0.5100000000000051,-141,-15263.403394841116
95.025,-0.5100000000000051,-141,-15263.403394841116
95.025,-0.5100000000000051,-138,-15264.168394841116
95.025,-0.5100000000000051,-138,-15264.168394841116
95.025,-0.5100000000000051,-138,-15264.168394841116
95.025,-0.5100000000000051,-140,-15264.678394841116
95.025,-0.5100000000000051,-150,-15267.228394841115
95.025,-0.5100000000000051,-150,-15267.228394841115
95.025,-0.5100000000000051,-150,-15267.228394841115
95.025,-0.5100000000000051,-150,-15267.228394841115
95.025,-0.5100000000000051,-150,-15267.228394841115
95.025,-0.5100000000000051,-160,-15269.778394841116
95.025,-0.5100000000000051,-165,-15271.053394841118
95.025,-0.5100000000000051,-165,-15271.053394841118
95.025,-0.5100000000000051,-161,-15272.073394841116
95.025,-0.5100000000000051,-165,-15273.093394841117
95.025,-0.5100000000000051,-170,-15274.368394841118
95.025,-0.5100000000000051,-171,-15274.623394841117
95.025,-0.5100000000000051,-172,-15274.878394841116
95.025,-0.5100000000000051,-172,-15274.878394841116
95.02,-0.5,-128,-15285.078394841115
95.02,-0.5,-128,-15285.078394841115
95.02,-0.5,-128,-15285.078394841115
95.02,-0.5,-141,-15288.328394841115
95.02,-0.5,-154,-15291.578394841115
95.02,-0.5,-148,-15293.078394841115
95.02,-0.5,-150,-15293.578394841115
95.02,-0.5,-150,-15293.578394841115
95.02,-0.5,-150,-15293.578394841115
95.02,-0.5,-150,-15293.578394841115
95.02,-0.5,-150,-15293.578394841115
95.02,-0.5,-150,-15293.578394841115
95.02,-0.5,-150,-15293.578394841115
95.02,-0.5,-151,-15293.828394841114
95.02,-0.5,-159,-15295.828394841114
95.02,-0.5,-159,-15295.828394841114
95.02,-0.5,-166,-15297.578394841115
95.02,-0.5,-166,-15297.578394841115
95.02,-0.5,-166,-15297.578394841115
95.02,-0.5,-166,-15297.578394841115
95.02,-0.5,-166,-15297.578394841115
95.02,-0.5,-151,-15301.328394841114
95.02,-0.5,-151,-15301.328394841114
95.02,-0.5,-151,-15301.328394841114
95.02,-0.5,-151,-15301.328394841114
95.02,-0.5,-151,-15301.328394841114
95.02,-0.5,-151,-15301.328394841114
95.02,-0.5,-151,-15301.328394841114
95.02,-0.5,-176,-15307.578394841115
95.02,-0.5,-176,-15307.578394841115
95.02,-0.5,-176,-15307.578394841115
95.02,-0.5,-178,-15308.078394841114
95.02,-0.5,-178,-15308.078394841114
95.02,-0.5,-178,-15308.078394841114
95.02,-0.5,-178,-15308.078394841114
95.02,-0.5,-178,-15308.078394841114
95.02,-0.5,-186,-15310.078394841114
95.02,-0.5,-185,-15310.328394841115
95.02,-0.5,-185,-15310.328394841115
95.02,-0.5,-185,-15310.328394841115
95.02,-0.5,-185,-15310.328394841115
95.02,-0.5,-185,-15310.328394841115
95.02,-0.5,-185,-15310.328394841115
95.02,-0.5,-185,-15310.328394841115
95.02,-0.5,-185,-15310.328394841115
95.02,-0.5,-189,-15311.328394841115
95.02,-0.5,-189,-15311.328394841115
95.02,-0.5,-189,-15311.328394841115
95.02,-0.5,-189,-15311.328394841115
95.02,-0.5,-172,-15315.578394841114
95.02,-0.5,-192,-15320.578394841115
95.02,-0.5,-192,-15320.578394841115
95.02,-0.5,-191,-15320.828394841115
95.02,-0.5,-190,-15321.078394841115
95.02,-0.5,-190,-15321.078394841115
95.02,-0.5,-190,-15321.078394841115
95.02,-0.5,-183,-15322.828394841115
95.02,-0.5,-183,-15322.828394841115
95.02,-0.5,-188,-15324.078394841114
95.02,-0.5,-188,-15324.078394841114
95.02,-0.5,-188,-15324.078394841114
95.02,-0.5,-188,-15324.078394841114
95.015,-0.4900000000000091,-183,-15324.403394841114
95.015,-0.4900000000000091,-183,-15324.403394841114
95.015,-0.4900000000000091,-183,-15324.403394841114
95.015,-0.4900000000000091,-183,-15324.403394841114
95.015,-0.4900000000000091,-188,-15325.628394841115
95.015,-0.4900000000000091,-192,-15326.608394841118
95.015,-0.4900000000000091,-195,-15327.343394841115
95.015,-0.4900000000000091,-187,-15329.303394841116
95.015,-0.4900000000000091,-187,-15329.303394841116
95.015,-0.4900000000000091,-183,-15330.283394841115
95.015,-0.4900000000000091,-183,-15330.283394841115
95.015,-0.4900000000000091,-183,-15330.283394841115
95.015,-0.4900000000000091,-183,-15330.283394841115
95.015,-0.4900000000000091,-183,-15330.283394841115
95.015,-0.4900000000000091,-191,-15332.243394841118
95.015,-0.4900000000000091,-190,-15332.488394841115
95.015,-0.4900000000000091,-190,-15332.488394841115
95.015,-0.4900000000000091,-190,-15332.488394841115
95.015,-0.4900000000000091,-190,-15332.488394841115
95.015,-0.4900000000000091,-190,-15332.488394841115
95.015,-0.4900000000000091,-190,-15332.488394841115
